INSERT INTO "User" ("Name","UserType","CreatedDatetime","UpdatedDatetime","Enabled")
                              VALUES ('120472627250502.htm',4,clock_timestamp(),clock_timestamp(),'t') ;
INSERT INTO "ZhilianUser" ("UserId","NickName","Type","Sex","City" ) VALUES(currval('"hero_reduce"."user_id_seq"'),'120472627250502.htm',0,'null','北京') ; INSERT INTO "JobPosition" ("UserId","Name","Address","Title","Salary","Description")
                          VALUES(currval('"hero_reduce"."user_id_seq"'),'120472627250502.htm','北京','嵌入式软件开发','10001-15000','岗位职责：负责ARM、51上嵌入式软件的设计、开发、维护；开发过程的管理和推进；  职位要求：1、基本要求：良好的逻辑思维及分析解决问题的能力；积极主动、认真负责、善于沟通；自我管理能力强； 2、技能要求：精通Linux C编程，有良好的代码风格和编程习惯；4年以上工作经验，至少一个产品的完整开发经验；全面了解嵌入式开发的各个部分，除了应用，对系统和硬件层面的开发流程和工作原理有基础和框架性的了解，能从整体上把握软件的设计和开发；有一定的项目管理经验；良好的英文文档阅读能力； 3、具备以下条件者优先：有IC卡相关业务开发经验者优先；有丰富的协议开发经验者优先；熟悉能源、石油行业者优先；                                                                           职位联系方式                                                       公司名称：北京中软金卡信息技术有限公司 公司地址：北京市朝阳区惠新东街8号设计大厦15层  传真： 公司主页：www.css-intelligent.com') ;
COMMIT;
INSERT INTO "User" ("Name","UserType","CreatedDatetime","UpdatedDatetime","Enabled")
                              VALUES ('467509727250035.htm',4,clock_timestamp(),clock_timestamp(),'t') ;
INSERT INTO "ZhilianUser" ("UserId","NickName","Type","Sex","City" ) VALUES(currval('"hero_reduce"."user_id_seq"'),'467509727250035.htm',0,'null','北京-海淀区') ; INSERT INTO "JobPosition" ("UserId","Name","Address","Title","Salary","Description")
                          VALUES(currval('"hero_reduce"."user_id_seq"'),'467509727250035.htm','北京-海淀区','高级软件工程师','10001-15000','职位描述： 岗位职责： 1、根据项目需求，参与IM服务器端需求设计及具体执行服务器端的研发工作； 2、服务端代码的测试与维护； 3、程序性能的优化及参与其他服务器端相关开发工作。 任职要求： 1、熟悉Linux操作系统，熟悉Linux下的C++服务器开发； 2、精通跨平台的TCP/IP socket编程； 3、熟悉MySQL或其它同类数据库系统； 4、有良好的沟通能力和团队协作意识，责任心强，积极主动； 5、有linux服务器程序开发经验，有大型系统开发经验者优先；6、3年以上工作经验。                                                                             职位联系方式                                                      公司名称：北京洽时科技有限公司公司地址：北京市海淀区西二旗大街39号领袖新硅谷A座3层 电    话：010-57043519公司主页：北京洽时科技有限公司，是一家由全球著名手机芯片厂商--美国高通公司战略投资，且拥有世界领先人工智能技术的互联网创业公司。 我们斥巨资倾力打造中国最大的智能互动幼教平台，诚挚邀请各界有志推广最优质幼儿教育方式的小伙伴们，和我们一起，用互联网思维，带着“乔布斯体”般的终极使命感，掀起一次幼儿园教学的革命，帮助全中国6000万幼儿家庭更好的实现“家园共育”。') ;
COMMIT;
INSERT INTO "User" ("Name","UserType","CreatedDatetime","UpdatedDatetime","Enabled")
                              VALUES ('407294611250228.htm',4,clock_timestamp(),clock_timestamp(),'t') ;
INSERT INTO "ZhilianUser" ("UserId","NickName","Type","Sex","City" ) VALUES(currval('"hero_reduce"."user_id_seq"'),'407294611250228.htm',0,'null','北京') ; INSERT INTO "JobPosition" ("UserId","Name","Address","Title","Salary","Description")
                          VALUES(currval('"hero_reduce"."user_id_seq"'),'407294611250228.htm','北京','系统工程师','6000-10000','工作职责： 1. 监控和处理网站突发故障，保障网站24x7稳定运行； 2. 负责系统及应用的安全，网络安全，数据的日常备份和应急恢复； 3. 开发、完善系统监控、报警、自动部署等内部工具； 4. 使用bash或者Perl等编写工具脚本； 5. 规范化、自动化并且文档化系统运维工作。职位要求： 1. 较强的学习能力和独立处理问题能力；2. 熟悉Linux系统，有两年以上运维经验；3. 精通bash等shell脚本，熟悉Perl，Python，Ruby中的一种语言的优先考虑；4. 熟悉Nagios/Ganglia/Cacti/Munin等常用监控环境；5. 了解Apache，Nginx，MySQL，Tomcat, MongoDB, Squid, Varnish等配置；6. 有高负载网站的系统运维经验者优先。                                                                             职位联系方式                                                      公司名称：北京团博百汇科技有限公司公司地址：北京市朝阳区裕民路12号中国国际科技会展中心A座202室 传真：公司主页：') ;
COMMIT;
INSERT INTO "User" ("Name","UserType","CreatedDatetime","UpdatedDatetime","Enabled")
                              VALUES ('668509924250008.htm',4,clock_timestamp(),clock_timestamp(),'t') ;
INSERT INTO "ZhilianUser" ("UserId","NickName","Type","Sex","City" ) VALUES(currval('"hero_reduce"."user_id_seq"'),'668509924250008.htm',0,'null','北京-海淀区') ; INSERT INTO "JobPosition" ("UserId","Name","Address","Title","Salary","Description")
                          VALUES(currval('"hero_reduce"."user_id_seq"'),'668509924250008.htm','北京-海淀区','高级软件工程师','','公司重视人才，高能高薪，行业高薪标准，完善的福利设施（五险一金、双休法定假、带薪年假、餐补、员工半价超市、员工健身区及活动区） 岗位职责: 1.负责智能路由器开源OPENWRT系统开发与调试工作； 2.精通嵌入式系统C语言编程，SHELL编程，LUA编程； 3.熟悉无线路由器底层开发，熟悉网络编程及相关网络协议； 4.熟悉TCP/IP、HTTP协议，熟悉搭建及配置WEB服务器； 5.luci深度定制。 任职要求: 1.计算机或者相关专业本科及以上学历； 2.3年以上linux开发工作经验； 3.有OPENWRT系统的开发、调试经验； 4.爱钻研、踏实，能承受一定工作压力                                                                            职位联系方式                                                      公司名称：蓝光高品科技(北京)有限公司公司地址：北京海淀上地东路1号院盈创动力大厦A座901 传真：公司主页：null') ;
COMMIT;
INSERT INTO "User" ("Name","UserType","CreatedDatetime","UpdatedDatetime","Enabled")
                              VALUES ('467509727250036.htm',4,clock_timestamp(),clock_timestamp(),'t') ;
INSERT INTO "ZhilianUser" ("UserId","NickName","Type","Sex","City" ) VALUES(currval('"hero_reduce"."user_id_seq"'),'467509727250036.htm',0,'null','北京-海淀区') ; INSERT INTO "JobPosition" ("UserId","Name","Address","Title","Salary","Description")
                          VALUES(currval('"hero_reduce"."user_id_seq"'),'467509727250036.htm','北京-海淀区','高级软件工程师','15001-25000','职位描述： 岗位职责： 1、根据项目需求，参与IM服务器端需求设计及具体执行服务器端的研发工作； 2、服务端代码的测试与维护； 3、程序性能的优化及参与其他服务器端相关开发工作。 任职要求： 1、熟悉Linux操作系统，熟悉Linux下的C++服务器开发； 2、精通跨平台的TCP/IP socket编程； 3、熟悉MySQL或其它同类数据库系统； 4、有良好的沟通能力和团队协作意识，责任心强，积极主动； 5、有linux服务器程序开发经验，有大型系统开发经验者优先； 6、5年以上工作经验。                                                                            职位联系方式                                                      公司名称：北京洽时科技有限公司公司地址：北京市海淀区西二旗大街39号领袖新硅谷A座3层 电    话：010-57043519 人事部公司主页：北京洽时科技有限公司，是一家由全球著名手机芯片厂商--美国高通公司战略投资，且拥有世界领先人工智能技术的互联网创业公司。 我们斥巨资倾力打造中国最大的智能互动幼教平台，诚挚邀请各界有志推广最优质幼儿教育方式的小伙伴们，和我们一起，用互联网思维，带着“乔布斯体”般的终极使命感，掀起一次幼儿园教学的革命，帮助全中国6000万幼儿家庭更好的实现“家园共育”。') ;
COMMIT;
INSERT INTO "User" ("Name","UserType","CreatedDatetime","UpdatedDatetime","Enabled")
                              VALUES ('231656614250071.htm',4,clock_timestamp(),clock_timestamp(),'t') ;
INSERT INTO "ZhilianUser" ("UserId","NickName","Type","Sex","City" ) VALUES(currval('"hero_reduce"."user_id_seq"'),'231656614250071.htm',0,'null','北京-朝阳区') ; INSERT INTO "JobPosition" ("UserId","Name","Address","Title","Salary","Description")
                          VALUES(currval('"hero_reduce"."user_id_seq"'),'231656614250071.htm','北京-朝阳区','系统工程师','6001-8000','工作职责：1、负责公司网站及应用系统日常维护工作，保证其稳定、高效运行；2、负责服务器（Linux）及网络设备的维护工作；3、负责公司相关部门的系统运维支持工作；4、负责系统突发情况处理，以及疑难问题分析、解决。任职要求1、大专以上学历，计算机或通讯相关专业；2、熟悉Linux系统管理，具备大型应用平台运维经验；3、熟悉常用Web应用和服务的配置、部署、调优；4、熟悉网络安全及相关服务器配置；5、熟悉shell或Perl脚本的编写，对MySQL等数据库的部署及优化有一定了解。                                                                            职位联系方式                                                      公司名称：北京晨业信息技术有限公司公司地址：北京市朝阳区曙光西里甲5号院凤凰城A1座联系电话：18614040416（杨先生）公司主页：www.51le.cc                                                          查看职位地图') ;
COMMIT;
INSERT INTO "User" ("Name","UserType","CreatedDatetime","UpdatedDatetime","Enabled")
                              VALUES ('668509924250009.htm',4,clock_timestamp(),clock_timestamp(),'t') ;
INSERT INTO "ZhilianUser" ("UserId","NickName","Type","Sex","City" ) VALUES(currval('"hero_reduce"."user_id_seq"'),'668509924250009.htm',0,'null','北京-海淀区') ; INSERT INTO "JobPosition" ("UserId","Name","Address","Title","Salary","Description")
                          VALUES(currval('"hero_reduce"."user_id_seq"'),'668509924250009.htm','北京-海淀区','高级软件工程师','','公司重视人才，高能高薪，行业高薪标准，完善的福利设施（五险一金、双休法定假、带薪年假、餐补、员工半价超市、员工健身区及活动区）岗位职责: 1.负责智能路由器开源OPENWRT系统开发与调试工作； 2.精通Linux网络体系结构或其它嵌入式系统C语言编程，SHELL编程，熟悉无线路由器底层开发，熟悉网络编程及相关网络协议； 3.熟悉编译OPENWRT开源系统及添加新的硬件平台支持，编写相应C源代码和SHELL编程； 4.对嵌入式平台软硬件架构有基本的了解,熟悉各主要无线芯片方案在Linux平台上的驱动移植 5.熟悉修改定制UBOOT及OPENWRT固件； 任职要求: 1.大学本科及以上学历，计算机、通信、电子、自动化及相关专业毕业； 2.3年以上linux开发工作经验； 3.熟悉OPENWRT系统的开发、调试； 4.爱钻研、踏实，能承受一定工作压力。                                                                              职位联系方式                                                      公司名称：蓝光高品科技(北京)有限公司公司地址：北京海淀上地东路1号院盈创动力大厦A座901 传真：公司主页：null') ;
COMMIT;
INSERT INTO "User" ("Name","UserType","CreatedDatetime","UpdatedDatetime","Enabled")
                              VALUES ('000057330255474.htm',4,clock_timestamp(),clock_timestamp(),'t') ;
INSERT INTO "ZhilianUser" ("UserId","NickName","Type","Sex","City" ) VALUES(currval('"hero_reduce"."user_id_seq"'),'000057330255474.htm',0,'null','北京') ; INSERT INTO "JobPosition" ("UserId","Name","Address","Title","Salary","Description")
                          VALUES(currval('"hero_reduce"."user_id_seq"'),'000057330255474.htm','北京','系统管理员','','Job   Title                  System Admin                          Organization   Name                  OARDC Infrastructure                          Department   Description                                                  The OARDC Infrastructure Team aim to   design & setup centralized intelligent cloud data center environment to   provide high quality and professional service for development teams around   whole OARDC                          Brief   Posting Description                                                  Design, develop, troubleshoot and debug   software programs for databases, applications, tools, networks etc.                          Detailed   Description                                                  As a member of the software engineering   division, you will assist in defining and developing software for tasks   associated with the developing, debugging or designing of software   applications or operating systems. Provide technical leadership to other   software developers. Specify, design and implement modest changes to existing   software architecture to meet changing needs.                          Job   Requirements                                                  Duties and tasks are varied and complex   needing independent judgment. Fully competent in own area of expertise. May   have project lead role and or supervise lower level personnel. BS or MS   degree or equivalent experience relevant to functional area. 4 years of   software engineering or related experience.                          Additional   Details                                                  - English fluent   - Excellent analysisy and problem solving skills. Strong willing/ability to   learn new technologies   - Self-Motivated, creative and responsible   - Good team player   - Experienced in Solaris, Linux    - Familiar with SunFire Server, ZFS Storage   - Datacenter work experience   - Oracle Database is plus   - Souce code control maintenance experience is a plus1. Know well sun storage (e.g zfs 7320) and sun server (e.g sun x4800 or T3 server)2. Know well network(e.g SAN) and configuration.3. Know well Linux and Solaris4. Powerful troubleshooting ability                                                                                                职位联系方式                                                      公司名称：甲骨文（中国）软件系统有限公司公司地址：海淀区中关村软件园24号楼 传真：82826455公司主页：http://www.oracle.com/') ;
COMMIT;
INSERT INTO "User" ("Name","UserType","CreatedDatetime","UpdatedDatetime","Enabled")
                              VALUES ('478608916250097.htm',4,clock_timestamp(),clock_timestamp(),'t') ;
INSERT INTO "ZhilianUser" ("UserId","NickName","Type","Sex","City" ) VALUES(currval('"hero_reduce"."user_id_seq"'),'478608916250097.htm',0,'null','北京') ; INSERT INTO "JobPosition" ("UserId","Name","Address","Title","Salary","Description")
                          VALUES(currval('"hero_reduce"."user_id_seq"'),'478608916250097.htm','北京','嵌入式软件开发','','职位描述:1、本科及以上学历，通信或计算机等相关专业毕业；2、熟悉linux多线程编程、熟悉Linux 环境C/C++ 编程；3、熟悉 Linux 内核，有实际的 Linux 驱动开发经验；4、对数据结构和算法设计有较为深刻的理解；5、有很强的学习能力，有主动性和上进心，能承担压力，团队合作能力强。岗位职责：1、负责技术预研、产品的架构搭建和核心代码编写；2、根据开发进度和任务分配，完成相应模块软件的设计、开发、编程任务。薪金福利： 1、薪金构成：底薪+各类津贴（岗位津贴、社保津贴、工龄津贴等）+公司业绩奖金； 2、每年至少2次调薪机会，广阔的晋升空间； 3、享有国家法定节假日，带薪年假、婚假、产假、病假等。                                                                            职位联系方式                                                      公司名称：上海胜卓网络技术有限公司公司地址：上海市徐汇区桂平路333号聚科生物园区1号楼2楼') ;
COMMIT;
INSERT INTO "User" ("Name","UserType","CreatedDatetime","UpdatedDatetime","Enabled")
                              VALUES ('583962122250016.htm',4,clock_timestamp(),clock_timestamp(),'t') ;
INSERT INTO "ZhilianUser" ("UserId","NickName","Type","Sex","City" ) VALUES(currval('"hero_reduce"."user_id_seq"'),'583962122250016.htm',0,'null','北京-昌平区') ; INSERT INTO "JobPosition" ("UserId","Name","Address","Title","Salary","Description")
                          VALUES(currval('"hero_reduce"."user_id_seq"'),'583962122250016.htm','北京-昌平区','高级软件工程师','8001-10000','要求： 1 计算机、通信及相关专业本科以上学历 2 熟练掌握linux环境下的c/c++ /python/Shell等1至2中语言 3 对算法和数据结构有深刻的理解和掌握，扎实的机器学习、数据挖掘理论和技术基础 4 具备很强的分析和结局问题的能力，对于公关疑难问题具有强烈的兴趣 5 有搜索或推荐相关系统研究或开发经验，有2年以上的相关工程经验尤佳 6 注重团队协作，有良好的沟通能力  职责： 1 负责网络爬虫的开发和维护 2 负责数据检索系统的开发和维护 3 用脚本和程序对大规模数据进行处理和分析    联系我们： Email：hr@yunger.com    公司介绍 云鸽在线（北京）信息技术有限公司（以下简称云鸽）是一家互联网数据分析的技术与服务提供商，旨在通过大数据分析技术，为客户创造价值，从而推动社会进步。 云鸽以“将互联网数据转化为企业资产”的产品理念为己任，经过多年的积累，在大数据处理及非结构化智能分析等领域具有独特优势。目前核心业务为互联网数据监测、分析与挖掘，主要提供的产品有舆情监测分析服务、数据服务、大企业私有云解决方案等。 凭借领先的技术和优质的服务，云鸽平台已经在政府、软件、快消、汽车、公关等行业和领域的百余家用户投入使用，并获得用户的支持与信赖。 未来，云鸽将以成为领先的大数据分析提供商为发展目标，为用户提供更加优秀的产品和服务！ 公司定位： 专业的互联网数据分析产品技术与服务提供商 价值主张： 把互联网数据转化为企业资产 发展愿景： 领先的大数据分析提供商                                                                           职位联系方式                                                       公司名称：云鸽在线(北京)信息技术有限公司 公司地址：北京市昌平区北清路一号珠江摩尔大厦 传真：010-62669119 公司主页：www.yunger.com') ;
COMMIT;
INSERT INTO "User" ("Name","UserType","CreatedDatetime","UpdatedDatetime","Enabled")
                              VALUES ('147164943250585.htm',4,clock_timestamp(),clock_timestamp(),'t') ;
INSERT INTO "ZhilianUser" ("UserId","NickName","Type","Sex","City" ) VALUES(currval('"hero_reduce"."user_id_seq"'),'147164943250585.htm',0,'null','北京-海淀区') ; INSERT INTO "JobPosition" ("UserId","Name","Address","Title","Salary","Description")
                          VALUES(currval('"hero_reduce"."user_id_seq"'),'147164943250585.htm','北京-海淀区','系统管理员','','职位描述： 1.负责Linux生产环境服务器的配置，维护，故障排除等; 2.监控系统的搭建及维护，结合实际的生产环境进行监控; 3.保障服务器与数据库安全，检查并消除安全漏洞; 4.数据备份、数据监控、应急响应、故障排除、编写数据分析报告等; 5.推进日常运维工作的自动化，提高工作效率，规范操作流程; 6.负责突发事件处理，问题跟踪与管理，保障系统24×7稳定运行; 7.按公司相关流程进行日常技术运维; 任职资格： 1.计算机或者相关专业，3年以上工作经验； 2.熟悉linux或者unix，了解网络基本技术知识，熟悉TCP/IP工作原理；shell； 3.熟悉web相关技术； 4.熟悉ruby 或 python。 5.具有较强的故障定位和排错能力，有运维意识；6.具有良好的文档写作能力，沟通协调能力、学习能力、团队精神和服务意识。                                                                            职位联系方式                                                       公司名称：北京简单科技有限公司(简单学习网) 公司地址：北京市海淀区上地东路1号盈创动力大厦E 座502B  传真：010-58858335 公司主页：www.jiandan100.cn') ;
COMMIT;
INSERT INTO "User" ("Name","UserType","CreatedDatetime","UpdatedDatetime","Enabled")
                              VALUES ('649631226250029.htm',4,clock_timestamp(),clock_timestamp(),'t') ;
INSERT INTO "ZhilianUser" ("UserId","NickName","Type","Sex","City" ) VALUES(currval('"hero_reduce"."user_id_seq"'),'649631226250029.htm',0,'null','北京') ; INSERT INTO "JobPosition" ("UserId","Name","Address","Title","Salary","Description")
                          VALUES(currval('"hero_reduce"."user_id_seq"'),'649631226250029.htm','北京','系统工程师','','岗位要求： 1. 熟悉Centos/Debian/Ubuntu系统2. 熟练使用bash脚本编写批量部署工具，环境安装工具。3. 熟练使用Mysql，完成常见的表创建、查询操作。能够编写简单事务优先。4. 熟练使用tomcat,能进行应用的部署维护。5. 熟悉局域网络硬件设备维护者有限。                                                                           职位联系方式                                                       公司名称：北京乐天派网络科技有限公司 公司地址：北京市朝阳区北苑路170号凯旋城F座802  传真： 公司主页：                                                          查看职位地图') ;
COMMIT;
INSERT INTO "User" ("Name","UserType","CreatedDatetime","UpdatedDatetime","Enabled")
                              VALUES ('478608916250014.htm',4,clock_timestamp(),clock_timestamp(),'t') ;
INSERT INTO "ZhilianUser" ("UserId","NickName","Type","Sex","City" ) VALUES(currval('"hero_reduce"."user_id_seq"'),'478608916250014.htm',0,'null','北京') ; INSERT INTO "JobPosition" ("UserId","Name","Address","Title","Salary","Description")
                          VALUES(currval('"hero_reduce"."user_id_seq"'),'478608916250014.htm','北京','嵌入式软件开发','','职位要求：  1．本科以上学历，电力系统自动化、计算机及相关专业；  2．熟悉C/C++语言，具有良好的合作与沟通能力；3．熟悉Linux操作系统，熟悉在Linux平台上进行应用开发，具有嵌入式Linux开发经验者优先。薪金福利： 1、薪金构成：底薪+各类津贴（岗位津贴、社保津贴、工龄津贴等）+公司业绩奖金；3、每年至少2次调薪机会，广阔的晋升空间； 4、享有国家法定节假日，带薪年假、婚假、产假、病假等。                                                                            职位联系方式                                                      公司名称：上海胜卓网络技术有限公司公司地址：上海市徐汇区桂平路333号聚科生物园区1号楼2楼') ;
COMMIT;
INSERT INTO "User" ("Name","UserType","CreatedDatetime","UpdatedDatetime","Enabled")
                              VALUES ('132415444250971.htm',4,clock_timestamp(),clock_timestamp(),'t') ;
INSERT INTO "ZhilianUser" ("UserId","NickName","Type","Sex","City" ) VALUES(currval('"hero_reduce"."user_id_seq"'),'132415444250971.htm',0,'null','北京-昌平区') ; INSERT INTO "JobPosition" ("UserId","Name","Address","Title","Salary","Description")
                          VALUES(currval('"hero_reduce"."user_id_seq"'),'132415444250971.htm','北京-昌平区','嵌入式软件开发','8001-10000','岗位职责：1、负责产品嵌入式软件的需求分析、总体方案设计和测试方案的撰写；2、负责核心代码的编写与测试，及软件实现的系统框架设计；3、参与产品技术问题的定位、分析和解决；4、参与新项目的软件、开发、规划工作。任职要求：1、计算机、电子信息、通信工程相关专业，1年以上嵌入式软件开发经验；2、熟练掌握C/C++语言，良好的编程风格及文档编写习惯3、有实际的嵌入式Linux应用程序开发经验4、英语良好，能熟练阅读英文技术资料5、具有一定的硬件基础，能够很好的理解硬件电路设计原理，能看懂芯片手册；6、有嵌入式Linux驱动开发经验，能独立编写、移植或修改驱动程序                                                                           职位联系方式                                                       公司名称：北京雪迪龙科技股份有限公司 公司地址：北京市昌平区回龙观国际信息产业基地3街3号  传真： 公司主页：http://www.chsdl.com                                                          查看职位地图') ;
COMMIT;
INSERT INTO "User" ("Name","UserType","CreatedDatetime","UpdatedDatetime","Enabled")
                              VALUES ('136419267250742.htm',4,clock_timestamp(),clock_timestamp(),'t') ;
INSERT INTO "ZhilianUser" ("UserId","NickName","Type","Sex","City" ) VALUES(currval('"hero_reduce"."user_id_seq"'),'136419267250742.htm',0,'null','北京-海淀区') ; INSERT INTO "JobPosition" ("UserId","Name","Address","Title","Salary","Description")
                          VALUES(currval('"hero_reduce"."user_id_seq"'),'136419267250742.htm','北京-海淀区','软件研发工程师','','岗位职责：  1、负责项目模块的代码开发与维护；  2、负责项目中各模块的集成工作；  4、对项目中遇到的问题能分析并找到问题的根源，较快的解决问题。     任职要求：   1、扎实的计算机理论基础，数据结构，设计模式；  2、熟练使用C/C++编程语言，良好的编程习惯，较强的学习能力；    3、熟悉LINUX编程，熟练gdb调试，较强的debug能力，相关工作经验3年以上；  4、熟悉TCP/IP网络编程，熟悉ACE；  5、熟悉Qt开发优先；  6、本科及以上学历，英语4级以上；善于沟通交流，与人协作开发。                                                                            职位联系方式                                                      公司名称：北京讯业互联科技有限公司公司地址：北京市海淀区蓝靛厂金源时代购物中心B区写字楼1102 传真：公司主页：http://www.21com.com                                                          查看职位地图') ;
COMMIT;
INSERT INTO "User" ("Name","UserType","CreatedDatetime","UpdatedDatetime","Enabled")
                              VALUES ('136419267250743.htm',4,clock_timestamp(),clock_timestamp(),'t') ;
INSERT INTO "ZhilianUser" ("UserId","NickName","Type","Sex","City" ) VALUES(currval('"hero_reduce"."user_id_seq"'),'136419267250743.htm',0,'null','北京-海淀区') ; INSERT INTO "JobPosition" ("UserId","Name","Address","Title","Salary","Description")
                          VALUES(currval('"hero_reduce"."user_id_seq"'),'136419267250743.htm','北京-海淀区','软件工程师','','1、熟悉Android应用开发，熟悉面向对象编程设计，熟悉SSH框架2、 一年以上Android开发经验，有Android NDK开发经验者优先；3、熟悉Linux开发，C/C++软件开发，有C/C++开发经验者优先；4、熟悉QT布局、绘图、网络等技术；5、熟悉Android下的网络通信机制；6、熟悉Android多线程开发；7、熟悉Android系统应用管理、进程管理、内存管理机制；工作内容：1、负责Android手机应用的设计和开发；2、应用软件在不同手机型号的兼容性测试；3、参与技术问题定位、评审、解决。4、QT软件程序修改，测试。5、版本维护及修改。                                                                            职位联系方式                                                      公司名称：北京讯业互联科技有限公司公司地址：北京市海淀区蓝靛厂金源时代购物中心B区写字楼1102 传真：公司主页：http://www.21com.com                                                          查看职位地图') ;
COMMIT;
INSERT INTO "User" ("Name","UserType","CreatedDatetime","UpdatedDatetime","Enabled")
                              VALUES ('587763429250611.htm',4,clock_timestamp(),clock_timestamp(),'t') ;
INSERT INTO "ZhilianUser" ("UserId","NickName","Type","Sex","City" ) VALUES(currval('"hero_reduce"."user_id_seq"'),'587763429250611.htm',0,'null','北京') ; INSERT INTO "JobPosition" ("UserId","Name","Address","Title","Salary","Description")
                          VALUES(currval('"hero_reduce"."user_id_seq"'),'587763429250611.htm','北京','高级软件工程师','','职位描述1、计算机相关专业本科及以上学历，相关工作经验优先，熟练使用linux操作系统； 2、C/C++语言基础扎实；3、熟悉intel CPU、marvell CPU；4、良好的技术理解、交流和沟通能力，良好的团队合作能力； 5、较强的英语读写能力，能够熟练阅读英文技术文档； 6、责任心强，具备良好的沟通、协调能力，较强的组织能力。                                                                            职位联系方式                                                      公司名称：脸书网络科技有限公司公司地址：深圳/上海/北京分公司') ;
COMMIT;
INSERT INTO "User" ("Name","UserType","CreatedDatetime","UpdatedDatetime","Enabled")
                              VALUES ('587763429250614.htm',4,clock_timestamp(),clock_timestamp(),'t') ;
INSERT INTO "ZhilianUser" ("UserId","NickName","Type","Sex","City" ) VALUES(currval('"hero_reduce"."user_id_seq"'),'587763429250614.htm',0,'null','北京') ; INSERT INTO "JobPosition" ("UserId","Name","Address","Title","Salary","Description")
                          VALUES(currval('"hero_reduce"."user_id_seq"'),'587763429250614.htm','北京','数据库开发工程师','','职位要求1. 计算机科学或相关专业领域的本科及以上学历；2. 具有丰富的使用C/C++编程经验，并且是在Linux环境，熟练掌握常用数据结构和算法；3. 相关Linux内核编程经验；4. 了解掌握x86平台, SMP或多核环境并行编程；5. 深度理解TCP/IP协议栈，以及交换机/路由器，防火墙等网络设备工作原理；6. 有独立工作的能力，同时具有很好的团队协作能力与沟通能力；7. 有较强的责任感和进取精神；8. 对工作富有激情，对技术执着，追求卓越品质。                                                                            职位联系方式                                                      公司名称：脸书网络科技有限公司公司地址：深圳/上海/北京分公司') ;
COMMIT;
INSERT INTO "User" ("Name","UserType","CreatedDatetime","UpdatedDatetime","Enabled")
                              VALUES ('131232338250028.htm',4,clock_timestamp(),clock_timestamp(),'t') ;
INSERT INTO "ZhilianUser" ("UserId","NickName","Type","Sex","City" ) VALUES(currval('"hero_reduce"."user_id_seq"'),'131232338250028.htm',0,'null','北京-朝阳区') ; INSERT INTO "JobPosition" ("UserId","Name","Address","Title","Salary","Description")
                          VALUES(currval('"hero_reduce"."user_id_seq"'),'131232338250028.htm','北京-朝阳区','系统工程师','','岗位职责：Ø  负责Linux系统的操作系统安装、配置、管理； Ø  保障网站服务器的运行稳定，使用Apache, Mysql, SVN等Ø  负责WEB、数据库服务器系统监控和问题处理，确保系统的稳定、高效运行；Ø  负责Linux系统性能优化调优，排查相关疑难问题；Ø  CDN/第三方监控管理； Ø  作为系统工程师参与应用系统架构设计、优化及实施；Ø  分析总结应用系统常见问题，研究提供系统化解决方案并实施；任职资格的具体描述：Ø  本科及以上学历； Ø  两年以上相关工作经验； Ø  精通Linux的配置、管理、调优和排错； Ø  熟练掌握Nagios, Cacti等linux平台监控软件；Ø  能够使用脚本进行服务器配置和自动化管理；Ø  熟悉常用的LVS、WEB服务器配置管理、安全管理、分布管理等； Ø  熟悉MYSQL数据库配置管理、安全管理与集群管理； Ø  有较强的排查问题和解决问题的能力，具备较强的钻研能力；Ø  有电子商务网站运维经验者优。                                                                            职位联系方式                                                      公司名称：北京世纪联科科技有限公司公司地址：北京市朝阳区建国路98号盛世嘉园D座807 传真：公司主页：www.linker-it.com                                                          查看职位地图') ;
COMMIT;
INSERT INTO "User" ("Name","UserType","CreatedDatetime","UpdatedDatetime","Enabled")
                              VALUES ('000396199251601.htm',4,clock_timestamp(),clock_timestamp(),'t') ;
INSERT INTO "ZhilianUser" ("UserId","NickName","Type","Sex","City" ) VALUES(currval('"hero_reduce"."user_id_seq"'),'000396199251601.htm',0,'null','北京') ; INSERT INTO "JobPosition" ("UserId","Name","Address","Title","Salary","Description")
                          VALUES(currval('"hero_reduce"."user_id_seq"'),'000396199251601.htm','北京','软件工程师','','岗位职责：   1.嵌入式Linux开发。2.负责新型智能移动产品的软件开发。3.负责新型智能监控产品的软件开发。   资历要求：   1.计算机，电子，自动控制等相关专业本科以上学历。2.熟练掌握 C/C++。3.有Linux上软件开发经验。4.具有互联网硬件产品开发经验者优先                                                                           职位联系方式                                                       公司名称：中星微电子有限公司 公司地址：海淀区学院路35号世宁大厦16层  传真：68944075 公司主页：http://www.vimicro.com                                                          查看职位地图') ;
COMMIT;
INSERT INTO "User" ("Name","UserType","CreatedDatetime","UpdatedDatetime","Enabled")
                              VALUES ('000158154252518.htm',4,clock_timestamp(),clock_timestamp(),'t') ;
INSERT INTO "ZhilianUser" ("UserId","NickName","Type","Sex","City" ) VALUES(currval('"hero_reduce"."user_id_seq"'),'000158154252518.htm',0,'null','北京-海淀区') ; INSERT INTO "JobPosition" ("UserId","Name","Address","Title","Salary","Description")
                          VALUES(currval('"hero_reduce"."user_id_seq"'),'000158154252518.htm','北京-海淀区','嵌入式软件开发','','工作内容：1、开发智能交通系统；2、与客户负责人员进行沟通与业务需求分析；3、能快速理解业务需求，独立完成编码工作；任职要求：1、能熟练操作Linux/QNX相关开发工具，对嵌入式应用开发有深刻理解；2、熟悉C/C++语言；3、本科及以上学历，计算机相关专业，5年以上同类工作经验；4、有3个以上至少1个为主的中型以上项目开发成功案例者优先考虑。                                                                            职位联系方式                                                      公司名称：博雅软件集团公司地址：北京市海淀区中关村北四环西路66号 中国技术交易大厦2层、3层 传真：公司主页：http://www.boyasoftware.com/') ;
COMMIT;
INSERT INTO "User" ("Name","UserType","CreatedDatetime","UpdatedDatetime","Enabled")
                              VALUES ('120542921250410.htm',4,clock_timestamp(),clock_timestamp(),'t') ;
INSERT INTO "ZhilianUser" ("UserId","NickName","Type","Sex","City" ) VALUES(currval('"hero_reduce"."user_id_seq"'),'120542921250410.htm',0,'null','北京') ; INSERT INTO "JobPosition" ("UserId","Name","Address","Title","Salary","Description")
                          VALUES(currval('"hero_reduce"."user_id_seq"'),'120542921250410.htm','北京','系统架构设计师','','岗位职责：1、测试开源软件现有的高可用、弹性延展方案，并提供选型建议2、根据客户要求设计Web层/应用层/数据层软件的高可用、弹性延展方案3、定制开发开源软件的高可用、弹性延展模块4、分析开源软件的性能瓶颈，并提出优化建议 任职要求：1、本科或以上学历，计算机相关专业 2、熟悉Linux下C/C++或者服务端Lua编程 3、熟悉Linux网络编程和多线程编程4、具有良好的分析和解决问题能力 5、具有强烈的进取心和求知欲望6、熟悉Nginx、MySQL、LVS、KeepAlived等开源软件者优先                                                                           职位联系方式                                                       公司名称：美仕信通(北京)人力资源顾问有限公司 公司地址：北京经济技术开发区路东区F3号街区2＃办公楼809室  传真： 公司主页：www.marstylehr.com') ;
COMMIT;
INSERT INTO "User" ("Name","UserType","CreatedDatetime","UpdatedDatetime","Enabled")
                              VALUES ('692999021250030.htm',4,clock_timestamp(),clock_timestamp(),'t') ;
INSERT INTO "ZhilianUser" ("UserId","NickName","Type","Sex","City" ) VALUES(currval('"hero_reduce"."user_id_seq"'),'692999021250030.htm',0,'null','北京') ; INSERT INTO "JobPosition" ("UserId","Name","Address","Title","Salary","Description")
                          VALUES(currval('"hero_reduce"."user_id_seq"'),'692999021250030.htm','北京','高级软件工程师','','职位描述： 1.负责嵌入式Linux驱动程序的开发。 任职要求： 1.计算机、电子、通信等相关专业毕业，本科及以上学历，4年以上工作经验； 2.熟悉Linux开发环境，熟悉交叉编译环境，精通C编程语言； 3.掌握USB、nand flash、网络芯片、I2C、I2S、SPI、RTC、WDT、Video Capture、HDMI中至少三类技术； 4.熟悉U-Boot、RamDisk、JFFS2、YAFFS、UBIFS、ALSA、DirectFB、FFMPEG、BusyBox等Linux下的基本技术知识； 5.具有高端处理器的开发经验，能够熟练使用万用表、示波器等调试工具。                                                                           职位联系方式                                                      公司名称：北京黔龙泰达科技有限公司公司地址：北京市海淀区上地信息路12号中关村发展大厦C座201室传真：公司主页：http://www.zccsoft.com') ;
COMMIT;
INSERT INTO "User" ("Name","UserType","CreatedDatetime","UpdatedDatetime","Enabled")
                              VALUES ('136381328250014.htm',4,clock_timestamp(),clock_timestamp(),'t') ;
INSERT INTO "ZhilianUser" ("UserId","NickName","Type","Sex","City" ) VALUES(currval('"hero_reduce"."user_id_seq"'),'136381328250014.htm',0,'null','北京') ; INSERT INTO "JobPosition" ("UserId","Name","Address","Title","Salary","Description")
                          VALUES(currval('"hero_reduce"."user_id_seq"'),'136381328250014.htm','北京','系统集成工程师','4001-6000','SUSE Linux系统运维工程师要求： 1、大学本科以上学历，计算机、通信、电子相关专业毕业，英语四级以上水平。 2、2-3年SUSE linux系统软件开发和运维工作经验。 3、精通SUSE Linux系统及其调优；4、能够进行SUSE系统软件开发、安装、故障诊断、问题跟踪、性能调优。5、具有良好的表达、沟通能力及团队合作意识，责任心强、工作能吃苦耐劳。                                                                           职位联系方式                                                       公司名称：北京紫金支点技术有限公司 公司地址：北京市西城区闹市口大街1号长安兴融中心西楼12A  传真： 公司主页：www.zjft.com') ;
COMMIT;
INSERT INTO "User" ("Name","UserType","CreatedDatetime","UpdatedDatetime","Enabled")
                              VALUES ('661580422250000.htm',4,clock_timestamp(),clock_timestamp(),'t') ;
INSERT INTO "ZhilianUser" ("UserId","NickName","Type","Sex","City" ) VALUES(currval('"hero_reduce"."user_id_seq"'),'661580422250000.htm',0,'null','北京') ; INSERT INTO "JobPosition" ("UserId","Name","Address","Title","Salary","Description")
                          VALUES(currval('"hero_reduce"."user_id_seq"'),'661580422250000.htm','北京','软件工程师','','岗位职责：1、负责公司核心的产品的研发；2、分布式系统的开发、升级、性能优化工作；3、根据需求文档，编写项目概要设计、详细设计以及其他项目相关的设计文档；4、独立完成所分模块的设计、开发、和测试工作;5、参与新技术的调研;技能要求：1、2年及以上C/C++语言软件开发经验（Linux平台）；2、对开源软件有浓厚兴趣；3、熟悉TCP/IP相关网络协议编程；4、对Linux（如文件系统、处理器、内存管理）有深刻理解；5、有安全网关、防火墙、路由器等网络产品开发经验者优先；6、有责任感，良好的团队合作精神；XCon安全焦点信息安全技术峰会是国内知名度、权威性较高、规模较大的信息安全会议之一，在全世界也具有一定的影响力。每年夏季在北京举行，广邀国内外信息安全界的专家、信息安全工作者、信息安全爱好者欢聚一堂，是一个友好、和谐的信息安全交流平台。北京中睿天下信息技术有限公司是XCon安全焦点信息安全技术峰会的最大赞助商。                                                                           职位联系方式                                                      公司名称：北京中睿天下信息技术有限公司公司地址：北京市朝阳区东四环中路41号嘉泰国际大厦B座511 电    话：010 62029792邮    箱：公司主页：www.zorelworld.com') ;
COMMIT;
INSERT INTO "User" ("Name","UserType","CreatedDatetime","UpdatedDatetime","Enabled")
                              VALUES ('551428329250119.htm',4,clock_timestamp(),clock_timestamp(),'t') ;
INSERT INTO "ZhilianUser" ("UserId","NickName","Type","Sex","City" ) VALUES(currval('"hero_reduce"."user_id_seq"'),'551428329250119.htm',0,'null','北京-东城区') ; INSERT INTO "JobPosition" ("UserId","Name","Address","Title","Salary","Description")
                          VALUES(currval('"hero_reduce"."user_id_seq"'),'551428329250119.htm','北京-东城区','高级软件工程师','','工作内容  1）Linux 基础服务的开发与维护  2）Linux 安全框架的开发与维护  3）C++软件性能优化  4）Linux系统的裁剪     任职要求  1、计算机、软件工程相关专业毕业  2、热爱软件开发，做事积极主动，学习能力强，沟通能力强  4、具有Linux下，C&C++开发经验  4、至少两年的C++开发经验  5、熟悉基本的软件开发过程、设计模式等。  6、对shell、python熟悉的优先                                                                            职位联系方式                                                      公司名称：北京网诺星云科技有限公司公司地址：北京市东城区和平里东街民旺园31号楼 强佑大厦 六层 传真：公司主页：                                                          查看职位地图') ;
COMMIT;
INSERT INTO "User" ("Name","UserType","CreatedDatetime","UpdatedDatetime","Enabled")
                              VALUES ('431569012250104.htm',4,clock_timestamp(),clock_timestamp(),'t') ;
INSERT INTO "ZhilianUser" ("UserId","NickName","Type","Sex","City" ) VALUES(currval('"hero_reduce"."user_id_seq"'),'431569012250104.htm',0,'null','北京') ; INSERT INTO "JobPosition" ("UserId","Name","Address","Title","Salary","Description")
                          VALUES(currval('"hero_reduce"."user_id_seq"'),'431569012250104.htm','北京','软件工程师','','1) Responsibilities:  -Porting Android system on embedded device and keeping upgrading;  -Responsible for Linux kernel development and integration, such as memory management, process schedule, filesystem and so on;   -Responsible for Linux driver modules development and integration, such as Video/Audio/Camera/Sensors/WIFI/BT/PM etc ;     2) Requirement:  -Strong C programming skill  -Have knowledge of assembling programming  -Good learning capability  -Very good problem solving and debugging skills  -Familiarity with Linux kernel  -Familiarity with Linux driver programming model  -Having developing/integration experiences on at least on Linux driver  -Familiar with Android oriented bsp is a plus  -Bachelor degree or above  -Proficiency in written and oral English  -Excellent interpersonal and communication skills, good team spirit and adaptability                                                                            职位联系方式                                                      公司名称：阿格雅(北京)技术有限公司公司地址：北京市海淀区信息路甲28号C座06C 传真：010-62977930公司主页：') ;
COMMIT;
INSERT INTO "User" ("Name","UserType","CreatedDatetime","UpdatedDatetime","Enabled")
                              VALUES ('557988223250009.htm',4,clock_timestamp(),clock_timestamp(),'t') ;
INSERT INTO "ZhilianUser" ("UserId","NickName","Type","Sex","City" ) VALUES(currval('"hero_reduce"."user_id_seq"'),'557988223250009.htm',0,'null','北京') ; INSERT INTO "JobPosition" ("UserId","Name","Address","Title","Salary","Description")
                          VALUES(currval('"hero_reduce"."user_id_seq"'),'557988223250009.htm','北京','系统工程师','','此职位要求不定期出差职位：LINUX系统工程师年龄要求：30 - 35工作年限：5年以上学历要求：计算机专业本科以上学历证书要求：RHCE认证工程师薪水：面议技能要求：1、精通REDHAT企业版LINUX系统，熟悉SHELL编程。2、精通MYSQL。熟练掌握MYSQL的安装，配置，备份机制的配置，及恢复。3、熟练掌握MYSQL的编程及管理。3、熟练掌握ORACLE VIRTUALBOX的安装、配置。4、熟练掌握红帽Virtual Machine 安装、配置。5、熟练掌握红帽相关的监控系统的安装、配置及使用。6、熟练掌握基于红帽平台的双机热备软件的安装、配置及使用。7、能根据具体项目要求设计基于红帽的服务器架构和系统架构。职位要求：1、 做事踏实、稳重。2、 善于沟通。3、 有超强的学习能力。4、 能看懂英文文档。5、 责任心强。岗位要求：根据具体的项目要求设计服务器架构和系统架构。根据具体的系统要求安装、配置REDHAT系统，安装、配置MYSQL数据库，配置MYSQL数据库备份和恢复机制，管理MYSQL数据库。安装配置ORACLE VIRTUALBOX, 安装虚拟机达建测试环境，待系统测试完毕，部署所有应用到生产环境。安装和配置热备机器，配置系统关键文件的备份。测试主机在有问题的情况下，可以成功切换到备机。安装和部署系统监控平台。                                                                            职位联系方式                                                      公司名称：信誉宝科技(北京)有限公司公司地址：北京市朝阳区东三环中路63号富力中心 100022传真：公司主页：                                                          查看职位地图') ;
COMMIT;
INSERT INTO "User" ("Name","UserType","CreatedDatetime","UpdatedDatetime","Enabled")
                              VALUES ('301841213250046.htm',4,clock_timestamp(),clock_timestamp(),'t') ;
INSERT INTO "ZhilianUser" ("UserId","NickName","Type","Sex","City" ) VALUES(currval('"hero_reduce"."user_id_seq"'),'301841213250046.htm',0,'null','北京-朝阳区') ; INSERT INTO "JobPosition" ("UserId","Name","Address","Title","Salary","Description")
                          VALUES(currval('"hero_reduce"."user_id_seq"'),'301841213250046.htm','北京-朝阳区','高级软件工程师','4000-8000','岗位职责： 1、从事网络通信软件的开发工作 ； 2、根据软件功能需求说明，写出详细设计方案； 3、根据软件设计文档/模型，编写合格的代码； 4、编写测试用例代码，完成代码的走查、单元测试，提交检查单、单元测试报告； 5、编写集成测试规程和用例； 6、根据集成测试规程和用例，完成集成测试，并输出测试报告； 7、代码维护，包括修正代码中的故障，并积极进行代码优化。 职位要求： 1、计算机电子信息技术及其相关专业本科以上学历，会读懂英文技术文档； 2、熟练掌握C，熟悉C网络编程优先； 3、多处理，多程序开发经验； 4、进程间通信经验； 5、熟悉TCP/IP通信协议栈； 6、软件测试和调试经验，以及规范的开发文档写作能力； 7、Linux下的C开发经验优先，会使用常见的linux命令； 8、数据库编程经验者优先（msql或Oracle）； 9、Linux内核或驱动开发经验优先； 10、良好的沟通和交流能力，分析问题和实际动手能力强，善于和同事沟通，有比较强的书面表达能力，具有团队协作精神，能够承受一定的工作压力； 11、2年以上相关工作经验。                                                                           职位联系方式                                                       公司名称：北京天元特通科技有限公司 公司地址：北京市朝阳区民族园路1号丰宝恒大厦4010  传真： 公司主页：http://www.ampthon.com/') ;
COMMIT;
INSERT INTO "User" ("Name","UserType","CreatedDatetime","UpdatedDatetime","Enabled")
                              VALUES ('230292410252672.htm',4,clock_timestamp(),clock_timestamp(),'t') ;
INSERT INTO "ZhilianUser" ("UserId","NickName","Type","Sex","City" ) VALUES(currval('"hero_reduce"."user_id_seq"'),'230292410252672.htm',0,'null','北京') ; INSERT INTO "JobPosition" ("UserId","Name","Address","Title","Salary","Description")
                          VALUES(currval('"hero_reduce"."user_id_seq"'),'230292410252672.htm','北京','软件工程师','','Software Engineer(Linux C++) (BJ-PB-D002-3105)     Responsibility:  1.        Developing embedded software in RTOS, including driver, application, user interface etc.  2.        Generating API to access the device.  3.        Responsible for software detail design, coding, unit test and bug-fixing.  4.        Work closely with global development team as required, onsite support for code integration.     Requirement:  1.        Proficient programming in C++, good understanding in OOA & OOP.   2.        Project experiences in RTOS, e.g. QNX, VXWorks, Embedded Linux, Nucleus.   3.        Experience in driver development with OS.  4.        Experience with embedded screen development on graphic displays using a framework.    5.        QT experience is a plus. Ability to support a lean UX (User Interface) approach.  6.        Familiar with MVC design pattern.  7.        Solid unit and black box testing of code process  8.        Experience with M2M and IOT is plus.  9.        Strong analytical and problem solving skill.   10.    Good English communication skill in written/spoken English.           公司邮箱：recruit@cienet.com.cn  官方网站：www.cienet.com.cn  招聘微博：http://weibo.com/cienet                                                                            职位联系方式                                                      公司名称：瞬联讯通科技(北京)有限公司公司地址：北京朝阳区望京利泽中园101号启明国际大厦') ;
COMMIT;
INSERT INTO "User" ("Name","UserType","CreatedDatetime","UpdatedDatetime","Enabled")
                              VALUES ('149440126250217.htm',4,clock_timestamp(),clock_timestamp(),'t') ;
INSERT INTO "ZhilianUser" ("UserId","NickName","Type","Sex","City" ) VALUES(currval('"hero_reduce"."user_id_seq"'),'149440126250217.htm',0,'null','北京-海淀区') ; INSERT INTO "JobPosition" ("UserId","Name","Address","Title","Salary","Description")
                          VALUES(currval('"hero_reduce"."user_id_seq"'),'149440126250217.htm','北京-海淀区','高级软件工程师','15001-25000','岗位要求：1.精通linux下Php、C/C++或Java等编程语言; 熟悉Bash shell、Perl和Python 脚本语言。2.熟悉Linux系统命令、Linux操作系统原理、系统参数设置、性能调优、故障处理3.熟悉Apache、PHP、Nginx 、VSFTP (Very Secure FTP)、QMAIL、Rsync、NFS等第三方开源软件的架设和调优。4.有网络编、数据库程经验，熟悉HTTP协议，熟练使用Oracle、Mysql数据库;5.熟悉常用的php，nginx，oracle的安装和配置以及维护操作。以编译方式安装php，nginx，oracle各个附加模块的能力；根据php，nginx,oracle日志判断系统问题。了解linux的rysnc同步,文件系统的维护。6.了解常见开源软件工作原理，并能够独立实现软件架构建模。7.有较好的学习能力和钻研精神，具有较强的团队意识，能适应一定的压力；8.4年以上工作经验，思维清晰，逻辑能力强，具有优秀的自主学习能力，自我管理能力，具有高度责任心。                                                                            职位联系方式                                                       公司名称：北京谷安天下科技有限公司 公司地址：北京市海淀区中关村南大街2号数码大厦A座2906  传真： 公司主页：') ;
COMMIT;
INSERT INTO "User" ("Name","UserType","CreatedDatetime","UpdatedDatetime","Enabled")
                              VALUES ('431569012250106.htm',4,clock_timestamp(),clock_timestamp(),'t') ;
INSERT INTO "ZhilianUser" ("UserId","NickName","Type","Sex","City" ) VALUES(currval('"hero_reduce"."user_id_seq"'),'431569012250106.htm',0,'null','北京') ; INSERT INTO "JobPosition" ("UserId","Name","Address","Title","Salary","Description")
                          VALUES(currval('"hero_reduce"."user_id_seq"'),'431569012250106.htm','北京','嵌入式硬件开发','','职位职责：1.Android系统移植嵌入式设备升级和维护2.负责Linux内核开发和集成（如内存管理、进程调度、文件系统和功能等）3.负责Linux驱动模块的开发与集成（如视频/音频/摄像机/传感器/WiFi/BT/PM等）职位要求：1.有较强的C语言编程技巧2.有汇编编程知识3.熟悉Linux内核4.熟悉Linux驱动设计（程序）模型5.至少在Linux驱动程序开发/集成有3年以上经验6.熟悉Android方向BSP优先7.英语读写能力熟练8.有良好的学习能力9.有良好的解决问题的能力10.人际交往能力好，有良好的团队合作精神和较强的适应能力11.大学本科以上学历公司简介：  阿格雅（北京）技术有限公司是AGREEYA SOLUTIONS LTD.在中国地区设立的分支机构，总部在美国硅谷，致力于为全球客户提供领先的智能手机、消费类电子等嵌入式产品研发，质量保证及技术支持等系列服务。主要为全球客户提供基于Android和嵌入式Linux的整体解决方案，包括Android/Linux移植，系统定制和优化，应用/多媒体开发和测试等软件服务项目和解决方案。我们深刻了解客户需求，深谙项目开发流程，熟悉各项业务类型，并拥有卓越的专业能力和优良的服务素质。通过严谨的技术钻研、创新的解决方案和高效的管理机制，帮助客户完成项目开发，推动创新，提升竞争优势，降低成本——最终为客户带来价值。我们将通过不断发展和持续创新，努力缔造一流的技术和服务，致力于成为值得信赖的国际化软件服务提供商。目前，AgreeYa在全球共设有7个运营中心，我们的交付网络涵盖美国、中国、莫斯科、中东、印度、新加坡、韩国等多个国家和地区，全力为全球客户提供全方位、迅捷可靠的服务，AgreeYa随时与客户一起面对挑战和变革，共同追求更加卓越的绩效. 迎加入AgreeYa,共创基业，共同成长！欲知更多招聘信息，请点击本公司网站 http://www.agreeya.com  拥有职业敬业、积极向上的公司形象，激情正直、以客户为核心的公司文化；拥有先进的与世界接轨的管理体系和理念。全体阿格雅员工将致力于帮助客户有效整合资源，充分发掘潜能，为客户创造最大的价值。这里有你挥洒激情的舞台， 欢迎加入阿格雅，共创基业，共同成长！我们会为您提供具有竞争力的薪资和广阔的职业发展空间，公司地址：北京市海淀区信息路甲28号科实大厦C座06C。                                                                            职位联系方式                                                      公司名称：阿格雅(北京)技术有限公司公司地址：北京市海淀区信息路甲28号C座06C 传真：010-62977930公司主页：') ;
COMMIT;
INSERT INTO "User" ("Name","UserType","CreatedDatetime","UpdatedDatetime","Enabled")
                              VALUES ('209732211263864.htm',4,clock_timestamp(),clock_timestamp(),'t') ;
INSERT INTO "ZhilianUser" ("UserId","NickName","Type","Sex","City" ) VALUES(currval('"hero_reduce"."user_id_seq"'),'209732211263864.htm',0,'null','北京') ; INSERT INTO "JobPosition" ("UserId","Name","Address","Title","Salary","Description")
                          VALUES(currval('"hero_reduce"."user_id_seq"'),'209732211263864.htm','北京','网络工程师','4001-6000','任职要求：  1. 熟练使用linux系统，简单SHELL脚本编写；2. 熟练操作oracle数据库、熟练掌握SQL语句；3. 具备局域网组网、建设能力，熟练掌握常用调试工具； 4. 熟悉网络环境，排除网络、服务器故障，处理路由问题； 5. 了解呼叫中心系统，有运维工作经验。                                                                           职位联系方式                                                       公司名称：北京荣新广育科技有限公司 公司地址：北京市海淀区中关村南大街甲56号方圆大厦  传真：010-68359635 公司主页：http://www.en-vfast.com/                                                          查看职位地图') ;
COMMIT;
INSERT INTO "User" ("Name","UserType","CreatedDatetime","UpdatedDatetime","Enabled")
                              VALUES ('000262611250908.htm',4,clock_timestamp(),clock_timestamp(),'t') ;
INSERT INTO "ZhilianUser" ("UserId","NickName","Type","Sex","City" ) VALUES(currval('"hero_reduce"."user_id_seq"'),'000262611250908.htm',0,'null','北京') ; INSERT INTO "JobPosition" ("UserId","Name","Address","Title","Salary","Description")
                          VALUES(currval('"hero_reduce"."user_id_seq"'),'000262611250908.htm','北京','系统工程师','1000-50000','岗位职责：   1. 开发及测试服务器的日常维护和监控 2. 服务器系统及应用软件的安装、配置、故障定位及排除   职位要求： 1） 熟悉Linux系统以及主要服务的安装、配置和维护。 2） 熟悉shell/Perl/php/python一种以上的脚本语言编程。 3） 熟悉mysql或Oracle数据库。 4） 计算机相关专业本科以上学历，有一年以上工作经验。 5） 善于解决问题，善于沟通，热爱学习。                                                                           职位联系方式                                                      公司名称：北京尖峰计算机系统有限公司公司地址：北京市朝阳区惠新东街11号紫光发展大厦B座三单元7层 传真：82379283公司主页：http://www.jfsys.com                                                          查看职位地图') ;
COMMIT;
INSERT INTO "User" ("Name","UserType","CreatedDatetime","UpdatedDatetime","Enabled")
                              VALUES ('000262611250910.htm',4,clock_timestamp(),clock_timestamp(),'t') ;
INSERT INTO "ZhilianUser" ("UserId","NickName","Type","Sex","City" ) VALUES(currval('"hero_reduce"."user_id_seq"'),'000262611250910.htm',0,'null','北京') ; INSERT INTO "JobPosition" ("UserId","Name","Address","Title","Salary","Description")
                          VALUES(currval('"hero_reduce"."user_id_seq"'),'000262611250910.htm','北京','系统工程师','1000-50000','岗位职责：   1. 开发及测试服务器的日常维护和监控 2. 服务器系统及应用软件的安装、配置、故障定位及排除   职位要求： 1） 熟悉Linux系统以及主要服务的安装、配置和维护。 2） 熟悉shell/Perl/php/python一种以上的脚本语言编程。 3） 熟悉mysql或Oracle数据库。 4） 计算机相关专业本科以上学历，有一年以上工作经验。 5） 善于解决问题，善于沟通，热爱学习。                                                                           职位联系方式                                                      公司名称：北京尖峰计算机系统有限公司公司地址：北京市朝阳区惠新东街11号紫光发展大厦B座三单元7层 传真：82379283公司主页：http://www.jfsys.com                                                          查看职位地图') ;
COMMIT;
INSERT INTO "User" ("Name","UserType","CreatedDatetime","UpdatedDatetime","Enabled")
                              VALUES ('000262611250909.htm',4,clock_timestamp(),clock_timestamp(),'t') ;
INSERT INTO "ZhilianUser" ("UserId","NickName","Type","Sex","City" ) VALUES(currval('"hero_reduce"."user_id_seq"'),'000262611250909.htm',0,'null','北京') ; INSERT INTO "JobPosition" ("UserId","Name","Address","Title","Salary","Description")
                          VALUES(currval('"hero_reduce"."user_id_seq"'),'000262611250909.htm','北京','系统工程师','1000-50000','岗位职责：   1. 开发及测试服务器的日常维护和监控 2. 服务器系统及应用软件的安装、配置、故障定位及排除   职位要求： 1） 熟悉Linux系统以及主要服务的安装、配置和维护。 2） 熟悉shell/Perl/php/python一种以上的脚本语言编程。 3） 熟悉mysql或Oracle数据库。 4） 计算机相关专业本科以上学历，有一年以上工作经验。 5） 善于解决问题，善于沟通，热爱学习。                                                                           职位联系方式                                                      公司名称：北京尖峰计算机系统有限公司公司地址：北京市朝阳区惠新东街11号紫光发展大厦B座三单元7层 传真：82379283公司主页：http://www.jfsys.com                                                          查看职位地图') ;
COMMIT;
INSERT INTO "User" ("Name","UserType","CreatedDatetime","UpdatedDatetime","Enabled")
                              VALUES ('660155729250011.htm',4,clock_timestamp(),clock_timestamp(),'t') ;
INSERT INTO "ZhilianUser" ("UserId","NickName","Type","Sex","City" ) VALUES(currval('"hero_reduce"."user_id_seq"'),'660155729250011.htm',0,'null','北京') ; INSERT INTO "JobPosition" ("UserId","Name","Address","Title","Salary","Description")
                          VALUES(currval('"hero_reduce"."user_id_seq"'),'660155729250011.htm','北京','高级软件工程师','15001-25000','注：此职位为外包职位   Job Title:       SW Design Engineer  Responsibilities:  ·         Actively participate in the development and maintenance of  IP Router products, focusing on Sync/CES/OAM related features·         Responsible for coding, unit Test, basic integration Test of SW functions ·         Integrate software with third part software modules ·         Review source code & documents ·         Customer''s requirement analysis and system impact investigation·         Responsible for writing technical documents, e.g. Implementation proposal, Design specification, etc.   Qualifications & Requirements   ·         M.Sc. in Computer Science or Telecommunication Engineering or related discipline ·         Good understanding on network protocols, minimum 3 years SW Design working experience on Sync/1588,CES (Circuit Emulation Service), or Ethernet, IPv4/v6, MPLS；·         Strong C/C++ programming skills, RTOS embedded experience (VxWorks, PSOS, Linux OS) is a plus·         Independent  thinking; Quality and efficiency minded·         Must be self-motivated, good team player; be able to work cohesively within the team and across geographically spread teams to accomplish results ·         Good technical writing, communication skills and high proficiency in English                                                                           职位联系方式                                                       公司名称：亚创博彦(北京)科技有限公司西安事业部 公司地址：北京市海淀区上地东路5号院1号楼三层  传真： 公司主页：www.beyondsoft.com // www.altran.com') ;
COMMIT;
INSERT INTO "User" ("Name","UserType","CreatedDatetime","UpdatedDatetime","Enabled")
                              VALUES ('209732211263865.htm',4,clock_timestamp(),clock_timestamp(),'t') ;
INSERT INTO "ZhilianUser" ("UserId","NickName","Type","Sex","City" ) VALUES(currval('"hero_reduce"."user_id_seq"'),'209732211263865.htm',0,'null','北京') ; INSERT INTO "JobPosition" ("UserId","Name","Address","Title","Salary","Description")
                          VALUES(currval('"hero_reduce"."user_id_seq"'),'209732211263865.htm','北京','网络管理员','4001-6000','任职要求：  1. 熟练使用linux系统，简单SHELL脚本编写；2. 熟练操作oracle数据库、熟练掌握SQL语句；3. 具备局域网组网、建设能力，熟练掌握常用调试工具； 4. 熟悉网络环境，排除网络、服务器故障，处理路由问题； 5. 了解呼叫中心系统，有运维工作经验。                                                                           职位联系方式                                                       公司名称：北京荣新广育科技有限公司 公司地址：北京市海淀区中关村南大街甲56号方圆大厦  传真：010-68359635 公司主页：http://www.en-vfast.com/                                                          查看职位地图') ;
COMMIT;
INSERT INTO "User" ("Name","UserType","CreatedDatetime","UpdatedDatetime","Enabled")
                              VALUES ('658925627250006.htm',4,clock_timestamp(),clock_timestamp(),'t') ;
INSERT INTO "ZhilianUser" ("UserId","NickName","Type","Sex","City" ) VALUES(currval('"hero_reduce"."user_id_seq"'),'658925627250006.htm',0,'null','北京') ; INSERT INTO "JobPosition" ("UserId","Name","Address","Title","Salary","Description")
                          VALUES(currval('"hero_reduce"."user_id_seq"'),'658925627250006.htm','北京','嵌入式软件开发','8000-15000','岗位职责1、参与Linux系统软件，服务器应用程序开发，服务端组件开发和优化；2、参与服务端架构设计优化，软件系统的设计规划过程； 3、参与虚拟化，云平台等基础环境建设及规划4、撰写所承担的软件模块的设计文档及其它相应文档任职要求：1. 计算机或相关本科及以上学历,linux服务端开发三年以上经验； 2、精通Linux C/C++编程，熟练web环境搭建，熟悉shell、python等至少一种脚本语言的编写； 3、熟悉TCP/IP协议栈及网络通信编程； 4、服务端各类算法与数据结构、数据库熟练使用；5、具备良好的学习能力，沟通能力。 福利待遇：1.      项目奖金，年终奖2.      每月一次聚会活动。3.      生日，节假日礼物发放4.      每月伙食补助5.      零食水果随便吃                                                                           职位联系方式                                                       公司名称：量子云未来(北京)信息科技有限公司 公司地址：海淀区海淀北二街8号中关村soho大楼1505  传真： 公司主页：null') ;
COMMIT;
INSERT INTO "User" ("Name","UserType","CreatedDatetime","UpdatedDatetime","Enabled")
                              VALUES ('362297317250197.htm',4,clock_timestamp(),clock_timestamp(),'t') ;
INSERT INTO "ZhilianUser" ("UserId","NickName","Type","Sex","City" ) VALUES(currval('"hero_reduce"."user_id_seq"'),'362297317250197.htm',0,'null','北京') ; INSERT INTO "JobPosition" ("UserId","Name","Address","Title","Salary","Description")
                          VALUES(currval('"hero_reduce"."user_id_seq"'),'362297317250197.htm','北京','软件研发工程师','2000-15000','岗位职责: 1)         承担模块详细设计及代码开发；2)         参与系统优化、改进；3)         遵循开发管理流程，编写和完善设计文档。 岗位要求：1)         计算机、电力系统相关专业，本科以上学历；2)         精通unix/linux系统，具有2年以上C/C++开发经验，具有独立完成模块设计、开发能力；3)         熟悉网络编程，多线程编程，熟悉数据结构及常用的算法；4)         熟悉oracle或mysql数据库设计与开发，数据库原理知识；5)         有电力和石油系统研发经验者优先；6)         有云计算、大数据、NoSQL数据库从业经验者优先； 有技术钻研精神、高度的责任感、良好的团队合作精神。                                                                           职位联系方式                                                       公司名称：北京华电祥云软件系统有限公司 公司地址：北京市海淀区中关村南大街2号2号楼银座1108室(住宅) 北京市朝阳区朝阳北路长楹天街西区2号楼1单元1502、1503室 传真： 联系人：陶先生 186-0029-0698 158-1076-9966 公司主页：www.ceclouds.com                                                          查看职位地图') ;
COMMIT;
INSERT INTO "User" ("Name","UserType","CreatedDatetime","UpdatedDatetime","Enabled")
                              VALUES ('120228890250025.htm',4,clock_timestamp(),clock_timestamp(),'t') ;
INSERT INTO "ZhilianUser" ("UserId","NickName","Type","Sex","City" ) VALUES(currval('"hero_reduce"."user_id_seq"'),'120228890250025.htm',0,'null','北京-海淀区') ; INSERT INTO "JobPosition" ("UserId","Name","Address","Title","Salary","Description")
                          VALUES(currval('"hero_reduce"."user_id_seq"'),'120228890250025.htm','北京-海淀区','高级软件工程师','15000-30000','语言能力：英语　掌握程度：熟练职位描述：1、 完成软件系统代码的实现，编写代码注释和开发文档；2、 辅助进行系统的功能定义,程序设计；3、 参与linux平台上的新技术调研工作；4、 建设与维护和研发工作相关的软硬件环境；5、 完成linux平台上的应用和系统研发任务 任职资格 1、 计算机相关专业，本科以上学历；2、 精通C编程语言；3、 熟悉Linux操作系统架构，能够设计开发基于Linux平台的应用系统；4、 熟悉Linux操作系统，熟悉Linux内核工作机制；5、 熟悉Linux内核网络协议栈和网络安全攻防技术者尤佳。 6、 有一定的工程项目经验尤佳。 7、 有部门或项目管理经验者优先。                                                                           职位联系方式                                                       公司名称：北京凝思科技有限公司  公司地址：北京市海淀区中关村东路95号自动化大厦619室  联系电话：86-010-826240820 传真：01082624792 公司主页：http://www.linx-info.com/                                                          查看职位地图') ;
COMMIT;
INSERT INTO "User" ("Name","UserType","CreatedDatetime","UpdatedDatetime","Enabled")
                              VALUES ('145287097253980.htm',4,clock_timestamp(),clock_timestamp(),'t') ;
INSERT INTO "ZhilianUser" ("UserId","NickName","Type","Sex","City" ) VALUES(currval('"hero_reduce"."user_id_seq"'),'145287097253980.htm',0,'null','北京') ; INSERT INTO "JobPosition" ("UserId","Name","Address","Title","Salary","Description")
                          VALUES(currval('"hero_reduce"."user_id_seq"'),'145287097253980.htm','北京','其他','','工作职责1.	针对微软Azure云计算系统，设计部署方案，并实际环境中部署.； 2.	负责维护云计算平台，对系统进行故障排查等技术支持工作； 3.	负责云计算平台相关网络故障排查； 4.	与其他团队协同合作，共同解决客户问题； 5.	总结相关文档，更新并维护知识库； 6.	完成领导交代的其他工作。任职资格必要条件： 熟悉Linux，4年以上Linux运维经验。熟悉虚拟化，集群，高可用等相关技术。懂脚本。对网络有一定了解。可用英文作为工作语言。接受倒班。有一定文档能力。 学历要求： 本科及以上，最好有海外工作背景 工作经验： 5年以上 参考条件： 工作积极主动，认真负责，乐于分享，有团队精神。                                                                            职位联系方式                                                      公司名称：北京世纪互联宽带数据中心有限公司 公司电话：') ;
COMMIT;
INSERT INTO "User" ("Name","UserType","CreatedDatetime","UpdatedDatetime","Enabled")
                              VALUES ('301841213250006.htm',4,clock_timestamp(),clock_timestamp(),'t') ;
INSERT INTO "ZhilianUser" ("UserId","NickName","Type","Sex","City" ) VALUES(currval('"hero_reduce"."user_id_seq"'),'301841213250006.htm',0,'null','北京-朝阳区') ; INSERT INTO "JobPosition" ("UserId","Name","Address","Title","Salary","Description")
                          VALUES(currval('"hero_reduce"."user_id_seq"'),'301841213250006.htm','北京-朝阳区','IT技术支持/维护工程师','','岗位职责： 1、软件的部署与实施； 2、软件的线上测试及运行环境维护 3、在线运行服务的巡检； 4、网络系统运行故障分析； 5、完善运维手册。 岗位要求： 1、计算机相关专业，有IT测试及运维经验者优先； 2、精通Linux操作系统及常用软件的相关操作及快速处理故障能力； 3、具备网络基础知识，具备网络系统基础故障的判断、处理能力，熟悉网络设备的基本配置； 4、对TCP/IP协议有一定的了解； 5、熟悉常用Linux命令； 6、熟悉shell脚本语言；                                                                            职位联系方式                                                       公司名称：北京天元特通科技有限公司 公司地址：北京市朝阳区民族园路1号丰宝恒大厦4010室  电    话：82028589 公司主页：www.ampthon.com') ;
COMMIT;
INSERT INTO "User" ("Name","UserType","CreatedDatetime","UpdatedDatetime","Enabled")
                              VALUES ('131686184250229.htm',4,clock_timestamp(),clock_timestamp(),'t') ;
INSERT INTO "ZhilianUser" ("UserId","NickName","Type","Sex","City" ) VALUES(currval('"hero_reduce"."user_id_seq"'),'131686184250229.htm',0,'null','北京') ; INSERT INTO "JobPosition" ("UserId","Name","Address","Title","Salary","Description")
                          VALUES(currval('"hero_reduce"."user_id_seq"'),'131686184250229.htm','北京','高级软件工程师','','任职资格：  1．软件工程、电子、通信、自动化、计算机等相关专业；  2．硕士学历，具三年以上嵌入式linux开发经验，或本科学历，具五年以上嵌入式linux开发经验；  3．了解linux内核各模块，有内核开发、调试和优化相关经验；能为不同平台交叉编译linux内核；  4．具备熟练的C/ C++开发技能；  5．有操作系统开发经验：设备驱动、硬件管理、I/O控制、用户空间应用程序包括内核接口等；  6．了解进程间通信，多核，多线程架构和实时操作系统；  7．具备以下条件者优先：  a) 有实时嵌入式开发经验，如BSP、设备驱动等；  b) 熟悉常用外设协议，如USB 2.0、以太网等；  c) 熟悉CPU架构，有ARM或PowerPC平台开发经验。  8．良好的团队精神，为人正直，工作态度端正，责任心强，能承担工作压力。                                                                           职位联系方式                                                      人力资源部  北京市崇新通信技术开发公司  联系电话：010-88799988-239  传　　真：010-88799988-233  公司地址：北京中关村科技园石景山园实兴东街18号院 崇新创意大厦                                                          查看职位地图') ;
COMMIT;
INSERT INTO "User" ("Name","UserType","CreatedDatetime","UpdatedDatetime","Enabled")
                              VALUES ('150445619252401.htm',4,clock_timestamp(),clock_timestamp(),'t') ;
INSERT INTO "ZhilianUser" ("UserId","NickName","Type","Sex","City" ) VALUES(currval('"hero_reduce"."user_id_seq"'),'150445619252401.htm',0,'null','北京-海淀区') ; INSERT INTO "JobPosition" ("UserId","Name","Address","Title","Salary","Description")
                          VALUES(currval('"hero_reduce"."user_id_seq"'),'150445619252401.htm','北京-海淀区','互联网软件工程师','','岗位职责： 1.后台核心应用服务开发 任职要求：  1.本科或以上学历，计算机相关专业 2.熟悉linux下C/C++编程 3.熟悉linux网络编程和多线程编程 4.熟悉apache/nginx等开源软件者优先 5.具有良好的分析和解决问题能力，对攻关疑难问题具有浓厚兴趣 6.具有强烈的进取心和求知欲望，善于学习和运用新知识 7.有搜索相关开发经验者更佳                                                                           职位联系方式                                                       公司名称：酷我音乐 公司地址：地址:北京市海淀区知春路106号皇冠假日酒店写字楼8层  传真：82601373 公司主页：www.kuwo.cn                                                          查看职位地图') ;
COMMIT;
INSERT INTO "User" ("Name","UserType","CreatedDatetime","UpdatedDatetime","Enabled")
                              VALUES ('551428329250059.htm',4,clock_timestamp(),clock_timestamp(),'t') ;
INSERT INTO "ZhilianUser" ("UserId","NickName","Type","Sex","City" ) VALUES(currval('"hero_reduce"."user_id_seq"'),'551428329250059.htm',0,'null','北京-东城区') ; INSERT INTO "JobPosition" ("UserId","Name","Address","Title","Salary","Description")
                          VALUES(currval('"hero_reduce"."user_id_seq"'),'551428329250059.htm','北京-东城区','嵌入式软件开发','','职责描述：  负责公司内自动编译框架和自动化测试框架产品的编写和维护。技能要求：熟练使用C/C++语言。熟练使用Linux下的两种脚本语言(Shell, Python, Perl, Ruby等)。熟悉Linux开发环境和Linux下的程序编写。熟悉QT Framework。 加分项：热爱Linux， 对Linux的技术抱有很大的热情。熟练使用QT Framework。                  熟悉Makefile的编写。                                                                           职位联系方式                                                      公司名称：北京网诺星云科技有限公司  公司地址：北京市东城区和平里东街民旺园31号楼 强佑大厦 六层                                                           查看职位地图') ;
COMMIT;
INSERT INTO "User" ("Name","UserType","CreatedDatetime","UpdatedDatetime","Enabled")
                              VALUES ('563319622250015.htm',4,clock_timestamp(),clock_timestamp(),'t') ;
INSERT INTO "ZhilianUser" ("UserId","NickName","Type","Sex","City" ) VALUES(currval('"hero_reduce"."user_id_seq"'),'563319622250015.htm',0,'null','北京-海淀区') ; INSERT INTO "JobPosition" ("UserId","Name","Address","Title","Salary","Description")
                          VALUES(currval('"hero_reduce"."user_id_seq"'),'563319622250015.htm','北京-海淀区','高级软件工程师','','岗位职责： 1.负责软件平台开发相关的软件设计、开发、调测以及配套的技术开发或问题支撑等； 2.负责Linux系统下驱动开发、移植； 3.解决产品生产和应用过程中相关的问题。 岗位要求： 1、从事嵌入式/网络设备等领域软件研发工作，硕士一年或本科两年以上linux  C开发经验；2、熟练使用linux C，掌握交叉编译、调试工具，能够设计高效、稳定的嵌入式平台软件； 3、了解操作系统原理，熟悉linux下各种操作命令、系统API及文件系统，熟悉驱动开发、移植者尤佳； 4、能理解硬件设计，了解模拟电路和数字电路原理，能看懂原理图和硬件通讯时序信号图； 5、熟悉海思平台，ST平台，博通平台，有相关平台开发经验者优先；   6、具备良好的沟通协调能力和团队合作精神、良好的学习、动手以及解决问题的能力。                                                                            职位联系方式                                                      公司名称：四川九州电子科技股份有限公司北京技术中心公司地址：北京海淀区上地三街9号嘉华大厦E座10层 传真：公司主页：http://www.jiuzhoutech.com') ;
COMMIT;
INSERT INTO "User" ("Name","UserType","CreatedDatetime","UpdatedDatetime","Enabled")
                              VALUES ('373605514251031.htm',4,clock_timestamp(),clock_timestamp(),'t') ;
INSERT INTO "ZhilianUser" ("UserId","NickName","Type","Sex","City" ) VALUES(currval('"hero_reduce"."user_id_seq"'),'373605514251031.htm',0,'null','北京') ; INSERT INTO "JobPosition" ("UserId","Name","Address","Title","Salary","Description")
                          VALUES(currval('"hero_reduce"."user_id_seq"'),'373605514251031.htm','北京','软件研发工程师','','职责描述. 1.     负责组内开发工作；2.     基于存储虚拟化的代码开发与维护工作；3.     独立开展组内工作并与其他团队协作、定期沟通，完成公司技术开发与维护工作；4.     解决工作中出现的相关问题；职位要求 1.     工作经验丰富，至少熟悉以下语言（C / C+ +，JAVA，Python）之一；2.     有Linux系统编程经验；3.     有多线程编程经验（有在复杂环境中处理同步共享资源的能力）；4.     有storage背景者优先考虑（例如SCSI，ISCSI，FCP，NFS，文件系统，存储虚拟化，multipathing，LVM等）；5.     熟悉开源虚拟化；6.     熟悉网络协议相关知识。                                                                           职位联系方式                                                       公司名称：北京云基地企业管理有限公司 中关村云基地:北京市海淀区东北旺西路8号中关村软件园内软件广场C座（100094） 亦庄云基地:北京亦庄经济技术开发区北工大软件园（100176）  传真： 公司主页：www.cloud-valley.com') ;
COMMIT;
INSERT INTO "User" ("Name","UserType","CreatedDatetime","UpdatedDatetime","Enabled")
                              VALUES ('120535348252088.htm',4,clock_timestamp(),clock_timestamp(),'t') ;
INSERT INTO "ZhilianUser" ("UserId","NickName","Type","Sex","City" ) VALUES(currval('"hero_reduce"."user_id_seq"'),'120535348252088.htm',0,'null','北京') ; INSERT INTO "JobPosition" ("UserId","Name","Address","Title","Salary","Description")
                          VALUES(currval('"hero_reduce"."user_id_seq"'),'120535348252088.htm','北京','软件研发工程师','','岗位职责  1. 负责 Linux 系统与硬件的适配，并分析和解决相关问题；  2. 建立自动化的检测平台；  3. 分析 Linux 系统性能问题等。  岗位要求：  1. 精通 C 编程语言，熟悉 Linux 系统（重要）  2. 精通 Linux 下脚本开发；  3. 熟悉 Linux 操作系统架构，能够设计开发基于 Linux 平台的应用系统  4. 熟悉 Linux 操作系统，熟悉 Linux 内核工作机制。  工作年限： 2 年以上 Linux C 开发工作经验。  项目经验  1. 懂 Linux 自动化工具开发者大量加分；  2. 精通 Linux 开发者大量加分 ;  3. 有白盒测试经验者优先。  教育经历  计算机及相关专业本科以上学历  工作地点：海淀区上地  E-mail: hr@litsoft.com.cn') ;
COMMIT;
INSERT INTO "User" ("Name","UserType","CreatedDatetime","UpdatedDatetime","Enabled")
                              VALUES ('120535348252095.htm',4,clock_timestamp(),clock_timestamp(),'t') ;
INSERT INTO "ZhilianUser" ("UserId","NickName","Type","Sex","City" ) VALUES(currval('"hero_reduce"."user_id_seq"'),'120535348252095.htm',0,'null','北京') ; INSERT INTO "JobPosition" ("UserId","Name","Address","Title","Salary","Description")
                          VALUES(currval('"hero_reduce"."user_id_seq"'),'120535348252095.htm','北京','软件测试','','岗位要求：  1. 熟练掌握 Linux 系统安装以及系统管理  2. 熟练使用 C 语言、 Java 语言和 Shell 、 Perl 等脚本语言编程（精通其中一种也可以）  3. 熟练分析并解决 Linux 相关问题  4. 熟悉 Linux 内核体系结构、工具链、 Utilities  5. 熟悉服务器软硬件产品安装维护工作优先考虑  6. 具有良好的沟通能力，动手能力比较强  工作经验：  1 年以上 Linux 平台测试经验，有服务器测试相关经验优先 工作地点：海淀区上地 E-mail: hr@litsoft.com.cn') ;
COMMIT;
INSERT INTO "User" ("Name","UserType","CreatedDatetime","UpdatedDatetime","Enabled")
                              VALUES ('120535348252105.htm',4,clock_timestamp(),clock_timestamp(),'t') ;
INSERT INTO "ZhilianUser" ("UserId","NickName","Type","Sex","City" ) VALUES(currval('"hero_reduce"."user_id_seq"'),'120535348252105.htm',0,'null','北京') ; INSERT INTO "JobPosition" ("UserId","Name","Address","Title","Salary","Description")
                          VALUES(currval('"hero_reduce"."user_id_seq"'),'120535348252105.htm','北京','软件研发工程师','','岗位要求：  1. 熟悉 Linux 操作系统，熟练运用 shell 命令。  2. 有 C/C++ 编程功底，熟悉 PHP 或 Python ，能熟练应用 MySQL 数据库 , 熟练掌握 MySQL 应用开发的性能优化。有 Erlang 语言开发经验优先考虑。  3. 有服务端常用开源软件的应用经验，例如： apache 、 memcache 、 nginx 等。  4. 熟悉 HTTP 、 FTP 、 TCP 协议的通讯程序开发  5. 对数据结构，算法有较为深入的了解。  6. 有过分布式处理，分布式存储工作经验的工作者优先。  7. 责任心强，能够自我驱动，乐于接受挑战，有较好的表达能力和沟通能力，有好的团队合作精神，能承受较大的工作压力。  工作年限 / 项目经验： 3 年以上 linux 后台服务开发经验  教育经历 / 外语水平  本科以上学历，计算机相关专业 / 大学英语 4 级及以上者可优先考虑 工作地点：海淀区上地 E-mail: hr@litsoft.com.cn') ;
COMMIT;
INSERT INTO "User" ("Name","UserType","CreatedDatetime","UpdatedDatetime","Enabled")
                              VALUES ('179708822250353.htm',4,clock_timestamp(),clock_timestamp(),'t') ;
INSERT INTO "ZhilianUser" ("UserId","NickName","Type","Sex","City" ) VALUES(currval('"hero_reduce"."user_id_seq"'),'179708822250353.htm',0,'null','北京-海淀区') ; INSERT INTO "JobPosition" ("UserId","Name","Address","Title","Salary","Description")
                          VALUES(currval('"hero_reduce"."user_id_seq"'),'179708822250353.htm','北京-海淀区','高级软件工程师','5000-15000','岗位职责:1. 与研发经理和其他软件工程师紧密合作，设计和实现软件产品；2. 设计、编码和调试软件模块，解决产品开发中遇到的各种问题；3. 不断学习提高研发能力，帮助和培养新同事；4. 文档编写，完成上级交代的工作任务；职位要求：1. 本科以上学历，计算机或相关专业；2. 一年以上Linux/Unix C语言开发经验，并具有实际的项目经验;3. 熟悉Linux/Unix 编程环境,能够熟练使用GBD调试程序；4. 熟悉unix/linux下的socket、IPC、多进程、多线程编程；5. 具备团队合作精神，积极的工作态度和较强的责任心，良好的沟通和学习能力；6. 了解oracle，DB2等数据库，有灾备系统开发经验者优先考虑；                                                                            职位联系方式                                                       公司名称：北京九桥软件有限公司 公司地址：北京市海淀区北太平庄路18号城建大厦B-1705  传真： 公司主页：http://www.dds-soft.com/') ;
COMMIT;
INSERT INTO "User" ("Name","UserType","CreatedDatetime","UpdatedDatetime","Enabled")
                              VALUES ('499172321250279.htm',4,clock_timestamp(),clock_timestamp(),'t') ;
INSERT INTO "ZhilianUser" ("UserId","NickName","Type","Sex","City" ) VALUES(currval('"hero_reduce"."user_id_seq"'),'499172321250279.htm',0,'null','北京') ; INSERT INTO "JobPosition" ("UserId","Name","Address","Title","Salary","Description")
                          VALUES(currval('"hero_reduce"."user_id_seq"'),'499172321250279.htm','北京','IT技术支持/维护工程师','10001-15000','岗位职责： 1.负责Linux下大型网络服务的部署与维护; 2.对Linux下各种网络服务、应用系统、监控系统等进行自动化脚本开发的工作，并根据项目对系统进行性能优化； 3.负责突发性事件的快速响应和处理，解决服务器和网络故障； 岗位要求： 1、本科、计算机相关专业，2年或以上经验(水平优秀者可放宽该条件)； 2、熟悉虚拟机软件Hyper-v,vmware; 3、熟练操作linux主流系统，如：redhat、centos、ubuntu，熟练部署和维护； 4、精通任一语言(PHP/Perl/Python/Shell/C/JAVA) ； 5、熟悉主流数据库，如sqlserver、mysql(主从、集群)、或oracle； 6、具备1000万PV以上网站运维经验者优先；                                                                           职位联系方式                                                                                                                查看职位地图') ;
COMMIT;
INSERT INTO "User" ("Name","UserType","CreatedDatetime","UpdatedDatetime","Enabled")
                              VALUES ('521150720250055.htm',4,clock_timestamp(),clock_timestamp(),'t') ;
INSERT INTO "ZhilianUser" ("UserId","NickName","Type","Sex","City" ) VALUES(currval('"hero_reduce"."user_id_seq"'),'521150720250055.htm',0,'null','北京') ; INSERT INTO "JobPosition" ("UserId","Name","Address","Title","Salary","Description")
                          VALUES(currval('"hero_reduce"."user_id_seq"'),'521150720250055.htm','北京','系统工程师','2001-4000','职责：1、	配合项目经理做好现场勘察；2、	配合项目经理做好设备的收货、保管、检查工作3、	配合项目经理进行现场设备的安装部署4、	项目经理交代的其他工作任务；经验要求：1、	大专以上学历；（计算机或机电专业可适当放宽）；2、 熟练掌握linux系统运维。熟悉部署和维护linux服务器以及在linux服务器上架设各种服务。综合素质要求：1、有较强的适应性，抗压能力强，能适应长期出差；2、对工作有高度的责任心，工作态度积极；3、富有团队协作精神；                                                                            职位联系方式                                                      公司名称：数码辰星科技发展(北京)有限公司公司地址：北京 传真：公司主页：http://www.oristartech.com') ;
COMMIT;
INSERT INTO "User" ("Name","UserType","CreatedDatetime","UpdatedDatetime","Enabled")
                              VALUES ('467717611251577.htm',4,clock_timestamp(),clock_timestamp(),'t') ;
INSERT INTO "ZhilianUser" ("UserId","NickName","Type","Sex","City" ) VALUES(currval('"hero_reduce"."user_id_seq"'),'467717611251577.htm',0,'null','北京') ; INSERT INTO "JobPosition" ("UserId","Name","Address","Title","Salary","Description")
                          VALUES(currval('"hero_reduce"."user_id_seq"'),'467717611251577.htm','北京','软件测试','','岗位职责：1.应具备基本的测试知识，可以独立理解用例目标、编写测试用例、准确描述问题、跟踪问题解决、补充测试用例； 能够独立完成应用软件的功能和性能测试。2.工作上积极稳重、诚实可靠；可以承担必要的劳动强度；任职资格：1.计算机或相关专业大学本科或以上学历；有较强的逻辑分析能力和学习能力；2.熟悉软件测试流程，有2年以上软件测试经验；3.熟练掌握Linux/FreeBSD/UNIX操作系统，精通计算机网络知识；4.熟悉网络产品的性能指标设计和测试方法及工具，能够对产品性能进行综合的判断和分析；5.熟悉Web服务的前后台交互过程，能够分析交互过程中的问题原因；6.拥有较好的沟通技巧及团队合作精神，较强的责任感及进取精神；7.对软件测试有浓厚的兴趣，善于分析和发现问题；8.可以胜任重复性工作，工作细致认真，有耐心。9.能够通过脚本编写，主动提高任务完成的准确性和效率的优先考虑；10.具有Linux系统网络安全或网络设备类产品测试经验者优先考虑。                                                                            职位联系方式                                                      公司名称：北京奇虎科技有限公司公司地址：电子城国际电子总部 北京市朝阳区酒仙桥路6号院（电子城•国际电子总部）传真：公司主页：http://www.360.cn                                                          查看职位地图') ;
COMMIT;
INSERT INTO "User" ("Name","UserType","CreatedDatetime","UpdatedDatetime","Enabled")
                              VALUES ('000552673266405.htm',4,clock_timestamp(),clock_timestamp(),'t') ;
INSERT INTO "ZhilianUser" ("UserId","NickName","Type","Sex","City" ) VALUES(currval('"hero_reduce"."user_id_seq"'),'000552673266405.htm',0,'null','北京-海淀区') ; INSERT INTO "JobPosition" ("UserId","Name","Address","Title","Salary","Description")
                          VALUES(currval('"hero_reduce"."user_id_seq"'),'000552673266405.htm','北京-海淀区','IT技术支持/维护工程师','','岗位职责：1.负责系统及应用的安全，优化，故障解决等工作；2.负责linux服务器的安装、配置、系统监控及日常维护；3.设计、搭建和维护企业的LAMP系统环境；4.数据备份、数据监控、应急响应等。职位要求：1.大学本科及以上学历，计算机或相关专业；2.2年及以上linux相关运维经验；3.熟练掌握LINUX网络安装、配置、日常管理、安全、备份、恢复、故障处理、日志分析等技能；4.熟悉LAMP架构，对LAMP架构的部署，搭建，优化和故障排除等方面有一定经验；5.具有良好团队合作精神、良好的沟通能力；6.思维敏捷，优秀的学习能力。                                                                            职位联系方式                                                      公司名称：北大方正集团公司地址：北京市海淀区成府路298号方正大厦 北京市海淀区成府路298号方正大厦传真：公司主页：http://www.founder.com/') ;
COMMIT;
INSERT INTO "User" ("Name","UserType","CreatedDatetime","UpdatedDatetime","Enabled")
                              VALUES ('361739523250186.htm',4,clock_timestamp(),clock_timestamp(),'t') ;
INSERT INTO "ZhilianUser" ("UserId","NickName","Type","Sex","City" ) VALUES(currval('"hero_reduce"."user_id_seq"'),'361739523250186.htm',0,'null','北京') ; INSERT INTO "JobPosition" ("UserId","Name","Address","Title","Salary","Description")
                          VALUES(currval('"hero_reduce"."user_id_seq"'),'361739523250186.htm','北京','高级软件工程师','','工作职责： 1.进行嵌入式系统（Embedded Linux）驱动程序开发。 2.负责系统底层的BSP相关工作，如Linux Kernel移植优化，设备驱动开发、移植和优化。3.参与项目需求分析，进行Linux驱动的详细设计。 4.根据公司技术文档规范编写相应的开发文档。 5.根据市场需求修改完善软件。 任职要求：1.至少五年以上相关工作经验，精通LINUX系统操作。 2.精通Linux 下驱动程序开发。有USB、video、audio、UART、IIC、SPI、SD/MMC等开发经验佳。 3.深入理解Linux文件系统、进程管理机制和内存管理机制。精通网络通信更佳。 4.思维清晰、敏捷，学习能力强。基本功扎实。                                                                            职位联系方式                                                      公司名称：北京汉朔科技有限公司公司地址：北京市朝阳区红军营南路15号院瑞普大厦C座1803/1903 传真：公司主页：') ;
COMMIT;
INSERT INTO "User" ("Name","UserType","CreatedDatetime","UpdatedDatetime","Enabled")
                              VALUES ('305757716250335.htm',4,clock_timestamp(),clock_timestamp(),'t') ;
INSERT INTO "ZhilianUser" ("UserId","NickName","Type","Sex","City" ) VALUES(currval('"hero_reduce"."user_id_seq"'),'305757716250335.htm',0,'null','北京') ; INSERT INTO "JobPosition" ("UserId","Name","Address","Title","Salary","Description")
                          VALUES(currval('"hero_reduce"."user_id_seq"'),'305757716250335.htm','北京','高级软件工程师','','岗位职责： 1、负责配合产品运营完成正和岛IM服务器的功能完善，bug修改；  2、负责完成正和岛IM服务器的技术调研，研发，优化和上线；  3、负责正和岛相关公共基础服务器的研发； 4、负责技术难关的攻克。  岗位要求： 1、熟悉linux 下c/c++ 开发； 2、了解socket编程； 3、对TCP/IP原理有一定的了解。                                                                            职位联系方式                                                       公司名称：正和岛 公司地址：北京市海淀区中关村东路一号院清华科技园创新大厦B座9层  公司主页：www.zhisland.com                                                          查看职位地图') ;
COMMIT;
INSERT INTO "User" ("Name","UserType","CreatedDatetime","UpdatedDatetime","Enabled")
                              VALUES ('357174311250230.htm',4,clock_timestamp(),clock_timestamp(),'t') ;
INSERT INTO "ZhilianUser" ("UserId","NickName","Type","Sex","City" ) VALUES(currval('"hero_reduce"."user_id_seq"'),'357174311250230.htm',0,'null','北京-海淀区') ; INSERT INTO "JobPosition" ("UserId","Name","Address","Title","Salary","Description")
                          VALUES(currval('"hero_reduce"."user_id_seq"'),'357174311250230.htm','北京-海淀区','高级软件工程师','','岗位职责： 1、 Linux下C++服务器后台服务的设计与开发；2、 负责软件的设计、编程、调试和开发文档的编制；3、 单元测试和BUG修改，负责对后台服务的调整和维护。   任职要求： 1、 计算机相关专业本科以上学历，三年以上工作经验，至少两年C++开发经验，良好的抽象思维和编码规范，踏实上进，勤于思考；2、 精通C++开发，深入理解面向对象的相关概念，熟练使用相关开发工具；3、 熟练掌握Linux下C++开发， 熟悉相关的调试编译技术，了解shell脚本3、 熟练掌握SQL语法，熟悉MYSQL、Oracle等关系数据库 ；4、 了解多线程技术，可以使用相关技术，了解网络编程；5、 有分布式开发经验，有中间件（ICE）开发经验者优先；6、 具有主机或网络虚拟化，信息安全等方面的开发经验者优先。                                                                           职位联系方式                                                       公司名称：北京昆仑卓越信息技术有限公司 公司地址：北京市海淀区 传真： 公司主页：www.kunlun2000.net') ;
COMMIT;
INSERT INTO "User" ("Name","UserType","CreatedDatetime","UpdatedDatetime","Enabled")
                              VALUES ('357174311250300.htm',4,clock_timestamp(),clock_timestamp(),'t') ;
INSERT INTO "ZhilianUser" ("UserId","NickName","Type","Sex","City" ) VALUES(currval('"hero_reduce"."user_id_seq"'),'357174311250300.htm',0,'null','北京-海淀区') ; INSERT INTO "JobPosition" ("UserId","Name","Address","Title","Salary","Description")
                          VALUES(currval('"hero_reduce"."user_id_seq"'),'357174311250300.htm','北京-海淀区','软件工程师','','岗位职责：   1、在组长指导下完成Linux下C++服务器后台服务难度较低的模块编码、单元测试； 2、协助分析故障和BUG； 3、BUG修改； 4、学习业务知识，熟悉公司业务。     任职要求：   1、计算机相关专业本科以上学历，踏实上进，勤于思考，愿意从事软件开发； 2、有一年工作经验或实习经验的优先考虑； 3、此岗位应届毕业生也可投递简历。                                                                           职位联系方式                                                       公司名称：北京昆仑卓越信息技术有限公司 公司地址：北京市海淀区海淀中街 电    话：010-58730087 公司主页：www.kunlun2000.net') ;
COMMIT;
INSERT INTO "User" ("Name","UserType","CreatedDatetime","UpdatedDatetime","Enabled")
                              VALUES ('196908215250373.htm',4,clock_timestamp(),clock_timestamp(),'t') ;
INSERT INTO "ZhilianUser" ("UserId","NickName","Type","Sex","City" ) VALUES(currval('"hero_reduce"."user_id_seq"'),'196908215250373.htm',0,'null','北京') ; INSERT INTO "JobPosition" ("UserId","Name","Address","Title","Salary","Description")
                          VALUES(currval('"hero_reduce"."user_id_seq"'),'196908215250373.htm','北京','IT技术支持/维护工程师','','工作地点：北京 工作职责： 1、管理、维护自建业务的服务器及内部应用系统2、研究、优化系统架构、提升系统服务性能 职位要求：1、熟练使用Linux操作系统, 2年以上linux平台使用经验，熟悉Gentoo者优先。 2、熟悉linux下的各种工具和服务软件，如 lsof，rsync， nginx，rsyslog 等。 3、熟练掌握 shell、python 之一的脚本编程。 4、熟悉常见 Web 系统架构，并具有很强的故障排查和解决问题的能力。5、工作认真细致、敬业，能承受较大的工作压力。 6、大学本科以上学历，计算机或相关专业                                                                           职位联系方式                                                                                                                查看职位地图') ;
COMMIT;
INSERT INTO "User" ("Name","UserType","CreatedDatetime","UpdatedDatetime","Enabled")
                              VALUES ('402155515250677.htm',4,clock_timestamp(),clock_timestamp(),'t') ;
INSERT INTO "ZhilianUser" ("UserId","NickName","Type","Sex","City" ) VALUES(currval('"hero_reduce"."user_id_seq"'),'402155515250677.htm',0,'null','北京-海淀区') ; INSERT INTO "JobPosition" ("UserId","Name","Address","Title","Salary","Description")
                          VALUES(currval('"hero_reduce"."user_id_seq"'),'402155515250677.htm','北京-海淀区','IT技术支持/维护工程师','','岗位职责：  1.     负责公司整体网络环境的运维工作，保障公司网络安全、高效运行  2.     负责公司数据中心机房的运维工作  3.     负责总公司与各地分公司之间网络的互联互通  4.     管理维护公司所有的网络设备，如Cisco或H3C的路由器、交换机、防火墙等，负责设备的配置及故障排除  5.     管理维护数据中心机房的服务器  6.     监控数据中心机房的运行状态，如温湿度、电力系统、空调系统等  7.     监控、检查相关的日志记录，定期提供运维报告  任职要求：  1.     计算机、网络或相关专业大学本科及以上学历，3年以上网络运维相关工作经验  2.     熟悉TCP/IP路由与交换技术，熟悉网络架构，熟悉当前主流的网络产品，如Cisco、H3C、Juniper等，能够熟练的对其进行配置、排错  3.     精通linux，精通shell脚本的编写，精通配置和搭建各种服务器（防火墙、应用服务器，数据库），熟悉LVS等负载均衡技术的配置和部署  4.     熟悉RIP、EIGRP、OSPF、IS-IS、PIM等路由协议，掌握其原理  5.     熟悉主流的网络安全产品与安全技术，能够独立对其进行配置、排错  6.     有良好的团队精神和沟通能力，强烈的责任心，较强的学习和创新能力  7.     精通nginx集群搭建。  8.     熟悉sql的安装、维护。                                                                            职位联系方式                                                      公司名称：着迷网公司地址：北京市海淀区知春路27号量子芯座大厦11层 传真：公司主页：www.joyme.com') ;
COMMIT;
INSERT INTO "User" ("Name","UserType","CreatedDatetime","UpdatedDatetime","Enabled")
                              VALUES ('572337224251283.htm',4,clock_timestamp(),clock_timestamp(),'t') ;
INSERT INTO "ZhilianUser" ("UserId","NickName","Type","Sex","City" ) VALUES(currval('"hero_reduce"."user_id_seq"'),'572337224251283.htm',0,'null','北京') ; INSERT INTO "JobPosition" ("UserId","Name","Address","Title","Salary","Description")
                          VALUES(currval('"hero_reduce"."user_id_seq"'),'572337224251283.htm','北京','培训师/讲师','','职位描述: 1、专门负责讲授PHP学习中Linux部分相关内容  2、备课、讲解PHP学习中Linux部分知识、出Linux相关案例的试题 职位要求： 1、要求本人是顶级讲师，熟悉Linux课程体系，技术过硬，讲课经验非常丰富 2、普通话标准，性格开朗，有良好的沟通及协调能力，有较强的幽默感；  3、具备LINUX下面编写简单脚本的能力； 4、了解局域网和广域网的通信原理,熟悉TCP/IP协议；  5、能在LINUX平台上搭建LAMP、LNMP等服务。 5、有经验者优先。 工资：待遇面谈，按小时结算工资。                                                                            职位联系方式                                                      公司名称：北京沃赢科技有限公司公司地址：北京市海淀区中关村南大街甲10号银海大厦南6层 传真：公司主页：http://www.wyzc.com') ;
COMMIT;
INSERT INTO "User" ("Name","UserType","CreatedDatetime","UpdatedDatetime","Enabled")
                              VALUES ('145827576256308.htm',4,clock_timestamp(),clock_timestamp(),'t') ;
INSERT INTO "ZhilianUser" ("UserId","NickName","Type","Sex","City" ) VALUES(currval('"hero_reduce"."user_id_seq"'),'145827576256308.htm',0,'null','北京-海淀区') ; INSERT INTO "JobPosition" ("UserId","Name","Address","Title","Salary","Description")
                          VALUES(currval('"hero_reduce"."user_id_seq"'),'145827576256308.htm','北京-海淀区','软件工程师','4001-6000','岗位职责： 1）项目任务执行  l  完成开发经理下达的项目任务 l  积极配合开发经理，保证项目的质量和进度 2）技术任务执行  l  完成技术主管下达的技术研究任务 l  积极与同组员工分享技术知识； l协助同事解决技术问题 3）领导交办的其他事项  任职资格：  1)    掌握c、c++语言基础和特性。 2)    掌握计算机相关技术基础，包括操作系统、数据结构、汇编语言、组成原理、计算机网络、编译原理、设计模式等。 3)    熟练应用gcc/g++/gdb等开发调试工具。 4)    熟悉shell脚本，能进行makefile编写。 5)    熟练使用常用的数据库sqlite、mysql、oracle等。 6)    熟练使用常用的网络工具。                                                                           职位联系方式                                                        公司名称：达内时代科技集团有限公司  公司地址：北京市海淀区苏州街万泉庄紫金大厦6层 传真： 公司主页：www.rdtarena.com                                                          查看职位地图') ;
COMMIT;
INSERT INTO "User" ("Name","UserType","CreatedDatetime","UpdatedDatetime","Enabled")
                              VALUES ('152938917250119.htm',4,clock_timestamp(),clock_timestamp(),'t') ;
INSERT INTO "ZhilianUser" ("UserId","NickName","Type","Sex","City" ) VALUES(currval('"hero_reduce"."user_id_seq"'),'152938917250119.htm',0,'null','北京-海淀区') ; INSERT INTO "JobPosition" ("UserId","Name","Address","Title","Salary","Description")
                          VALUES(currval('"hero_reduce"."user_id_seq"'),'152938917250119.htm','北京-海淀区','软件工程师','','基本条件1.电子通信、计算机网络相关专业或者数学专业，具有网络协议基本知识、开发基础和经验；2.有敬业精神、团队合作精神佳3、熟练掌握Linux平台C、C++程序及各种脚本开发4.熟悉tcp/ip协议，熟练掌握socket程序开发5.了解熟悉Diameter协议开发经验者优先。6.大学本科以上学历，硕士以上优先 。岗位职责：1，开发基于Diameter协议的3GPP信令和消息；2，开发基于Linux/UNIX系统的网桥，深包检测等系统；3，参与开发室内定位的有关技术及系统。                                                                            职位联系方式                                                      公司名称：北京英进质方科技有限公司公司地址：北京市海淀区蓝靛厂南路59号玲珑花园小区商务楼二层东侧传真：公司主页：www.amichina.cn') ;
COMMIT;
INSERT INTO "User" ("Name","UserType","CreatedDatetime","UpdatedDatetime","Enabled")
                              VALUES ('209732211257309.htm',4,clock_timestamp(),clock_timestamp(),'t') ;
INSERT INTO "ZhilianUser" ("UserId","NickName","Type","Sex","City" ) VALUES(currval('"hero_reduce"."user_id_seq"'),'209732211257309.htm',0,'null','北京') ; INSERT INTO "JobPosition" ("UserId","Name","Address","Title","Salary","Description")
                          VALUES(currval('"hero_reduce"."user_id_seq"'),'209732211257309.htm','北京','IT技术支持/维护工程师','3000-5000','任职要求：  1. 熟练使用linux系统，简单SHELL脚本编写；2. 熟练操作oracle数据库、熟练掌握SQL语句；3. 具备局域网组网、建设能力，熟练掌握常用调试工具； 4. 熟悉网络环境，排除网络、服务器故障，处理路由问题； 5. 了解呼叫中心系统，有运维工作经验。                                                                           职位联系方式                                                       公司名称：北京荣新广育科技有限公司 公司地址：北京市海淀区中关村南大街甲56号方圆大厦  传真：010-68359635 公司主页：http://www.en-vfast.com/                                                          查看职位地图') ;
COMMIT;
INSERT INTO "User" ("Name","UserType","CreatedDatetime","UpdatedDatetime","Enabled")
                              VALUES ('148712264250538.htm',4,clock_timestamp(),clock_timestamp(),'t') ;
INSERT INTO "ZhilianUser" ("UserId","NickName","Type","Sex","City" ) VALUES(currval('"hero_reduce"."user_id_seq"'),'148712264250538.htm',0,'null','北京-海淀区') ; INSERT INTO "JobPosition" ("UserId","Name","Address","Title","Salary","Description")
                          VALUES(currval('"hero_reduce"."user_id_seq"'),'148712264250538.htm','北京-海淀区','软件工程师','','岗位职责：  1、参与安防视频监控平台软件的开发，网关服务器以及IPCAM的接入等的设计和实现。 任职资格： 1、熟悉linux环境下的开发编程, 精通C/C++语言，有丰富的项目开发经验； 2、具备TCP/IP，SIP、SDP、RTP/RTCP/RTSP、RTSP等网络协议知识及实现经验；3、有较强的分析解决问题能力和软件编程实现能力； 4、有良好的沟通能力和较强的团队合作意识，能够很快适应工作；5、本科以上学历，通信、计算机、电子等相关专业； 6、具备以下条件之一者优先： a. 有oSIP/eXOSIP/oRTP等开源协议栈开发经验者优先； b. 有中大型视频监控管理平台软件开发经验者优先； c. 有mediastreamer2、live555、VLC等开源流媒体服务器开发经验者优先； d. 熟悉H.264/Mpeg4以及G.711/G.722a/G.729等视音频编解码技术，有FFMPEG、x.264开发经验 者优先； e. 有mysql、PHP、gsoap等开发经验者优先。                                                                           职位联系方式                                                       公司名称：北京欧迈特数字技术有限责任公司公司地址：北京市海淀区上地信息路甲28号科实大厦D座3层 传真：62304485公司主页：www.omate.com.cn                                                          查看职位地图') ;
COMMIT;
INSERT INTO "User" ("Name","UserType","CreatedDatetime","UpdatedDatetime","Enabled")
                              VALUES ('000396199251583.htm',4,clock_timestamp(),clock_timestamp(),'t') ;
INSERT INTO "ZhilianUser" ("UserId","NickName","Type","Sex","City" ) VALUES(currval('"hero_reduce"."user_id_seq"'),'000396199251583.htm',0,'null','北京-海淀区') ; INSERT INTO "JobPosition" ("UserId","Name","Address","Title","Salary","Description")
                          VALUES(currval('"hero_reduce"."user_id_seq"'),'000396199251583.htm','北京-海淀区','高级软件工程师','','岗位职责： 1、参与视频监控系统的开发，根据项目开发计划和设计要求，对所承担工作和输出成果的质量和进度负责；2、根据公司和部门流程制度规范要求，保证所完成工作规范地进行，对相关归档文件的完整性、规范性、正确性和一致性负责； 3、根据部门的要求提交专利、CBB、案例总结等知识共享模块； 4、负责所承担研发工作相关的技术支持工作。   资历要求： 1、通信、计算机、电子、自动控制等相关专业本科以上学历；2、熟悉C++，对C++语言特性有深刻理解。有3年以上Linux服务器端开发工作经验；3、熟练使用source insight、gcc 进行代码编写、编译、追踪和调试；4、熟悉网络编程，多线程开发；5、有音视频编解码方面开发经验或者监控视频平台开发经验者优先6、良好的质量意识和编码习惯，熟练掌握版本控制、代码检查、单元测试工具及技巧；7、责任心强，乐于沟通，善于团队合作，具备较强的学习能力、分析和解决问题的能力                                                                            职位联系方式                                                       公司名称：中星微电子有限公司 公司地址：海淀区学院路35号世宁大厦16层  传真：68944075 公司主页：http://www.vimicro.com                                                          查看职位地图') ;
COMMIT;
INSERT INTO "User" ("Name","UserType","CreatedDatetime","UpdatedDatetime","Enabled")
                              VALUES ('120228890250010.htm',4,clock_timestamp(),clock_timestamp(),'t') ;
INSERT INTO "ZhilianUser" ("UserId","NickName","Type","Sex","City" ) VALUES(currval('"hero_reduce"."user_id_seq"'),'120228890250010.htm',0,'null','北京-海淀区') ; INSERT INTO "JobPosition" ("UserId","Name","Address","Title","Salary","Description")
                          VALUES(currval('"hero_reduce"."user_id_seq"'),'120228890250010.htm','北京-海淀区','软件研发工程师','','任职要求：1、本科学历，计算机相关专业，工作需满一年以上；2、深入理解linux发行版结构和制作过程；3、熟悉Gcc、Make、openstack和Gdb等linux相关开发工具；4、熟练掌握C、Perl、Python、Shell编程语言； 5、熟悉hadoop平台；6、具有积极主动的工作态度和良好的团队精神。                                                                           职位联系方式                                                          公司名称：北京凝思科技有限公司 公司地址：北京市海淀区中关村东路95号自动化大厦619室  联系电话：86-010-826240820 传真：01082624792 公司主页：http://www.linx-info.com/') ;
COMMIT;
INSERT INTO "User" ("Name","UserType","CreatedDatetime","UpdatedDatetime","Enabled")
                              VALUES ('120666677250568.htm',4,clock_timestamp(),clock_timestamp(),'t') ;
INSERT INTO "ZhilianUser" ("UserId","NickName","Type","Sex","City" ) VALUES(currval('"hero_reduce"."user_id_seq"'),'120666677250568.htm',0,'null','北京-石景山区') ; INSERT INTO "JobPosition" ("UserId","Name","Address","Title","Salary","Description")
                          VALUES(currval('"hero_reduce"."user_id_seq"'),'120666677250568.htm','北京-石景山区','软件研发工程师','','岗位职责：   1.Linux平台下服务软件开发；2.优化算法和性能；3.脚本的自动化配置部署；   任职资格：   1.熟悉Linux，2年以上的开发经验；2.精通C或Python或Perl开发，2年以上开发经验；3.具备良好的分析解决问题能力；4.学习能力强，善于沟通，富有团队合作精神，能承受一定的工作压力；5.有大并发高性能服务器开发经验优先；                                                                             职位联系方式                                                       公司名称：北京中软冠群软件技术有限公司 公司地址：北京市海淀区学院南路 55 号院中软大厦 A 座 2 层  传真：62144804 公司主页：http://www.ca-css.com                                                          查看职位地图') ;
COMMIT;
INSERT INTO "User" ("Name","UserType","CreatedDatetime","UpdatedDatetime","Enabled")
                              VALUES ('401700929250072.htm',4,clock_timestamp(),clock_timestamp(),'t') ;
INSERT INTO "ZhilianUser" ("UserId","NickName","Type","Sex","City" ) VALUES(currval('"hero_reduce"."user_id_seq"'),'401700929250072.htm',0,'null','北京-朝阳区') ; INSERT INTO "JobPosition" ("UserId","Name","Address","Title","Salary","Description")
                          VALUES(currval('"hero_reduce"."user_id_seq"'),'401700929250072.htm','北京-朝阳区','软件工程师','','我们是一家靠谱的公司，我们有一支精良团队。在这里，你可与技术大牛为伍共事，不是你一个人在战斗！（本公司目前50%的研发人员拥有8年以上开发经验）在这里，没有繁杂的人际关系，无需阿谀奉承，你可专注于研发工作！在这里，拥有一个公平、公正的平台，你能尽情施展才华！在这里，不必担心学不到知识，不必担心技术发展瓶颈，只怕你跟不上公司的发展脚步！在这里，相信付出就有回报，公司会给你意想不到的惊喜！      我们是一家有激情、有毅力、有梦想的公司! 我们不忽悠、不画饼，脚踏实地往前走！我们提供有竞争力的福利待遇！若你也是一个靠谱青年，喜欢我们的团队，喜欢我们的平台，欢迎你加入！携手共创未来！不求你与公司共苦，愿你与公司同甘！     工作职责：1.参与公司数字出版和移动教育产品的底层排版引擎研发工作；2.参与公司产品的平台移植工作（Ios、Android、Winphone、PC）；3.参与编辑器的研发工作。职位要求：1.1-3年C++开发经验；2.良好的程序设计能力；3.扎实的算法和数据结构基础；4.能不断学习新知识，能深入研究相关内容；5.有图形图像文字处理相关经验者优先；6.有浏览器底层排版渲染经验者优先。有意向者请将简历发至邮箱zhaopin2014@qanzone.com                                                                            职位联系方式                                                      公司名称：北京千纵文化传媒有限公司公司地址：北京市朝阳区朝阳路朝外小庄6号院中国第一商城 传真：公司主页：www.qanzone.com') ;
COMMIT;
INSERT INTO "User" ("Name","UserType","CreatedDatetime","UpdatedDatetime","Enabled")
                              VALUES ('120228890250026.htm',4,clock_timestamp(),clock_timestamp(),'t') ;
INSERT INTO "ZhilianUser" ("UserId","NickName","Type","Sex","City" ) VALUES(currval('"hero_reduce"."user_id_seq"'),'120228890250026.htm',0,'null','北京-海淀区') ; INSERT INTO "JobPosition" ("UserId","Name","Address","Title","Salary","Description")
                          VALUES(currval('"hero_reduce"."user_id_seq"'),'120228890250026.htm','北京-海淀区','高级软件工程师','6000-15000','简历语言要求：中文语言能力：英语　掌握程度：熟练职位描述：1、 根据产品需要裁减内核；2、 跟踪Linux Kernel 开发、修改内核缺陷；3、 开发内核级安全功能。任职资格：1、 信息技术或计算机科学专业本科以上学历；2、 对Linux的多系统构成及其部件有深入了解；3、 对Linux 内核有深入了解，可以熟练裁减、修改、编译内核；4、 较强的查找、分析和解决问题得能力；5、 具备积极主动地工作态度和良好的团队协作能力。                                                                           职位联系方式                                                       公司名称：北京凝思科技有限公司  公司地址：北京市海淀区中关村东路95号自动化大厦619室  联系电话：86-010-826240820 传真：01082624792 公司主页：http://www.linx-info.com/                                                          查看职位地图') ;
COMMIT;
INSERT INTO "User" ("Name","UserType","CreatedDatetime","UpdatedDatetime","Enabled")
                              VALUES ('131577094250195.htm',4,clock_timestamp(),clock_timestamp(),'t') ;
INSERT INTO "ZhilianUser" ("UserId","NickName","Type","Sex","City" ) VALUES(currval('"hero_reduce"."user_id_seq"'),'131577094250195.htm',0,'null','北京-朝阳区') ; INSERT INTO "JobPosition" ("UserId","Name","Address","Title","Salary","Description")
                          VALUES(currval('"hero_reduce"."user_id_seq"'),'131577094250195.htm','北京-朝阳区','软件工程师','','任职要求： 1、计算机专业本科以上学历； 2、熟悉C/C++语言、gcc/g++开发环境，gdb程序调试； 3、熟悉Linux操作系统，熟练使用shell脚本语言； 4、熟练掌握数据结构和常用算法； 5、熟练掌握socket编程和数据库编程； 6、良好的语言沟通能力； 7、熟悉多线程编程，有海量数据处理或者网络协议分析经验者优先考虑。                                                                           职位联系方式                                                       公司名称：任子行网络技术股份有限公司 公司地址：深圳市南山区科技园科技中二路软件园2栋6楼  北京分公司：北京市朝阳区裕民路12号中国国际科技会展中心B座8层                                                          查看职位地图') ;
COMMIT;
INSERT INTO "User" ("Name","UserType","CreatedDatetime","UpdatedDatetime","Enabled")
                              VALUES ('327851310252188.htm',4,clock_timestamp(),clock_timestamp(),'t') ;
INSERT INTO "ZhilianUser" ("UserId","NickName","Type","Sex","City" ) VALUES(currval('"hero_reduce"."user_id_seq"'),'327851310252188.htm',0,'null','北京-海淀区') ; INSERT INTO "JobPosition" ("UserId","Name","Address","Title","Salary","Description")
                          VALUES(currval('"hero_reduce"."user_id_seq"'),'327851310252188.htm','北京-海淀区','软件研发工程师','','工作职责： -金融系统研发部，负责ORACLE数据库相关联研发工作 职位要求： -计算机相关专业，本科及以上学历，2-5年工作经验-很强的学习能力，逻辑思维能力；具有良好的软件开发习惯-精通Linux下C/C++开发语言 -对数据库原理理解深刻，有OCI编程经验优先-有创新精神，积极进取，能承受工作压力 -有良好的团队合作精神和积极主动的沟通意识                                                                            职位联系方式                                                       公司名称：畅捷通信息技术股份有限公司 公司地址：海淀区北清路用友软件园  传真： 公司主页：') ;
COMMIT;
INSERT INTO "User" ("Name","UserType","CreatedDatetime","UpdatedDatetime","Enabled")
                              VALUES ('121072219257175.htm',4,clock_timestamp(),clock_timestamp(),'t') ;
INSERT INTO "ZhilianUser" ("UserId","NickName","Type","Sex","City" ) VALUES(currval('"hero_reduce"."user_id_seq"'),'121072219257175.htm',0,'null','北京-朝阳区') ; INSERT INTO "JobPosition" ("UserId","Name","Address","Title","Salary","Description")
                          VALUES(currval('"hero_reduce"."user_id_seq"'),'121072219257175.htm','北京-朝阳区','系统工程师','','工作职责：1.负责Linux操作系统的安装、配置，系统监控和维护，问题处理，软件升级； 2.负责Linux系统下的常用软件（如FTPServer/Apache/NginX/MySQL/ORACLE等）安装及日常维护； 3.负责Linux的系统维护、优化； 4.负责Linux系统的网络安全及数据日常备份； 5.会编写常用的SHELL脚本；能独立完成新软件的安装和配置及工作文档。  任职要求：1.具有Linux系统维护的经验，熟悉Linux/Uinx常用服务的安装配置与使用； 2.精通Linux系统原理，熟悉内核参数调谐，精通基于Linux的常用服务配置，如mail/nginx/dns等，并能够深入掌握apache/tomcat及weblogic,memcache、squid、redis配置及调优； 3.熟悉Linux系统架构，管理及优化； 4.熟练掌握Linux网络安装、配置、日常管理、安全、备份、恢复、故障处理、日志分析等技能； 5.熟悉虚拟主机技术，熟悉虚拟化架构下的系统维护、分布式管理、容错、备份等技术； 6.熟练掌握交换机，防火墙等常用网络设备的配置，熟悉TCP/IP协议； 7.熟练相关应用服务器如web/email/ftp/http等。8 熟练掌握NGINX,NAGIOS,IPTABLES, DNS, OPENVPN, LVS CLUSTER等技术；9 熟悉虚拟机软件Hyper-v,vmware优先10具备一定的英语读写能力（CET-4以上)                                                                           职位联系方式                                                       公司名称：北京乐语世纪科技集团有限公司 公司地址：北京市朝阳区西大望路甲12号（国家广告园）主楼AB栋二层  传真： 公司主页：http://www.funtalk.com.cn/                                                          查看职位地图') ;
COMMIT;
INSERT INTO "User" ("Name","UserType","CreatedDatetime","UpdatedDatetime","Enabled")
                              VALUES ('156733429250074.htm',4,clock_timestamp(),clock_timestamp(),'t') ;
INSERT INTO "ZhilianUser" ("UserId","NickName","Type","Sex","City" ) VALUES(currval('"hero_reduce"."user_id_seq"'),'156733429250074.htm',0,'null','北京') ; INSERT INTO "JobPosition" ("UserId","Name","Address","Title","Salary","Description")
                          VALUES(currval('"hero_reduce"."user_id_seq"'),'156733429250074.htm','北京','高级软件工程师','','岗位职责： 1、负责公司unix安全产品安全框架设； 2、负责公司unix安全产品的维护和升级开发 。任职资格：1、具有3年以上Linux / Unix 下C/C++应用开发工作经验；2、精通Linux/Unix系统机制、操作和开发；3、精通C和C++编程，有严谨优良的编程习惯和风格；4、精通Linux/Unix系统机制如：多线程、多进程、同步、IPC、SOCKET等等；5、有自我激励和良好的团队协作能力；6、有独立完成工作的能力；能承担较大工作压力；7、熟悉PKI，熟悉Mozilla-NSS、OpenSSL底层开发经验优先考虑；8、熟悉硬件接口驱动开发优先考虑；                                                                            职位联系方式                                                       公司名称：北京信安世纪科技有限公司 公司地址：北京市南礼士路二条甲一号月坛理想大厦  传真： 公司主页：www.infosec.com.cn                                                          查看职位地图') ;
COMMIT;
INSERT INTO "User" ("Name","UserType","CreatedDatetime","UpdatedDatetime","Enabled")
                              VALUES ('684311124250008.htm',4,clock_timestamp(),clock_timestamp(),'t') ;
INSERT INTO "ZhilianUser" ("UserId","NickName","Type","Sex","City" ) VALUES(currval('"hero_reduce"."user_id_seq"'),'684311124250008.htm',0,'null','北京-朝阳区') ; INSERT INTO "JobPosition" ("UserId","Name","Address","Title","Salary","Description")
                          VALUES(currval('"hero_reduce"."user_id_seq"'),'684311124250008.htm','北京-朝阳区','软件工程师','','职位描述：  1.根据项目需求，共同参与设计开发方案；  2.根据开发方案，独立完成开发任务；  3.完成相关测试，并给出测试结果；  4.与其它相关开发组，联合调试并优化相关功能；    职位要求：  1.领域内1年以上相关工作经验；  2.精通C/C++语言，熟练掌握常用的数据结构和算法；  3.熟悉SHELL编程，能编写SHELL代码；  4.熟悉LINUX，并有应用级程序项目经验；  5.良好的代码编程习惯及较强的文档编写能力；  6.有多任务程序开发经验，网络通信开发经验的优先；                                                                              职位联系方式                                                      公司名称：北京中安云广科技有限公司公司地址：北京市朝阳区南磨房路29号旭捷大厦907 联系电话：010-87799828                                                          查看职位地图') ;
COMMIT;
INSERT INTO "User" ("Name","UserType","CreatedDatetime","UpdatedDatetime","Enabled")
                              VALUES ('361100522250016.htm',4,clock_timestamp(),clock_timestamp(),'t') ;
INSERT INTO "ZhilianUser" ("UserId","NickName","Type","Sex","City" ) VALUES(currval('"hero_reduce"."user_id_seq"'),'361100522250016.htm',0,'null','北京') ; INSERT INTO "JobPosition" ("UserId","Name","Address","Title","Salary","Description")
                          VALUES(currval('"hero_reduce"."user_id_seq"'),'361100522250016.htm','北京','系统工程师','','岗位职责：负责客户服务器系统架构的设计与实施；针对客户linux系统的故障排除和应急响应；撰写项目方案和项目实施文档；任职要求：具有进取心，喜欢钻研新技术；具有团队合作精神，能和团队成员配合完成任务；善于与客户沟通交流，独立撰写技术方案及其他项目实施文档；有一年以上linux系统项目集成经验；有项目管理经验良好的英文阅读能力；精通Linux系统管理和调优；精通 Apache Jboss MySQL Postgresql vsftpd bind 的相关知识；熟悉TCP/IP协议、熟悉防火墙、三层交换硬件的配置与优化；有C语言编程基础，可以使用bash/perl/php之一编写脚本进行系统管理；精通分布式计算和集群相关技术；熟悉虚拟化技术者优先；熟悉 java 者优先.                                                                           职位联系方式                                                       公司名称：北京共致开源信息科技有限公司 公司地址：北京市海淀区上地十街辉煌国际西6号楼427  传真： 公司主页：www.embracesource.com') ;
COMMIT;
INSERT INTO "User" ("Name","UserType","CreatedDatetime","UpdatedDatetime","Enabled")
                              VALUES ('361100522250021.htm',4,clock_timestamp(),clock_timestamp(),'t') ;
INSERT INTO "ZhilianUser" ("UserId","NickName","Type","Sex","City" ) VALUES(currval('"hero_reduce"."user_id_seq"'),'361100522250021.htm',0,'null','北京') ; INSERT INTO "JobPosition" ("UserId","Name","Address","Title","Salary","Description")
                          VALUES(currval('"hero_reduce"."user_id_seq"'),'361100522250021.htm','北京','系统工程师','','职位职能:  系统工程师   岗位职责：负责客户服务器的安装、配置，上线，管理及故障排除负责应急响应、技术支持；编写实施文档和事件分析报告；任职要求：精通Linux操作系统的安装管理和维护；良好的英文阅读能力；精通Ftp、MySQL、Apache，iptables等常用软件的安装、配置；熟悉TCP/IP协议、路由器、交换机、负载均衡器等网络产品的工作原理；熟练掌握Shell，懂perl编程者优先；熟悉集群相关技术着优先；具有rhce认证者优先。                                                                           职位联系方式                                                       公司名称：北京共致开源信息科技有限公司 公司地址：北京市海淀区上地十街辉煌国际西6号楼427  传真： 公司主页：www.embracesource.com') ;
COMMIT;
INSERT INTO "User" ("Name","UserType","CreatedDatetime","UpdatedDatetime","Enabled")
                              VALUES ('361100522250049.htm',4,clock_timestamp(),clock_timestamp(),'t') ;
INSERT INTO "ZhilianUser" ("UserId","NickName","Type","Sex","City" ) VALUES(currval('"hero_reduce"."user_id_seq"'),'361100522250049.htm',0,'null','北京-海淀区') ; INSERT INTO "JobPosition" ("UserId","Name","Address","Title","Salary","Description")
                          VALUES(currval('"hero_reduce"."user_id_seq"'),'361100522250049.htm','北京-海淀区','高级软件工程师','','岗位职责：1、测试开源软件现有的高可用、弹性延展方案，并提供选型建议2、根据客户要求设计Web层/应用层/数据层软件的高可用、弹性延展方案3、定制开发开源软件的高可用、弹性延展模块4、分析开源软件的性能瓶颈，并提出优化建议任职要求：1、本科或以上学历，计算机相关专业 2、熟悉Linux下C/C++或者服务端Lua编程 3、熟悉Linux网络编程和多线程编程4、具有良好的分析和解决问题能力 5、具有强烈的进取心和求知欲望6、熟悉Nginx、MySQL、LVS、KeepAlived等开源软件者优先                                                                            职位联系方式                                                      公司名称：北京共致开源信息科技有限公司公司地址：北京市海淀区上地十街辉煌国际 传真：公司主页：www.embracesource.com') ;
COMMIT;
INSERT INTO "User" ("Name","UserType","CreatedDatetime","UpdatedDatetime","Enabled")
                              VALUES ('572427829250074.htm',4,clock_timestamp(),clock_timestamp(),'t') ;
INSERT INTO "ZhilianUser" ("UserId","NickName","Type","Sex","City" ) VALUES(currval('"hero_reduce"."user_id_seq"'),'572427829250074.htm',0,'null','北京-海淀区') ; INSERT INTO "JobPosition" ("UserId","Name","Address","Title","Salary","Description")
                          VALUES(currval('"hero_reduce"."user_id_seq"'),'572427829250074.htm','北京-海淀区','软件研发工程师','','职位描述 职位名称：中级Linux驱动工程师所属部门：电子信息工程部汇报对象：电子信息工程部部长  职责范围：1.      负责按照总体设计完成Linux模块代码编写、内部测试工作；2.      与硬件工程师及应用软件工程师一起进行Linux驱动开发与调试；3.      根据需求进行软件代码维护，负责软件版本缺陷跟踪处理；4.      编写相关技术文档，并确保文档质量；5.      对有关人员进行培训；6.      完成上级交代的其他任务；任职资格：1.      对从事底层驱动软件开发有浓厚的兴趣及技术钻研精神；2.      电子、计算机等相关专业本科及以上学历，3年以上工作经验；3.      熟悉C/C++语言，有扎实的编程功底，能够看懂电路图；4.      熟悉Linux内核，尤其是进程管理及调度、内存管理、SMP等；2年以上linux驱动开发经验，有1个以上完整大中型Linux驱动项目经验；熟悉U-boot开发；5.      熟悉常用（PowerPC、ARM等）CPU的架构及原理，熟悉freescale  ARM优先； 6.      熟练掌握常见硬件及接口（如eMMC/NandFlash、SDIO、USB、LCD、ScreenTouch、CAMERA、WIFI、3G等）的驱动编程；7.      可以熟练阅读英文技术文档；8.      有较强的解决问题能力；9.      具有较强的团队意识，沟通能力良好；  工作地点：北京海淀区到岗日期：ASAP薪资：面议                                                                            职位联系方式                                                       公司名称：内蒙古天一环境技术有限公司 公司地址：呼和浩特如意开发南区沙尔沁乡政府中小企业创业园2号楼  传真： 公司主页：www.chinatianyi.com.cn') ;
COMMIT;
INSERT INTO "User" ("Name","UserType","CreatedDatetime","UpdatedDatetime","Enabled")
                              VALUES ('120741292250875.htm',4,clock_timestamp(),clock_timestamp(),'t') ;
INSERT INTO "ZhilianUser" ("UserId","NickName","Type","Sex","City" ) VALUES(currval('"hero_reduce"."user_id_seq"'),'120741292250875.htm',0,'null','北京-海淀区') ; INSERT INTO "JobPosition" ("UserId","Name","Address","Title","Salary","Description")
                          VALUES(currval('"hero_reduce"."user_id_seq"'),'120741292250875.htm','北京-海淀区','软件研发工程师','','岗位职责：1、具有预研性质的语音识别、短信集群等功能开发；2、参与启通宝linux版本维护和升级；3、所负责模块的维护和运行支持。任职资格：1、精通c/c++，3年以上编程经验；2、2年以上 linux 系统c++编程经验；3、熟悉网络通信tcp/IP开发；4、熟悉多线程开发，熟悉事件驱动模型；5、具有呼叫中心相关开发经验者优先； 6、良好的编码习惯和文档编写能力；7、具备良好的团队精神，工作认真，勤恳。                                                                            职位联系方式                                                      公司名称：讯鸟软件有限公司公司地址：知春路113号银网中心A座302（海淀黄庄地铁B口出左转200米即到） 传真：010-62529647公司主页：http://www.infobird.com                                                          查看职位地图') ;
COMMIT;
INSERT INTO "User" ("Name","UserType","CreatedDatetime","UpdatedDatetime","Enabled")
                              VALUES ('000378372251450.htm',4,clock_timestamp(),clock_timestamp(),'t') ;
INSERT INTO "ZhilianUser" ("UserId","NickName","Type","Sex","City" ) VALUES(currval('"hero_reduce"."user_id_seq"'),'000378372251450.htm',0,'null','北京-海淀区') ; INSERT INTO "JobPosition" ("UserId","Name","Address","Title","Salary","Description")
                          VALUES(currval('"hero_reduce"."user_id_seq"'),'000378372251450.htm','北京-海淀区','软件工程师','','岗位职责： 负责云认证中心IOS平台手机认证APP产品开发及云认证中心代理产品的开发； 任职资格： 1、有跨平台（Windows/Linux/Unix）应用开发经验；2、具备两年以上C/C++编程或一年以上iPhone/iPad（或者Mac）开发经验；2、有良好的C/C++编程基础，并且乐意学习新技术，对IOS平台开发感兴趣者；3、熟悉Objective-C和iPhone API、掌握iPhone SDK； 经验要求： 1、有多线程、网络编程开发经验者优先；2、熟悉iOS平台基于Http/Https的通信机制和数据包解析，有相关经验者优先。                                                                             职位联系方式                                                       公司名称：飞天诚信科技股份有限公司 公司地址：北京市海淀区学清路9号 汇智大厦B座17层  传真：62304477 公司主页：http:// www.ftsafe.com.cn                                                          查看职位地图') ;
COMMIT;
INSERT INTO "User" ("Name","UserType","CreatedDatetime","UpdatedDatetime","Enabled")
                              VALUES ('000378372251664.htm',4,clock_timestamp(),clock_timestamp(),'t') ;
INSERT INTO "ZhilianUser" ("UserId","NickName","Type","Sex","City" ) VALUES(currval('"hero_reduce"."user_id_seq"'),'000378372251664.htm',0,'null','北京-海淀区') ; INSERT INTO "JobPosition" ("UserId","Name","Address","Title","Salary","Description")
                          VALUES(currval('"hero_reduce"."user_id_seq"'),'000378372251664.htm','北京-海淀区','软件工程师','','工作内容：1.负责维护和改进北京和深圳现有的Linux生产工具系统2.根据生产流程的需要，在android上编写扫条码，不干胶标签打印程序，提高库房发货效率3.定制检测动态令牌所用的光学识别系统（OCR）和流水线控制系统，提高产品质量4.维护加密锁DK，为客户在不同平台上使用加密锁提供技术支持5.加密锁固件移植到不同芯片 任职资格：1．熟悉android应用开发；熟悉wince 6.0/7.0驱动开发；熟悉嵌入式Linux系统，内核裁剪2．有libusb开发经验，熟悉ccid协议，蓝牙通讯协议；有perl,python脚本语言编写经验3．Linux平台下熟练使用gcc/g++编写程序4．能使用gdb对android下的jni程序进行调试5．能够移植u-boot，从源代码构建Linux系统6．能够胜任出差现场解决客户的问题   有意者在线投递简历  或简历发至 hr#ftsafe.com  请将#替换成@                                                                           职位联系方式                                                       公司名称：飞天诚信科技股份有限公司 公司地址：北京市海淀区学清路9号 汇智大厦B楼17层  传真：62304477 公司主页：http:// www.ftsafe.com.cn                                                          查看职位地图') ;
COMMIT;
INSERT INTO "User" ("Name","UserType","CreatedDatetime","UpdatedDatetime","Enabled")
                              VALUES ('146981201250402.htm',4,clock_timestamp(),clock_timestamp(),'t') ;
INSERT INTO "ZhilianUser" ("UserId","NickName","Type","Sex","City" ) VALUES(currval('"hero_reduce"."user_id_seq"'),'146981201250402.htm',0,'null','北京-海淀区') ; INSERT INTO "JobPosition" ("UserId","Name","Address","Title","Salary","Description")
                          VALUES(currval('"hero_reduce"."user_id_seq"'),'146981201250402.htm','北京-海淀区','软件工程师','','系统运维工程师（Linux SA，偏软件方向）     1.        熟悉至少一个 Linux 发行版；  2.        熟悉各种服务器端软件 (如, Apache, Nginx, Postgre/MySQL) 的配置/调优/维护；  3.        熟悉至少一种虚拟化技术, 如: OpenVZ, Xen, KVM, VMWare, Virtualbox；  4.        具备很强的脚本/编程能力. 能流畅应用至少一门脚本语言, 如: Shell 脚本/Python/Perl；  5.        有Linux集群配置经验者优先；  6.        有Windows服务器安装、维护经验者优先；  7.        具有良好的英语读写能力；  8.        具备很强的问题分析/解决能力；  9.        具备优异的沟通能力；  10.    具备良好的写作归档习惯；  11.    能够承担工作压力，具备创新性思维、具备团队精神。        1.        Familiar with at least one Linux distribution.  2.        Familiar with server side applications (such as Apache, Nginx, Postgre/MySQL) configuring/tweaking/maintaining.  3.        Familiar with at least one of these virtualization technologies: OpenVZ, Xen, KVM, VMWare, Virtualbox.  4.        Strong scripting/programming skills. Fluent in at least one of these scripting languages: Shell script/Python/Perl.  5.        Experiences in Linux cluster configuration are preferred.  6.        Experiences in Windows server installation and maintenance are preferred.  7.        Good English reading and writing skills.  8.        Troubleshooting. Strong experience in problem analyzing and solving.  9.        Outstanding communication abilities.  10.    Strong documentation practices.  11.    Can undertake work pressure, have innovation mindset, team work spirit.                                                                            职位联系方式                                                      公司名称：北京华美汉盛软件技术有限公司公司地址：北京市海淀区苏州街18号长远天地大厦A1座1906 传真：公司主页：www.aragoncs.com                                                          查看职位地图') ;
COMMIT;
INSERT INTO "User" ("Name","UserType","CreatedDatetime","UpdatedDatetime","Enabled")
                              VALUES ('618942522250001.htm',4,clock_timestamp(),clock_timestamp(),'t') ;
INSERT INTO "ZhilianUser" ("UserId","NickName","Type","Sex","City" ) VALUES(currval('"hero_reduce"."user_id_seq"'),'618942522250001.htm',0,'null','北京-朝阳区') ; INSERT INTO "JobPosition" ("UserId","Name","Address","Title","Salary","Description")
                          VALUES(currval('"hero_reduce"."user_id_seq"'),'618942522250001.htm','北京-朝阳区','系统工程师','','岗位职责1、负责云平台下Linux生产环境服务器的配置、安全、性能优化、故障排除、日常监控等;2、负责应用系统、数据库的部署发布和配置工作；3、负责整体系统的服务器、网络的选型、架构，制定高并发、大规模集群的系统和网络方案及实施；4.对于发现潜在问题，积极与开发人员和平台人员沟通，制定系统调整和优化方案，提高系统的健壮性和效率；任职要求1、大学本科或以上学历，2年以上相关工作经验；2、精通Linux（Centos），具备参数设置、性能调优、故障定位处理；3、熟悉shell或perl等脚本语言，并能进行脚本程序开发；4、熟悉MySQL、Oracle等数据库优化配置与维护；5、熟悉Tomcat、Apache、nginx、squid、memcached等配置、维护；6、具备良好的内、外部沟通和协调能力；7、具有认真、负责和工作态度和团队协作精神；8、有云服务器架设维护经验或大型互联网系统运维经验优先                                                                            职位联系方式                                                      公司名称：北京华映传媒广告有限公司公司地址：北京市朝阳区姚家园路公园大道生活广场B1传真：公司主页：                                                          查看职位地图') ;
COMMIT;
INSERT INTO "User" ("Name","UserType","CreatedDatetime","UpdatedDatetime","Enabled")
                              VALUES ('120666677250784.htm',4,clock_timestamp(),clock_timestamp(),'t') ;
INSERT INTO "ZhilianUser" ("UserId","NickName","Type","Sex","City" ) VALUES(currval('"hero_reduce"."user_id_seq"'),'120666677250784.htm',0,'null','北京-石景山区') ; INSERT INTO "JobPosition" ("UserId","Name","Address","Title","Salary","Description")
                          VALUES(currval('"hero_reduce"."user_id_seq"'),'120666677250784.htm','北京-石景山区','IT技术支持/维护工程师','','岗位职责：   1、服务器软硬件、系统与应用平台管理，包括状态监控、性能分析及优化，问题跟踪； 2、并编制符合公司产品项目的日常运维规范，安全防护手册； 3、参与并负责服务器管理分配以及规划，制作更新服务器和项目的网络拓扑图，更新配置管理   文档； 4、负责Linux平台部署、系统安装、配置和管理、应用部署和管； 5、制定系统安全策略，防止黑客攻击； 6、Linux下常用脚本的编写； 7、分析、解决系统中重大故障，性能瓶颈等相关问题； 8、及时响应并处理线上故障； 任职资格： 1）大学本科及以上学历，计算机相关专业，2年以上相关经验，互联网行业优先； 2）精通CentOS、Ubuntu等主流Linux服务器； 3）具有Linux系统维护工作经验；熟悉shell、 perl、python等至少一种脚本语言编程； 4）通Squid、Nginx、Apache、Keepalived、Iptables、java、Tomcat、varnish的配置管理，熟   悉mysql数据库； 8）具有网络安全工作经验，能够掌握系统安全配置、常见的网络攻击和预防方法； 9）为人诚实、本分，有上进心，具有良好的职业道德，学习能力，分析问题和实际动手能力   强，具有良好的团队合作精神；                                                                           职位联系方式                                                       公司名称：北京中软冠群软件技术有限公司 公司地址：北京市海淀区学院南路 55 号院中软大厦 A 座 2 层  传真：62144804 公司主页：http://www.ca-css.com                                                          查看职位地图') ;
COMMIT;
INSERT INTO "User" ("Name","UserType","CreatedDatetime","UpdatedDatetime","Enabled")
                              VALUES ('324076518250216.htm',4,clock_timestamp(),clock_timestamp(),'t') ;
INSERT INTO "ZhilianUser" ("UserId","NickName","Type","Sex","City" ) VALUES(currval('"hero_reduce"."user_id_seq"'),'324076518250216.htm',0,'null','北京-朝阳区') ; INSERT INTO "JobPosition" ("UserId","Name","Address","Title","Salary","Description")
                          VALUES(currval('"hero_reduce"."user_id_seq"'),'324076518250216.htm','北京-朝阳区','高级软件工程师','15001-25000','岗位职责：1、进行基于Android系统的Linux驱动程序开发，移植及优化;2、与芯片厂商及硬件团队一起分析定位解决运行过程中的硬件和驱动相关的问题;3、根据公司技术文档规范编写相应的开发文档。任职要求：1、精通C/C++语言、ARM汇编，熟练使用GCC;2、至少三年以上嵌入式系统（Embedded Linux）软件开发经验，精通嵌入式系统软件开发;3、深刻理解处理器架构，热爱处理器相关技术。深刻理解内存、DMA、中断等概念。熟悉ARM 处理器;4、精通Linux 下驱动程序开发。有USB、video、audio、Camera、PM、LCD、SD/MMC等开发经验佳等开发经验佳;5、深入理解Linux文件系统、进程管理机制和内存管理机制,精通网络通信更佳。6、思维清晰、敏捷，学习能力强。基本功扎实。                                                                           职位联系方式                                                       公司名称：北京京联云软件有限公司 公司地址：北京市朝阳区望京中环南路9号望京大厦A座9层  传真：010-84719055 公司主页：www.pekall.com                                                          查看职位地图') ;
COMMIT;
INSERT INTO "User" ("Name","UserType","CreatedDatetime","UpdatedDatetime","Enabled")
                              VALUES ('324076518250222.htm',4,clock_timestamp(),clock_timestamp(),'t') ;
INSERT INTO "ZhilianUser" ("UserId","NickName","Type","Sex","City" ) VALUES(currval('"hero_reduce"."user_id_seq"'),'324076518250222.htm',0,'null','北京') ; INSERT INTO "JobPosition" ("UserId","Name","Address","Title","Salary","Description")
                          VALUES(currval('"hero_reduce"."user_id_seq"'),'324076518250222.htm','北京','嵌入式软件开发','15001-25000','岗位职责：1、负责嵌入式Linux的移植和功能扩展;2、负责嵌入式Linux的驱动开发. 任职要求：1、精通Linux内核的进程调度，内存管理，文件系统和网络连接的实现原理;2、精通Linux内核上有关安全加强的实现原理;3、丰富的ARM芯片的外围设备模块的驱动开发经验;4、有Android框架层开发经验者优先;5、至少三年的相关项目开发经验;6、良好的沟通能力和团对协作精神;7、良好的英语沟通能力.                                                                           职位联系方式                                                       公司名称：北京京联云软件有限公司 公司地址：北京市朝阳区望京中环南路9号望京大厦A座9层  传真：010-84719055 公司主页：www.pekall.com                                                          查看职位地图') ;
COMMIT;
INSERT INTO "User" ("Name","UserType","CreatedDatetime","UpdatedDatetime","Enabled")
                              VALUES ('324076518250228.htm',4,clock_timestamp(),clock_timestamp(),'t') ;
INSERT INTO "ZhilianUser" ("UserId","NickName","Type","Sex","City" ) VALUES(currval('"hero_reduce"."user_id_seq"'),'324076518250228.htm',0,'null','北京-朝阳区') ; INSERT INTO "JobPosition" ("UserId","Name","Address","Title","Salary","Description")
                          VALUES(currval('"hero_reduce"."user_id_seq"'),'324076518250228.htm','北京-朝阳区','软件工程师','','Work scope:1) develop embedded SW in system-on-chip.  Just some skill requirement.1) At least bachelor degree in computer engineering, electronic engineering. 2) Be familiar with C or C++, Java is preferred.3) At least Grade-4 English, Good English reading. 4) Good knowledge on computer system.5) Excellent learning ability.6) Good communication with people, team spirit.                                                                           职位联系方式                                                       公司名称：北京京联云软件有限公司 公司地址：北京市朝阳区望京中环南路9号望京大厦A座9层  传真：010-84719055 公司主页：www.pekall.com                                                          查看职位地图') ;
COMMIT;
INSERT INTO "User" ("Name","UserType","CreatedDatetime","UpdatedDatetime","Enabled")
                              VALUES ('574465725250021.htm',4,clock_timestamp(),clock_timestamp(),'t') ;
INSERT INTO "ZhilianUser" ("UserId","NickName","Type","Sex","City" ) VALUES(currval('"hero_reduce"."user_id_seq"'),'574465725250021.htm',0,'null','北京') ; INSERT INTO "JobPosition" ("UserId","Name","Address","Title","Salary","Description")
                          VALUES(currval('"hero_reduce"."user_id_seq"'),'574465725250021.htm','北京','软件研发工程师','','任职要求1、本科及以上学历，计算机相关专业背景2、至少两年linux或unix系统内核或驱动开发经验3、具有较强的嵌入式系统编程经验4、精通c语言编程及汇编语言5、熟练powerpc 、mips 、x86等6、具有较强的沟通交流能力，英语读写能力良好                                                                            职位联系方式                                                      公司名称：北京盛华合创科技有限公司公司地址：.北京市海淀区新中关大厦C座1708室 传真：公司主页：') ;
COMMIT;
INSERT INTO "User" ("Name","UserType","CreatedDatetime","UpdatedDatetime","Enabled")
                              VALUES ('574465725250038.htm',4,clock_timestamp(),clock_timestamp(),'t') ;
INSERT INTO "ZhilianUser" ("UserId","NickName","Type","Sex","City" ) VALUES(currval('"hero_reduce"."user_id_seq"'),'574465725250038.htm',0,'null','北京-朝阳区') ; INSERT INTO "JobPosition" ("UserId","Name","Address","Title","Salary","Description")
                          VALUES(currval('"hero_reduce"."user_id_seq"'),'574465725250038.htm','北京-朝阳区','软件工程师','','1） Linux C++开发工程师 岗位职责： 1.  根据部门总体计划,负责对新研发项目任务的调研、预研、需求分析、设计、开发等，负责相关方向研发。 2.  参与研究和验证部门研发技术选型和系统架构设计。 3.  参与负责部门技术管理、团队培训、研发知识管理。 任职资格: 1.  计算机相关专业本科及以上学历。1年以上软件开发和设计经验。 2.  精通Linux平台上的C/C++语言编程。 3.  熟悉网络编程、多线程编程技术，有大规模系统开发和设计经验。4.  对数据结构、算法设计、系统架构设计等有较为深刻的理解。5.  对大规模数据存储、传输、处理等有丰富的经验。6.  深入理解分布式软件架构思想，熟悉面向对象思想和开发过程，熟悉UML及相关建模工具。 7.  优秀的分析问题和解决问题的能力，具备强烈的进取心和良好的团队合作能力。 8.  具有大规模数据平台或应用开发经验者优先。 9.  具有电信、金融等大数据量和高安全行业项目研发经验者优先。                                                                            职位联系方式                                                      公司名称：北京盛华合创科技有限公司公司地址：.北京市海淀区新中关大厦C座1708室 传真：公司主页：') ;
COMMIT;
INSERT INTO "User" ("Name","UserType","CreatedDatetime","UpdatedDatetime","Enabled")
                              VALUES ('574465725250066.htm',4,clock_timestamp(),clock_timestamp(),'t') ;
INSERT INTO "ZhilianUser" ("UserId","NickName","Type","Sex","City" ) VALUES(currval('"hero_reduce"."user_id_seq"'),'574465725250066.htm',0,'null','北京') ; INSERT INTO "JobPosition" ("UserId","Name","Address","Title","Salary","Description")
                          VALUES(currval('"hero_reduce"."user_id_seq"'),'574465725250066.htm','北京','软件工程师','','linux c开发工程师岗位要求：1、本科及以上学历，计算机相关专业2、熟悉linux操作系统，有c编程经验3、沟通交流良好，具有团队合作精神                                                                            职位联系方式                                                      公司名称：北京盛华合创科技有限公司公司地址：.北京市海淀区南大街甲6号铸诚大厦A座711 传真：公司主页：www.shenginfo.com.cn') ;
COMMIT;
INSERT INTO "User" ("Name","UserType","CreatedDatetime","UpdatedDatetime","Enabled")
                              VALUES ('574465725250105.htm',4,clock_timestamp(),clock_timestamp(),'t') ;
INSERT INTO "ZhilianUser" ("UserId","NickName","Type","Sex","City" ) VALUES(currval('"hero_reduce"."user_id_seq"'),'574465725250105.htm',0,'null','北京') ; INSERT INTO "JobPosition" ("UserId","Name","Address","Title","Salary","Description")
                          VALUES(currval('"hero_reduce"."user_id_seq"'),'574465725250105.htm','北京','系统工程师','','【职位名称】：高级运维工程师【工作职责】1、负责设计运维服务方法及流程，建立和完善标准的、规范化的运维管理体系，并组织实施，以实现科学高效的运维管理；2、负责运维相关技术，根据系统需求制定运维技术方案，开发自动化运维工具和运维辅助系统3、负责规划网络架构、提高系统的健康性、安全性、高可用性，参与运维流程制定、保证高效响应4、负责服务器、应用的规划、监控，日志分析，故障排除，性能调优等工作5、对IDC、硬件、网络等资源进行规划和部署 ，Server端系统的数据保护，容量规划，实施调整和监控及灾难恢复、服务器的性能监控与优化，配置安全策略【任职资格】学历背景：大学本科以上，计算机相关专业；1、3年以上大型网站运维工作经验，有大型互联网公司运维工作经验者优先；2、精通Linux/Unix系统及原理，了解网络技术，熟悉TCP/IP协议工作原理；3、对企业级网络架构具有扎实的理论知识与实践经验，了解服务器群集的规划和设置，对信息安全的常规措施和方法有实际操作经验；4、具有规划部署高冗余性、高负载性大型网络平台经验；5、有一定的redis，mongodb等Nosql的运维应用和优化经验；6、对技术有热情可以持续投入技术研究，有前瞻性的思维；7、精通安全设备（防火墙）、存储设备、容灾方案；熟练掌握常见WEB服务器（Apache,Tomcat,Nginx）的配置和性能调优。有CDN、缓存服务器的运维部署经验尤佳；8、精通使用shell/php/python/perl任何一种；9、熟悉Nginx/LVS/HAproxy/等主流的负载均衡方式并实现；10、高度的工作责认心，工作积极主动，有较强的逻辑思维能力，有良好的沟通技巧和团队                                                                           职位联系方式                                                       公司名称：北京盛华合创科技有限公司 公司地址：.北京市海淀区南大街甲6号铸诚大厦A座711  传真： 公司主页：www.shenginfo.com.cn') ;
COMMIT;
INSERT INTO "User" ("Name","UserType","CreatedDatetime","UpdatedDatetime","Enabled")
                              VALUES ('184244026250348.htm',4,clock_timestamp(),clock_timestamp(),'t') ;
INSERT INTO "ZhilianUser" ("UserId","NickName","Type","Sex","City" ) VALUES(currval('"hero_reduce"."user_id_seq"'),'184244026250348.htm',0,'null','北京') ; INSERT INTO "JobPosition" ("UserId","Name","Address","Title","Salary","Description")
                          VALUES(currval('"hero_reduce"."user_id_seq"'),'184244026250348.htm','北京','软件工程师','','岗位职责：   1、负责公司核心的产品的研发； 2、分布式系统的开发、升级、性能优化工作；3、根据需求文档，编写项目概要设计、详细设计以及其他项目相关的设计文档；4、独立完成所分模块的设计、开发、和测试工作;5、搭建开发环境、系统的部署、调试和集成;6、参与新技术的调研。   任职资格：   1、2年及以上C/C++语言软件开发经验（Linux平台），熟悉面向对象程序设计； 2、熟练使用Linux上的开发工具，熟悉Linux基本操作；3、熟悉网络编程，熟练运用socket、RPC 等API编程；4、熟悉多线程编程技术，数据库编程接口；5、具有较强的技术文档编写能力，有良好的团队协作能力和沟通能力；6、主动性强、能够承受较大的工作压力，勇于面对困难和接受挑战； 7、有Python、Ruby等动态编程语言经验者优先；   有corosync集群经验者优先。                                                                           职位联系方式                                                       公司名称：北京方物软件有限公司 公司地址：北京市海淀区上地东路1号3号楼华控大厦109室  传真： 公司主页：www.fronware.com') ;
COMMIT;
INSERT INTO "User" ("Name","UserType","CreatedDatetime","UpdatedDatetime","Enabled")
                              VALUES ('120160395261828.htm',4,clock_timestamp(),clock_timestamp(),'t') ;
INSERT INTO "ZhilianUser" ("UserId","NickName","Type","Sex","City" ) VALUES(currval('"hero_reduce"."user_id_seq"'),'120160395261828.htm',0,'null','北京-通州区') ; INSERT INTO "JobPosition" ("UserId","Name","Address","Title","Salary","Description")
                          VALUES(currval('"hero_reduce"."user_id_seq"'),'120160395261828.htm','北京-通州区','系统管理员','6001-8000','1、本运维数据中心属于全国性大型数据中心，工作地点位于通州区光机电一体化产业基地（近亦庄），公司提供员工宿舍； 2、小型机及AIX运维管理人员要求熟悉IBM小型机、AIX系统、主流存储、SAN存储架构等； 3、Linux运维管理人员要求熟悉HP刀片服务器、最好要求有WAS中间件等管理经验； 4、要求有责任心、工作踏实稳定。                                                                           职位联系方式                                                       公司名称：中科软科技股份有限公司 公司地址：北京市海淀区中关村新科祥园甲6号  电话：60579032 公司主页：http://www.sinosoft.com.cn                                                           查看职位地图') ;
COMMIT;
INSERT INTO "User" ("Name","UserType","CreatedDatetime","UpdatedDatetime","Enabled")
                              VALUES ('225920512250008.htm',4,clock_timestamp(),clock_timestamp(),'t') ;
INSERT INTO "ZhilianUser" ("UserId","NickName","Type","Sex","City" ) VALUES(currval('"hero_reduce"."user_id_seq"'),'225920512250008.htm',0,'null','北京-石景山区') ; INSERT INTO "JobPosition" ("UserId","Name","Address","Title","Salary","Description")
                          VALUES(currval('"hero_reduce"."user_id_seq"'),'225920512250008.htm','北京-石景山区','软件工程师','','岗位职责： 1.根据项目需求、计划及流程，进行项目开发； 2.提供个人项目开发模块计划安排以及开发进展； 3.配合其他项目模块开发人员进行基础测试； 4.负责软件详细设计及模块测试； 5.钻研技术，提高技术水平。  任职资格： 1.计算机相关专业本科及以上学历； 2.两年及以上系统管理等相关工作经验； 3.熟悉Linux/Windows等常见服务器操作系统和双机软件的配置与管理； 4.熟悉主流存储技术和厂商设备； 5.了解主流数据库产品与技术； 6.良好的沟通和学习能力，能尽快熟悉并掌握相关的软硬件系统。                                                                           职位联系方式                                                      公司名称：北京中瑞特通讯设备有限公司公司地址：北京市石景山区古城西街19号中关村科技园区传    真：公司主页：                                                          查看职位地图') ;
COMMIT;
INSERT INTO "User" ("Name","UserType","CreatedDatetime","UpdatedDatetime","Enabled")
                              VALUES ('150445619252735.htm',4,clock_timestamp(),clock_timestamp(),'t') ;
INSERT INTO "ZhilianUser" ("UserId","NickName","Type","Sex","City" ) VALUES(currval('"hero_reduce"."user_id_seq"'),'150445619252735.htm',0,'null','北京-海淀区') ; INSERT INTO "JobPosition" ("UserId","Name","Address","Title","Salary","Description")
                          VALUES(currval('"hero_reduce"."user_id_seq"'),'150445619252735.htm','北京-海淀区','系统工程师','','岗位职责： 1、负责linux下的lnmp环境的搭建与维护； 2、负责公司域名和DNS服务器的管理与维护； 3、负责公司自建cdn服务器的搭建维护管理； 4、协助相关部门或部门同事展开工作；   任职要求： 1.熟悉LAMP/LNMP架构及 squid 环境的搭建维护； 2.精通Linux系统原理，熟悉文件系统调优、内核参数优化、系统安全加固等实施方案； 3.熟悉tcp/ip 协议； 4.了解cdn及gslb架构，能够快速定位并处理系统运行中出现的故障问题； 5.至少熟悉一门脚本语言（shell、php、perl、python）； 6.熟悉Mysql的安装、配置、调优，熟悉MysqlHA架构优先； 7.熟悉网络设备的配置调试及故障分析，精通puppet配置部署优先； 8.良好的沟通、组织协调能力和强烈的责任心。                                                                           职位联系方式                                                       公司名称：酷我音乐 公司地址：地址:北京市海淀区知春路106号皇冠假日酒店写字楼8层  传真：82601373 公司主页：www.kuwo.cn                                                          查看职位地图') ;
COMMIT;
INSERT INTO "User" ("Name","UserType","CreatedDatetime","UpdatedDatetime","Enabled")
                              VALUES ('120930298250331.htm',4,clock_timestamp(),clock_timestamp(),'t') ;
INSERT INTO "ZhilianUser" ("UserId","NickName","Type","Sex","City" ) VALUES(currval('"hero_reduce"."user_id_seq"'),'120930298250331.htm',0,'null','北京') ; INSERT INTO "JobPosition" ("UserId","Name","Address","Title","Salary","Description")
                          VALUES(currval('"hero_reduce"."user_id_seq"'),'120930298250331.htm','北京','IT技术支持/维护工程师','','岗位职责：  1.负责系统及服务器的上线、日常运维、优化等工作；  2.负责处理系统方面日常变更、控制突发情况，对疑难问题进行分析并解决；  3.负责服务器系统、应用调整和优化，提高操作效率，增强系统可用性；  4.负责服务器及设备的安装、调试、维护、监控、备份等日常工作;  5.各类故障和事务的应急响应和技术支持。     岗位要求：  1.计算机相关专业本科以上学历，有2年以上Linux工作经验；熟练使用RHEL\SLES；  2.熟悉主流PC SERVER 如 IBM DELL HP；  3.精通Linux操作系统的安装配置、维护管理、故障排查、性能优化等，熟悉常用Linux服务和应用如postfix\apache\tomcat\cacti\nagios\lvm\iptables等  4.精通shell脚本语言，可以独立编写脚本，有独立开发脚本经验的优先；  5.熟悉主流中低端存储如IBM、HDS、EMC、光纤交换机、多路径软件的安装配置、维护管理与故障排查。                                                                            职位联系方式                                                      公司名称：北京博迅尼科科技有限公司公司地址：北京朝阳区八里庄西里98号住邦2000商务中心3号楼 M302室 传真：0 0公司主页：http://www.brocent.com') ;
COMMIT;
INSERT INTO "User" ("Name","UserType","CreatedDatetime","UpdatedDatetime","Enabled")
                              VALUES ('148712264250290.htm',4,clock_timestamp(),clock_timestamp(),'t') ;
INSERT INTO "ZhilianUser" ("UserId","NickName","Type","Sex","City" ) VALUES(currval('"hero_reduce"."user_id_seq"'),'148712264250290.htm',0,'null','北京') ; INSERT INTO "JobPosition" ("UserId","Name","Address","Title","Salary","Description")
                          VALUES(currval('"hero_reduce"."user_id_seq"'),'148712264250290.htm','北京','高级软件工程师','','岗位职责：  1、 负责Linux平台应用软件、系统脚本等开发； 2、 负责软件产品模块的设计、测试、维护等工作； 3、 参与产品需求和需求评审；4、 协助研发经理进行产品团队建设，带新人。 任职资格： 1、本科及以上学历，计算机相关专业毕业； 2、3年以上Linux操作系统开发经验，能够编写Shell脚本； 3、熟练掌握C/C++语言、熟练使用gcc、gdb、make等工具； 4、熟练掌握网络编程，以及多线程、多进程和进程间通信技术； 5、具有良好的团队合作意识、沟通能力、协调能力、工作压力承受能力； 6、有视频会议、视频监控等相关领域的工作经验者优先。有如下经验者优先聘用：1、做过视频监控或者视频会议类软件开发；2、具备模式识别或视频智能分析开发经验；                                           3、做过H264、mpeg4等常用视频压缩算法改进；4、有高清视频工作经验都优先；5、有音视频采集，编码，分发，播放模块开发经验。                                                                            职位联系方式                                                       公司名称：北京欧迈特数字技术有限责任公司公司地址：北京市海淀区上地信息路甲28号科实大厦D座3层 传真：62304485公司主页：www.omate.com.cn                                                          查看职位地图') ;
COMMIT;
INSERT INTO "User" ("Name","UserType","CreatedDatetime","UpdatedDatetime","Enabled")
                              VALUES ('205194016250286.htm',4,clock_timestamp(),clock_timestamp(),'t') ;
INSERT INTO "ZhilianUser" ("UserId","NickName","Type","Sex","City" ) VALUES(currval('"hero_reduce"."user_id_seq"'),'205194016250286.htm',0,'null','北京-海淀区') ; INSERT INTO "JobPosition" ("UserId","Name","Address","Title","Salary","Description")
                          VALUES(currval('"hero_reduce"."user_id_seq"'),'205194016250286.htm','北京-海淀区','软件工程师','','工作职责： 1.从事网络设备相关研发工作 ；2.编写详细的设计文档 ；3.实现功能性开发工作 ；4.分析及解决开发过程中的问题 。任职要求： 1.统招全日制本科及以上学历，计算机、电子、通信等相关专业优先 ；2.精通linux（centos ubuntu）系统， 有一年以上工作经验优先 ；3.精通Apache/Tomcat/SVN/Cacti/Nagios/Nginx/squid等常用软件的原理、配置与管理 ；4.熟悉shell/perl/pyhon至少一种脚本语言的编写； 5.熟练使用C/C++语言开发6.熟悉服务器系统层面的性能监控，分析与调优； 7.有嵌入式linux工作经历的优先。                                                                            职位联系方式                                                      公司名称：中铁信安(北京)信息安全技术有限公司公司地址：北京市海淀区马连洼北路59号 传真：公司主页：www.copsec.com                                                          查看职位地图') ;
COMMIT;
INSERT INTO "User" ("Name","UserType","CreatedDatetime","UpdatedDatetime","Enabled")
                              VALUES ('395095721250137.htm',4,clock_timestamp(),clock_timestamp(),'t') ;
INSERT INTO "ZhilianUser" ("UserId","NickName","Type","Sex","City" ) VALUES(currval('"hero_reduce"."user_id_seq"'),'395095721250137.htm',0,'null','北京-朝阳区') ; INSERT INTO "JobPosition" ("UserId","Name","Address","Title","Salary","Description")
                          VALUES(currval('"hero_reduce"."user_id_seq"'),'395095721250137.htm','北京-朝阳区','网络工程师','','工作职责： 1. 监控和处理网站突发故障，保障网站24x7稳定运行； 2. 负责系统及应用的安全，网络安全，数据的日常备份和应急恢复； 3. 开发、完善系统监控、报警、自动部署等内部工具； 4. 使用bash或者Perl等编写工具脚本； 5. 规范化、自动化并且文档化系统运维工作。职位要求： 1. 较强的学习能力和独立处理问题能力；2. 熟悉Linux系统，有两年以上运维经验；3. 精通bash等shell脚本，熟悉Perl，Python，Ruby中的一种语言的优先考虑；4. 熟悉Nagios/Ganglia/Cacti/Munin等常用监控环境；5. 了解Apache，Nginx，MySQL，Tomcat, MongoDB, Squid, Varnish等配置；6. 有高负载网站的系统运维经验者优先。                                                                            职位联系方式                                                       公司名称：北京微赢互动科技有限公司 公司地址：北京市朝阳区慧忠北里311号楼天创世缘B1座30层3004  传真： 公司主页：') ;
COMMIT;
INSERT INTO "User" ("Name","UserType","CreatedDatetime","UpdatedDatetime","Enabled")
                              VALUES ('150965514250373.htm',4,clock_timestamp(),clock_timestamp(),'t') ;
INSERT INTO "ZhilianUser" ("UserId","NickName","Type","Sex","City" ) VALUES(currval('"hero_reduce"."user_id_seq"'),'150965514250373.htm',0,'null','北京') ; INSERT INTO "JobPosition" ("UserId","Name","Address","Title","Salary","Description")
                          VALUES(currval('"hero_reduce"."user_id_seq"'),'150965514250373.htm','北京','软件研发工程师','','岗位职责:    1）负责dns服务器的设计、研发工作；    2）与各团队沟通协作，理解产品需求，对代码缺陷进行分析修复；    3）编写项目开发各阶段的文档；任职资格:    1）熟练掌握C/C++语言，熟悉常用数据结构及算法；    2）熟悉TCP/IP协议，应用层的DNS等协议；    3）熟悉Linux操作系统，熟练掌握网络编程或内核网络编程、及常用网络协议的相关开发；熟练使用GCC,GDB等相关工具；    4）具有专研的精神、吃苦耐劳的精神和快速处理问题的能力；    5）具有团队意识；具有互联网思维；优先考虑：    1）有过dns研发经验；    2）熟悉shell、perl等脚本编程；    3）有大并发、高性能后台服务器的开发经验；    4）有项目的分析或设计经验；    5）熟悉netfilter框架；    6）熟悉boost库的使用；    7）具有mysql等数据库应用编程的经验；                                                                           职位联系方式                                                       公司名称：北京快网科技有限公司 公司地址：北京市朝阳区四惠东惠河南街1008－B四惠国际大厦2层2029室。（通惠河路南）  传真：85867657转2261 公司主页：www.fastweb.com.cn') ;
COMMIT;
INSERT INTO "User" ("Name","UserType","CreatedDatetime","UpdatedDatetime","Enabled")
                              VALUES ('150965514250377.htm',4,clock_timestamp(),clock_timestamp(),'t') ;
INSERT INTO "ZhilianUser" ("UserId","NickName","Type","Sex","City" ) VALUES(currval('"hero_reduce"."user_id_seq"'),'150965514250377.htm',0,'null','北京') ; INSERT INTO "JobPosition" ("UserId","Name","Address","Title","Salary","Description")
                          VALUES(currval('"hero_reduce"."user_id_seq"'),'150965514250377.htm','北京','高级软件工程师','','1）熟练掌握C语言，有linux内核模块开发经验。    2）熟悉Linux内核协议栈，Netfilter框架和内核模块开发。    3）熟悉tcp/ip协议，熟悉常用http，ftp，p2p等应用层协议。    4）具备团队合作精神，积极的工作态度和较强的责任心，良好的沟通和学习能力。    5）本科以上学历，2年以上linux平台开发经验。                                                                           职位联系方式                                                       公司名称：北京快网科技有限公司 公司地址：北京市朝阳区四惠东惠河南街1008－B四惠国际大厦2层2029室。（通惠河路南）  传真：85867657转2261 公司主页：www.fastweb.com.cn') ;
COMMIT;
INSERT INTO "User" ("Name","UserType","CreatedDatetime","UpdatedDatetime","Enabled")
                              VALUES ('649636625250218.htm',4,clock_timestamp(),clock_timestamp(),'t') ;
INSERT INTO "ZhilianUser" ("UserId","NickName","Type","Sex","City" ) VALUES(currval('"hero_reduce"."user_id_seq"'),'649636625250218.htm',0,'null','北京') ; INSERT INTO "JobPosition" ("UserId","Name","Address","Title","Salary","Description")
                          VALUES(currval('"hero_reduce"."user_id_seq"'),'649636625250218.htm','北京','IT技术支持/维护工程师','','岗位职责：1.负责Linux操作系统的安装、配置，系统监控和维护，问题处理，软件升级； 2.负责Linux系统下的常用软件（如FTPServer/Apache/NginX/MySQL/ORACLE等）安装及日常维护； 3.负责Linux的系统维护、优化； 4.负责Linux系统的网络安全及数据日常备份； 5.会编写常用的SHELL脚本；能独立完成新软件的安装和配置及工作文档。 任职资格：1.具有Linux系统维护的经验，熟悉Linux/Uinx常用服务的安装配置与使用； 2.精通Linux系统原理，熟悉内核参数调谐，精通基于Linux的常用服务配置，如mail/nginx/dns等，并能够深入掌握apache/tomcat及weblogic配置及调优； 3.熟悉Linux系统架构，管理及优化； 4.熟练掌握Linux网络安装、配置、日常管理、安全、备份、恢复、故障处理、日志分析等技能； 5.熟悉虚拟主机技术，熟悉虚拟化架构下的系统维护、分布式管理、容错、备份等技术； 6.熟练掌握交换机，防火墙等常用网络设备的配置，熟悉TCP/IP协议； 7.熟练相关应用服务器如web/email/ftp/http等。                                                                             职位联系方式                                                      公司名称：创新工厂科技有限公司公司地址：北京 传真：公司主页：null') ;
COMMIT;
INSERT INTO "User" ("Name","UserType","CreatedDatetime","UpdatedDatetime","Enabled")
                              VALUES ('649636625250080.htm',4,clock_timestamp(),clock_timestamp(),'t') ;
INSERT INTO "ZhilianUser" ("UserId","NickName","Type","Sex","City" ) VALUES(currval('"hero_reduce"."user_id_seq"'),'649636625250080.htm',0,'null','北京') ; INSERT INTO "JobPosition" ("UserId","Name","Address","Title","Salary","Description")
                          VALUES(currval('"hero_reduce"."user_id_seq"'),'649636625250080.htm','北京','嵌入式软件开发','','职位描述:工作内容：开发Linux或Andriod嵌入式系统的底层驱动和应用程序 知识背景要求： l 熟悉Linux或Andriod内核； 2 熟悉Linux或Andriod设备驱动和应用开发；                                            3 具有创新和刻苦钻研精神，对开发有极大热情4 能承受较大的工作压力，并有良好的交流与沟通能力5、优秀的应届毕业生条件可适当放宽，可作为助理工程师储备。                                                                            职位联系方式                                                      公司名称：创新工厂科技有限公司公司地址：北京 传真：公司主页：null') ;
COMMIT;
INSERT INTO "User" ("Name","UserType","CreatedDatetime","UpdatedDatetime","Enabled")
                              VALUES ('677171025250009.htm',4,clock_timestamp(),clock_timestamp(),'t') ;
INSERT INTO "ZhilianUser" ("UserId","NickName","Type","Sex","City" ) VALUES(currval('"hero_reduce"."user_id_seq"'),'677171025250009.htm',0,'null','北京-海淀区') ; INSERT INTO "JobPosition" ("UserId","Name","Address","Title","Salary","Description")
                          VALUES(currval('"hero_reduce"."user_id_seq"'),'677171025250009.htm','北京-海淀区','系统工程师','','岗位职责：1.负责Linux下大型网络服务的部署与维护;2.对Linux下各种网络服务、应用系统、监控系统等进行自动化shell脚本开发的工作，并根据项目对系统进行性能优化；3.负责突发性事件的快速响应和处理，解决服务器和网络故障；4.私有云部署，基于Equallogic的IP-SAN存储应用。任职条件：1、计算机相关专业，3年或以上经验(水平优秀者可放宽该条件)；2、熟悉虚拟机化vsphere使用及调优方案;3、熟练操作linux主流系统，如：redhat、centos、ubuntu，熟练部署和维护；4、精通Shell脚本；5、熟悉主流数据库，如mysql(主从、集群)6、熟悉DELL服务器                                                                           职位联系方式                                                       公司名称：巧达科技(北京)有限公司 公司地址：北京市海淀区海淀大街甲8号鼎好电子商城A座10层【创新工场】  传真： 公司主页：null                                                          查看职位地图') ;
COMMIT;
INSERT INTO "User" ("Name","UserType","CreatedDatetime","UpdatedDatetime","Enabled")
                              VALUES ('591125120250008.htm',4,clock_timestamp(),clock_timestamp(),'t') ;
INSERT INTO "ZhilianUser" ("UserId","NickName","Type","Sex","City" ) VALUES(currval('"hero_reduce"."user_id_seq"'),'591125120250008.htm',0,'null','北京-海淀区') ; INSERT INTO "JobPosition" ("UserId","Name","Address","Title","Salary","Description")
                          VALUES(currval('"hero_reduce"."user_id_seq"'),'591125120250008.htm','北京-海淀区','软件工程师','','任职资格： 1、计算机相关专业本科以上学历；2、二年以上Linux下C++开发经验；3、 熟练掌握多线程开发，熟悉线程同步/进程同步/进程间通讯技术；4、 熟练掌握socket编程，熟悉TCP（UDP）/IP网络通信协议；5、 熟练SQL语法和数据库编程，熟练掌握至少一种数据库的开发（MYSQL、Oracle等）；6、 具有良好的团队协作精神和工作热情,做事认真负责，善于沟通，积极思考，有进取心。                                                                            职位联系方式                                                       公司名称：北京怡创信息技术有限公司 公司地址：北京市海淀区亮甲店恩济大厦A座412室 公司主页：http://www.yccit.com                                                          查看职位地图') ;
COMMIT;
INSERT INTO "User" ("Name","UserType","CreatedDatetime","UpdatedDatetime","Enabled")
                              VALUES ('132238667250540.htm',4,clock_timestamp(),clock_timestamp(),'t') ;
INSERT INTO "ZhilianUser" ("UserId","NickName","Type","Sex","City" ) VALUES(currval('"hero_reduce"."user_id_seq"'),'132238667250540.htm',0,'null','北京') ; INSERT INTO "JobPosition" ("UserId","Name","Address","Title","Salary","Description")
                          VALUES(currval('"hero_reduce"."user_id_seq"'),'132238667250540.htm','北京','软件工程师','','Linux软件开发工程师1、工作职责：- 工业用无线系统管理软件的开发2、任职要求：- 工业控制或计算机等理工类相关专业- 具有C/C++的实际开发经验- 具有Linux环境的实际开发经验- 具有Linux驱动开发的实际经验者优先- 有嵌入式软件开发经验者优先- 会日语者优先                                                                            职位联系方式                                                      公司名称：北京英泰科隆科技有限公司公司地址：北京市海淀区厂西门路2号吉友大厦3023室 传真：公司主页：www.intechnochina.com                                                          查看职位地图') ;
COMMIT;
INSERT INTO "User" ("Name","UserType","CreatedDatetime","UpdatedDatetime","Enabled")
                              VALUES ('135376545250130.htm',4,clock_timestamp(),clock_timestamp(),'t') ;
INSERT INTO "ZhilianUser" ("UserId","NickName","Type","Sex","City" ) VALUES(currval('"hero_reduce"."user_id_seq"'),'135376545250130.htm',0,'null','北京') ; INSERT INTO "JobPosition" ("UserId","Name","Address","Title","Salary","Description")
                          VALUES(currval('"hero_reduce"."user_id_seq"'),'135376545250130.htm','北京','IT技术支持/维护工程师','','岗位职责：1、对系统的外网运营及安全稳定性、内网开发环境运营及安全稳定性负责； 2、维护服务器的正常运行，应对突发事件，做出响应，如：服务器宕机，程序无响应，WEB服务无法访问、出现异常，数据库异常，服务器安全问题等 ；3、服务器的软件及硬件的维护，安装、更新软件，服务器的上架和下架，服务器硬件的安装与升级 ;4、有责任及时发现安全隐患并及时通知工程师并协助解决问题； 5、完成技术主管和公司领导交办的其它工作； 6、负责公司开发人员的开发测试环境搭建，制定网络方案和项目网络需求； 7、系统架构的容量规划、性能分析、优化和升级； 8、全面的工作备案，所有工作资料要进行整理和归档，需要有电子文档记录，并定期向上级汇总报告 9、组织做好定期检查、检修网络设备、服务器，保证设备防火、防盗、防雷安全； 10、协助网络管理工作分工与工作安排，沟通与上级、内部成员之间的关系 11、组织做好客户服务、用户故障处理业务，做好对内部人员客户的技术培训和指导工作，推动信息化知识的普及; 12、密切配合本部门其它职位的工作。    任职资格：具有2年以上Linux系统维护的经验，熟悉Linux/Unix常用服务系统 2.精通Linux系统原理，熟悉内核调优，精通基于linux的常用服务配置，如nginx, apache, nfs，rsync，squid等，并能够快速部署、配置及排错 3.熟练shell编程系统； 4.熟练掌握数据库基本操作(mysql、oracle)，如备份、还原; 5.熟练掌握LINUX网络安装、配置、日常管理、安全、备份、恢复、故障处理、日志分析等技能； 6.熟练掌握交换机，防火墙等常用网络设备的配置，熟悉TCP/IP协议； 7.良好的沟通能力、团队精神和服务意识，适应7x24故障响应模式； 8.有大型网站系统运维经验者优先； 9.具有优秀的自主学习能力，自我管理能力，具有高度责任心，较好的领导和协作能力、执行力和沟通能力，具备优秀的服务意识； 10.具有较好的文档、方案编写能力; 11.能吃苦耐劳，完成公司交给的其它工作任务。                                                                           职位联系方式                                                       公司名称：北京天润传媒有限公司 公司地址：北京市海淀区杏石口路西杉创意园C区6号楼4层401  传真： 公司主页：') ;
COMMIT;
INSERT INTO "User" ("Name","UserType","CreatedDatetime","UpdatedDatetime","Enabled")
                              VALUES ('209732211260308.htm',4,clock_timestamp(),clock_timestamp(),'t') ;
INSERT INTO "ZhilianUser" ("UserId","NickName","Type","Sex","City" ) VALUES(currval('"hero_reduce"."user_id_seq"'),'209732211260308.htm',0,'null','北京') ; INSERT INTO "JobPosition" ("UserId","Name","Address","Title","Salary","Description")
                          VALUES(currval('"hero_reduce"."user_id_seq"'),'209732211260308.htm','北京','IT技术支持/维护工程师','4000-6000','任职要求：  1. 熟练使用linux系统，简单SHELL脚本编写；2. 熟练操作oracle数据库、熟练掌握SQL语句；3. 具备局域网组网、建设能力，熟练掌握常用调试工具； 4. 熟悉网络环境，排除网络、服务器故障，处理路由问题； 5. 了解呼叫中心系统，有运维工作经验。                                                                           职位联系方式                                                       公司名称：北京荣新广育科技有限公司 公司地址：北京市海淀区中关村南大街甲56号方圆大厦  传真：010-68359635 公司主页：http://www.en-vfast.com/                                                          查看职位地图') ;
COMMIT;
INSERT INTO "User" ("Name","UserType","CreatedDatetime","UpdatedDatetime","Enabled")
                              VALUES ('209732211263505.htm',4,clock_timestamp(),clock_timestamp(),'t') ;
INSERT INTO "ZhilianUser" ("UserId","NickName","Type","Sex","City" ) VALUES(currval('"hero_reduce"."user_id_seq"'),'209732211263505.htm',0,'null','北京') ; INSERT INTO "JobPosition" ("UserId","Name","Address","Title","Salary","Description")
                          VALUES(currval('"hero_reduce"."user_id_seq"'),'209732211263505.htm','北京','网络工程师','4001-6000','任职要求：1、精通Linux、freebsd和Unix；2、对TCP/IP有深入的理解；3、熟悉mysql管理、备份、优化；4、有php开发经验，Linux C/C++开发经验5、对系统安全有深入的认识，精通防火墙，有系统攻击和防范能力；6、熟练完成用户管理、安全设置、系统监视、数据备份、同步更新、系统升级；7、熟练掌握shell编程或脚本语言(python/perl/ruby)，有较好的编程经验；8、熟练配置常用的开源软件（Apache/NFS/cvs/squid/），负载均衡， 很强的分析、解决问题的能力，攻关疑难问题的强烈兴趣；9、严谨负责的工作态度，关注细节；10、良好的文档编写能力。                                                                            职位联系方式                                                      公司名称：北京荣新广育科技有限公司公司地址：北京市海淀区中关村南大街甲56号方圆大厦传真：010-68359635公司主页：http://www.en-vfast.com/                                                          查看职位地图') ;
COMMIT;
INSERT INTO "User" ("Name","UserType","CreatedDatetime","UpdatedDatetime","Enabled")
                              VALUES ('137442508250042.htm',4,clock_timestamp(),clock_timestamp(),'t') ;
INSERT INTO "ZhilianUser" ("UserId","NickName","Type","Sex","City" ) VALUES(currval('"hero_reduce"."user_id_seq"'),'137442508250042.htm',0,'null','北京-朝阳区') ; INSERT INTO "JobPosition" ("UserId","Name","Address","Title","Salary","Description")
                          VALUES(currval('"hero_reduce"."user_id_seq"'),'137442508250042.htm','北京-朝阳区','IT技术支持/维护工程师','','岗位职责：1、负责服务器的日常运营维护，确保服务器的正常运行；2、负责服务器故障的排除和问题的解决；3、协助完善相关工作流程和资料；4、为系统扩容和新项目实施提供相关计划，审核实施方案，提供技术协助；5、领导安排的其他工作。 招聘要求：1、  性别/年龄/学历/专业不限；2、  2年以上服务器及服务器网络组建管理工作经验；3、  熟悉常见Unix、Linux平台，熟悉Linux服务器下的各种服务的安装、配置和维护，包括：DNS，SMTP，POP3，IMAP，Webmail,mysql等；4、  了解Windows平台架构以及相关服务部署/管理，例如AD，Exchange，FileServer等产品；5、  了解计算机网络的知识； 6、  具备良好的执行能力与沟通协调能力，能承受一定强度的工作压力，适应能力强；7、  接受新事物能力强，工作积极主动，责任心强，有团队意识；8、  具有良好的团队合作意识和优秀的沟通表达能力；9、  懂日语者优先。                                                                           职位联系方式                                                       公司名称：丰特网络信息技术(北京)有限公司 公司地址：北京市朝阳区中海广场南楼802 传真： 公司主页：') ;
COMMIT;
INSERT INTO "User" ("Name","UserType","CreatedDatetime","UpdatedDatetime","Enabled")
                              VALUES ('504777624250065.htm',4,clock_timestamp(),clock_timestamp(),'t') ;
INSERT INTO "ZhilianUser" ("UserId","NickName","Type","Sex","City" ) VALUES(currval('"hero_reduce"."user_id_seq"'),'504777624250065.htm',0,'null','北京') ; INSERT INTO "JobPosition" ("UserId","Name","Address","Title","Salary","Description")
                          VALUES(currval('"hero_reduce"."user_id_seq"'),'504777624250065.htm','北京','系统集成工程师','','助理工程师                                                                           职位联系方式') ;
COMMIT;
INSERT INTO "User" ("Name","UserType","CreatedDatetime","UpdatedDatetime","Enabled")
                              VALUES ('574475425250000.htm',4,clock_timestamp(),clock_timestamp(),'t') ;
INSERT INTO "ZhilianUser" ("UserId","NickName","Type","Sex","City" ) VALUES(currval('"hero_reduce"."user_id_seq"'),'574475425250000.htm',0,'null','北京-朝阳区') ; INSERT INTO "JobPosition" ("UserId","Name","Address","Title","Salary","Description")
                          VALUES(currval('"hero_reduce"."user_id_seq"'),'574475425250000.htm','北京-朝阳区','软件工程师','','Linux服务端开发工程师工作职责  - 负责智能调度系统设计与开发  - 负责缓存服务器设计与开发职位要求  - 2年以上Linux系统软件开发工作经验  - 精通C/C++、熟悉HTTP协议  - 熟悉高性能网络服务器编程采用的核心技术，如IO处理、多线程、异步、事件驱动等  - 具有良好的沟通能力，有较强的独立工作能力和解决问题的能力  - 有4/7层负载均衡软件开发经验者优先  - 熟悉开源服务器（如Nginx、Squid、ATS等），有分析其代码实现或模块编写经验者优先  - 具有深厚算法及数据结构知识优先  - 开源社区成员优先  - CDN行业相关背景优先                                                                            职位联系方式                                                      公司名称：北京互普科技有限公司公司地址：北京朝阳区西坝河南路甲一号新天第大厦B座1107 传真：010-65414998公司主页：                                                          查看职位地图') ;
COMMIT;
INSERT INTO "User" ("Name","UserType","CreatedDatetime","UpdatedDatetime","Enabled")
                              VALUES ('693817222250005.htm',4,clock_timestamp(),clock_timestamp(),'t') ;
INSERT INTO "ZhilianUser" ("UserId","NickName","Type","Sex","City" ) VALUES(currval('"hero_reduce"."user_id_seq"'),'693817222250005.htm',0,'null','北京') ; INSERT INTO "JobPosition" ("UserId","Name","Address","Title","Salary","Description")
                          VALUES(currval('"hero_reduce"."user_id_seq"'),'693817222250005.htm','北京','软件研发工程师','','技能要求 : J2EE + Linux类别 : 应用软件开发 - 软件插件岗位要求 1.本科以上学历，计算机相关专业； 2.有3年以上JAVA项目实际开发经验； 3.java基础扎实，具有面向对象思维； 4.熟练掌握多种设计模式和算法； 5.有多线程开发经验者优先； 6.熟悉Spring, Struts, Hibernate等框架体系，并有实际开发经验； 7.熟悉Oracle、MySQL主流数据库的应用； 8. 能够熟练在Linux环境进行项目实施、调优，熟练使用Linux命令；熟悉常用服务器，如Tomcat、JBoss、Weblogic等； 9.精通JavaScript、CSS、HTML者优先；                                                                            职位联系方式                                                       公司名称：北京飞途信息技术有限公司 公司地址：北京朝阳区像素小区南5号楼9层35号（6号线地铁草房站旁）  传真： 公司主页：                                                          查看职位地图') ;
COMMIT;
INSERT INTO "User" ("Name","UserType","CreatedDatetime","UpdatedDatetime","Enabled")
                              VALUES ('120961582250280.htm',4,clock_timestamp(),clock_timestamp(),'t') ;
INSERT INTO "ZhilianUser" ("UserId","NickName","Type","Sex","City" ) VALUES(currval('"hero_reduce"."user_id_seq"'),'120961582250280.htm',0,'null','北京-西城区') ; INSERT INTO "JobPosition" ("UserId","Name","Address","Title","Salary","Description")
                          VALUES(currval('"hero_reduce"."user_id_seq"'),'120961582250280.htm','北京-西城区','培训师/讲师','','岗位职责：1、 讲授相关课程2、 负责班级管理3、 教案的编写与修订4、 为学员做课外技术讲座 任职条件：1、 具备优秀的职业道德，责任心强，为人师表，以身作则；2、 计算机相关专业专科以上学历，24岁以上；3、 一年以上工作或项目经验，有培训经验者优先；4、 学习能力强、语言表达流利、思路清晰、条理性好； 技术要求：Linux方向教员：(一) 精通Linux操作系统的安装、管理、排错和Shell脚本编程；(二) 对2个以上的Linux发行版有实际使用经验； (三) 熟悉Linux环境下各种服务器的配置和维护，比如APACHE、POSTFIX、DNS、DHCP、SENDMAIL、SElinux等；(四) 熟悉Linux环境下PHP和MYSQL的安装和使用(五) 获得RHCE或相关LINUX认证者优先 员工基本福利：五险、饭补、双休、国家法定节假日、年假、带薪病假、年终双薪。 联系人：徐老师  联系方式：82013015   13521580236  E-mial:huatengjiaoyu_2014@163.com                                                                           职位联系方式                                                       公司名称：北大青鸟北京北方华腾技术培训中心 公司地址：北三环中路27号马甸商房大厦六层626房  公司主页：http://www.htbenet.net') ;
COMMIT;
INSERT INTO "User" ("Name","UserType","CreatedDatetime","UpdatedDatetime","Enabled")
                              VALUES ('000170452250088.htm',4,clock_timestamp(),clock_timestamp(),'t') ;
INSERT INTO "ZhilianUser" ("UserId","NickName","Type","Sex","City" ) VALUES(currval('"hero_reduce"."user_id_seq"'),'000170452250088.htm',0,'null','北京') ; INSERT INTO "JobPosition" ("UserId","Name","Address","Title","Salary","Description")
                          VALUES(currval('"hero_reduce"."user_id_seq"'),'000170452250088.htm','北京','IT技术支持/维护工程师','6000-10000','岗位职责  1、负责公司自有产品的售前测试、售中施工及售后服务；2、配合研发部门进行新产品、新技术的预研。岗位要求1、熟练掌握基本的IT技能：linux操作系统、网络协议等；2、统招大学本科毕业，热爱网络视频行业；3、熟悉网络知识、linux操作系统、视频知识者优先；  4、严谨、勤奋，较强的逻辑思维能力，沟通能力强，具备团队协作精神；    薪酬福利1、五险+住房公积金+补充商业医疗保险2、行业内有竞争力的薪酬  （年薪8-12万）3、优秀的文化氛围及良好的职业发展前景。简历投递地址：hr@sjdd.com.cn                                                                              职位联系方式                                                      公司名称：北京世纪鼎点软件有限公司公司地址：北京市海淀区清华科技园科技大厦B座18层 传真：62770722公司主页：http://www.powersmarttv.com                                                          查看职位地图') ;
COMMIT;
INSERT INTO "User" ("Name","UserType","CreatedDatetime","UpdatedDatetime","Enabled")
                              VALUES ('317254919250242.htm',4,clock_timestamp(),clock_timestamp(),'t') ;
INSERT INTO "ZhilianUser" ("UserId","NickName","Type","Sex","City" ) VALUES(currval('"hero_reduce"."user_id_seq"'),'317254919250242.htm',0,'null','北京-西城区') ; INSERT INTO "JobPosition" ("UserId","Name","Address","Title","Salary","Description")
                          VALUES(currval('"hero_reduce"."user_id_seq"'),'317254919250242.htm','北京-西城区','软件工程师','8000-15000','1.熟练运用Tomcat应用服务器 2.熟悉linux 3.能熟练运用java语言进行编程 4.熟悉jquery、javascript.css,div等前端技术 5.掌握Web Service开发技术 6.熟练Struts、Hibernate、Spring、ibatis等常用框架 7.熟练使用mysql、Oracle等数据库                                                                            职位联系方式                                                      公司名称：沈阳天佳先进技术工程有限公司公司地址：沈阳市浑南新区世纪路19号 传真：024-83787940公司主页：www.sytate.com') ;
COMMIT;
INSERT INTO "User" ("Name","UserType","CreatedDatetime","UpdatedDatetime","Enabled")
                              VALUES ('147292143250203.htm',4,clock_timestamp(),clock_timestamp(),'t') ;
INSERT INTO "ZhilianUser" ("UserId","NickName","Type","Sex","City" ) VALUES(currval('"hero_reduce"."user_id_seq"'),'147292143250203.htm',0,'null','北京') ; INSERT INTO "JobPosition" ("UserId","Name","Address","Title","Salary","Description")
                          VALUES(currval('"hero_reduce"."user_id_seq"'),'147292143250203.htm','北京','软件工程师','','岗位要求： 1.精通linux下Php、C/C++或Java等编程语言; 熟悉Bash shell、Perl和Python 脚本语言。2.熟悉Linux系统命令、Linux操作系统原理、系统参数设置、性能调优、故障处理3.熟悉Apache、PHP、Nginx 、VSFTP (Very Secure FTP)、QMAIL、Rsync、NFS等第三方开源软件的架设和调优。4.有网络编、数据库程经验，熟悉HTTP协议，熟练使用Oracle、Mysql数据库，有Web-GIS编程经验者优先; 5.熟悉常用的php，nginx，oracle的安装和配置以及维护操作。以编译方式安装php，nginx，oracle各个附加模块的能力；根据php，nginx,oracle日志判断系统问题。了解linux的rysnc同步,文件系统的维护。6.能熟练操作oracle服务器端，判断数据库的运行状态，能为oracle的读写热备做实时切换。7.了解linux的Memcache内存管理，能判断内存的使用情况，监控各个Memcache的运行状态。8.有较好的学习能力和钻研精神，具有较强的团队意识，能适应一定的压力；9.2年以上工作经验，思维清晰，逻辑能力强，具有优秀的自主学习能力，自我管理能力，具有高度责任心。 1. 熟悉ISO9000/CMMI规范，熟悉软件工程原理，具有软件质量意识2.具有较强的事业心、责任感以及良好的沟通表达能力和团队协作精神； 3.熟悉Linux程序设计、PHP或C/C++语言编程、TCP/IP网络编程； 4.2年以上工作经验，具有网络信息安全行业相关工作经验优先考虑；   任职资格： 1、具有计算机软件专业专科及以上学历 2、精通LINUX，并具备2年以上的LINUX开发经验 3、具有一年以上的TCP/IP编程经验 4、熟悉ORACLE数据库系统，并具有两年以上的数据库开发经验 5、精通php、C、C++、Proc开发语言，并具有2年以上的开发经验                                                                            职位联系方式                                                       公司名称：北京世纪汇杰科技有限公司 公司地址：北京市海淀区上地东路1号盈创动力E203C室  传真： 公司主页：http://www.elisoft.com.cn                                                          查看职位地图') ;
COMMIT;
INSERT INTO "User" ("Name","UserType","CreatedDatetime","UpdatedDatetime","Enabled")
                              VALUES ('147292143250207.htm',4,clock_timestamp(),clock_timestamp(),'t') ;
INSERT INTO "ZhilianUser" ("UserId","NickName","Type","Sex","City" ) VALUES(currval('"hero_reduce"."user_id_seq"'),'147292143250207.htm',0,'null','北京-海淀区') ; INSERT INTO "JobPosition" ("UserId","Name","Address","Title","Salary","Description")
                          VALUES(currval('"hero_reduce"."user_id_seq"'),'147292143250207.htm','北京-海淀区','软件研发工程师','8001-10000','Linux环境下PHP开发工程师 岗位职责：   职位要求： 1.   计算机、电子等相关专业专科及以上学历，2年以上相关工作经验者。 2.   精通PHP语言及相关开发技术，熟悉常见的Web服务框架，精通HTML、CSS、Javascript等前端开发技术；具有良好的编程习惯和简洁清晰的代码风格； 3.   熟悉Linux操作系统，熟悉Shell脚本编程，常用Linux管理命令熟练；有一年以上基于Linux平台开发经验； 4.   熟悉Oracle、MySQL数据库,熟悉Memcache内存管理技术;   5.   熟悉Nginx 、Rsync、Apache的配置，了解VSFTP、QMAIL、NFS等第三方开源软件的架设和调优； 6.   熟悉Python脚本者优先，熟悉C/C++开发者优先，熟悉SEO优化者优先； 7.   熟悉分布式系统架构，有移动互联网后台开发经验者优先； 8.   有大型项目参与经验，具备大容量、高性能网站开发经验者优先； 9.   有责任心，能够主动了解和学习新的技术；优先考虑具有独立完成项目的经验； 10.良好的文档读写与沟通能力，头脑灵活，扎实肯干，学习积极性强，团队配合能力强。                                                                             职位联系方式                                                      公司名称：北京世纪汇杰科技有限公司公司地址：北京市海淀区上地东路1号盈创动力E203C室 电    话：58856770公司主页：http://www.elisoft.com.cn                                                          查看职位地图') ;
COMMIT;
INSERT INTO "User" ("Name","UserType","CreatedDatetime","UpdatedDatetime","Enabled")
                              VALUES ('147292143250136.htm',4,clock_timestamp(),clock_timestamp(),'t') ;
INSERT INTO "ZhilianUser" ("UserId","NickName","Type","Sex","City" ) VALUES(currval('"hero_reduce"."user_id_seq"'),'147292143250136.htm',0,'null','北京-海淀区') ; INSERT INTO "JobPosition" ("UserId","Name","Address","Title","Salary","Description")
                          VALUES(currval('"hero_reduce"."user_id_seq"'),'147292143250136.htm','北京-海淀区','高级软件工程师','','Linux环境下PHP开发工程师 职位要求：1.  计算机、电子等相关专业专科及以上学历，2年以上相关工作经验者。2.  精通PHP语言及相关开发技术，熟悉常见的Web服务框架，精通HTML、CSS、Javascript等前端开发技术；具有良好的编程习惯和简洁清晰的代码风格；3.  熟悉Linux操作系统，熟悉Shell脚本编程，常用Linux管理命令熟练；有一年以上基于Linux平台开发经验；4.  熟悉Oracle、MySQL数据库,熟悉Memcache内存管理技术; 5.  熟悉Nginx 、Rsync、Apache的配置，了解VSFTP、QMAIL、NFS等第三方开源软件的架设和调优；6.  熟悉Python脚本者优先，熟悉C/C++开发者优先，熟悉SEO优化者优先；7.  熟悉分布式系统架构，有移动互联网后台开发经验者优先；8.  有大型项目参与经验，具备大容量、高性能网站开发经验者优先；9.  有责任心，能够主动了解和学习新的技术；优先考虑具有独立完成项目的经验；10.良好的文档读写与沟通能力，头脑灵活，扎实肯干，学习积极性强，团队配合能力强。                                                                             职位联系方式                                                       公司名称：北京世纪汇杰科技有限公司 公司地址：北京市海淀区上地东路1号盈创动力E203C室  传真： 公司主页：http://www.elisoft.com.cn                                                          查看职位地图') ;
COMMIT;
INSERT INTO "User" ("Name","UserType","CreatedDatetime","UpdatedDatetime","Enabled")
                              VALUES ('147292143250199.htm',4,clock_timestamp(),clock_timestamp(),'t') ;
INSERT INTO "ZhilianUser" ("UserId","NickName","Type","Sex","City" ) VALUES(currval('"hero_reduce"."user_id_seq"'),'147292143250199.htm',0,'null','北京') ; INSERT INTO "JobPosition" ("UserId","Name","Address","Title","Salary","Description")
                          VALUES(currval('"hero_reduce"."user_id_seq"'),'147292143250199.htm','北京','软件工程师','','1. 精通linux下C/C++或Php、Java等编程语言; 熟悉Bash shell、Perl和Python 脚本语言；10. 熟悉CMMI规范，代码、文档习惯良好。2. 熟悉Linux操作系统原理、Linux系统命令、系统参数设置、性能调优、故障处理等；3. 熟悉Apache、PHP、Nginx 、VSFTP (Very Secure FTP)、QMAIL、Rsync、NFS等第三方开源软件的架设和调优。4. 熟悉HTTP协议，熟练使用Oracle、Mysql数据库，熟悉网络编、数据库编程，有Web-GIS编程经验者优先; 5. 熟悉常用的php，nginx，oracle的安装和配置以及维护操作。以编译方式安装php，nginx，oracle各个附加模块的能力；根据日志判断系统问题。了解linux的rysnc同步,文件系统的维护。6. 能熟练操作oracle服务器端，判断数据库的运行状态，能为oracle的读写热备做实时切换。7. 了解linux的Memcache内存管理，能判断内存的使用情况，监控各个Memcache的运行状态。8. 有较好的学习能力和钻研精神，具有较强的团队意识，能适应一定的压力；9. 2年以上工作经验，思维清晰，逻辑能力强，具有优秀的自主学习能力，自我管理能力，具有高度责任心。                                                                             职位联系方式                                                       公司名称：北京世纪汇杰科技有限公司 公司地址：北京市海淀区上地东路1号盈创动力E203C室  传真： 公司主页：http://www.elisoft.com.cn                                                          查看职位地图') ;
COMMIT;
INSERT INTO "User" ("Name","UserType","CreatedDatetime","UpdatedDatetime","Enabled")
                              VALUES ('248417214250581.htm',4,clock_timestamp(),clock_timestamp(),'t') ;
INSERT INTO "ZhilianUser" ("UserId","NickName","Type","Sex","City" ) VALUES(currval('"hero_reduce"."user_id_seq"'),'248417214250581.htm',0,'null','北京-昌平区') ; INSERT INTO "JobPosition" ("UserId","Name","Address","Title","Salary","Description")
                          VALUES(currval('"hero_reduce"."user_id_seq"'),'248417214250581.htm','北京-昌平区','软件工程师','','职位描述：1、ARM Linux系统及界面QT编程；2、嵌入式应用软件开发；3、技术文档编写与测试。     职位要求: 1、本科或以上学历；； 2、熟悉ARM架构处理器及嵌入式Linux系统开发，精通C/C++语言； 3、熟悉ARM Linux系统界面QT编程；4、有ZigBee无线通讯开发经验者优先；5、具有良好的沟通、团队合作能力。                                                                           职位联系方式                                                       公司名称：中软国际ETC 公司地址：北京海淀区中关村科学院南路2号融科资讯中心C座北楼  传真： 公司主页：                                                          查看职位地图') ;
COMMIT;
INSERT INTO "User" ("Name","UserType","CreatedDatetime","UpdatedDatetime","Enabled")
                              VALUES ('365133729250347.htm',4,clock_timestamp(),clock_timestamp(),'t') ;
INSERT INTO "ZhilianUser" ("UserId","NickName","Type","Sex","City" ) VALUES(currval('"hero_reduce"."user_id_seq"'),'365133729250347.htm',0,'null','北京') ; INSERT INTO "JobPosition" ("UserId","Name","Address","Title","Salary","Description")
                          VALUES(currval('"hero_reduce"."user_id_seq"'),'365133729250347.htm','北京','软件工程师','','任职条件：   1、本科及以上学历，计算机相关专业； 2、3年及以上软件相关领域工作经验； 3、工作认真负责，可承受一定工作压力，有良好的团队协作精神。     岗位要求： 1、熟练掌握 C/C++语言程序设计，有3年以上Linux下应用程序开发经验； 2、扎实掌握数据结构及常用算法； 3、有Linux环境下图形界面应用程序开发经验，GTK+/KDE/Qt均可； 4、有Linux环境下多进程、多线程编程的实际研发经验； 5、熟练掌握TCP/IP协议等网络协议，有实际网路应用研发经验； 6、熟练掌握Linux开发调试环境，掌握GDB等调试工具的应用； 7、有Python、Tcl/Tk等脚本编程预研开发经历后驱动程序开发经历者优先。                                                                           职位联系方式                                                       公司名称：北京轩宇空间科技有限公司 公司地址：北京市海淀区北清路68号用友软件园1号楼2101室  传真： 公司主页：http://www.sunwisespace.com                                                          查看职位地图') ;
COMMIT;
INSERT INTO "User" ("Name","UserType","CreatedDatetime","UpdatedDatetime","Enabled")
                              VALUES ('160068915250215.htm',4,clock_timestamp(),clock_timestamp(),'t') ;
INSERT INTO "ZhilianUser" ("UserId","NickName","Type","Sex","City" ) VALUES(currval('"hero_reduce"."user_id_seq"'),'160068915250215.htm',0,'null','北京-西城区') ; INSERT INTO "JobPosition" ("UserId","Name","Address","Title","Salary","Description")
                          VALUES(currval('"hero_reduce"."user_id_seq"'),'160068915250215.htm','北京-西城区','高级软件工程师','','工作职责:  1、跟踪最新的网络应用技术，研究分析常见的网络协议 2、研究P2P技术，精确识别P2P流量，对加密协议能够进行有效分析、识别 3、流控算法研究，保障大型链接流控性能 4、负责建立常见网络协议特征库 5、参与大型网络设备框架设计和实现，对系统性能调优，系统瓶颈排查职位要求:  1、相关专业本科以上学历，有扎实的通信、计算机网络专业知识  2、有网络业务分析经验，精通各种P2P网络协议及加密协议分析   3、有流控实际研发经验，对各种流控算法有自己的研究心得 4、精通C/C++/socket编程，熟悉linux系统TCP/IP协议栈，熟悉shell，perl语言  5、有较强的逻辑分析能力，表达沟通能力，有团队协作精神，具备吃苦耐劳的精神   有内核网络实际研发经验优先  精通深度报文检测、深度流量检测技术者优先  有"零拷贝"实际研发经验者优先                                                                               职位联系方式                                                       公司名称：北京思朗特科技有限责任公司 公司地址：北京市西城区黄寺大街德胜置业5号楼901室  传真： 公司主页：www.surfront.com') ;
COMMIT;
INSERT INTO "User" ("Name","UserType","CreatedDatetime","UpdatedDatetime","Enabled")
                              VALUES ('120472588250587.htm',4,clock_timestamp(),clock_timestamp(),'t') ;
INSERT INTO "ZhilianUser" ("UserId","NickName","Type","Sex","City" ) VALUES(currval('"hero_reduce"."user_id_seq"'),'120472588250587.htm',0,'null','北京-海淀区') ; INSERT INTO "JobPosition" ("UserId","Name","Address","Title","Salary","Description")
                          VALUES(currval('"hero_reduce"."user_id_seq"'),'120472588250587.htm','北京-海淀区','系统工程师','','总体负责公司Linux服务器的规划及维护，负责安全方案设计和执行、负责日常工作中的监控和故障排查，对运行在Linux服务器上的各种应用程序（如邮件系统，Apache，WIKI系统， Jboss服务）等进行监控及调试。  岗位职责：  1.  Linux服务器的安全方案设计、规划、实施； 2.  Linux服务器的日常维护、故障定位、及解决； 3.  关键文件系统的日常备份； 4.  各种Linux应用服务的安装，维护及调试； 5.  编写脚本程序以完成日常工作； 6.  Linux服务器集群的性能优化。  任职要求：  1.  三年以上Linux系统级维护工作经验；计算机相关专业本科以上学历，在专业上具有精于钻研的工作习惯； 2.  有Linux系统参数设置、性能调优、故障定位处理经验； 3.  熟悉Linux下的安全体系，熟悉SeLinux、熟练iptables配置、熟悉PAM，并有实际的配置经验【必须】；熟悉软硬件防护墙、网关等； 4.  熟悉TCP/IP协议、熟悉Linux 网络参数配置、熟悉抓包工具、协议分析工具，有实际故障处理经验【必须】； 5.  精通Shell或Python 脚本语言开发【必须】； 6.  有较强的学习能力，能够熟练阅读涉及产品和技术的英文文档，能够承受较高的工作压力；  7.  有强烈的工作责任心，有较好的沟通能力，有良好的团队合作精神； 8.  能够独立完成工作，具有较强的规划能力和综合分析问题及解决问题的能力。                                                                            职位联系方式                                                      公司名称：北京无限新锐网络科技有限公司公司地址：北京 传真：公司主页：http://www.wxxr.com.cn;http://www.7500.com.cn') ;
COMMIT;
INSERT INTO "User" ("Name","UserType","CreatedDatetime","UpdatedDatetime","Enabled")
                              VALUES ('204265217250019.htm',4,clock_timestamp(),clock_timestamp(),'t') ;
INSERT INTO "ZhilianUser" ("UserId","NickName","Type","Sex","City" ) VALUES(currval('"hero_reduce"."user_id_seq"'),'204265217250019.htm',0,'null','北京-海淀区') ; INSERT INTO "JobPosition" ("UserId","Name","Address","Title","Salary","Description")
                          VALUES(currval('"hero_reduce"."user_id_seq"'),'204265217250019.htm','北京-海淀区','高级软件工程师','','岗位职责：1、嵌入式Linux uboot、内核及文件系统定制开发2、相关设备驱动程序开发3、编写测试用例4、相关文档编写职位要求：1.计算机、通信相关专业，大学本科及以上学历；2.3年以上linux driver &kernel开发经验；3.精通 Linux C 编程，熟练掌握Linux操作系统原理和命令；4.熟悉DHCP、DNS、NTP、DDNS、RTP等网络协议；5.熟悉嵌入式系统的开发流程，了解音视频基本知识以及多核处理器的通讯机制；6.熟悉至少一种主流的CPU体系架构，熟悉TI DAVINCI优先；7.有过音视频开发经验者优先考虑；                                                                           职位联系方式                                                       公司名称：北京竞业达数字系统科技有限公司 公司地址：北京市海淀区北清路156号中关村环保科技示范园地锦路7号院9号楼竞业达大厦  传真： 公司主页：www.jyd.com.cn                                                          查看职位地图') ;
COMMIT;
INSERT INTO "User" ("Name","UserType","CreatedDatetime","UpdatedDatetime","Enabled")
                              VALUES ('582671720250013.htm',4,clock_timestamp(),clock_timestamp(),'t') ;
INSERT INTO "ZhilianUser" ("UserId","NickName","Type","Sex","City" ) VALUES(currval('"hero_reduce"."user_id_seq"'),'582671720250013.htm',0,'null','北京') ; INSERT INTO "JobPosition" ("UserId","Name","Address","Title","Salary","Description")
                          VALUES(currval('"hero_reduce"."user_id_seq"'),'582671720250013.htm','北京','高级软件工程师','','3年以上Linux/FreeBSD下开发工作经验。  精通C/C++语言，至少熟悉Perl/Python/Php等其中一种脚本语言。熟悉TCP/IP、HTTP协议通信，精通Socket编程。熟悉MySQL数据库。能够承受工作压力，对新技术有敏锐的洞察力。有如下工作经验之一者优先：· 高性能（万级并发）网络应用服务器（HTTP，FTP等）的实际开发经验，深入理解C10K所面临的挑战和应对方案。· nginx/lighttpd等服务器修改或模块开发经验。· memcached 等key/value解决方案的系统设计经验。· Hadoop海量数据计算经验。                                                                           职位联系方式                                                       公司名称：星云融创(北京)信息技术有限公司 公司地址：北京市海淀区大街3号顶好大厦A座10层  传真： 公司主页：www.anquanbao.com') ;
COMMIT;
INSERT INTO "User" ("Name","UserType","CreatedDatetime","UpdatedDatetime","Enabled")
                              VALUES ('139528986250840.htm',4,clock_timestamp(),clock_timestamp(),'t') ;
INSERT INTO "ZhilianUser" ("UserId","NickName","Type","Sex","City" ) VALUES(currval('"hero_reduce"."user_id_seq"'),'139528986250840.htm',0,'null','北京') ; INSERT INTO "JobPosition" ("UserId","Name","Address","Title","Salary","Description")
                          VALUES(currval('"hero_reduce"."user_id_seq"'),'139528986250840.htm','北京','系统工程师','','岗位职责：1、负责公司项目相关平台运行环境搭建;2、服务器的规划、监控，数据备份，日志分析，故障排除，性能调优等工作；3、相关平台日常维护，在线故障实施解决，问题分析，保证系统正常运行；4、研究运维相关技术，根据系统需求制定运维技术方案；5、相关运行数据的分析和总结；6、配合产品和技术人员沟通，解决相关问题。岗位要求：1、本科以上学历，计算机相关专业，2年以上linux运维相关经验，对主流的linux（Centos、Redhat、Solaris）有一定研究和理解；2、熟悉主流的交换机、路由器、防火墙等网络设备及其技术应用，熟悉DDN、ISDN、PSTN等专线接入技术；3、熟悉主流web配置，包括tomcat,apache，Jboss等；4、熟悉负载均衡技术，lvs+keepalive＋Heartbeat等集群技术；5、熟悉数据库的管理，PostgreSQL、MySQL、Oracle等，有实际Postgres管理、备份、集群经验者优先；6、熟练掌握Linux监控软件，如nagios，cacti，zabbix等，监控系统安全控制及技术防范；7、有分布式文件系统经验者优先；有NoSQL经验者优先；有较强的Shell编写者优先；8、良好的沟通能力，团队精神，文档编写能力，较强的客户服务意识，积极主动，吃苦耐劳， 高度的责任心及应急能力；福利：免费班车接送+免费自助工作餐+定期的team building +五险一金+丰富的员工关怀+带薪休假+年度健康体检                                                                            职位联系方式                                                      公司名称：北京天润融通科技有限公司公司地址：北京亦庄经济技术开发区地盛北街1号北工大软件园B区18号楼5层（北京云基地）公司主页：http://www.ti-net.com.cn') ;
COMMIT;
INSERT INTO "User" ("Name","UserType","CreatedDatetime","UpdatedDatetime","Enabled")
                              VALUES ('138070004250255.htm',4,clock_timestamp(),clock_timestamp(),'t') ;
INSERT INTO "ZhilianUser" ("UserId","NickName","Type","Sex","City" ) VALUES(currval('"hero_reduce"."user_id_seq"'),'138070004250255.htm',0,'null','北京-海淀区') ; INSERT INTO "JobPosition" ("UserId","Name","Address","Title","Salary","Description")
                          VALUES(currval('"hero_reduce"."user_id_seq"'),'138070004250255.htm','北京-海淀区','高级软件工程师','','岗位职责： 1、负责或参与模块相关的分析、设计和文档编写工作； 2、完成模块的代码编写和研发测试； 3、负责代码的维护和改进工作。任职要求： 1、计算机、通信相关专业本科以上学历；2、精通C或C++， 掌握常用的调试方法,2年以上相关工作经验；3、熟悉网络相关背景知识及开发技术； 4、具有良好的软件技术基础；5、具有工作责任心和良好的沟通表达能力及团队合作精神。                                                                            职位联系方式                                                       公司名称：北京东方网信科技股份有限公司 公司地址：北京市海淀区成府路270号中科科仪大厦1号楼3层 公司主页：http://www.net-east.com/                                                          查看职位地图') ;
COMMIT;
INSERT INTO "User" ("Name","UserType","CreatedDatetime","UpdatedDatetime","Enabled")
                              VALUES ('611008025250022.htm',4,clock_timestamp(),clock_timestamp(),'t') ;
INSERT INTO "ZhilianUser" ("UserId","NickName","Type","Sex","City" ) VALUES(currval('"hero_reduce"."user_id_seq"'),'611008025250022.htm',0,'null','北京-大兴区') ; INSERT INTO "JobPosition" ("UserId","Name","Address","Title","Salary","Description")
                          VALUES(currval('"hero_reduce"."user_id_seq"'),'611008025250022.htm','北京-大兴区','系统管理员','5000-10000','岗位职责：1. 负责公司内部网络及测试、生产服务器系统的日常维护、优化等工作（包括操作系统、网络方面）；2. 负责对现有系统、应用架构进行评审并给出合理规划；3. 协助用户解决系统运行过程中出现的问题；4. 负责对系统的应急故障处理及与系统或网络相关的辅助技术支持工作；5. 研究系统服务架构，实现性能优化，提高系统的健康度；7. 完成公司交待的其它临时性任务；任职资格：1.    计算机相关专业，专科及以上学历；2.    两年以上Linux相关工作经验，有Linux运维及智能PERL或SHELL脚本编写工作经验者优先；3.    工作态度端正，对服务器维护相关工作具有浓厚的兴趣；4.    熟悉TCP/IP和SNMP等网络协议和路由、交换机、防火墙等网络设备管理，熟悉综合布线，具有全面的网络安全知识；对系统漏洞、入侵检测、病毒防护、防火墙等有实践经验;5.    深入了解Linux系统及其远程维护，熟练使用grep、awk、sed、vi、iptables等系统工具，擅长批量处理文件和数据，至少擅长shell,python,perl,php,ruby其中一种；6.    熟悉MySQL或ORACLE等数据库的管理，及数据的日常自动备份；7.    熟悉nginx、tomcat、mysql或oracle等软件的安装、配置、维护、备份、优化等技巧；8.    熟练掌握一定的软硬件常见故障的解决方法； 9.    有良好的沟通，团队合作精神、客户意识，有强烈的进取心和钻研精神，善于学习新知识和新技术，有强烈的责任心和主人翁精神，能够承受压力，工作认真、仔细；                                                                            职位联系方式                                                      公司名称：北京瑞达利远投资管理有限公司公司地址：北京市大兴区亦庄经济开发区荣华南路亦城科技中心B座16层                                                          查看职位地图') ;
COMMIT;
INSERT INTO "User" ("Name","UserType","CreatedDatetime","UpdatedDatetime","Enabled")
                              VALUES ('121019921250898.htm',4,clock_timestamp(),clock_timestamp(),'t') ;
INSERT INTO "ZhilianUser" ("UserId","NickName","Type","Sex","City" ) VALUES(currval('"hero_reduce"."user_id_seq"'),'121019921250898.htm',0,'null','北京') ; INSERT INTO "JobPosition" ("UserId","Name","Address","Title","Salary","Description")
                          VALUES(currval('"hero_reduce"."user_id_seq"'),'121019921250898.htm','北京','系统工程师','','岗位职责： 1、负责linux系统的安装、配置及安全防护等相关工作；2、负责LAMP环境的搭建和linux系统下的数据备份等相关工作；3、完成上级领导指派的其它工作。 任职要求： 1、相关专业大专以上学历，至少1年以上大型企业系统管理维护经验； 2、熟悉LVS/Keeplive/Heartbeat等负载均衡软件，熟练掌握nagios/cacti等服务器监控工具；3、熟悉主流交换机，软硬件防火墙等设备的管理，具有Shell/PHP/Perl/Python任一语言开发经验者优先；4、有较强的英文文档阅读能力及工作文档写作能力；5、具有较强独立分析和解决问题能力，工作细致认真，有责任心。                                                                           职位联系方式                                                       公司名称：北京火星时代科技有限公司 公司地址：北京市海淀区杏石口路81号火星时代大厦  传真： 公司主页：http://www.hxsd.com                                                          查看职位地图') ;
COMMIT;
INSERT INTO "User" ("Name","UserType","CreatedDatetime","UpdatedDatetime","Enabled")
                              VALUES ('150965514250374.htm',4,clock_timestamp(),clock_timestamp(),'t') ;
INSERT INTO "ZhilianUser" ("UserId","NickName","Type","Sex","City" ) VALUES(currval('"hero_reduce"."user_id_seq"'),'150965514250374.htm',0,'null','北京') ; INSERT INTO "JobPosition" ("UserId","Name","Address","Title","Salary","Description")
                          VALUES(currval('"hero_reduce"."user_id_seq"'),'150965514250374.htm','北京','高级软件工程师','','岗位职责:    1）负责cdn调度服务的设计、研发工作；    2）与各团队沟通协作，理解产品需求，对代码缺陷进行分析修复；    3）编写项目开发各阶段的文档；任职资格:    1）熟练掌握C/C++语言，熟悉常用数据结构及算法；    2）熟悉TCP/IP协议，应用层的DNS或HTTP等协议；    3）熟悉Linux操作系统；熟练掌握网络编程、及常用网络协议的相关开发；熟练使用GCC,GDB等相关工具；    4）具有专研的精神、吃苦耐劳的精神和快速处理问题的能力；    5）具有团队意识；优先考虑：    1）熟悉shell、perl等脚本编程；    2）有大并发、高性能后台服务器的开发经验；    3）有项目的分析或设计经验；    4）熟悉boost库的使用；    5）熟悉cdn业务；    6）具有mysql等数据库应用编程的经验；    8）具有互联网思维；                                                                           职位联系方式                                                       公司名称：北京快网科技有限公司 公司地址：北京市朝阳区四惠东惠河南街1008－B四惠国际大厦2层2029室。（通惠河路南）  传真：85867657转2261 公司主页：www.fastweb.com.cn') ;
COMMIT;
INSERT INTO "User" ("Name","UserType","CreatedDatetime","UpdatedDatetime","Enabled")
                              VALUES ('150965514250376.htm',4,clock_timestamp(),clock_timestamp(),'t') ;
INSERT INTO "ZhilianUser" ("UserId","NickName","Type","Sex","City" ) VALUES(currval('"hero_reduce"."user_id_seq"'),'150965514250376.htm',0,'null','北京') ; INSERT INTO "JobPosition" ("UserId","Name","Address","Title","Salary","Description")
                          VALUES(currval('"hero_reduce"."user_id_seq"'),'150965514250376.htm','北京','高级软件工程师','','1）熟练掌握C/C++语言，有linux平台程序开发经验。    2）熟悉TCP/IP，DNS，HTTP协议，掌握linux网络编程以及常用网络协议开发。    3）熟悉常用网络开发模型，有高性能server程序相关开发经验。    4）具备团队合作精神，积极的工作态度和较强的责任心，良好的沟通和学习能力。    5）本科以上学历，2年以上linux平台开发经验.                                                                           职位联系方式                                                       公司名称：北京快网科技有限公司 公司地址：北京市朝阳区四惠东惠河南街1008－B四惠国际大厦2层2029室。（通惠河路南）  传真：85867657转2261 公司主页：www.fastweb.com.cn') ;
COMMIT;
INSERT INTO "User" ("Name","UserType","CreatedDatetime","UpdatedDatetime","Enabled")
                              VALUES ('120501159250048.htm',4,clock_timestamp(),clock_timestamp(),'t') ;
INSERT INTO "ZhilianUser" ("UserId","NickName","Type","Sex","City" ) VALUES(currval('"hero_reduce"."user_id_seq"'),'120501159250048.htm',0,'null','北京-海淀区') ; INSERT INTO "JobPosition" ("UserId","Name","Address","Title","Salary","Description")
                          VALUES(currval('"hero_reduce"."user_id_seq"'),'120501159250048.htm','北京-海淀区','高级软件工程师','5000-10000','基本要求：   1) 有良好生活习惯。   2) 有很强吃苦耐劳的敬业精神。   3) 有很强的学习能力与钻研精神。   4) 有很强解决问题的能力。   5) 有良好的团队与协作精神。 工作要求：   1) 计算机、电子、通信、自动化、软件工程等相关专业毕业，本科及以上学历，2年以上工作经验；   2) 精通C语言。   3）精通Linux/Unix应用编程。   4) 有嵌入式产品相关调试经验。   5) 有基本英文的读写能力。 工作内容：   1）工业物联网智能感知、网络数传、检测监控产品设备和系统应用开发。   2）参与系统设计，承担主程或辅程工作。 工作待遇：   1）岗位工资范围：5k~10k   2）保险福利：五险一金，法定节假日和带薪假，年奖和项目奖。                                                                           职位联系方式                                                       公司名称：北京电通纬创电子技术有限公司 公司地址：北京市海淀区安宁庄西路9号院29号楼金泰富地大厦12层  传真： 010-80720259 公司主页：http://www.dt-com.cn                                                          查看职位地图') ;
COMMIT;
INSERT INTO "User" ("Name","UserType","CreatedDatetime","UpdatedDatetime","Enabled")
                              VALUES ('120501159250065.htm',4,clock_timestamp(),clock_timestamp(),'t') ;
INSERT INTO "ZhilianUser" ("UserId","NickName","Type","Sex","City" ) VALUES(currval('"hero_reduce"."user_id_seq"'),'120501159250065.htm',0,'null','北京-海淀区') ; INSERT INTO "JobPosition" ("UserId","Name","Address","Title","Salary","Description")
                          VALUES(currval('"hero_reduce"."user_id_seq"'),'120501159250065.htm','北京-海淀区','软件工程师','5000-10000','基本要求：   1) 有良好生活习惯。   2) 有很强吃苦耐劳的敬业精神。   3) 有很强的学习能力与钻研精神。   4) 有很强解决问题的能力。   5) 有良好的团队与协作精神。 工作要求：   1、熟练掌握java语言，从事j2ee方向 至少 3年以上。   2、熟悉SSH（struts 、spring、haibernet）框架，特别熟悉Spring。   3、熟练掌握前端javascript语言、熟练html+CSS语言   4、熟悉Oracle、mysql等数据库，熟练掌握SQL标准语言。   5、熟悉Linux系统   6、熟悉Tomcat、Weblogic等中间件。   5、写过软件需求说明书、软件规格说明书、具有良好的设计，至少单独设计过模块功能设计、数据库设计，熟练掌握UML建模语言。 工作待遇：   1）岗位工资范围：5k~10k   2）保险福利：五险一金，法定节假日和带薪假，年奖和项目奖。                                                                           职位联系方式                                                       公司名称：北京电通纬创电子技术有限公司 公司地址：北京市海淀区安宁庄西路9号院29号楼金泰富地大厦12层  传真：0 010-80720259 公司主页：http://www.dt-com.cn                                                          查看职位地图') ;
COMMIT;
INSERT INTO "User" ("Name","UserType","CreatedDatetime","UpdatedDatetime","Enabled")
                              VALUES ('120501159250062.htm',4,clock_timestamp(),clock_timestamp(),'t') ;
INSERT INTO "ZhilianUser" ("UserId","NickName","Type","Sex","City" ) VALUES(currval('"hero_reduce"."user_id_seq"'),'120501159250062.htm',0,'null','北京-海淀区') ; INSERT INTO "JobPosition" ("UserId","Name","Address","Title","Salary","Description")
                          VALUES(currval('"hero_reduce"."user_id_seq"'),'120501159250062.htm','北京-海淀区','移动互联网开发','5000-10000','基本要求：   1) 有良好生活习惯。   2) 有很强吃苦耐劳的敬业精神。   3) 有很强的学习能力与钻研精神。   4) 有很强解决问题的能力。   5) 有良好的团队与协作精神。 工作要求：   1) 计算机、电子、通信等相关专业毕业，本科及以上学历，2年以上工作经验；   2) 精通网络基本知识，熟悉TCP/IP协议，socket编程，有开发经验；   3) 熟悉HTTP协议优先；   4) 精通C/C++编程语言，熟悉Linux编程；   5）熟悉shell或其他脚本语言；工作内容：   1）工业物联网智能感知、网络数传、检测监控产品设备和系统应用开发。   2）参与系统设计，承担主程或辅程工作。 工作待遇：   1）岗位工资范围：5k~10k   2）保险福利：五险一金，法定节假日和带薪假，年奖和项目奖。                                                                           职位联系方式                                                       公司名称：北京电通纬创电子技术有限公司 公司地址：北京市海淀区安宁庄西路9号院29号楼金泰富地大厦12层  传真：010-80720259 公司主页：http://www.dt-com.cn                                                          查看职位地图') ;
COMMIT;
INSERT INTO "User" ("Name","UserType","CreatedDatetime","UpdatedDatetime","Enabled")
                              VALUES ('467717611252159.htm',4,clock_timestamp(),clock_timestamp(),'t') ;
INSERT INTO "ZhilianUser" ("UserId","NickName","Type","Sex","City" ) VALUES(currval('"hero_reduce"."user_id_seq"'),'467717611252159.htm',0,'null','北京') ; INSERT INTO "JobPosition" ("UserId","Name","Address","Title","Salary","Description")
                          VALUES(currval('"hero_reduce"."user_id_seq"'),'467717611252159.htm','北京','其他','','工作职责：1.基于LAMP云平台Web环境的改进和优化；2.分析和排查线上Web环境的各种问题；3.开发和维护Apache、Nginx、PHP等各种Web服务。职位要求：1.精通Linux C/C++；2.具有良好的沟通，分析问题和解决问题的能力；3.具有高性能网路服务器设计和开发经验；4.熟悉Apache、Nginx、PHP、Lua等一种或多种开源项目，具有编写模块和改进源码的能力；5.熟练使用Linux跟踪、调试工具进行线上问题的分析与排查；6.计算机相关专业毕业，3年以上工作经验；7.具有丰富数据结构和算法知识者优先；8.开源社区成员优先。                                                                            职位联系方式                                                      公司名称：北京奇虎科技有限公司公司地址：电子城国际电子总部 北京市朝阳区酒仙桥路6号院（电子城•国际电子总部）传真：公司主页：http://www.360.cn                                                          查看职位地图') ;
COMMIT;
INSERT INTO "User" ("Name","UserType","CreatedDatetime","UpdatedDatetime","Enabled")
                              VALUES ('423749612250516.htm',4,clock_timestamp(),clock_timestamp(),'t') ;
INSERT INTO "ZhilianUser" ("UserId","NickName","Type","Sex","City" ) VALUES(currval('"hero_reduce"."user_id_seq"'),'423749612250516.htm',0,'null','北京-石景山区') ; INSERT INTO "JobPosition" ("UserId","Name","Address","Title","Salary","Description")
                          VALUES(currval('"hero_reduce"."user_id_seq"'),'423749612250516.htm','北京-石景山区','系统工程师','8000-15000','岗位职责：1. Linux 服务器的部署和运维；2. 负责CDN网络节点的新建、调优和改造工作；3. 负责公司业务平台系统的维护、监控等工作。岗位要求：1. 精通Linux操作系统，对Nginx、Squid、varnish精通其中一种，具有配置、维护、优化经验；2. 熟悉HAproxy、LVS、等负载均衡的配置、应用、管理；3. 精通Linux优化，熟悉Shell、perl、python其中一种；3. 了解网络相关原理，熟悉TCP/IP协议，HTTP协议 ，了解DNS技术；4. 热爱开源软件和Linux操作系统，有较好的文档输出习惯；5. 思维敏捷善于交流，有较强的学习能力；6. 具备良好的系统故障排除能力；7. 计算机应用、计算机网络或相关专业，大专以上学历，有CDN维护研发经验的可以优先                                                                             职位联系方式                                                      公司名称：玲珑视界科技(北京)有限公司公司地址：北京市石景山区鲁谷路35号冠辉国际大厦4层 传真：公司主页：www.itv.com.cn                                                          查看职位地图') ;
COMMIT;
INSERT INTO "User" ("Name","UserType","CreatedDatetime","UpdatedDatetime","Enabled")
                              VALUES ('636077723250036.htm',4,clock_timestamp(),clock_timestamp(),'t') ;
INSERT INTO "ZhilianUser" ("UserId","NickName","Type","Sex","City" ) VALUES(currval('"hero_reduce"."user_id_seq"'),'636077723250036.htm',0,'null','北京') ; INSERT INTO "JobPosition" ("UserId","Name","Address","Title","Salary","Description")
                          VALUES(currval('"hero_reduce"."user_id_seq"'),'636077723250036.htm','北京','软件研发工程师','8000-15000','1.大学本科以上学历，计算机或相关专业；  2.精通C或C++编程，2年以上C/C++开发经验，熟悉Linux系统上的软件开发环境及工具；  3. 英文CET4以上，能看懂英文文档; 4. 独立工作能力强，自学能力强，极强的责任心，肯专研，能吃苦；    5. 有华为、中兴、UT斯达康等通信背景优先考虑。 注：此岗位工作地点在杭州，不能来杭者勿扰。 请勿重复投递！                                                                            职位联系方式                                                      公司名称：杭州禧颂科技有限公司 公司地址：杭州市下城区费家塘路588号4幢424室 电话：0571-86166923 手机：15158818213   联系人：吴小姐') ;
COMMIT;
INSERT INTO "User" ("Name","UserType","CreatedDatetime","UpdatedDatetime","Enabled")
                              VALUES ('147164943250601.htm',4,clock_timestamp(),clock_timestamp(),'t') ;
INSERT INTO "ZhilianUser" ("UserId","NickName","Type","Sex","City" ) VALUES(currval('"hero_reduce"."user_id_seq"'),'147164943250601.htm',0,'null','北京-海淀区') ; INSERT INTO "JobPosition" ("UserId","Name","Address","Title","Salary","Description")
                          VALUES(currval('"hero_reduce"."user_id_seq"'),'147164943250601.htm','北京-海淀区','系统工程师','','职位描述： 1.负责Linux生产环境服务器的配置，维护，故障排除等; 2.监控系统的搭建及维护，结合实际的生产环境进行监控; 3.保障服务器与数据库安全，检查并消除安全漏洞; 4.数据备份、数据监控、应急响应、故障排除、编写数据分析报告等; 5.推进日常运维工作的自动化，提高工作效率，规范操作流程; 6.负责突发事件处理，问题跟踪与管理，保障系统24×7稳定运行; 7.按公司相关流程进行日常技术运维; 任职资格： 1.计算机或者相关专业，3年以上工作经验； 2.熟悉linux或者unix，了解网络基本技术知识，熟悉TCP/IP工作原理；shell； 3.熟悉web相关技术； 4.熟悉ruby 或 python。 5.具有较强的故障定位和排错能力，有运维意识；6.具有良好的文档写作能力，沟通协调能力、学习能力、团队精神和服务意识。                                                                            职位联系方式                                                       公司名称：北京简单科技有限公司(简单学习网) 公司地址：北京市海淀区上地东路1号盈创动力大厦E 座502B  传真：010-58858335 公司主页：www.jiandan100.cn') ;
COMMIT;
INSERT INTO "User" ("Name","UserType","CreatedDatetime","UpdatedDatetime","Enabled")
                              VALUES ('147164943250602.htm',4,clock_timestamp(),clock_timestamp(),'t') ;
INSERT INTO "ZhilianUser" ("UserId","NickName","Type","Sex","City" ) VALUES(currval('"hero_reduce"."user_id_seq"'),'147164943250602.htm',0,'null','北京-海淀区') ; INSERT INTO "JobPosition" ("UserId","Name","Address","Title","Salary","Description")
                          VALUES(currval('"hero_reduce"."user_id_seq"'),'147164943250602.htm','北京-海淀区','系统工程师','','职位描述： 1.负责Linux生产环境服务器的配置，维护，故障排除等; 2.监控系统的搭建及维护，结合实际的生产环境进行监控; 3.保障服务器与数据库安全，检查并消除安全漏洞; 4.数据备份、数据监控、应急响应、故障排除、编写数据分析报告等; 5.推进日常运维工作的自动化，提高工作效率，规范操作流程; 6.负责突发事件处理，问题跟踪与管理，保障系统24×7稳定运行; 7.按公司相关流程进行日常技术运维; 任职资格： 1.计算机或者相关专业，3年以上工作经验； 2.熟悉linux或者unix，了解网络基本技术知识，熟悉TCP/IP工作原理；shell； 3.熟悉web相关技术； 4.熟悉ruby 或 python。 5.具有较强的故障定位和排错能力，有运维意识；6.具有良好的文档写作能力，沟通协调能力、学习能力、团队精神和服务意识。                                                                            职位联系方式                                                       公司名称：北京简单科技有限公司(简单学习网) 公司地址：北京市海淀区上地东路1号盈创动力大厦E 座502B  传真：010-58858335 公司主页：www.jiandan100.cn') ;
COMMIT;
INSERT INTO "User" ("Name","UserType","CreatedDatetime","UpdatedDatetime","Enabled")
                              VALUES ('242542912250054.htm',4,clock_timestamp(),clock_timestamp(),'t') ;
INSERT INTO "ZhilianUser" ("UserId","NickName","Type","Sex","City" ) VALUES(currval('"hero_reduce"."user_id_seq"'),'242542912250054.htm',0,'null','北京-丰台区') ; INSERT INTO "JobPosition" ("UserId","Name","Address","Title","Salary","Description")
                          VALUES(currval('"hero_reduce"."user_id_seq"'),'242542912250054.htm','北京-丰台区','高级软件工程师','','职位要求：1. 大学本科及以上学历，计算机或相关专业，有扎实的软件基础知识；2. 硕士学历1年以上相关开发经验、或者本科学历3年以上相关开发经验；3. 熟悉C语言；有Linux平台开发经验，有内核开发经验优先；4. 熟悉TCP/IP网络知识，有网络设备产品开发经验优先；5. 有网络设备产品开发经验优先；6. 良好健壮的代码风格，以及调试经验；7. 熟悉常用数据结构及算法；8. 熟悉操作系统原理。工作内容：这个项目组是我公司的一项新业务，涉及的产品是一系列网关产品。工作内容是对DPI、QoS、链路均衡、 vpn、流控等功能的开发。                                                                            职位联系方式                                                      公司地址：北京市丰台区南三环西路16号搜宝商务中心2号楼716乘车路线：四号线地铁马家堡站下，A口出来向北走，首地大峡谷东侧电话：010-87562651联系人：陈小姐') ;
COMMIT;
INSERT INTO "User" ("Name","UserType","CreatedDatetime","UpdatedDatetime","Enabled")
                              VALUES ('199554114250064.htm',4,clock_timestamp(),clock_timestamp(),'t') ;
INSERT INTO "ZhilianUser" ("UserId","NickName","Type","Sex","City" ) VALUES(currval('"hero_reduce"."user_id_seq"'),'199554114250064.htm',0,'null','北京') ; INSERT INTO "JobPosition" ("UserId","Name","Address","Title","Salary","Description")
                          VALUES(currval('"hero_reduce"."user_id_seq"'),'199554114250064.htm','北京','软件工程师','','工作内容：   1、软件的程序设计与代码编写；2、有关技术方案、产品文档的编写 ，软件单元的测试；3、根据产品具体要求，承担开发任务，按计划完成任务目标；4、参与系统需求调研、需求分析；5、协助测试人员完成软件系统及模块的测试。；6、改进完善软件功能、性能，对软件界面美化；7、协助相关应用软件的安装调试工作。   任职资格：   1、熟悉QT开发，熟悉Linux环境编程。2、C基础扎实4、1年工作经验。3、了解电力通信规约比如modbus，IEC104优先额。                                                                            职位联系方式                                                       公司名称：北京国能日新系统控制技术有限公司 公司地址：北京市北京市朝阳区科荟前街1号院奥林佳泰大厦8层  电    话：010-59235900 公司主页：http://www.sprixin.com                                                          查看职位地图') ;
COMMIT;
INSERT INTO "User" ("Name","UserType","CreatedDatetime","UpdatedDatetime","Enabled")
                              VALUES ('209732211257216.htm',4,clock_timestamp(),clock_timestamp(),'t') ;
INSERT INTO "ZhilianUser" ("UserId","NickName","Type","Sex","City" ) VALUES(currval('"hero_reduce"."user_id_seq"'),'209732211257216.htm',0,'null','北京') ; INSERT INTO "JobPosition" ("UserId","Name","Address","Title","Salary","Description")
                          VALUES(currval('"hero_reduce"."user_id_seq"'),'209732211257216.htm','北京','IT技术支持/维护工程师','3000-5000','任职要求：  1. 熟练使用linux系统，简单SHELL脚本编写；2. 熟练操作oracle数据库、熟练掌握SQL语句；3. 具备局域网组网、建设能力，熟练掌握常用调试工具； 4. 熟悉网络环境，排除网络、服务器故障，处理路由问题； 5. 了解呼叫中心系统，有运维工作经验。                                                                           职位联系方式                                                       公司名称：北京荣新广育科技有限公司 公司地址：北京市海淀区中关村南大街甲56号方圆大厦  传真：010-68359635 公司主页：http://www.en-vfast.com/                                                          查看职位地图') ;
COMMIT;
INSERT INTO "User" ("Name","UserType","CreatedDatetime","UpdatedDatetime","Enabled")
                              VALUES ('359586012260199.htm',4,clock_timestamp(),clock_timestamp(),'t') ;
INSERT INTO "ZhilianUser" ("UserId","NickName","Type","Sex","City" ) VALUES(currval('"hero_reduce"."user_id_seq"'),'359586012260199.htm',0,'null','北京') ; INSERT INTO "JobPosition" ("UserId","Name","Address","Title","Salary","Description")
                          VALUES(currval('"hero_reduce"."user_id_seq"'),'359586012260199.htm','北京','培训师/讲师','15001-25000','职位描述:岗位职责：1、研发和完善Linux运维实战课程；2、按照教学大纲高质量完成日常授课任务；3、根据销售渠道的招生需要，高质量完成短期实训的授课任务；4、配合市场需要，高质量完成技术讲座的授课任务；5、积极参与部门内训，保持技术先进性；6、配合教研员完成相关的教学资料（实训大纲、教学PPT、教学用书、教学案例等）的研发工作。任职条件：　1、计算机相关专业本科以上学历。2、三年以上Linux运维实战经验，一年以上授课经验。3、精通Linux相关操作，熟练配置DNS、Apache、Mysql、Nginx、Tomcat、Postfix、SVN、LVS、Keepalived、ISCSI、Kickstart、VPN等服务器；4、精通Nagios、Cacti、Ganglia、Zabbix等监控软件的使用5、精通Shell，Python6、精通Mysql，熟悉mysqldump等备份恢复，熟悉MySQL复制7、有从事过linux讲师相关培训经验者，具有RHCE/RHCA相关认证证书先考虑。　                                                                            职位联系方式                                                      公司名称：加拿大达内IT培训集团公司地址：北京市海淀区北三环西路甲18号中鼎大厦B座7层 传真：62110873公司主页：www.tarena.com.cn') ;
COMMIT;
INSERT INTO "User" ("Name","UserType","CreatedDatetime","UpdatedDatetime","Enabled")
                              VALUES ('359586012260198.htm',4,clock_timestamp(),clock_timestamp(),'t') ;
INSERT INTO "ZhilianUser" ("UserId","NickName","Type","Sex","City" ) VALUES(currval('"hero_reduce"."user_id_seq"'),'359586012260198.htm',0,'null','北京') ; INSERT INTO "JobPosition" ("UserId","Name","Address","Title","Salary","Description")
                          VALUES(currval('"hero_reduce"."user_id_seq"'),'359586012260198.htm','北京','培训师/讲师','','职位描述:岗位职责：1、研发和完善Linux运维实战课程；2、按照教学大纲高质量完成日常授课任务；3、根据销售渠道的招生需要，高质量完成短期实训的授课任务；4、配合市场需要，高质量完成技术讲座的授课任务；5、积极参与部门内训，保持技术先进性；6、配合教研员完成相关的教学资料（实训大纲、教学PPT、教学用书、教学案例等）的研发工作。任职条件：　1、计算机相关专业本科以上学历。2、三年以上Linux运维实战经验，一年以上授课经验。3、精通Linux相关操作，熟练配置DNS、Apache、Mysql、Nginx、Tomcat、Postfix、SVN、LVS、Keepalived、ISCSI、Kickstart、VPN等服务器；4、精通Nagios、Cacti、Ganglia、Zabbix等监控软件的使用5、精通Shell，Python6、精通Mysql，熟悉mysqldump等备份恢复，熟悉MySQL复制7、有从事过linux讲师相关培训经验者，具有RHCE/RHCA相关认证证书先考虑。　                                                                            职位联系方式                                                      公司名称：加拿大达内IT培训集团公司地址：北京市海淀区北三环西路甲18号中鼎大厦B座7层 传真：62110873公司主页：www.tarena.com.cn') ;
COMMIT;
INSERT INTO "User" ("Name","UserType","CreatedDatetime","UpdatedDatetime","Enabled")
                              VALUES ('681257125250011.htm',4,clock_timestamp(),clock_timestamp(),'t') ;
INSERT INTO "ZhilianUser" ("UserId","NickName","Type","Sex","City" ) VALUES(currval('"hero_reduce"."user_id_seq"'),'681257125250011.htm',0,'null','北京-朝阳区') ; INSERT INTO "JobPosition" ("UserId","Name","Address","Title","Salary","Description")
                          VALUES(currval('"hero_reduce"."user_id_seq"'),'681257125250011.htm','北京-朝阳区','网络运营管理','10001-15000','【工作职责】管理服务器，保障服务器的稳定性和安全性管理和配置软硬件的监控开发运维平台系统研究服务架构，实施架构优化 【职位要求】1年以上基于Linux的网站运维经验有2年以上使用Linux做主力桌面系统经验对Linux系统和开源技术有强烈的兴趣和爱好熟练掌握bash有强烈的责任感，强大的抗压能力有良好的团队合作精神，有责任感，有良好的沟通能力，主动性强 【优先条件】有多IDC架构运维经验者曾经直接向开源项目报告过bug或者贡献过patch者                                                                            职位联系方式                                                      公司名称：北京代代发在线投资有限公司公司地址：北京朝阳区三环以内胜古南里甲34号中国林木种子公司3楼联系电话： 13021987753 （刘经理）') ;
COMMIT;
INSERT INTO "User" ("Name","UserType","CreatedDatetime","UpdatedDatetime","Enabled")
                              VALUES ('209732211256319.htm',4,clock_timestamp(),clock_timestamp(),'t') ;
INSERT INTO "ZhilianUser" ("UserId","NickName","Type","Sex","City" ) VALUES(currval('"hero_reduce"."user_id_seq"'),'209732211256319.htm',0,'null','北京') ; INSERT INTO "JobPosition" ("UserId","Name","Address","Title","Salary","Description")
                          VALUES(currval('"hero_reduce"."user_id_seq"'),'209732211256319.htm','北京','IT技术支持/维护工程师','3000-5000','任职要求：  1. 熟练使用linux系统，简单SHELL脚本编写；2. 熟练操作oracle数据库、熟练掌握SQL语句；3. 具备局域网组网、建设能力，熟练掌握常用调试工具； 4. 熟悉网络环境，排除网络、服务器故障，处理路由问题； 5. 了解呼叫中心系统，有运维工作经验。                                                                           职位联系方式                                                       公司名称：北京荣新广育科技有限公司 公司地址：北京市海淀区中关村南大街甲56号方圆大厦  传真：010-68359635 公司主页：http://www.en-vfast.com/                                                          查看职位地图') ;
COMMIT;
INSERT INTO "User" ("Name","UserType","CreatedDatetime","UpdatedDatetime","Enabled")
                              VALUES ('120535348252179.htm',4,clock_timestamp(),clock_timestamp(),'t') ;
INSERT INTO "ZhilianUser" ("UserId","NickName","Type","Sex","City" ) VALUES(currval('"hero_reduce"."user_id_seq"'),'120535348252179.htm',0,'null','北京') ; INSERT INTO "JobPosition" ("UserId","Name","Address","Title","Salary","Description")
                          VALUES(currval('"hero_reduce"."user_id_seq"'),'120535348252179.htm','北京','软件工程师','8001-10000','职位要求：1.本科及以上学历；2.3年及以上开发经验；3.有网络编程经验、熟悉TCP/IP网络协议、多线程、多进程4.有MFC开发经验的优先。5.熟悉进程间通讯优先。 薪酬8-10K。工作地点：北京 2号线  长椿街站。                                                                           职位联系方式                                                       公司名称：北京联想利泰软件有限公司 公司地址：北京市海淀区上地信息产业基地开拓路7号先锋大厦  传真：62975824 公司主页：http://www.litsoft.com.cn') ;
COMMIT;
INSERT INTO "User" ("Name","UserType","CreatedDatetime","UpdatedDatetime","Enabled")
                              VALUES ('209732211263466.htm',4,clock_timestamp(),clock_timestamp(),'t') ;
INSERT INTO "ZhilianUser" ("UserId","NickName","Type","Sex","City" ) VALUES(currval('"hero_reduce"."user_id_seq"'),'209732211263466.htm',0,'null','北京') ; INSERT INTO "JobPosition" ("UserId","Name","Address","Title","Salary","Description")
                          VALUES(currval('"hero_reduce"."user_id_seq"'),'209732211263466.htm','北京','职业技术教师','','1、热爱教育事业，有高度的责任心，语言表达能力强 ； 2、熟悉LINUX下的监控软件的使用，如MRTG、CACTI、NAGIOS；3、具备LINUX下面编写简单脚本的能力； 4、了解局域网和广域网的通信原理,熟悉TCP/IP协议；5、精通各种路由协议原理（RIP，OSPF，EIGRP，ISIS，BGP，PIM）；精通局域网交换技术（STP/RSTP/MST/SPAN/RPAN/Port-Channel/Switch Security）;精通MPLS/NAT等技术； 6、有经验者优先。                                                                           职位联系方式                                                       公司名称：北京荣新广育科技有限公司 公司地址：北京市海淀区中关村南大街甲56号方圆大厦写字楼506  传真：010-68359635 公司主页：http://www.vfast.com.cn/vfast2013/') ;
COMMIT;
INSERT INTO "User" ("Name","UserType","CreatedDatetime","UpdatedDatetime","Enabled")
                              VALUES ('148106168251168.htm',4,clock_timestamp(),clock_timestamp(),'t') ;
INSERT INTO "ZhilianUser" ("UserId","NickName","Type","Sex","City" ) VALUES(currval('"hero_reduce"."user_id_seq"'),'148106168251168.htm',0,'null','北京') ; INSERT INTO "JobPosition" ("UserId","Name","Address","Title","Salary","Description")
                          VALUES(currval('"hero_reduce"."user_id_seq"'),'148106168251168.htm','北京','系统工程师','','岗位职责：  1.负责系统及服务器的上线、日常运维、优化等工作；  2.负责处理系统方面日常变更、控制突发情况，对疑难问题进行分析并解决；  3.负责服务器系统、应用调整和优化，提高操作效率，增强系统可用性；  4.负责服务器及设备的安装、调试、维护、监控、备份等日常工作;  5.各类故障和事务的应急响应和技术支持。     岗位要求：  1.计算机相关专业本科以上学历，有2年以上Linux工作经验；熟练使用RHEL\SLES；  2.熟悉主流PC SERVER 如 IBM DELL HP；  3.精通Linux操作系统的安装配置、维护管理、故障排查、性能优化等，熟悉常用Linux服务和应用如postfix\apache\tomcat\cacti\nagios\lvm\iptables等  4.精通shell脚本语言，可以独立编写脚本，有独立开发脚本经验的优先；  5.熟悉主流中低端存储如IBM、HDS、EMC、光纤交换机、多路径软件的安装配置、维护管理与故障排查。                                                                            职位联系方式                                                      公司名称：北京中亦安图科技股份有限公司公司地址：北京市西城区百万庄大街11号粮科大厦3层 传真：公司主页：www.ce-service.com.cn') ;
COMMIT;
INSERT INTO "User" ("Name","UserType","CreatedDatetime","UpdatedDatetime","Enabled")
                              VALUES ('182661524250137.htm',4,clock_timestamp(),clock_timestamp(),'t') ;
INSERT INTO "ZhilianUser" ("UserId","NickName","Type","Sex","City" ) VALUES(currval('"hero_reduce"."user_id_seq"'),'182661524250137.htm',0,'null','北京-朝阳区') ; INSERT INTO "JobPosition" ("UserId","Name","Address","Title","Salary","Description")
                          VALUES(currval('"hero_reduce"."user_id_seq"'),'182661524250137.htm','北京-朝阳区','高级软件工程师','','职位要求：1、3-5年以上Linux C/C++开发经验，熟悉面向对象程序设计，精通C/C++语言编程，良好的C/C++功底；2、熟练使用Linux上的开发工具，熟悉Linux基本操作；3、熟悉网络编程，熟练运用socket、RPC 等API编程；4、熟悉TCP/IP，UDP，RTP，SNMP等网络协议，熟悉Socket，对多线程技术有深入的理解及应用 ；5、具有较强的技术文档编写能力，有良好的团队协作能力和沟通能力；6、有过设计、开发到项目结束的完整项目的经验；7、主动性强、能够承受较大的工作压力，勇于面对困难和接受挑战；8、熟悉 ffmpeg 库；9、熟悉 rtmplib 库；10、有音视频编解码开发经验优先。                                                                            职位联系方式                                                      公司名称：北京易通明锐科技有限公司公司地址：北京市朝阳区酒仙桥十街坊3号院 传真：公司主页：www.bjetmr.com') ;
COMMIT;
INSERT INTO "User" ("Name","UserType","CreatedDatetime","UpdatedDatetime","Enabled")
                              VALUES ('131149103250438.htm',4,clock_timestamp(),clock_timestamp(),'t') ;
INSERT INTO "ZhilianUser" ("UserId","NickName","Type","Sex","City" ) VALUES(currval('"hero_reduce"."user_id_seq"'),'131149103250438.htm',0,'null','北京-朝阳区') ; INSERT INTO "JobPosition" ("UserId","Name","Address","Title","Salary","Description")
                          VALUES(currval('"hero_reduce"."user_id_seq"'),'131149103250438.htm','北京-朝阳区','高级软件工程师','','任职要求： 1.年龄27岁以上，本科5年以上开发经验，或硕士1年以上开发经验 2.熟悉Linux开发,熟悉Linux shell编程。 3.熟悉多进程和多线程架构的程序设计和开发。 4.熟悉Linux网络服务器程序设计和开发,有网络服务器程序性能优化经验,有底层驱动，应用层协议开发经验。 5.有相关linux嵌入式开发经验，TI达芬奇系列产品优先。                                                                           职位联系方式                                                       公司名称：北京博瑞凯诚科技发展有限公司 公司地址：北京市朝阳区八里庄西里97号住邦2000商务中心4号楼609室 电    话：010-85860650 传真：010-85860650-8014 公司主页：http://www.boruikaicheng.com                                                          查看职位地图') ;
COMMIT;
INSERT INTO "User" ("Name","UserType","CreatedDatetime","UpdatedDatetime","Enabled")
                              VALUES ('209732211263504.htm',4,clock_timestamp(),clock_timestamp(),'t') ;
INSERT INTO "ZhilianUser" ("UserId","NickName","Type","Sex","City" ) VALUES(currval('"hero_reduce"."user_id_seq"'),'209732211263504.htm',0,'null','北京') ; INSERT INTO "JobPosition" ("UserId","Name","Address","Title","Salary","Description")
                          VALUES(currval('"hero_reduce"."user_id_seq"'),'209732211263504.htm','北京','IT技术支持/维护工程师','3000-5000','任职要求：  1. 熟练使用linux系统，简单SHELL脚本编写；2. 熟练操作oracle数据库、熟练掌握SQL语句；3. 具备局域网组网、建设能力，熟练掌握常用调试工具； 4. 熟悉网络环境，排除网络、服务器故障，处理路由问题； 5. 了解呼叫中心系统，有运维工作经验。                                                                           职位联系方式                                                       公司名称：北京荣新广育科技有限公司 公司地址：北京市海淀区中关村南大街甲56号方圆大厦  传真：010-68359635 公司主页：http://www.en-vfast.com/                                                          查看职位地图') ;
COMMIT;
INSERT INTO "User" ("Name","UserType","CreatedDatetime","UpdatedDatetime","Enabled")
                              VALUES ('451974515250162.htm',4,clock_timestamp(),clock_timestamp(),'t') ;
INSERT INTO "ZhilianUser" ("UserId","NickName","Type","Sex","City" ) VALUES(currval('"hero_reduce"."user_id_seq"'),'451974515250162.htm',0,'null','北京') ; INSERT INTO "JobPosition" ("UserId","Name","Address","Title","Salary","Description")
                          VALUES(currval('"hero_reduce"."user_id_seq"'),'451974515250162.htm','北京','嵌入式软件开发','','1、3年以上相关开发经验。 2、精通C/C++语言，熟悉ARM架构，熟悉嵌入式Linux操作系统。 3、熟悉各种总线协议，如UART,SPI,IIC,IIS,USB等。 4、熟悉嵌入式Linux系统移植及其驱动开发。 5、具有独立工作的能力，踏实的工作态度，良好的沟通能力及团队协作精神。 6、能熟练读写英文文档。 7、了解或熟悉FPGA及Altera器件的优先。                                                                           职位联系方式                                                       公司名称：深圳市英蓓特科技有限公司 公司地址：深圳市南山区桃源街道留仙大道1183号南山云谷创新产业山水楼4楼B  传真：0755-25616057 公司主页：www.embest-tech.com                                                          查看职位地图') ;
COMMIT;
INSERT INTO "User" ("Name","UserType","CreatedDatetime","UpdatedDatetime","Enabled")
                              VALUES ('138717949251388.htm',4,clock_timestamp(),clock_timestamp(),'t') ;
INSERT INTO "ZhilianUser" ("UserId","NickName","Type","Sex","City" ) VALUES(currval('"hero_reduce"."user_id_seq"'),'138717949251388.htm',0,'null','北京-西城区') ; INSERT INTO "JobPosition" ("UserId","Name","Address","Title","Salary","Description")
                          VALUES(currval('"hero_reduce"."user_id_seq"'),'138717949251388.htm','北京-西城区','软件研发工程师','','主要职责1、负责Linux内核模块设计开发;2、负责已有内核模块性能优化;3、负责TCP/IP协议栈算法设计优化;任职要求1、计算机相关专业本科以上学历;本科5年以上工作经验，硕士学历3年以上工作经验;2、熟练使用C/C++编程，熟练掌握常用数据结构和算法;3、3年以上Linux内核编程经验；4、了解掌握x86平台;SMP或多核环境并行编程;5、深度理解TCP/IP协议栈，以及交换机/路由器，防火墙等网络设备工作原理;6、有下面一项或多项相关经验者，优先考虑:	-深度包检测，包分类，流量控制算法设计;	-网络设备驱动设计开发;	-基于PCAP,PF-RING设计开发;	-熟练使用Oprofile等性能优化工具;	-流量管理网络设备设计开发；7、较强的学习能力;解决分析问题能力以及良好的沟通能力;8、良好团队合作意识在咱们的招聘网站上面加上这个职位吧                                                                            职位联系方式                                                      公司名称：上海帝联信息科技股份有限公司公司地址：上海市中江路879号天地软件园21号楼1-2层 传真：公司主页：www.dnion.com                                                          查看职位地图') ;
COMMIT;
INSERT INTO "User" ("Name","UserType","CreatedDatetime","UpdatedDatetime","Enabled")
                              VALUES ('463053217252444.htm',4,clock_timestamp(),clock_timestamp(),'t') ;
INSERT INTO "ZhilianUser" ("UserId","NickName","Type","Sex","City" ) VALUES(currval('"hero_reduce"."user_id_seq"'),'463053217252444.htm',0,'null','北京') ; INSERT INTO "JobPosition" ("UserId","Name","Address","Title","Salary","Description")
                          VALUES(currval('"hero_reduce"."user_id_seq"'),'463053217252444.htm','北京','嵌入式软件开发','','任职条件： 1.熟悉嵌入式系统软件开发 2.一年以上实际产品独立开发经验 3.能独立进行MCU51，ARM，EtherNet等方面的系统开发 4.逻辑思维严谨，责任心强，做事积极主动，有团队合作精神，勤奋敬业 5.本科或本科以上学历，电力系统自动化、电子工程、电子通信、计算机应用、电子仪器等相关专业毕业 6.有现场总线或工业以太网开发经验者优先 7.有工业自动化行业背景更佳                                                                            职位联系方式                                                      公司名称：景田科技发展有限公司公司地址：总部：山西省太原市') ;
COMMIT;
INSERT INTO "User" ("Name","UserType","CreatedDatetime","UpdatedDatetime","Enabled")
                              VALUES ('141037874250278.htm',4,clock_timestamp(),clock_timestamp(),'t') ;
INSERT INTO "ZhilianUser" ("UserId","NickName","Type","Sex","City" ) VALUES(currval('"hero_reduce"."user_id_seq"'),'141037874250278.htm',0,'null','北京-海淀区') ; INSERT INTO "JobPosition" ("UserId","Name","Address","Title","Salary","Description")
                          VALUES(currval('"hero_reduce"."user_id_seq"'),'141037874250278.htm','北京-海淀区','系统工程师','4000-6000','任职资格：        1、211院校普通招生计算机相关专业本科以上学历或具备同等学力、技能；英语水平在大学英语4级以上；        2、2年以上网络或系统工程师工作经验，具备CCNA或同等级别以上网络知识基础，具备售前任务经验；        3、熟悉PC Server硬件相关知识        4、熟悉Linux操作系统，熟悉MysQl或Oracle、Sybase、DB2数据库，        5、具备编写shell脚本的能力。        6、了解C、PHP、Perl、Javascript、HTML，具备丰富的网络管理、系统管理、Web Server知识；        7、具备良好的人际交流能力，具备良好的学习能力；        8、乐观向上、能够承受较大工作压力；        9、具备一定的协调、协同能力；        10、能够出差；        11、具备很好的执行力，能够准确及时的推进公司的项目发展；        12、具备团队精神，能够和其他同事良好的协作共同出色完成公司的任务。                                                                            职位联系方式                                                      公司名称：北京安宁创新网络科技有限公司公司地址：北京市海淀区复兴路65号电信实业大厦13楼 公司主页：http://www.anymacro.com                                                          查看职位地图') ;
COMMIT;
INSERT INTO "User" ("Name","UserType","CreatedDatetime","UpdatedDatetime","Enabled")
                              VALUES ('210199616250278.htm',4,clock_timestamp(),clock_timestamp(),'t') ;
INSERT INTO "ZhilianUser" ("UserId","NickName","Type","Sex","City" ) VALUES(currval('"hero_reduce"."user_id_seq"'),'210199616250278.htm',0,'null','北京-朝阳区') ; INSERT INTO "JobPosition" ("UserId","Name","Address","Title","Salary","Description")
                          VALUES(currval('"hero_reduce"."user_id_seq"'),'210199616250278.htm','北京-朝阳区','系统工程师','','技能要求： 1、 精通Linux操作系统和相关的网络配置2、 能熟练配置管理Linux的安全性，能在Linux上熟练管理Java、Resin、Tomcat等应用服务3、 精通Linux Shell脚本语言4、 有良好的软件工程知识和质量意识，能熟练阅读英语文档5、 能够对Linux系统进行性能优化有Linux集群管理经验优先   工作经验： 1、 2年以上LINUX 系统管理经验2、有大型网站或大型分布式应用系统管理经验者优先   素质要求： 1、 具备较强的独立工作，及处理突发事件的能力2、 良好的沟通技能，喜欢钻研，具有良好的学习能力3、上进心、条理性、耐心、责任心                                                                           职位联系方式                                                      公司名称：魔利互通(北京)信息技术有限公司公司地址：北京市朝阳区工体北路4号院39号楼518 公司主页：www.fbi-china.com                                                          查看职位地图') ;
COMMIT;
INSERT INTO "User" ("Name","UserType","CreatedDatetime","UpdatedDatetime","Enabled")
                              VALUES ('120144921251325.htm',4,clock_timestamp(),clock_timestamp(),'t') ;
INSERT INTO "ZhilianUser" ("UserId","NickName","Type","Sex","City" ) VALUES(currval('"hero_reduce"."user_id_seq"'),'120144921251325.htm',0,'null','北京') ; INSERT INTO "JobPosition" ("UserId","Name","Address","Title","Salary","Description")
                          VALUES(currval('"hero_reduce"."user_id_seq"'),'120144921251325.htm','北京','高级软件工程师','','岗位职责：1、 负责网络会议服务器端开发，架构设计相关工作。2、 负责项目需求分析，概要设计，编码和部分单元测试工作。 任职资格：1、 本科(含)以上学历，通讯、电子、信息、计算机等相关专业2、 精通C/C++语言,精通多线程、进程间通信等linux/Unix环境下系统编程；3、 熟悉网络编程，熟悉TCP/UDP接口编程，有libevent、ace等服务器构架经验者优先4、 熟悉VOIP技术、熟悉SIP,H323，RTP,RTCP等协议，熟悉Asterisk源代码，有相关开发经验者优先。5、 熟悉数据库，熟悉sql，熟悉mysql开发接口；6、 精通面向对象设计和设计模式，熟悉UML以及相关工具，能熟练使用Rose，Visio等设计工具；7、 良好的团队合作意识，能积极主动推进项目进展。                                                                           职位联系方式                                                       公司名称：二六三网络通信股份有限公司 公司地址：北京市朝阳区和平里东土城路14号建达大厦16-18层  传真： 公司主页：http://www.net263.com                                                          查看职位地图') ;
COMMIT;
INSERT INTO "User" ("Name","UserType","CreatedDatetime","UpdatedDatetime","Enabled")
                              VALUES ('423749612250193.htm',4,clock_timestamp(),clock_timestamp(),'t') ;
INSERT INTO "ZhilianUser" ("UserId","NickName","Type","Sex","City" ) VALUES(currval('"hero_reduce"."user_id_seq"'),'423749612250193.htm',0,'null','北京') ; INSERT INTO "JobPosition" ("UserId","Name","Address","Title","Salary","Description")
                          VALUES(currval('"hero_reduce"."user_id_seq"'),'423749612250193.htm','北京','高级软件工程师','','职责描述:  　　基于linux嵌入式的应用程序开发、移植和调试   职位要求：   1. 具备三年以上linux嵌入式开发经验  2. 熟悉嵌入式Linux驱动、内核、网络及文件系统等技术 3. 精通C/C++  4. 精通linux shell脚本，熟悉shell环境下各种命令和配置  符合以下条件之一者优先考虑:  1. 具有嵌入式Linux 文件系统规划经验者优先 2. 具有嵌入式Linux驱动开发经验者优先 3. 具有嵌入式浏览器开发经验者优先 4. 具有流媒体开发经验者优先 5. 具有android移植经验或熟悉android平台架构和组件者优先                                                                            职位联系方式                                                       公司名称：玲珑视界科技(北京)有限公司 公司地址：北京市石景山区鲁谷路35号冠辉国际大厦4层   公司主页：www.itv.cn                                                          查看职位地图') ;
COMMIT;
INSERT INTO "User" ("Name","UserType","CreatedDatetime","UpdatedDatetime","Enabled")
                              VALUES ('681257125250016.htm',4,clock_timestamp(),clock_timestamp(),'t') ;
INSERT INTO "ZhilianUser" ("UserId","NickName","Type","Sex","City" ) VALUES(currval('"hero_reduce"."user_id_seq"'),'681257125250016.htm',0,'null','北京-朝阳区') ; INSERT INTO "JobPosition" ("UserId","Name","Address","Title","Salary","Description")
                          VALUES(currval('"hero_reduce"."user_id_seq"'),'681257125250016.htm','北京-朝阳区','IT技术支持/维护工程师','10001-15000','【工作职责】管理服务器，保障服务器的稳定性和安全性管理和配置软硬件的监控开发运维平台系统研究服务架构，实施架构优化 【职位要求】1年以上基于Linux的网站运维经验有2年以上使用Linux做主力桌面系统经验对Linux系统和开源技术有强烈的兴趣和爱好熟练掌握bash有强烈的责任感，强大的抗压能力有良好的团队合作精神，有责任感，有良好的沟通能力，主动性强 【优先条件】有多IDC架构运维经验者曾经直接向开源项目报告过bug或者贡献过patch者                                                                            职位联系方式                                                      公司名称：北京代代发在线投资有限公司公司地址：北京朝阳区三环以内胜古南里甲34号中国林木种子公司3楼') ;
COMMIT;
INSERT INTO "User" ("Name","UserType","CreatedDatetime","UpdatedDatetime","Enabled")
                              VALUES ('392307411250740.htm',4,clock_timestamp(),clock_timestamp(),'t') ;
INSERT INTO "ZhilianUser" ("UserId","NickName","Type","Sex","City" ) VALUES(currval('"hero_reduce"."user_id_seq"'),'392307411250740.htm',0,'null','北京-西城区') ; INSERT INTO "JobPosition" ("UserId","Name","Address","Title","Salary","Description")
                          VALUES(currval('"hero_reduce"."user_id_seq"'),'392307411250740.htm','北京-西城区','系统工程师','','岗位职责1、Linux服务器、网络设备及应用系统的安装、配置、维护、备份及相关安全工作；2、Linux系统、应用与相关硬件的升级、优化与故障处理，为业务部门提供支持；3、软硬件及应用系统运行状态监控和机房巡检，及时发现并处理存潜在的隐患；4、具体的项目实施操作配合与环境搭建； 任职资格1、计算机等相关专业大专以上学历，具有一定的Linux系统管理和维护能力；2、熟悉Linux系列及windows各版本操作系统的安装、调试、调优；3、熟悉shell脚本编程，使用脚本来完成日常系统运维工作； 4、有较强的Linux下应用的管理、部署和维护，有较强的设计与troubleshooting能力；5、了解常见服务（http、ftp、tomcat、iptables、mysql等）的搭建及故障排查，熟悉tcp/ip协议；6、熟悉常用的系统管理工具，熟悉常见的系统监控软件的部署和使用；7、熟悉Linux下常见的存储架构和存储概念；8、有较强的沟通能力和团队协作能力，高度的责任心，较强的理解和学习能力；                                                                           职位联系方式                                                       公司名称：银商通电子商务有限公司 公司地址：北京市宣武门外大街庄胜广场中央办公楼9层923室  传真： 公司主页：') ;
COMMIT;
INSERT INTO "User" ("Name","UserType","CreatedDatetime","UpdatedDatetime","Enabled")
                              VALUES ('446509726250018.htm',4,clock_timestamp(),clock_timestamp(),'t') ;
INSERT INTO "ZhilianUser" ("UserId","NickName","Type","Sex","City" ) VALUES(currval('"hero_reduce"."user_id_seq"'),'446509726250018.htm',0,'null','北京') ; INSERT INTO "JobPosition" ("UserId","Name","Address","Title","Salary","Description")
                          VALUES(currval('"hero_reduce"."user_id_seq"'),'446509726250018.htm','北京','高级软件工程师','','岗位职责：负责生产系统的安装、维护和管理。任职资格：1、计算机及相关专业本科以上学历；2、深入理解Linux系统，一年以上基于linux/unix平台的系统运维经验；3、熟练使用linux下各种常用命令，能够独立编写shell脚本；4、至少熟悉如下一种脚本语言，比如perl、python等；5、熟练掌握nginx、iptables、mysql等linux下常见配置；6、强烈的责任心，良好的沟通和推动能力；7、可适应出差或常驻上海、深圳。                                                                           职位联系方式                                                       公司名称：北京睿智融科控股有限公司 公司地址：北京市朝阳区望京街阜通东大街1号院望京SOHO  T2  B座1701 传真：010-82525485 公司主页：http://www.thinktrader.net/                                                          查看职位地图') ;
COMMIT;
INSERT INTO "User" ("Name","UserType","CreatedDatetime","UpdatedDatetime","Enabled")
                              VALUES ('410066015250980.htm',4,clock_timestamp(),clock_timestamp(),'t') ;
INSERT INTO "ZhilianUser" ("UserId","NickName","Type","Sex","City" ) VALUES(currval('"hero_reduce"."user_id_seq"'),'410066015250980.htm',0,'null','北京') ; INSERT INTO "JobPosition" ("UserId","Name","Address","Title","Salary","Description")
                          VALUES(currval('"hero_reduce"."user_id_seq"'),'410066015250980.htm','北京','软件工程师','','职位描述：1. 熟练掌握教学标准化要求，嵌入式Linux系统的课程开发；2. 非常熟悉Linux内核、驱动移植,有Linux的Bootloader、驱动等丰富的开发经验3. 负责Linux教学试验案例的开发。任职条件：1. 本科及其以上学历，通信、电子、计算机、自动化及相关专业；2. 熟练掌握C/C++编程语言，有较强的编程能力；3. 本科三年（硕士2年）以上嵌入式相关项目开发经验；4. 精通嵌入式Linux系统定制、驱动及应用程序开发；5. 具有较强的适应能力、沟通能力、团队精神。工作环境好、提供系统学习、晋升机会、提供无限发展空间。                                                                            职位联系方式                                                      公司名称：上海上嵌企业管理咨询有限公司公司地址：上海市虹口区祥德路341号上嵌基地 传真：公司主页：www.shangqian.com.cn                                                          查看职位地图') ;
COMMIT;
INSERT INTO "User" ("Name","UserType","CreatedDatetime","UpdatedDatetime","Enabled")
                              VALUES ('392307411250741.htm',4,clock_timestamp(),clock_timestamp(),'t') ;
INSERT INTO "ZhilianUser" ("UserId","NickName","Type","Sex","City" ) VALUES(currval('"hero_reduce"."user_id_seq"'),'392307411250741.htm',0,'null','北京-西城区') ; INSERT INTO "JobPosition" ("UserId","Name","Address","Title","Salary","Description")
                          VALUES(currval('"hero_reduce"."user_id_seq"'),'392307411250741.htm','北京-西城区','系统工程师','','岗位职责： 1、服务器、网络设备及应用系统的安装、配置、维护、备份及相关安全工作；2、Linux系统、应用与相关硬件的升级、优化与故障处理，为业务部门提供支持；3、软硬件及应用系统运行状态监控和机房巡检，及时发现并处理存潜在的隐患；4、具体的项目实施操作配合与环境搭建； 任职资格1、计算机等相关专业大专以上学历，具有一定的Linux系统管理和维护能力；2、熟悉Linux系列及windows各版本操作系统的安装、调试、调优；3、熟悉shell脚本编程，使用脚本来完成日常系统运维工作； 4、有较强的Linux下应用的管理、部署和维护，有较强的设计与troubleshooting能力；5、了解常见服务（http、ftp、tomcat、iptables、mysql等）的搭建及故障排查，熟悉tcp/ip协议；6、熟悉常用的系统管理工具，熟悉常见的系统监控软件的部署和使用；7、熟悉Linux下常见的存储架构和存储概念；8、有较强的沟通能力和团队协作能力，高度的责任心，较强的理解和学习能力；                                                                           职位联系方式                                                       公司名称：银商通电子商务有限公司 公司地址：北京市宣武门外大街庄胜广场中央办公楼9层923室  传真： 公司主页：') ;
COMMIT;
INSERT INTO "User" ("Name","UserType","CreatedDatetime","UpdatedDatetime","Enabled")
                              VALUES ('397300111250099.htm',4,clock_timestamp(),clock_timestamp(),'t') ;
INSERT INTO "ZhilianUser" ("UserId","NickName","Type","Sex","City" ) VALUES(currval('"hero_reduce"."user_id_seq"'),'397300111250099.htm',0,'null','北京') ; INSERT INTO "JobPosition" ("UserId","Name","Address","Title","Salary","Description")
                          VALUES(currval('"hero_reduce"."user_id_seq"'),'397300111250099.htm','北京','软件研发工程师','','岗位职责：1. 负责Linux系统下服务器端软件产品开发；2. 理解需求，根据设计文档完成相应功能的开发工作；3. 负责软件产品的升级维护；4. 联合其它相关软硬件工程师，进行系统联调和测试，并修改产品bug；5. 根据产品需要安排的其它相关工作；职位要求： 1. 大学统招本科及以上学历，计算机、应用数学、电子工程、自动化及其它相关专业；2. 具有三年及以上Linux/Unix C++软件项目或者产品开发经验；3. 熟练掌握C/C++语言、STL，具有面向对象的思想，并熟悉常用的设计模式；4. 熟练掌握Linux/Unix系统及相关开发环境，熟悉gcc、gdb、makefile和svn；5. 熟练掌握Linux/Unix下多线程、多进程的开发；6. 熟练掌握Linux/Unix下Socket网络编程开发；7. 熟悉Oracle、Mysql等数据库中的一种；8. 具有良好的沟通能力，团队合作精神；9. 具有较强的动手能力，独立分析解决问题的能力；                                                                           职位联系方式                                                       公司名称：奇点新源国际技术开发(北京)有限公司 公司地址：北京市朝阳区北苑路甲13号北辰泰岳大厦8层  传真：010-84939788 公司主页：http://www.nsitd.com') ;
COMMIT;
INSERT INTO "User" ("Name","UserType","CreatedDatetime","UpdatedDatetime","Enabled")
                              VALUES ('527230622250061.htm',4,clock_timestamp(),clock_timestamp(),'t') ;
INSERT INTO "ZhilianUser" ("UserId","NickName","Type","Sex","City" ) VALUES(currval('"hero_reduce"."user_id_seq"'),'527230622250061.htm',0,'null','北京-海淀区') ; INSERT INTO "JobPosition" ("UserId","Name","Address","Title","Salary","Description")
                          VALUES(currval('"hero_reduce"."user_id_seq"'),'527230622250061.htm','北京-海淀区','软件研发工程师','','linux应用方向  1.计算机科学或相关专业领域的专科及以上学历 2.熟练掌握linux下c语言编程、Shell编程；至少2年以上大型项目开发经验； 3.熟练使用linux各种开发和调试工具； 3.精通Linux系统架构、对信息安全有深厚的理解 4.有较好的学习能力和钻研精神，具有较强的团队意识，能适应一定的压力.5.具有优秀的自主学习能力，自我管理能力，具有高度责任心。                                                                           职位联系方式                                                       公司名称：北京可信华泰信息技术有限公司 公司地址：北京市海淀区上地信息路11号中国电子彩虹集团306室 传真：62133939 公司主页：www.httc.com.cn/') ;
COMMIT;
INSERT INTO "User" ("Name","UserType","CreatedDatetime","UpdatedDatetime","Enabled")
                              VALUES ('527230622250015.htm',4,clock_timestamp(),clock_timestamp(),'t') ;
INSERT INTO "ZhilianUser" ("UserId","NickName","Type","Sex","City" ) VALUES(currval('"hero_reduce"."user_id_seq"'),'527230622250015.htm',0,'null','北京-海淀区') ; INSERT INTO "JobPosition" ("UserId","Name","Address","Title","Salary","Description")
                          VALUES(currval('"hero_reduce"."user_id_seq"'),'527230622250015.htm','北京-海淀区','软件测试','','职责概述：  1. 根据产品设计规格制定测试方案、计划、编写测试用例；  2. 对产品功能和性能进行测试及验证，编写测试报告；  任职资格：  1. 精通Linux系统编程，熟悉Linux下编程环境；  2. 熟练使用C语言和shell/Python等脚本语言编程；  3. 熟悉Linux内核体系结构，熟悉测试原理和内核测试流程；  4. 熟悉Linux内核进程管理、内存分配、中断机制、进程间通信、I/O等子系统的原理和实现； 5. 熟练使用Linux下kdump、kgdb等内核调试工具，熟悉Linux下proc和sys文件系统；                                                                           职位联系方式                                                       公司名称：北京可信华泰信息技术有限公司 公司地址：北京市海淀区上地信息路11号中国电子彩虹集团306室  传真：62133939 公司主页：www.httc.com.cn/                                                          查看职位地图') ;
COMMIT;
INSERT INTO "User" ("Name","UserType","CreatedDatetime","UpdatedDatetime","Enabled")
                              VALUES ('527230622250066.htm',4,clock_timestamp(),clock_timestamp(),'t') ;
INSERT INTO "ZhilianUser" ("UserId","NickName","Type","Sex","City" ) VALUES(currval('"hero_reduce"."user_id_seq"'),'527230622250066.htm',0,'null','北京-海淀区') ; INSERT INTO "JobPosition" ("UserId","Name","Address","Title","Salary","Description")
                          VALUES(currval('"hero_reduce"."user_id_seq"'),'527230622250066.htm','北京-海淀区','软件研发工程师','','1、 具有丰富的使用C/C++编程经验，并且是在Linux环境下熟练掌握常用数据结构和算法。 2、 linux 内核至少三年编程经验。深度了解linux 内核原理，并熟练使用内核编程接口。 3、 读过linux 内核文件系统或者 TCP/IP 协议栈代码。 4、 从事过安全行业的工作。熟悉安全方面的基础知识。 5、 了解等级保护或者可信计算。 6、 有独立工作的能力，同时具有很好的团队协作能力与沟通能力。                                                                           职位联系方式                                                       公司名称：北京可信华泰信息技术有限公司 公司地址：北京市海淀区上地信息路11号中国电子彩虹集团306室 传真：62133939 公司主页：www.httc.com.cn/') ;
COMMIT;
INSERT INTO "User" ("Name","UserType","CreatedDatetime","UpdatedDatetime","Enabled")
                              VALUES ('273038312250243.htm',4,clock_timestamp(),clock_timestamp(),'t') ;
INSERT INTO "ZhilianUser" ("UserId","NickName","Type","Sex","City" ) VALUES(currval('"hero_reduce"."user_id_seq"'),'273038312250243.htm',0,'null','北京-石景山区') ; INSERT INTO "JobPosition" ("UserId","Name","Address","Title","Salary","Description")
                          VALUES(currval('"hero_reduce"."user_id_seq"'),'273038312250243.htm','北京-石景山区','高级软件工程师','','岗位职责：1、项目开发：对模块进行设计、编码、测试；2、项目维护：对原有的项目进行bug修改，新增需求开发和测试；3、现场进行项目安装、调试、解决项目问题；4、编写工作任务相关的文档；5、负责项目：独立负责、管理一个项目，规划项目计划、设计项目方案和整体结构、编写和整理项目文档；任职资格：1、大专以上学历；专业不限；2年以上相关工作经验；2、熟练c/c++基础知识；3、有一定的开发，自测、调试和查找问题的经验；4、熟悉TCP/IP协议，熟悉http等应用层协议；5、Linux下开发经验；6、能够熟练使用wireshark进行网络报文分析，熟悉应用层协议的还原解析。7、有审计类产品开发经验；8、熟悉Linux系统定制裁剪者优先；9、安全领域经验，熟悉存储、数据库者优先；10、能够独自承担工作任务，具备良好的文档沟通能力。                                                                            职位联系方式                                                      公司名称：北京安达信咨科技有限公司公司地址：北京市石景山区石景山路40号信安大厦6层A-C 传真：公司主页：www.andacise.com                                                          查看职位地图') ;
COMMIT;
INSERT INTO "User" ("Name","UserType","CreatedDatetime","UpdatedDatetime","Enabled")
                              VALUES ('139601787251375.htm',4,clock_timestamp(),clock_timestamp(),'t') ;
INSERT INTO "ZhilianUser" ("UserId","NickName","Type","Sex","City" ) VALUES(currval('"hero_reduce"."user_id_seq"'),'139601787251375.htm',0,'null','北京-海淀区') ; INSERT INTO "JobPosition" ("UserId","Name","Address","Title","Salary","Description")
                          VALUES(currval('"hero_reduce"."user_id_seq"'),'139601787251375.htm','北京-海淀区','软件工程师','','职位描述：1、智能视频监控产品研发，主要开发语言为C/C++；2、系统后端通迅以及数据库系统开发；3、底层设备开发或者服务器开发。岗位要求：1、计算机相关专业本科或以上学历；2、热爱开发编程工作，熟练使用C/C++语言；3、了解面向对象编程思想；4、熟练掌握多线程编程，熟练掌握socket等网络编程，熟悉网络通讯协议；5、两年以上Linux/windows/dsp平台的C或C++语言编程经验并熟悉常见开发框架；6、具有较强的责任心，良好的沟通能力和团队合作精神；7、有了解SIP、SDP、MANSCDP、MANSRTSP协议者优先；8、有视频监控、流媒体经验者优先。                                                                           职位联系方式                                                       公司名称：北京文安科技发展有限公司 公司地址：北京中关村东路8号东升大厦905A室  传真： 公司主页：www.vion-tech.com                                                          查看职位地图') ;
COMMIT;
INSERT INTO "User" ("Name","UserType","CreatedDatetime","UpdatedDatetime","Enabled")
                              VALUES ('209732211263539.htm',4,clock_timestamp(),clock_timestamp(),'t') ;
INSERT INTO "ZhilianUser" ("UserId","NickName","Type","Sex","City" ) VALUES(currval('"hero_reduce"."user_id_seq"'),'209732211263539.htm',0,'null','北京') ; INSERT INTO "JobPosition" ("UserId","Name","Address","Title","Salary","Description")
                          VALUES(currval('"hero_reduce"."user_id_seq"'),'209732211263539.htm','北京','网络工程师','4001-6000','任职要求：  1. 熟练使用linux系统，简单SHELL脚本编写；2. 熟练操作oracle数据库、熟练掌握SQL语句；3. 具备局域网组网、建设能力，熟练掌握常用调试工具； 4. 熟悉网络环境，排除网络、服务器故障，处理路由问题； 5. 了解呼叫中心系统，有运维工作经验。                                                                           职位联系方式                                                       公司名称：北京荣新广育科技有限公司 公司地址：北京市海淀区中关村南大街甲56号方圆大厦  传真：010-68359635 公司主页：http://www.en-vfast.com/                                                          查看职位地图') ;
COMMIT;
INSERT INTO "User" ("Name","UserType","CreatedDatetime","UpdatedDatetime","Enabled")
                              VALUES ('579249727250044.htm',4,clock_timestamp(),clock_timestamp(),'t') ;
INSERT INTO "ZhilianUser" ("UserId","NickName","Type","Sex","City" ) VALUES(currval('"hero_reduce"."user_id_seq"'),'579249727250044.htm',0,'null','北京-朝阳区') ; INSERT INTO "JobPosition" ("UserId","Name","Address","Title","Salary","Description")
                          VALUES(currval('"hero_reduce"."user_id_seq"'),'579249727250044.htm','北京-朝阳区','IT技术支持/维护工程师','6001-8000','职位描述：1.负责Linux服务器系统和WEB应用进行相应的安装、配置、维护、备份、故障处理；2.负责业务相关软硬件配置管理，如Apache，Tomcat，Nginx等；3.负责日常的监控、巡检工作；4.负责处理日常故障、业务故障、硬件故障等；5.负责服务器系统安全与环境调优工作。任职要求：1.专科及以上学历，一年以上Linux操作系统运维经验；2.了解Linux内核技术，对Linux的性能调优有一定的认识；3.熟悉lvs，haproxy,hearbeat,keepalive等负载均衡与高可用软件安装和维护；4.熟练进行MySQL数据库安装、使用、配置、安全设置、备份；5.熟悉Apache，Tomcat，nginx，等应用服务的安装维护，熟练安装nagios,zabbix等服务监控软件的安装与异常排查；6.熟悉shell脚本编程，能够使用脚本自动化日常运维工作；7.熟悉iptables链表,对linux系统安全策略有一定的认识；8.良好的沟通能力、团队精神和服务意识；具备独立解决问题能力；9.有大型业务项目Linux服务器运维管理经验者优先。                                                                            职位联系方式                                                      公司名称：北京全彩时代网络科技有限公司公司地址：北京海淀区中关村南大街韦伯时代大厦C座1801、1802联 系 人：胡小姐电　　话：010-88579537-8060公司主页：www.cpbao.com                                                          查看职位地图') ;
COMMIT;
INSERT INTO "User" ("Name","UserType","CreatedDatetime","UpdatedDatetime","Enabled")
                              VALUES ('229227326250009.htm',4,clock_timestamp(),clock_timestamp(),'t') ;
INSERT INTO "ZhilianUser" ("UserId","NickName","Type","Sex","City" ) VALUES(currval('"hero_reduce"."user_id_seq"'),'229227326250009.htm',0,'null','北京') ; INSERT INTO "JobPosition" ("UserId","Name","Address","Title","Salary","Description")
                          VALUES(currval('"hero_reduce"."user_id_seq"'),'229227326250009.htm','北京','软件工程师','15001-25000','1、熟练掌握Linux C程序的开发，精通进程、信号、指针、进程间通信（共享内存，管道，信号量等）、TCP/UDP通讯 协议处理； 2、熟练使用Git等源码管理平台； 3、熟练使用GDB等调试工具，可以快速定位错误； 4、对网络协议，如TCP/IP，HTTP，ARP，DNS等协议基础都优先； 5、有网络驱动开发经验者优先； 6、了解OpenSSL证书体系，对证书加密算法有开发经验者优先； 7、性格乐观开朗、能在项目压力下坚持工作、团队合作能力好，口头表达能力好； 8、月薪15,000起，不设上限。                                                                           职位联系方式                                                       地址： 北京海淀区西二旗中路领秀新硅谷B区72栋104 @sec-tech.net           请注明你所要申请的职位。 请注明你的现居住地。 请在应聘材料上标明，此职位的信息来源于zhaopin.com 。') ;
COMMIT;
INSERT INTO "User" ("Name","UserType","CreatedDatetime","UpdatedDatetime","Enabled")
                              VALUES ('650355927250004.htm',4,clock_timestamp(),clock_timestamp(),'t') ;
INSERT INTO "ZhilianUser" ("UserId","NickName","Type","Sex","City" ) VALUES(currval('"hero_reduce"."user_id_seq"'),'650355927250004.htm',0,'null','北京-海淀区') ; INSERT INTO "JobPosition" ("UserId","Name","Address","Title","Salary","Description")
                          VALUES(currval('"hero_reduce"."user_id_seq"'),'650355927250004.htm','北京-海淀区','系统集成工程师','','职位描述 (Linux 存储系统开发工程师）1. 参与存储系统架构设计。 2. 负责嵌入式存储系统的开发和优化。 3. 与驱动工程师一起完成存储设备的调试工作。 招聘要求 1. 本科及以上学历, 精通C语言。 2. 研究过Linux内核源码，能够根据需要裁剪内核，熟悉内核架构以及编译流程。 3. 熟悉Linux文件系统， 熟悉IO路径， 缓存机制。 4. 至少有2年驱动或者存储模块相关开发经验 5. 熟悉Linux 块设备驱动原理， 精通Linux md RAID 驱动优先。 6. 良好的英语读写能力和沟通能力。7. 工作积极主动, 擅于思考和规划, 敢于进取, 敢于承担。                                                                           职位联系方式                                                       公司名称：北京麓柏科技有限公司 公司地址：北京市海淀区西二旗盈创动力大厦E座801D 公司主页：www.netbric.com                                                          查看职位地图') ;
COMMIT;
INSERT INTO "User" ("Name","UserType","CreatedDatetime","UpdatedDatetime","Enabled")
                              VALUES ('000057330255453.htm',4,clock_timestamp(),clock_timestamp(),'t') ;
INSERT INTO "ZhilianUser" ("UserId","NickName","Type","Sex","City" ) VALUES(currval('"hero_reduce"."user_id_seq"'),'000057330255453.htm',0,'null','北京') ; INSERT INTO "JobPosition" ("UserId","Name","Address","Title","Salary","Description")
                          VALUES(currval('"hero_reduce"."user_id_seq"'),'000057330255453.htm','北京','高级软件工程师','','Contact Email:qi.mel@oracle.comPreferred Qualifications Oracle VM for x86 is a free server virtualization management solution that makes enterprise applications easier to deploy, manage, and support.  Oracle VM provides benefits beyond server consolidation to directly address the growing operational expenses associated with enterprise applications. This new version includes many improvements to simplify and automate network and storage configuration, and includes new policies to deliver application resource flexibility.Oracle VM is a key component of Oracle’s desktop to data center strategy. Oracle VM can create large, scalable,reliable, data center and cloud computing environments that are readily managed with Oracle VM Manager or Oracle Enterprise Manager. Oracle VM supports both Oracle and non-Oracle applications and offers customers scalable, low-costserver virtualization backed by Oracle’s world-class support.We are looking for an enthusiastic, creative Java developer to work on the next-generation virtualization manager. Candidate should have experience with Java, OOP and developing user interfaces. Experience developing and maintaining command line interfaces and UIs is highly desirable.   Ability to learn quickly, aspiration to take on challenging assignments, and deliver with high quality is required. Detailed Description and Job Requirements Design, develop, troubleshoot and debug software programs for databases, applications, tools, networks etc.As a member of the software engineering division, you will assist in defining and developing software for tasks associated with the developing, debugging or designing of software applications or operating systems. Provide technical leadership to other software developers. Specify, design and implement modest changes to existing software architecture to meet changing needs.Duties and tasks are varied and complex needing independent judgment. Fully competent in own area of expertise. May have project lead role and or supervise lower level personnel. BS or MS degree or equivalent experience relevant to functional area. 4 years of software engineering or related experience.                                                                            职位联系方式                                                      公司名称：甲骨文（中国）软件系统有限公司公司地址：海淀区中关村软件园24号楼 传真：82826455公司主页：http://www.oracle.com/') ;
COMMIT;
INSERT INTO "User" ("Name","UserType","CreatedDatetime","UpdatedDatetime","Enabled")
                              VALUES ('373461419250112.htm',4,clock_timestamp(),clock_timestamp(),'t') ;
INSERT INTO "ZhilianUser" ("UserId","NickName","Type","Sex","City" ) VALUES(currval('"hero_reduce"."user_id_seq"'),'373461419250112.htm',0,'null','北京') ; INSERT INTO "JobPosition" ("UserId","Name","Address","Title","Salary","Description")
                          VALUES(currval('"hero_reduce"."user_id_seq"'),'373461419250112.htm','北京','嵌入式硬件开发','','工作职责： 1 基于TI Davinci/OMAP/Netra平台的Linux系统移植开发；  2 Linux设备驱动程序开发； 3 相关固件（如u-boot）开发； 4 文件系统维护；  5 嵌入式基础应用程序的开发；  任职要求： 1 本科以上学历，电子、通信、计算机及相关专业，良好的英文读写能力； 2 良好的C/C++语言基础，熟悉linux开发环境；  3 掌握计算机原理、操作系统、数字电路、模拟电路等基础知识； 4 熟悉嵌入式Linux系统设备驱动程序开发，有相关工作经验者优先； 5.熟悉ARM处理器，有ARM9开发经验者优先； 6.熟悉TI公司DSP，有DM6467，DM6446，DM8168等平台工作经验者优先；  7.熟悉网络协议，PCIE，视频输入输出，视频编解码等相关应用程序开发者优先；  8.具有良好的团队合作精神、独立工作能力、敬业精神及沟通能力； 责任心强、工作细致、沟通能力强，具有团队协作精神，能承受较强的工作压力 具有较强的学习能力和沟通能力，能独立解决技术问题，根据项目需要快速学习并掌握新技术                                                                                 职位联系方式                                                      公司名称：北京路视明视频技术有限责任公司公司地址：北京市海淀区彩和坊路8号天创科技大厦4层405室') ;
COMMIT;
INSERT INTO "User" ("Name","UserType","CreatedDatetime","UpdatedDatetime","Enabled")
                              VALUES ('417504018250306.htm',4,clock_timestamp(),clock_timestamp(),'t') ;
INSERT INTO "ZhilianUser" ("UserId","NickName","Type","Sex","City" ) VALUES(currval('"hero_reduce"."user_id_seq"'),'417504018250306.htm',0,'null','北京') ; INSERT INTO "JobPosition" ("UserId","Name","Address","Title","Salary","Description")
                          VALUES(currval('"hero_reduce"."user_id_seq"'),'417504018250306.htm','北京','软件工程师','','岗位职责：负责研究与开发Linux平台的相关驱动任职要求：1.熟悉C语言或汇编语言2.熟悉netfilter尤佳3.熟悉shell，make脚本4.熟悉Linux驱动的开发流程                                                                           职位联系方式                                                       公司名称：深圳市安盾椒图科技有限公司北京分公司 公司地址：海淀区西小口路66号中关村东升科技园北领地B-2号楼六层C601室 公司主页：www.jowto.com                                                          查看职位地图') ;
COMMIT;
INSERT INTO "User" ("Name","UserType","CreatedDatetime","UpdatedDatetime","Enabled")
                              VALUES ('669822225250008.htm',4,clock_timestamp(),clock_timestamp(),'t') ;
INSERT INTO "ZhilianUser" ("UserId","NickName","Type","Sex","City" ) VALUES(currval('"hero_reduce"."user_id_seq"'),'669822225250008.htm',0,'null','北京-海淀区') ; INSERT INTO "JobPosition" ("UserId","Name","Address","Title","Salary","Description")
                          VALUES(currval('"hero_reduce"."user_id_seq"'),'669822225250008.htm','北京-海淀区','系统工程师','10001-15000','职位描述：1.负责公司数据中心Linux系统平台管理。2.负责公司数据中心网络基础设施管理。3.负责公司数据中心数据库服务器管理。 职位要求：1.计算机相关专业本科以上学历，能熟练阅读英文文档，非常强的开源社区学习能力；2.三年以上相关工作经验，具有大流量网站管理经验；3.熟悉主流Web配置和优化，包括Apache /Tomcat/Jboss/DNS/Postfix等等；4.熟悉负载均衡技术，LVS + Keepalive＋Heartbeat等集群技术；5.熟悉数据库的管理，有实际MySQL管理、备份、集群经验者优先；6.熟悉网络设备的配置调试及故障分析优先；7.精通脚本语言Shell，并至少能用Perl，Python，PHP，Ruby中的一种进行快速开发；8.熟练掌握Linux监控和自动化运维工具，如Nagios，Cacti，Zabbix，Puppet，saltstack等；9.良好的沟通能力，团队精神，文档编写能力，较强的客户服务意识，积极主动，吃苦耐劳， 高度的责任心及应急能力；                                                                            职位联系方式                                                      公司名称：北京春播科技有限公司公司地址：北京市海淀区北四环西路52号方正国际大厦15层 传真：公司主页：null') ;
COMMIT;
INSERT INTO "User" ("Name","UserType","CreatedDatetime","UpdatedDatetime","Enabled")
                              VALUES ('000057330255456.htm',4,clock_timestamp(),clock_timestamp(),'t') ;
INSERT INTO "ZhilianUser" ("UserId","NickName","Type","Sex","City" ) VALUES(currval('"hero_reduce"."user_id_seq"'),'000057330255456.htm',0,'null','北京') ; INSERT INTO "JobPosition" ("UserId","Name","Address","Title","Salary","Description")
                          VALUES(currval('"hero_reduce"."user_id_seq"'),'000057330255456.htm','北京','高级软件工程师','','Contact Person:qi.mel@oracle.comKey Objective:  Perform functionality, stress, and performance testing for Oracle Linux, work together with development teams to ensure the premium quality of Oracle Linux.  Responsibilities:  l  Working together with Oracle Linux development team on test case and test plan design, and test execution  l  Reporting, tracking and analyzing bugs  l  Automating Oracle Linux testing  l  Supporting local partners on Oracle Validated Configuration programming  Required Skills:  l  Rich experience with the GNU/Linux operating system  l  Good python and bash shell programming skills  l  Experience with test automation  l  Experience with Linux virtualization  l  Good working knowledge of C programming on Linux platform  l  Excellent system-level debugging skills  Desired Skills:  l  Experience with one or more subsystems of the Linux kernel (e.g. net, fs, mm, etc) is a big plus  l  Experience with one or more automation frameworks (e.g. Jenkins, autotest, testng, etc) is a big plus  l  Experience with commonly used Linux test tools (e.g. LTP, fio, LMbench, etc)  l  Experience with Java programming  l  Oracle DB experience is a plus  l  Experience with working in a multinational environment                                                                            职位联系方式                                                      公司名称：甲骨文（中国）软件系统有限公司公司地址：海淀区中关村软件园24号楼 传真：82826455公司主页：http://www.oracle.com/') ;
COMMIT;
INSERT INTO "User" ("Name","UserType","CreatedDatetime","UpdatedDatetime","Enabled")
                              VALUES ('000057330255457.htm',4,clock_timestamp(),clock_timestamp(),'t') ;
INSERT INTO "ZhilianUser" ("UserId","NickName","Type","Sex","City" ) VALUES(currval('"hero_reduce"."user_id_seq"'),'000057330255457.htm',0,'null','北京') ; INSERT INTO "JobPosition" ("UserId","Name","Address","Title","Salary","Description")
                          VALUES(currval('"hero_reduce"."user_id_seq"'),'000057330255457.htm','北京','高级软件工程师','','contact person:qi.mel@oracle.comOracle''s Linux and Virtualization team covers Linux, Desktop and Server virtualization. Among our completely open products include Oracle Linux, Oracle VM Server for x86 and Oracle VM VirtualBox. Our proprietary products are Sun Ray, Oracle VM Manager, and Oracle Secure Global Desktop. Our group began as a team of Linux kernel hackers who worked to make Linux perform better under Oracle workloads, and our core focus remains on developing open source products and improving the stability and performance of the OS. Today, Oracle is a well established and trusted source of Linux expertise, and close integration between Oracle product and Linux kernel experts enables greater accuracy in problem diagnosis and resolution. Oracle recently announced the Unbreakable Enterprise Kernel, a stable mainline based Linux kernel which installs on Oracle Linux 5, and recommends that all Oracle products be deployed with this kernel. A comprehensive listing of our open source projects can be found at oss.oracle.com.  Brief Posting Description  As a member of the software engineering division, you will assist in defining and developing software for tasks associated with the developing, debugging or designing of software applications or operating systems.  Provide technical leadership to other software developers.  Specify, design and implement modest changes to existing software architecture to meet changing needs.  Job Requirements  Duties and tasks are varied and complex needing independent judgment.  Fully competent in own area of expertise.  May have project lead role and or supervise lower level personnel.  BS or MS degree or equivalent experience relevant to functional area.  4 years of software engineering or related experience.        Debug and patch the Linux kernel, Xen Hypervisor, and work on Open Source projects with Oracle''s Linux sustaining team.   ·         Advanced/expert fluency in C  ·         Experience working with UNIX/Linux kernels, or other Operating Systems experience  ·         Operational knowledge of Enterprise Linux distributions (Oracle, Red Hat, CentOS, SuSE).  ·         Knowledge of bash, perl, and/or python  ·         Oracle knowledge is not required  ·         At least two years of industry experience working on large software projects.  ·         Experienced in low layer which include CPU architecture   ·         good at SPARC is a big plus                                                                            职位联系方式                                                      公司名称：甲骨文（中国）软件系统有限公司公司地址：海淀区中关村软件园24号楼 传真：82826455公司主页：http://www.oracle.com/') ;
COMMIT;
INSERT INTO "User" ("Name","UserType","CreatedDatetime","UpdatedDatetime","Enabled")
                              VALUES ('196484718250592.htm',4,clock_timestamp(),clock_timestamp(),'t') ;
INSERT INTO "ZhilianUser" ("UserId","NickName","Type","Sex","City" ) VALUES(currval('"hero_reduce"."user_id_seq"'),'196484718250592.htm',0,'null','北京-海淀区') ; INSERT INTO "JobPosition" ("UserId","Name","Address","Title","Salary","Description")
                          VALUES(currval('"hero_reduce"."user_id_seq"'),'196484718250592.htm','北京-海淀区','软件测试','','岗位所属部门：基础软件事业部岗位职责：1、 分析测试需求、编写测试计划、测试用例及相关测试文档；2、 构建和部署测试环境，参与集成测试；3、 执行测试用例，定位、提交和跟踪bug；4、 根据测试需求编写测试脚本和定制测试工具；5、 参加相关测试评审。任职要求：1、 计算机技术或相关专业，本科 （含）以上学历；2、 2年以上软件测试相关工作经验，有开发经验者优先；3、 熟悉操作系统、网络、服务器 配置等相关知识，熟悉一种Linux/Unix操作系统；4、 熟悉shell/python/perl等常用脚本语言中的一种或多种；5、 熟悉Linux系统管理、虚拟化技术、安全测试和数据库应用者优先；6、 有Linux国产芯片或移动终端测试经验者优先；7、 了解软件工程学思想和方法， 有良好的文档习惯，能够承担工作压力；8、 细致严谨、责任心强；较强的 表达和沟通能力；良好的团队合作精神；9、 能顺利阅读英文资料。                                                                            职位联系方式                                                      公司名称：普华基础软件股份有限公司公司地址：上海市徐汇区虹漕路448号 现代物流大厦；北京市海淀区农大南路1号硅谷亮城4号楼5层 传真：公司主页：http://www.i-soft.com.cn/china/                                                          查看职位地图') ;
COMMIT;
INSERT INTO "User" ("Name","UserType","CreatedDatetime","UpdatedDatetime","Enabled")
                              VALUES ('000262611250721.htm',4,clock_timestamp(),clock_timestamp(),'t') ;
INSERT INTO "ZhilianUser" ("UserId","NickName","Type","Sex","City" ) VALUES(currval('"hero_reduce"."user_id_seq"'),'000262611250721.htm',0,'null','北京') ; INSERT INTO "JobPosition" ("UserId","Name","Address","Title","Salary","Description")
                          VALUES(currval('"hero_reduce"."user_id_seq"'),'000262611250721.htm','北京','系统工程师','1000-50000','岗位职责：   1. 开发及测试服务器的日常维护和监控 2. 服务器系统及应用软件的安装、配置、故障定位及排除   职位要求： 1） 熟悉Linux系统以及主要服务的安装、配置和维护。 2） 熟悉shell/Perl/php/python一种以上的脚本语言编程。 3） 熟悉mysql或Oracle数据库。 4） 计算机相关专业本科以上学历，有一年以上工作经验。 5） 善于解决问题，善于沟通，热爱学习。                                                                           职位联系方式                                                      公司名称：北京尖峰计算机系统有限公司公司地址：北京市朝阳区惠新东街11号紫光发展大厦B座三单元7层 传真：82379283公司主页：http://www.jfsys.com                                                          查看职位地图') ;
COMMIT;
INSERT INTO "User" ("Name","UserType","CreatedDatetime","UpdatedDatetime","Enabled")
                              VALUES ('000262611250722.htm',4,clock_timestamp(),clock_timestamp(),'t') ;
INSERT INTO "ZhilianUser" ("UserId","NickName","Type","Sex","City" ) VALUES(currval('"hero_reduce"."user_id_seq"'),'000262611250722.htm',0,'null','北京') ; INSERT INTO "JobPosition" ("UserId","Name","Address","Title","Salary","Description")
                          VALUES(currval('"hero_reduce"."user_id_seq"'),'000262611250722.htm','北京','系统工程师','1000-50000','岗位职责：   1. 开发及测试服务器的日常维护和监控 2. 服务器系统及应用软件的安装、配置、故障定位及排除   职位要求： 1） 熟悉Linux系统以及主要服务的安装、配置和维护。 2） 熟悉shell/Perl/php/python一种以上的脚本语言编程。 3） 熟悉mysql或Oracle数据库。 4） 计算机相关专业本科以上学历，有一年以上工作经验。 5） 善于解决问题，善于沟通，热爱学习。                                                                           职位联系方式                                                      公司名称：北京尖峰计算机系统有限公司公司地址：北京市朝阳区惠新东街11号紫光发展大厦B座三单元7层 传真：82379283公司主页：http://www.jfsys.com                                                          查看职位地图') ;
COMMIT;
INSERT INTO "User" ("Name","UserType","CreatedDatetime","UpdatedDatetime","Enabled")
                              VALUES ('000262611250731.htm',4,clock_timestamp(),clock_timestamp(),'t') ;
INSERT INTO "ZhilianUser" ("UserId","NickName","Type","Sex","City" ) VALUES(currval('"hero_reduce"."user_id_seq"'),'000262611250731.htm',0,'null','北京') ; INSERT INTO "JobPosition" ("UserId","Name","Address","Title","Salary","Description")
                          VALUES(currval('"hero_reduce"."user_id_seq"'),'000262611250731.htm','北京','系统工程师','1000-50000','岗位职责：   1. 开发及测试服务器的日常维护和监控 2. 服务器系统及应用软件的安装、配置、故障定位及排除   职位要求： 1） 熟悉Linux系统以及主要服务的安装、配置和维护。 2） 熟悉shell/Perl/php/python一种以上的脚本语言编程。 3） 熟悉mysql或Oracle数据库。 4） 计算机相关专业本科以上学历，有一年以上工作经验。 5） 善于解决问题，善于沟通，热爱学习。                                                                           职位联系方式                                                      公司名称：北京尖峰计算机系统有限公司公司地址：北京市朝阳区惠新东街11号紫光发展大厦B座三单元7层 传真：82379283公司主页：http://www.jfsys.com                                                          查看职位地图') ;
COMMIT;
INSERT INTO "User" ("Name","UserType","CreatedDatetime","UpdatedDatetime","Enabled")
                              VALUES ('000262611250730.htm',4,clock_timestamp(),clock_timestamp(),'t') ;
INSERT INTO "ZhilianUser" ("UserId","NickName","Type","Sex","City" ) VALUES(currval('"hero_reduce"."user_id_seq"'),'000262611250730.htm',0,'null','北京') ; INSERT INTO "JobPosition" ("UserId","Name","Address","Title","Salary","Description")
                          VALUES(currval('"hero_reduce"."user_id_seq"'),'000262611250730.htm','北京','系统工程师','1000-50000','岗位职责：   1. 开发及测试服务器的日常维护和监控 2. 服务器系统及应用软件的安装、配置、故障定位及排除   职位要求： 1） 熟悉Linux系统以及主要服务的安装、配置和维护。 2） 熟悉shell/Perl/php/python一种以上的脚本语言编程。 3） 熟悉mysql或Oracle数据库。 4） 计算机相关专业本科以上学历，有一年以上工作经验。 5） 善于解决问题，善于沟通，热爱学习。                                                                           职位联系方式                                                      公司名称：北京尖峰计算机系统有限公司公司地址：北京市朝阳区惠新东街11号紫光发展大厦B座三单元7层 传真：82379283公司主页：http://www.jfsys.com                                                          查看职位地图') ;
COMMIT;
INSERT INTO "User" ("Name","UserType","CreatedDatetime","UpdatedDatetime","Enabled")
                              VALUES ('154975315250462.htm',4,clock_timestamp(),clock_timestamp(),'t') ;
INSERT INTO "ZhilianUser" ("UserId","NickName","Type","Sex","City" ) VALUES(currval('"hero_reduce"."user_id_seq"'),'154975315250462.htm',0,'null','北京-海淀区') ; INSERT INTO "JobPosition" ("UserId","Name","Address","Title","Salary","Description")
                          VALUES(currval('"hero_reduce"."user_id_seq"'),'154975315250462.htm','北京-海淀区','高级软件工程师','','职位描述： 1、进行Linux高性能网卡相关内核驱动程序和网络协议栈的设计开发；2、进行软件系统和硬件单板、FPGA逻辑的整机集成和联调，保证产品的稳定交付；3、负责将驱动软件和内核补丁在开源社区进行发布和推广。职位要求：1、对Linux内核有较好了解，熟悉操作系统和TCP/IP协议栈；2、有较强的C语言开发能力和开发经验；3、熟悉Linux下典型的开发环境和开发工具；4、有极强的学习能力和良好的合作精神。                                                                           职位联系方式                                                       公司名称：深圳市恒扬科技有限公司 公司地址：广东省深圳市南山区科技园松坪山路5号嘉达大厦A座6层  传真： 公司主页：www.semptian.com') ;
COMMIT;
INSERT INTO "User" ("Name","UserType","CreatedDatetime","UpdatedDatetime","Enabled")
                              VALUES ('154975315250648.htm',4,clock_timestamp(),clock_timestamp(),'t') ;
INSERT INTO "ZhilianUser" ("UserId","NickName","Type","Sex","City" ) VALUES(currval('"hero_reduce"."user_id_seq"'),'154975315250648.htm',0,'null','北京-海淀区') ; INSERT INTO "JobPosition" ("UserId","Name","Address","Title","Salary","Description")
                          VALUES(currval('"hero_reduce"."user_id_seq"'),'154975315250648.htm','北京-海淀区','高级软件工程师','','职位描述: 岗位职责 1、能够根据开发进度和任务分配，完成相应模块软件的设计、开发、编程任务； 2、能独立处理和解决所负责的任务； 3、进行程序单元、功能的测试，查出软件存在的缺陷并保证其质量； 4、具备团队领导经验者优先 任职资格1）精通X86平台下Linux应用程序的开发2）熟练掌握C++软件产品开发经验；3）熟悉网络通信协议4）掌握Oracle或SQL Server数据库开发，能熟练编写SQL语句和存储过程；5）诚实可靠，原则性强，责任心强6）本科以上学历，3年以上相关工作经验                                                                           职位联系方式                                                       公司名称：恒扬科技有限公司 公司地址：广东省深圳市南山区科技园松坪山路5号嘉达大厦A座6层  传真： 公司主页：www.semptian.com') ;
COMMIT;
INSERT INTO "User" ("Name","UserType","CreatedDatetime","UpdatedDatetime","Enabled")
                              VALUES ('151111917250092.htm',4,clock_timestamp(),clock_timestamp(),'t') ;
INSERT INTO "ZhilianUser" ("UserId","NickName","Type","Sex","City" ) VALUES(currval('"hero_reduce"."user_id_seq"'),'151111917250092.htm',0,'null','北京-丰台区') ; INSERT INTO "JobPosition" ("UserId","Name","Address","Title","Salary","Description")
                          VALUES(currval('"hero_reduce"."user_id_seq"'),'151111917250092.htm','北京-丰台区','软件工程师','','1. 计算机或相关专业大专以上学历； 2. 熟悉java，了解C/C++，理解面向对象程序设计原则，具备扎实的c/c++/java编程基础；3. 熟悉Linux操作系统，有1年以上Android开发经验，熟悉Android SDK，并且开发过1~2款成熟产品；或有较强J2ME开发经验，熟悉J2ME绘制流程，熟悉内存优化，熟悉线程的使用； 4. 熟练掌握常用Android API，了解Android系统体系结构，熟悉Android下电话、信息、数据库等运行原理，对JNI/NDK有研究者优先； 5. 熟悉Android下网络通信机制，对 Socket通信、TCP/IP和HTTP有较深刻的理解和经验，有网络编程经验； 6. 工作勤奋主动，有责任心，具备良好的沟通能力和优秀的团队协作能力                                                                            职位联系方式                                                       公司名称：北京远光瑞为软件技术有限公司 公司地址：北京市丰台区富丰路四号工商联大厦A座901  传真：51288028-8006 公司主页：') ;
COMMIT;
INSERT INTO "User" ("Name","UserType","CreatedDatetime","UpdatedDatetime","Enabled")
                              VALUES ('120347691251280.htm',4,clock_timestamp(),clock_timestamp(),'t') ;
INSERT INTO "ZhilianUser" ("UserId","NickName","Type","Sex","City" ) VALUES(currval('"hero_reduce"."user_id_seq"'),'120347691251280.htm',0,'null','北京-海淀区') ; INSERT INTO "JobPosition" ("UserId","Name","Address","Title","Salary","Description")
                          VALUES(currval('"hero_reduce"."user_id_seq"'),'120347691251280.htm','北京-海淀区','软件研发工程师','','职位描述： 1.作为主要开发人员参与应用层网络设备，数据通道的设计与开发； 2.负责Linux内核模块设计开发； 3.负责已有内核模块性能优化； 4.网络处理相关的算法设计与调优。  任职要求： 1.精通C/C++程序设计，有两年以上linux开发经验； 2.熟悉linux系统，熟悉内核编程，熟悉linux网络编程； 3.熟悉tcp/ip网络协议族； 4.熟悉多线程程序设计； 5.有网络安全系统开发经验优先考虑。                                                                           职位联系方式                                                       公司名称：北京北信源软件股份有限公司 公司地址：北京市海淀区中关村南大街34号中关村科技发展大厦C座16层  传真： 公司主页：http://www.vrv.com.cn') ;
COMMIT;
INSERT INTO "User" ("Name","UserType","CreatedDatetime","UpdatedDatetime","Enabled")
                              VALUES ('341936817250242.htm',4,clock_timestamp(),clock_timestamp(),'t') ;
INSERT INTO "ZhilianUser" ("UserId","NickName","Type","Sex","City" ) VALUES(currval('"hero_reduce"."user_id_seq"'),'341936817250242.htm',0,'null','北京-海淀区') ; INSERT INTO "JobPosition" ("UserId","Name","Address","Title","Salary","Description")
                          VALUES(currval('"hero_reduce"."user_id_seq"'),'341936817250242.htm','北京-海淀区','系统工程师','4001-6000','岗位职责：1、按照既定运维流程对运营中的海量服务器进行日常监控、运维工作，对故障进行快速有效的定位分析排查处理，保障业务正常运行；2、积极主动发现及提出日常运维工作的可优化点及优化方案，并贯彻落实执行；3、对日常故障处理流程及经典案例进行回放分析，形成相关的知识案例库；4、对故障处理经验进行固化，形成可工具化、自动化操作。 基本要求：1、 熟悉TCP/IP与各种流行P2P协议，熟悉DNS/HTTP协议，熟练使用ping、traceroute、tcpdump、wireshark等工具。2、熟练使用Linux系统，熟练掌握Linux下系统管理、磁盘管理、网络配置等基础配置。3、有脚本语言经验者优先，包括PERL/PYTHON/SHELL。4、有CDN/Cache（缓存）系统运维经验者优先。5、能吃苦耐劳，有专研精神，能够接受新事物。6、团队合作意识强，能够有效的进行沟通。                                                                           职位联系方式                                                       公司名称：北京树蛙科技有限公司 公司地址：海淀区蓝靛厂路88号空军指挥学院综合服务楼四层  传真： 公司主页：http://www.data-frog.com                                                          查看职位地图') ;
COMMIT;
INSERT INTO "User" ("Name","UserType","CreatedDatetime","UpdatedDatetime","Enabled")
                              VALUES ('630462325250007.htm',4,clock_timestamp(),clock_timestamp(),'t') ;
INSERT INTO "ZhilianUser" ("UserId","NickName","Type","Sex","City" ) VALUES(currval('"hero_reduce"."user_id_seq"'),'630462325250007.htm',0,'null','北京') ; INSERT INTO "JobPosition" ("UserId","Name","Address","Title","Salary","Description")
                          VALUES(currval('"hero_reduce"."user_id_seq"'),'630462325250007.htm','北京','软件工程师','4000-8000','必备经验和技能： 1、熟练掌握c/c++语言，熟悉GCC开发调试环境，熟练掌握STL库  2、熟悉SOCKET、IPC、多进程、多线程编程   3、熟悉mysql等数据库开发，熟练使用SQL语言 4、熟悉软件开发过程，有良好编程习惯                                理想经验技能： 1、熟悉SAMBA开发者优先 2、熟悉PAM开发者优先       3、熟悉Windows开发者优先                          性格特点：  肯学、踏实肯干、思路清晰、有团队合作精神                                  其它要求：  有良好的自学能力                                                                                                       职位联系方式                                                      公司名称：国瑞信安(北京)科技有限公司公司地址：北京市海淀区昆明湖南路9号南区7号楼301-01室 传真：公司主页：null') ;
COMMIT;
INSERT INTO "User" ("Name","UserType","CreatedDatetime","UpdatedDatetime","Enabled")
                              VALUES ('000405635252500.htm',4,clock_timestamp(),clock_timestamp(),'t') ;
INSERT INTO "ZhilianUser" ("UserId","NickName","Type","Sex","City" ) VALUES(currval('"hero_reduce"."user_id_seq"'),'000405635252500.htm',0,'null','北京-朝阳区') ; INSERT INTO "JobPosition" ("UserId","Name","Address","Title","Salary","Description")
                          VALUES(currval('"hero_reduce"."user_id_seq"'),'000405635252500.htm','北京-朝阳区','IT技术支持/维护工程师','','任职要求： 1、熟悉squid，Nginx的原理以及搭建；2、有存储的维护经验；3、熟练掌握shell脚本的编写，有一定运维自动化的能力；4、熟悉http协议，掌握常用header头的信息；   5、对网络知识有一定的了解，熟练使用wireshark，tcpdump等装包工具，并且有一定的分析能力；   6、大专及以上学历，1年以上工作经验。  工作职责： 1、日常对所负责的设备进行巡检，提前发现问题并能及时处理；2、负责设备的调优工作，保证客户良好的体验感；3、负责CDN服务的稳定性，能够独立处理客户所投诉的问题；4、严格按照部门要求以及客户要求，通过平台对设备部署配置；5、特殊情况下需要驻场支持，保证业务的稳定性。                                                                           职位联系方式                                                       公司名称：北京蓝汛通信技术有限责任公司 公司地址：北京市朝阳区酒仙桥北路7号电通时代广场三号楼A区  传真： 公司主页：http://www.chinacache.com                                                          查看职位地图') ;
COMMIT;
INSERT INTO "User" ("Name","UserType","CreatedDatetime","UpdatedDatetime","Enabled")
                              VALUES ('000016520263897.htm',4,clock_timestamp(),clock_timestamp(),'t') ;
INSERT INTO "ZhilianUser" ("UserId","NickName","Type","Sex","City" ) VALUES(currval('"hero_reduce"."user_id_seq"'),'000016520263897.htm',0,'null','北京') ; INSERT INTO "JobPosition" ("UserId","Name","Address","Title","Salary","Description")
                          VALUES(currval('"hero_reduce"."user_id_seq"'),'000016520263897.htm','北京','软件研发工程师','','岗位职责:1.开发以Linux为主的智能路由器的相关软件；2.分析产品需求，独立完成相关软件架构、代码设计及调适开发工作；3.根据项目进度，按时提交相关代码及技术文档。  任职资格:1.本科以上学历，计算机软件及相关专业；2.熟悉TCP/IP网络协议栈，对http协议有深刻理解； 熟悉智能路由器相关模块开发，1年以上openWRT软件开发经验；3.精通嵌入式Linux下C/C++开发，如进程与线程，文件系统，网络编程等；4.熟练掌握Luci语言编程者优先；有P2P开发经验者优先；有智能路由器上插件开发经验者优先。') ;
COMMIT;
INSERT INTO "User" ("Name","UserType","CreatedDatetime","UpdatedDatetime","Enabled")
                              VALUES ('132489231252046.htm',4,clock_timestamp(),clock_timestamp(),'t') ;
INSERT INTO "ZhilianUser" ("UserId","NickName","Type","Sex","City" ) VALUES(currval('"hero_reduce"."user_id_seq"'),'132489231252046.htm',0,'null','北京-海淀区') ; INSERT INTO "JobPosition" ("UserId","Name","Address","Title","Salary","Description")
                          VALUES(currval('"hero_reduce"."user_id_seq"'),'132489231252046.htm','北京-海淀区','高级软件工程师','','1.精通Linux程序设计、C/C++语言编程、TCP/IP网络编程，具备一种网络安全设备的开发经验；2.精通linux下进程间通信、多线程开发、网络编程等开发基础。 3.能应用C/C++语言和设计模式构建高性能、可扩展、稳健的产品。4.具有模块级分解和接口设计经验；5.对数据结构、算法设计、系统架构设计等有较为透彻的理解6.独立或带领小组按计划高质量完成模块开发任务7.有团队开发意识，吃苦耐劳，具备较强的技术专研和创新能力8.有1-2年信息安全产品设计开发经验者优先录用；                                                                           职位联系方式                                                       公司名称：北京鼎普科技股份有限公司 公司地址：北京市海淀区西小口66号东升科技园B-2楼6层  传真：57328111 公司主页：www.tipfocus.com') ;
COMMIT;
INSERT INTO "User" ("Name","UserType","CreatedDatetime","UpdatedDatetime","Enabled")
                              VALUES ('183921822250747.htm',4,clock_timestamp(),clock_timestamp(),'t') ;
INSERT INTO "ZhilianUser" ("UserId","NickName","Type","Sex","City" ) VALUES(currval('"hero_reduce"."user_id_seq"'),'183921822250747.htm',0,'null','北京-海淀区') ; INSERT INTO "JobPosition" ("UserId","Name","Address","Title","Salary","Description")
                          VALUES(currval('"hero_reduce"."user_id_seq"'),'183921822250747.htm','北京-海淀区','计算机硬件维护工程师','','职位描述：1、Unix、Linux系统的日常维护；2、磁盘阵列的日常维护；3、协助用户解决系统运行过程中出现的问题；4、收集整理信息系统设备资料定期汇报；5、信息系统的应急故障处理；6、对客户进行培训。任职要求： 1.两年以上Linux相关工作经验，良好的语言表达能力和沟通技能，有Linux运维工作经验者优先； 2.有HA或LB运维经验者优先；3.专科以上学历，计算机或自动化专业资格认证； 4.掌握一定的计算机软硬件理论知识，掌握一定的软硬件常见故障的解决方法；5.具有较强的专业技术能力，能独立分析和处理技术问题。 【丰厚的福利保障】1、各项补助：交通补助、通讯补助、午餐补助、出差补助；2、缴纳北京市规定的社会保险、住房公积金；3、公司为员工提供每年一次的员工体检；4、员工可享受带薪年假；5、员工均可在法定节假日享受丰厚节日礼品；6、公司为员工组织了丰富多彩的团队建设活动包括：春秋、秋游、羽毛球赛、年会、生日会；7、可为员工办理《北京市工作居住证》享受同北京市民的待遇；8、可为海外留学生、优秀的应届研究毕业生办理落户申请。【优越的地理位置】 公司位于海淀远大路繁华商业区，地铁10号线海淀长春桥站A出口仅3分钟路程，另有数十条公交线路途经。提供免费停车位。【广阔的发展空间】公司始终坚持“吸引人才、留住人才”的用人理念，在这里你可以尽情的展示自己的能力，挖掘自己的潜力。找到适合自己的职业发展通道。【和谐的企业文化】具有“尽责坚韧、求精创新”精神，热情友善、协作关爱，在敬业进取中实现自我价值， 是一支感恩、信任的团队。                                                                           职位联系方式                                                       公司名称：北京万相融通科技有限公司 公司地址：北京市海淀区远大路金源时代购物中心B区写字楼1509室（地铁十号线长春桥站）  传真： 公司主页：www.winsion.com.cn；www.winsion.net                                                          查看职位地图') ;
COMMIT;
INSERT INTO "User" ("Name","UserType","CreatedDatetime","UpdatedDatetime","Enabled")
                              VALUES ('209732211259623.htm',4,clock_timestamp(),clock_timestamp(),'t') ;
INSERT INTO "ZhilianUser" ("UserId","NickName","Type","Sex","City" ) VALUES(currval('"hero_reduce"."user_id_seq"'),'209732211259623.htm',0,'null','北京') ; INSERT INTO "JobPosition" ("UserId","Name","Address","Title","Salary","Description")
                          VALUES(currval('"hero_reduce"."user_id_seq"'),'209732211259623.htm','北京','IT技术支持/维护工程师','3000-5000','任职要求：  1. 熟练使用linux系统，简单SHELL脚本编写；2. 熟练操作oracle数据库、熟练掌握SQL语句；3. 具备局域网组网、建设能力，熟练掌握常用调试工具； 4. 熟悉网络环境，排除网络、服务器故障，处理路由问题； 5. 了解呼叫中心系统，有运维工作经验。                                                                           职位联系方式                                                       公司名称：北京荣新广育科技有限公司 公司地址：北京市海淀区中关村南大街甲56号方圆大厦  传真：010-68359635 公司主页：http://www.en-vfast.com/                                                          查看职位地图') ;
COMMIT;
INSERT INTO "User" ("Name","UserType","CreatedDatetime","UpdatedDatetime","Enabled")
                              VALUES ('524020320250032.htm',4,clock_timestamp(),clock_timestamp(),'t') ;
INSERT INTO "ZhilianUser" ("UserId","NickName","Type","Sex","City" ) VALUES(currval('"hero_reduce"."user_id_seq"'),'524020320250032.htm',0,'null','北京') ; INSERT INTO "JobPosition" ("UserId","Name","Address","Title","Salary","Description")
                          VALUES(currval('"hero_reduce"."user_id_seq"'),'524020320250032.htm','北京','软件工程师','','岗位职责： 1.能基于linux进行集群搭建，实现各种服务的安装、配置； 2.能根据需要进行定制化脚本（shell/python）的开发、测试； 3.可以对内核进行编译，对文件系统进行各种操作，针对需求对系统模块进行配置调优； 4. C++开发能力要求：熟悉多线程、Boost、分布式网络通信； 5.精通salt、puppet、chef等自动化配置部署工具，可以快速搭建，编写安装脚本，根据拓扑制定部署计划。 任职要求： 1、工作1年以上； 2、居住地点北京； 3、求职地点北京（简历中海淀和西北区优先） ；4、时间-最近一个月；5、本科以上学历（正规优先） ；6、求职岗位-开发                                                                           职位联系方式                                                       公司名称：北京路拓科创信息技术有限公司 公司地址：北京市海淀区大钟寺13号院1号楼（华杰大厦）6A15') ;
COMMIT;
INSERT INTO "User" ("Name","UserType","CreatedDatetime","UpdatedDatetime","Enabled")
                              VALUES ('524020320250034.htm',4,clock_timestamp(),clock_timestamp(),'t') ;
INSERT INTO "ZhilianUser" ("UserId","NickName","Type","Sex","City" ) VALUES(currval('"hero_reduce"."user_id_seq"'),'524020320250034.htm',0,'null','北京') ; INSERT INTO "JobPosition" ("UserId","Name","Address","Title","Salary","Description")
                          VALUES(currval('"hero_reduce"."user_id_seq"'),'524020320250034.htm','北京','IT技术支持/维护经理','','1.必选，熟悉主流Linux（redhat、ubuntu）系统下的基本命令操作（用户、文件权限管理等），及软件安装与升级（源码及二进制文件形式）； 2.必选，熟悉Linux平台下NFS、samba、LVM、apache、tomcat、mysql、bind9等常用服务配置，能够快速部署、配置及排错； 3.可选，熟悉至少一种脚本语言（perl/python/shell）,能够编写并使用脚本进行系统的日常基本维护； 4.可选，拥有批量部署维护类工具（puppet/chef/saltstack等）经验优先   任职要求： 1、工作1年以上； 2、居住地点北京； 3、求职地点北京； 4、时间-最近一个月； 5、专科以上学历（正规优先）； 6、求职岗位-开发、测试、运维                                                                           职位联系方式                                                       公司名称：北京路拓科创信息技术有限公司 公司地址：北京市海淀区大钟寺13号院1号楼（华杰大厦）6A15') ;
COMMIT;
INSERT INTO "User" ("Name","UserType","CreatedDatetime","UpdatedDatetime","Enabled")
                              VALUES ('139601787251025.htm',4,clock_timestamp(),clock_timestamp(),'t') ;
INSERT INTO "ZhilianUser" ("UserId","NickName","Type","Sex","City" ) VALUES(currval('"hero_reduce"."user_id_seq"'),'139601787251025.htm',0,'null','北京-海淀区') ; INSERT INTO "JobPosition" ("UserId","Name","Address","Title","Salary","Description")
                          VALUES(currval('"hero_reduce"."user_id_seq"'),'139601787251025.htm','北京-海淀区','软件研发工程师','','职位描述：1、智能视频监控产品研发，主要开发语言为C/C++；2、系统后端通迅以及数据库系统开发；3、底层设备开发或者服务器开发。岗位要求：1、计算机相关专业本科或以上学历；2、热爱开发编程工作，熟练使用C/C++语言；3、了解面向对象编程思想；4、熟练掌握多线程编程，熟练掌握socket等网络编程，熟悉网络通讯协议；5、两年以上Linux/windows/dsp平台的C或C++语言编程经验并熟悉常见开发框架；6、具有较强的责任心，良好的沟通能力和团队合作精神； 7、有了解SIP、SDP、MANSCDP、MANSRTSP协议者优先；8、有视频监控、流媒体经验者优先。                                                                           职位联系方式                                                       公司名称：北京文安科技发展有限公司 公司地址：AAA北京中关村东路8号东升大厦905A室  传真： 公司主页：www.vion-tech.com                                                          查看职位地图') ;
COMMIT;
INSERT INTO "User" ("Name","UserType","CreatedDatetime","UpdatedDatetime","Enabled")
                              VALUES ('192700316251649.htm',4,clock_timestamp(),clock_timestamp(),'t') ;
INSERT INTO "ZhilianUser" ("UserId","NickName","Type","Sex","City" ) VALUES(currval('"hero_reduce"."user_id_seq"'),'192700316251649.htm',0,'null','北京-东城区') ; INSERT INTO "JobPosition" ("UserId","Name","Address","Title","Salary","Description")
                          VALUES(currval('"hero_reduce"."user_id_seq"'),'192700316251649.htm','北京-东城区','系统工程师','','职位要求：1.5年以上工作经验；2.负责生产环境7x24稳定运行。3.掌握计算机系统和网络原理，熟悉tcp/ip协议原理、osi七层模型以及常见的网络协议和路由协议，熟悉常见交换机和防火墙配置。4.熟练使用linux系统，并能很快掌握新的开源技术。5.可以独立部署常见的应用和服务（linux下的LAMP/LNMP/ROR/NAT/SVN/tomcat/bind），熟悉常用linux集群系统，lvs、keepalived、RHCS等集群系统。6.linux系统调优，性能优化，独立编写批量部署shell脚本，和详细的部署文档，有良好的文档编写能力。7.对系统安全、网络安全、大型的网络故障和集群故障有一定的经验.。8.职业规划清晰，工作积极主动，敬业爱岗，良好的沟通能力，可以承受较大的工作压力。                                                                            职位联系方式                                                      公司名称：弘成科技发展有限公司 公司地址：北京市东城区东直门内北小街青龙胡同1号歌华大厦A401-413 电    话：010-84186655 传    真：010-84187331公司主页：http://www.chinaedu.net') ;
COMMIT;
INSERT INTO "User" ("Name","UserType","CreatedDatetime","UpdatedDatetime","Enabled")
                              VALUES ('174786810264168.htm',4,clock_timestamp(),clock_timestamp(),'t') ;
INSERT INTO "ZhilianUser" ("UserId","NickName","Type","Sex","City" ) VALUES(currval('"hero_reduce"."user_id_seq"'),'174786810264168.htm',0,'null','北京-海淀区') ; INSERT INTO "JobPosition" ("UserId","Name","Address","Title","Salary","Description")
                          VALUES(currval('"hero_reduce"."user_id_seq"'),'174786810264168.htm','北京-海淀区','软件工程师','','工作职责：  1. 进行嵌入式linux系统应用软件的设计、开发与维护；  2. 参与项目需求分析，编写软件设计文档和详细设计文档；  3. 根据公司技术文档规范编写相应的开发文档；  4. 根据产品需求修改完善软件。  任职要求：  1. 熟练使用C语言，熟悉ARM；  2. 熟练使用ARM下linux编译以及连接工具、调试工具；  3. 熟悉嵌入式linux系统构架，际进行过产品开发；  4. 熟悉嵌入式linux系统软件开发流程；熟悉linux应用软件的设计、开发与维护；  5. 了解嵌入式linux系统的驱动程序开发的开发；  6. 了解各种外围接口的协议，熟悉USB接口协议以及Ethernet的芯片设计优先；  7. 熟悉TI的DM36XDM38DM81XXDM64X系列开发者优先；  8. 本科以上学历，3年以上相关工作经验。                                                                            职位联系方式                                                      公司名称：大唐电信科技产业集团公司地址：北京市海淀区学院路40号 传真：公司主页：www.datanggroup.cn                                                          查看职位地图') ;
COMMIT;
INSERT INTO "User" ("Name","UserType","CreatedDatetime","UpdatedDatetime","Enabled")
                              VALUES ('209732211259214.htm',4,clock_timestamp(),clock_timestamp(),'t') ;
INSERT INTO "ZhilianUser" ("UserId","NickName","Type","Sex","City" ) VALUES(currval('"hero_reduce"."user_id_seq"'),'209732211259214.htm',0,'null','北京') ; INSERT INTO "JobPosition" ("UserId","Name","Address","Title","Salary","Description")
                          VALUES(currval('"hero_reduce"."user_id_seq"'),'209732211259214.htm','北京','IT技术支持/维护工程师','3000-5000','任职要求：  1. 熟练使用linux系统，简单SHELL脚本编写；2. 熟练操作oracle数据库、熟练掌握SQL语句；3. 具备局域网组网、建设能力，熟练掌握常用调试工具； 4. 熟悉网络环境，排除网络、服务器故障，处理路由问题； 5. 了解呼叫中心系统，有运维工作经验。                                                                           职位联系方式                                                       公司名称：北京荣新广育科技有限公司 公司地址：北京市海淀区中关村南大街甲56号方圆大厦  传真：010-68359635 公司主页：http://www.en-vfast.com/                                                          查看职位地图') ;
COMMIT;
INSERT INTO "User" ("Name","UserType","CreatedDatetime","UpdatedDatetime","Enabled")
                              VALUES ('145320862251533.htm',4,clock_timestamp(),clock_timestamp(),'t') ;
INSERT INTO "ZhilianUser" ("UserId","NickName","Type","Sex","City" ) VALUES(currval('"hero_reduce"."user_id_seq"'),'145320862251533.htm',0,'null','北京') ; INSERT INTO "JobPosition" ("UserId","Name","Address","Title","Salary","Description")
                          VALUES(currval('"hero_reduce"."user_id_seq"'),'145320862251533.htm','北京','软件研发工程师','','职位描述：  1、承担安全操作系统核心模块的设计研发工作；  2、负责操作系统底层和上层服务软件的研发、测试和调试，解决关键问题；  3、技术上带领并指导研发组开发人员进行代码开发/测试等工作；  4、进行产品调研、技术选型，确定安全操作系统的产品化路线。     任职资格：  1、   统招本科以上学历，计算机相关专业；  2、   2年以上Linux系统下C研发工作经验；  3、   熟悉Linux操作系统，具备数据结构、计算机原理、软件工程等知识；  4、   熟练使用C语言，掌握perl、shell、python等脚本语言之一；  5、   能够在一定压力下工作，积极主动、认真踏实、有良好的沟通能力和团队合作精神；  6、   CET-4。     福利待遇：五险一金、午餐补助、生日及结婚津贴、年休假、年度健康体检等。                                                                            职位联系方式                                                      公司地址：北京海淀区中关村南四街4号 北4号楼                                                          查看职位地图') ;
COMMIT;
INSERT INTO "User" ("Name","UserType","CreatedDatetime","UpdatedDatetime","Enabled")
                              VALUES ('145320862251630.htm',4,clock_timestamp(),clock_timestamp(),'t') ;
INSERT INTO "ZhilianUser" ("UserId","NickName","Type","Sex","City" ) VALUES(currval('"hero_reduce"."user_id_seq"'),'145320862251630.htm',0,'null','北京-海淀区') ; INSERT INTO "JobPosition" ("UserId","Name","Address","Title","Salary","Description")
                          VALUES(currval('"hero_reduce"."user_id_seq"'),'145320862251630.htm','北京-海淀区','高级软件工程师','','职位描述：1、负责基软产品部各产品线的核心研发工作；2、承担基软产品部各产品线的核心模块的设计研发工作；3、负责操作系统底层和上层服务软件的研发、测试和调试，解决关键问题。 任职资格：1、专科以上学历，计算机相关专业；2、3年以上Linux技术研发工作经验；3、熟悉Linux操作系统，具备数据结构、计算机原理、软件工程等知识；4、熟练使用C语言，掌握perl、shell、python等脚本语言之一；5、能够在一定压力下工作，积极主动、认真踏实、有良好的沟通能力和团队合作精神。   福利待遇：五险一金、午餐补助、生日及结婚津贴、年休假、年度健康体检等。                                                                           职位联系方式                                                       公司名称：中科方德软件有限公司 公司地址：北京市海淀区中关村南四街4号  公司主页：www.nfschina.com                                                          查看职位地图') ;
COMMIT;
INSERT INTO "User" ("Name","UserType","CreatedDatetime","UpdatedDatetime","Enabled")
                              VALUES ('443627026250038.htm',4,clock_timestamp(),clock_timestamp(),'t') ;
INSERT INTO "ZhilianUser" ("UserId","NickName","Type","Sex","City" ) VALUES(currval('"hero_reduce"."user_id_seq"'),'443627026250038.htm',0,'null','北京') ; INSERT INTO "JobPosition" ("UserId","Name","Address","Title","Salary","Description")
                          VALUES(currval('"hero_reduce"."user_id_seq"'),'443627026250038.htm','北京','系统集成工程师','10001-15000','职位描述：1.  深入了解彩票业务需求；2.  了解对Linux的技术发展趋势，规划体彩Liunx系统架构平台； 3.  日常的IBM/HP pc server、Linux系统相关的故障处理和维护； 4.  参与公司相关的项目实施。   任职资格： 1.  本科及以上学历，金融、电信、政府等重点行业经验优先；2.  良好的沟通能力和团队合作精神，具有较强的技术文档整理分析撰写能力，及良好的沟通能力，较强的责任心； 3.  熟悉Linux操作系统，能对常用服务和系统配置进行配置和修改，故障诊断和恢复 4.  具有3年以上Linux方面维护经验，熟悉虚拟机软件Hyper-v或vmware、xen; 5.  精通Linux Shell脚本语言,能够对Linux系统进行性能优化 6.  对IBM 或者HP pc server硬件架构有一定的了解； 具有红帽RHCSA和RHCE认证者优先；熟悉虚拟化应用者优先。                                                                           职位联系方式                                                       公司主页：www.yongzhuoli.com') ;
COMMIT;
INSERT INTO "User" ("Name","UserType","CreatedDatetime","UpdatedDatetime","Enabled")
                              VALUES ('665744022250012.htm',4,clock_timestamp(),clock_timestamp(),'t') ;
INSERT INTO "ZhilianUser" ("UserId","NickName","Type","Sex","City" ) VALUES(currval('"hero_reduce"."user_id_seq"'),'665744022250012.htm',0,'null','北京-朝阳区') ; INSERT INTO "JobPosition" ("UserId","Name","Address","Title","Salary","Description")
                          VALUES(currval('"hero_reduce"."user_id_seq"'),'665744022250012.htm','北京-朝阳区','软件研发工程师','','职位描述：  1、参与系统的需求调研和需求分析，详设概设，撰写相关技术文档；  2、搭建系统开发环境，完成系统框架和核心代码；  3、协助完成项目的测试、系统交付工作，对项目实施提供支持；  4、参与方案讨论和技术调研、负责方案升级、更新；      任职资格：  1、网络安全相关计算机或通信专业，本科及以上学历，并且至少1年的软件项目开发经验；  2、具备较长时间的在Linux下的标准C/C++编程经验，具备丰富的代码调试经验； 3、对网络协议分析（如smtp、pop3、ftp、http、QQ、MSN等应用协议）有经验者优先； 4、对云计算、虚拟化（Xen VMware、KVM等）、大数据有经验和兴趣者欢迎； 5、应届毕业生勿投，欢迎信息安全行业有经验者。                                                                            职位联系方式                                                      公司名称：北京市九域互联科技有限公司公司地址：朝阳区东三环中路39号建外soho西区17号楼1901 传真：公司主页：') ;
COMMIT;
INSERT INTO "User" ("Name","UserType","CreatedDatetime","UpdatedDatetime","Enabled")
                              VALUES ('665744022250013.htm',4,clock_timestamp(),clock_timestamp(),'t') ;
INSERT INTO "ZhilianUser" ("UserId","NickName","Type","Sex","City" ) VALUES(currval('"hero_reduce"."user_id_seq"'),'665744022250013.htm',0,'null','北京-朝阳区') ; INSERT INTO "JobPosition" ("UserId","Name","Address","Title","Salary","Description")
                          VALUES(currval('"hero_reduce"."user_id_seq"'),'665744022250013.htm','北京-朝阳区','软件研发工程师','','岗位职责  从事linux平台1GE/10GE网卡数据采集功能的驱动程序开发。  任职要求  1 熟悉Linux网卡驱动开发与调试，1年及以上驱动开发经验； 2 能熟练阅读英文文档，并有较强的学习能力； 3 熟悉libpcap/PF_RING网络采集工具者优先                                                                            职位联系方式                                                      公司名称：北京市九域互联科技有限公司公司地址：朝阳区东三环中路39号建外soho西区17号楼1901 传真：公司主页：') ;
COMMIT;
INSERT INTO "User" ("Name","UserType","CreatedDatetime","UpdatedDatetime","Enabled")
                              VALUES ('150965514250375.htm',4,clock_timestamp(),clock_timestamp(),'t') ;
INSERT INTO "ZhilianUser" ("UserId","NickName","Type","Sex","City" ) VALUES(currval('"hero_reduce"."user_id_seq"'),'150965514250375.htm',0,'null','北京') ; INSERT INTO "JobPosition" ("UserId","Name","Address","Title","Salary","Description")
                          VALUES(currval('"hero_reduce"."user_id_seq"'),'150965514250375.htm','北京','高级软件工程师','','岗位职责:    1）负责网络调度服务的设计、研发工作；    2）与各团队沟通协作，理解产品需求，对代码缺陷进行分析修复；    3）编写项目开发各阶段的文档；任职资格:    1）熟练掌握C/C++语言，熟悉常用数据结构及算法；    2）熟悉TCP/IP协议，应用层的DNS或HTTP等协议；    3）熟悉Linux操作系统；熟练掌握网络编程或内核网络编程、及常用网络协议的相关开发；熟练使用GCC,GDB等相关工具；    4）具有专研的精神、吃苦耐劳的精神和快速处理问题的能力；    5）具有团队意识；优先考虑：    1）有snmp编程优先；    2）对cacti/Nagios/Centreon/zabbix等开源系统的实现有研究者优先；    3）熟悉shell、perl等脚本编程；    4）有大并发、高性能后台服务器的开发经验；    5）有项目的分析或设计经验；    6）熟悉netfilter框架；    7）熟悉boost库的使用；    8）熟悉cdn业务；    9）具有mysql等数据库应用编程的经验；                                                                           职位联系方式                                                       公司名称：北京快网科技有限公司 公司地址：北京市朝阳区四惠东惠河南街1008－B四惠国际大厦2层2029室。（通惠河路南）  传真：85867657转2261 公司主页：www.fastweb.com.cn') ;
COMMIT;
INSERT INTO "User" ("Name","UserType","CreatedDatetime","UpdatedDatetime","Enabled")
                              VALUES ('150965514250386.htm',4,clock_timestamp(),clock_timestamp(),'t') ;
INSERT INTO "ZhilianUser" ("UserId","NickName","Type","Sex","City" ) VALUES(currval('"hero_reduce"."user_id_seq"'),'150965514250386.htm',0,'null','北京') ; INSERT INTO "JobPosition" ("UserId","Name","Address","Title","Salary","Description")
                          VALUES(currval('"hero_reduce"."user_id_seq"'),'150965514250386.htm','北京','高级软件工程师','','任职资格(必须):    1）熟悉TCP/IP协议簇，尤其应用层的HTTP协议，有linux http服务器端研发2年及以上经验；    2）熟悉Linux操作系统，熟练掌握linux网络及多进程、多线程程序设计；    3）熟练掌握C++语言，linux系统c++研发3年以上经验，熟练使用各种调试工具；优先考虑：    1）有大并发、高性能后台服务器的开发经验；    2）有项目的分析或设计经验；    3）熟悉cdn业务；    4）具有mysql等数据库应用编程的经验；                                                                           职位联系方式                                                       公司名称：北京快网科技有限公司 公司地址：北京市朝阳区四惠东惠河南街1008－B四惠国际大厦2层2029室。（通惠河路南）  传真：85867657转2261 公司主页：www.fastweb.com.cn') ;
COMMIT;
INSERT INTO "User" ("Name","UserType","CreatedDatetime","UpdatedDatetime","Enabled")
                              VALUES ('120123197277575.htm',4,clock_timestamp(),clock_timestamp(),'t') ;
INSERT INTO "ZhilianUser" ("UserId","NickName","Type","Sex","City" ) VALUES(currval('"hero_reduce"."user_id_seq"'),'120123197277575.htm',0,'null','北京') ; INSERT INTO "JobPosition" ("UserId","Name","Address","Title","Salary","Description")
                          VALUES(currval('"hero_reduce"."user_id_seq"'),'120123197277575.htm','北京','软件研发工程师','','职责1、作为主要开发人员致力于开发和设计网康领先的互联网应用技术产品；2、新应用C/C++语言和设计模式构建高性能、可扩展、稳健的产品；3、领导小组成员独立完成开发任务，协调小组任务分配；4、负责初级员工技术指导和培训。要求1、计算机科学或相关专业领域的本科及以上学历，本科2年以上，研究生1年以上的Linux系统开发经验；2、对Linux系统有深入了解，精通Linux/Unix下的C/C++开发；3、精通Linux应用系统开发,Linux网络开发；4、有独立工作的能力，同时具有团队合作的精神；5、有较强的责任感和进取精神；6、对工作富有激情，追求卓越品质，能够适应高强度工作。                                                                           职位联系方式                                                       公司名称：Randstad Talent 公司地址：上海市梅园路77号22楼  传真：86-21-60868688 公司主页：www.randstad.cn') ;
COMMIT;
INSERT INTO "User" ("Name","UserType","CreatedDatetime","UpdatedDatetime","Enabled")
                              VALUES ('000438008251395.htm',4,clock_timestamp(),clock_timestamp(),'t') ;
INSERT INTO "ZhilianUser" ("UserId","NickName","Type","Sex","City" ) VALUES(currval('"hero_reduce"."user_id_seq"'),'000438008251395.htm',0,'null','北京') ; INSERT INTO "JobPosition" ("UserId","Name","Address","Title","Salary","Description")
                          VALUES(currval('"hero_reduce"."user_id_seq"'),'000438008251395.htm','北京','软件工程师','','岗位职责： 1.  Linux平台下C++服务开发； 2.  较强的学习能力，能够通过模块日志分析并定位缺陷问题； 3.  能够按时完成开发任务，能够对现有产品功能提出优化建议； 4.  能够对原始需求进行分析生成相应实现方案； 5.  具备较强的沟通能力，能够与开发、支撑、测试等相关人员进行高效顺畅的交流。   任职资格要求： 1.    2年以上C++开发经验； 2.    2年以上Linux下软件开发经验，熟练掌握Linux下常用工具及命令； 3.    熟悉mysql、oracle等常用数据库； 4.    熟悉shell、python等脚本开发者优先；             5.  作严谨细致，有责任心，好学上进，善于思考，具备良好的文档书写能力。                                                                            职位联系方式                                                                                                                 查看职位地图') ;
COMMIT;
INSERT INTO "User" ("Name","UserType","CreatedDatetime","UpdatedDatetime","Enabled")
                              VALUES ('150965514250411.htm',4,clock_timestamp(),clock_timestamp(),'t') ;
INSERT INTO "ZhilianUser" ("UserId","NickName","Type","Sex","City" ) VALUES(currval('"hero_reduce"."user_id_seq"'),'150965514250411.htm',0,'null','北京') ; INSERT INTO "JobPosition" ("UserId","Name","Address","Title","Salary","Description")
                          VALUES(currval('"hero_reduce"."user_id_seq"'),'150965514250411.htm','北京','高级软件工程师','','1）精通C语言，掌握shell/python等一种脚本以上。2）熟悉Linux内核tcp/ip协议栈，掌握其TCP层源码。3）具备团队合作精神，积极的工作态度和较强的责任心，良好的沟通和学习能力。4）良好的文档编写能力与英文阅读能力。5）本科以上学历，5年以上linux内核开发经验。加分项:1）给开源项目贡献过代码。2）拥有个人技术博客。3）出版过相关技术书籍。                                                                            职位联系方式                                                      公司名称：北京快网科技有限公司公司地址：北京市朝阳区四惠东惠河南街1008－B四惠国际大厦2层2029室。（通惠河路南） 传真：85867657转2261公司主页：www.fastweb.com.cn') ;
COMMIT;
INSERT INTO "User" ("Name","UserType","CreatedDatetime","UpdatedDatetime","Enabled")
                              VALUES ('138717949251211.htm',4,clock_timestamp(),clock_timestamp(),'t') ;
INSERT INTO "ZhilianUser" ("UserId","NickName","Type","Sex","City" ) VALUES(currval('"hero_reduce"."user_id_seq"'),'138717949251211.htm',0,'null','北京-西城区') ; INSERT INTO "JobPosition" ("UserId","Name","Address","Title","Salary","Description")
                          VALUES(currval('"hero_reduce"."user_id_seq"'),'138717949251211.htm','北京-西城区','互联网产品经理/主管','','岗位职责： 1． Linux系统或linux集群系统下，大并发程序的设计开发； 2． 负责项目进度跟踪； 3． 软件设计、开发、测试方案提出与实现；  4． 设计、测试文档的完成 5． 为测试、产品提供技术支持 技能要求： 1． 计算机或数学相关专业本科以上学历； 2．  Linux下两年以上工作经验，熟悉shell编程，熟悉perl或python； 3． 熟悉常用算法，对操作系统了解深刻； 4．  熟悉数据库理论，并有经验； 5． Cet-4以上； 6． 良好的沟通能力                                                                            职位联系方式                                                                                                                查看职位地图') ;
COMMIT;
INSERT INTO "User" ("Name","UserType","CreatedDatetime","UpdatedDatetime","Enabled")
                              VALUES ('138717949251307.htm',4,clock_timestamp(),clock_timestamp(),'t') ;
INSERT INTO "ZhilianUser" ("UserId","NickName","Type","Sex","City" ) VALUES(currval('"hero_reduce"."user_id_seq"'),'138717949251307.htm',0,'null','北京-西城区') ; INSERT INTO "JobPosition" ("UserId","Name","Address","Title","Salary","Description")
                          VALUES(currval('"hero_reduce"."user_id_seq"'),'138717949251307.htm','北京-西城区','软件工程师','','岗位职责 1、负责CDN相关系统/模块的开发 2、负责相关领域域内的新技术跟踪 3、负责所开发系统/模块的跟踪优化 4、负责所开发系统/模块的相关技术文档撰写 职位要求 1、计算机及相关专业本科以上学历 2、两年以上Linux系统下网络编程经验 3、精通Linux 下C/C++开发调试 4、精通Linux网络编程 5、熟悉HTTP协议 6、有Cache Server开发经验者优先 7、熟悉Squid/Nginx/Lighttpd，有过相关模块的开发者优先 8、熟悉RTMP/RTSP/RTP等流媒体传输协议者优先 9、有良好的英语读写能力 10、良好的沟通能力和团队协作精神                                                                           职位联系方式                                                        公司名称：上海帝联信息科技股份有限公司 公司地址：北京市西城区北三环中路27号商房大厦531 传真： 公司主页：www.dnion.com                                                          查看职位地图') ;
COMMIT;
INSERT INTO "User" ("Name","UserType","CreatedDatetime","UpdatedDatetime","Enabled")
                              VALUES ('209732211256858.htm',4,clock_timestamp(),clock_timestamp(),'t') ;
INSERT INTO "ZhilianUser" ("UserId","NickName","Type","Sex","City" ) VALUES(currval('"hero_reduce"."user_id_seq"'),'209732211256858.htm',0,'null','北京') ; INSERT INTO "JobPosition" ("UserId","Name","Address","Title","Salary","Description")
                          VALUES(currval('"hero_reduce"."user_id_seq"'),'209732211256858.htm','北京','系统集成工程师','3000-5000','任职要求：1. 熟练使用linux系统，简单SHELL脚本编写；2. 熟练操作oracle数据库、熟练掌握SQL语句；3. 具备局域网组网、建设能力，熟练掌握常用调试工具；4. 熟悉网络环境，排除网络、服务器故障，处理路由问题；5. 了解呼叫中心系统，有运维工作经验。                                                                            职位联系方式                                                      公司名称：北京荣新广育科技有限公司公司地址：北京市海淀区中关村南大街甲56号方圆大厦 传真：010-68359635公司主页：http://www.en-vfast.com/                                                          查看职位地图') ;
COMMIT;
INSERT INTO "User" ("Name","UserType","CreatedDatetime","UpdatedDatetime","Enabled")
                              VALUES ('467717611252137.htm',4,clock_timestamp(),clock_timestamp(),'t') ;
INSERT INTO "ZhilianUser" ("UserId","NickName","Type","Sex","City" ) VALUES(currval('"hero_reduce"."user_id_seq"'),'467717611252137.htm',0,'null','北京') ; INSERT INTO "JobPosition" ("UserId","Name","Address","Title","Salary","Description")
                          VALUES(currval('"hero_reduce"."user_id_seq"'),'467717611252137.htm','北京','高级软件工程师','','工作职责：   Linux操作系统任职要求：  1.4年以上Linux/Unix系统下的C/C++开发经验；2.2年以上大规模系统开发和设计经验；3.熟悉AT&T汇编，熟练使用gdb等调试工具；4.裁剪过内核，熟悉内核架构以及编译流程；5.熟悉系统启动过程、熟悉应用程序及内核模块加载详细过程。                                                                            职位联系方式                                                      公司名称：北京奇虎科技有限公司公司地址：电子城国际电子总部 北京市朝阳区酒仙桥路6号院（电子城•国际电子总部）传真：公司主页：http://www.360.cn                                                          查看职位地图') ;
COMMIT;
INSERT INTO "User" ("Name","UserType","CreatedDatetime","UpdatedDatetime","Enabled")
                              VALUES ('000360455250070.htm',4,clock_timestamp(),clock_timestamp(),'t') ;
INSERT INTO "ZhilianUser" ("UserId","NickName","Type","Sex","City" ) VALUES(currval('"hero_reduce"."user_id_seq"'),'000360455250070.htm',0,'null','北京-朝阳区') ; INSERT INTO "JobPosition" ("UserId","Name","Address","Title","Salary","Description")
                          VALUES(currval('"hero_reduce"."user_id_seq"'),'000360455250070.htm','北京-朝阳区','IT技术支持/维护工程师','','1、熟悉常用数据结构与算法；2、熟悉Linux平台开发（C++/C/shell脚本）；3、熟悉Linux系统管理；4、了解操作系统原理（进程、线程、内存、设备管理等）；5、了解数据库理论，至少熟悉一种DBMS；6、了解TCP/IP及Socket编程；7、良好的沟通能力，抗压能力，责任感强；                                                                            职位联系方式                                                      公司名称：北京昆河宝珍音响科技有限公司公司地址：北京市朝阳区望京利泽西街北小河公园北门左侧红楼二层 传真：010 85282077公司主页：http://www.kunhap.com                                                          查看职位地图') ;
COMMIT;
INSERT INTO "User" ("Name","UserType","CreatedDatetime","UpdatedDatetime","Enabled")
                              VALUES ('563319622250002.htm',4,clock_timestamp(),clock_timestamp(),'t') ;
INSERT INTO "ZhilianUser" ("UserId","NickName","Type","Sex","City" ) VALUES(currval('"hero_reduce"."user_id_seq"'),'563319622250002.htm',0,'null','北京-海淀区') ; INSERT INTO "JobPosition" ("UserId","Name","Address","Title","Salary","Description")
                          VALUES(currval('"hero_reduce"."user_id_seq"'),'563319622250002.htm','北京-海淀区','高级软件工程师','','岗位职责1、从事嵌入式系统中c/c++网络程序、协议开发工作2、从事嵌入式系统中linux平台下开源模块的移植和开发任职资格：1、计算机及相关专业毕业，大学本科以上学历2、有嵌入式linux软件研发经验，熟悉C/C++语言，熟练掌握linux下c/c++开发调试工具，交叉编译工具3、熟悉网络通信基本知识，熟悉socket网络编程4、有过交换芯片研发/无线路由产品研发/嵌入式网管协议开发/电信网关研发任一经验者优先考虑                                                                            职位联系方式                                                      公司名称：四川九州电子科技股份有限公司北京技术中心公司地址：北京海淀区上地三街9号嘉华大厦E座10层 传真：公司主页：') ;
COMMIT;
INSERT INTO "User" ("Name","UserType","CreatedDatetime","UpdatedDatetime","Enabled")
                              VALUES ('563319622250004.htm',4,clock_timestamp(),clock_timestamp(),'t') ;
INSERT INTO "ZhilianUser" ("UserId","NickName","Type","Sex","City" ) VALUES(currval('"hero_reduce"."user_id_seq"'),'563319622250004.htm',0,'null','北京-海淀区') ; INSERT INTO "JobPosition" ("UserId","Name","Address","Title","Salary","Description")
                          VALUES(currval('"hero_reduce"."user_id_seq"'),'563319622250004.htm','北京-海淀区','高级软件工程师','','任职资格： 1、本科及以上学历，计算机、通信及相关专业，1年以上软件研发工作经验； 2、有嵌入式linux软件研发经验，熟悉C/C++语言； 3、有系统的数据通信知识，熟悉socket网络编程； 4、熟悉VOIP技术，熟悉SIP、H.248、H.323、RTP/RTCP、STUN协议； 5、具备SIP、H.248相关协议开发经验，有产品化经验者优先考虑； 6、工作态度要求认真、仔细，有高度责任心和敬业精神，良好的团队意识和沟通能力。                                                                            职位联系方式                                                      公司名称：四川九州电子科技股份有限公司北京技术中心公司地址：北京海淀区上地三街9号嘉华大厦E座10层 传真：公司主页：') ;
COMMIT;
INSERT INTO "User" ("Name","UserType","CreatedDatetime","UpdatedDatetime","Enabled")
                              VALUES ('563319622250005.htm',4,clock_timestamp(),clock_timestamp(),'t') ;
INSERT INTO "ZhilianUser" ("UserId","NickName","Type","Sex","City" ) VALUES(currval('"hero_reduce"."user_id_seq"'),'563319622250005.htm',0,'null','北京-海淀区') ; INSERT INTO "JobPosition" ("UserId","Name","Address","Title","Salary","Description")
                          VALUES(currval('"hero_reduce"."user_id_seq"'),'563319622250005.htm','北京-海淀区','高级软件工程师','','1、本科及以上学历，计算机、通信及相关专业，2年以上PON产品相关开发经验； 2、有1年以上嵌入式linux软件研发经验，精通C语言； 3、有系统的数据通信知识，精通二层、三层网络设备工作原理 4、具备EPON/GPON产品软件开发工作经验，有过PON互通OAM/OMCI接口经验者; 5、工作态度要求认真、仔细，有高度责任心和敬业精神，良好的团队意识和沟通能力。                                                                            职位联系方式                                                      公司名称：四川九州电子科技股份有限公司北京技术中心公司地址：北京海淀区上地三街9号嘉华大厦E座10层 传真：公司主页：') ;
COMMIT;
INSERT INTO "User" ("Name","UserType","CreatedDatetime","UpdatedDatetime","Enabled")
                              VALUES ('678535923250171.htm',4,clock_timestamp(),clock_timestamp(),'t') ;
INSERT INTO "ZhilianUser" ("UserId","NickName","Type","Sex","City" ) VALUES(currval('"hero_reduce"."user_id_seq"'),'678535923250171.htm',0,'null','北京') ; INSERT INTO "JobPosition" ("UserId","Name","Address","Title","Salary","Description")
                          VALUES(currval('"hero_reduce"."user_id_seq"'),'678535923250171.htm','北京','软件工程师','','岗位职责：1、Linux内核和驱动的分析和设计工作；2、Linux驱动的编码和调试工作；3、Bootloader的设计和编码调试工作；4、对Android下的linux内核提出优化建议和实施方法；5、系统烧录和升级的方案设计及实施工作。 职位要求：1、计算机、电子信息、通信工程等相关专业，本科以上学历，2年以上内核和驱动开发经验，具有一个以上的产品开发经验；2、精通C语言，了解ARM汇编语言；3、熟悉Linux内核架构和驱动模型，如ALSA、V4L2、Input system等，有LCD、TouchPanel、Camera、USB、SDIO/MMC、 BT/WIFI/GPS、AudioCodec、PMIC等三种以上设备驱动的开发经验；4、熟练使用提升内核稳定性的手段和工具。                                                                           职位联系方式                                                       公司名称：红板凳科技股份有限公司 公司地址：北京市海淀区安宁庄东路18号 传真：010-82938566 公司主页：                                                          查看职位地图') ;
COMMIT;
INSERT INTO "User" ("Name","UserType","CreatedDatetime","UpdatedDatetime","Enabled")
                              VALUES ('627626422250012.htm',4,clock_timestamp(),clock_timestamp(),'t') ;
INSERT INTO "ZhilianUser" ("UserId","NickName","Type","Sex","City" ) VALUES(currval('"hero_reduce"."user_id_seq"'),'627626422250012.htm',0,'null','北京') ; INSERT INTO "JobPosition" ("UserId","Name","Address","Title","Salary","Description")
                          VALUES(currval('"hero_reduce"."user_id_seq"'),'627626422250012.htm','北京','软件工程师','6000-10000','职位：LINUX C/C++ 开发软件工程师任职要求：1.熟悉C/C++开发，熟悉shell脚本 2.熟悉Linux常用操作命令 3.熟悉Oracle数据库开发4.熟悉Hbase或Redis最佳（可选）5.熟悉WEBService或JSON最佳（可选）                                                                             职位联系方式') ;
COMMIT;
INSERT INTO "User" ("Name","UserType","CreatedDatetime","UpdatedDatetime","Enabled")
                              VALUES ('312430612250472.htm',4,clock_timestamp(),clock_timestamp(),'t') ;
INSERT INTO "ZhilianUser" ("UserId","NickName","Type","Sex","City" ) VALUES(currval('"hero_reduce"."user_id_seq"'),'312430612250472.htm',0,'null','北京-海淀区') ; INSERT INTO "JobPosition" ("UserId","Name","Address","Title","Salary","Description")
                          VALUES(currval('"hero_reduce"."user_id_seq"'),'312430612250472.htm','北京-海淀区','网络工程师','','岗位职责： 1、负责公司网络故障的处理（包括突发性和非突发性网络故障）和后续解决措施； 2、负责公司网络设备和服务器的采购选型、测试； 3、负责公司服务器的故障处理和日常运维； 4、负责公司网络规划方案，核心网络设备配置的调优和备份（如核心交换机、核心负载均衡设备)；保证核心业务网络、办公网络正常使用 5、负责公司办公机房和办公网络的层次化网络架构设计、搭建、升级和改造维护 任职资历 能力/素质要求：2年以上运维工作经验； 1、能够进行日常简单网络故障排除 2、了解当前主流服务器和PC机硬件，可以根据业务需要配置或选购设备 3、具备Linux管理基础，熟练掌握常用命令，能够独立安装操作系统。 4 、能够内部DNS服务进行基本的变更；通过NTP时间服务保持服务器时间同步 5、熟练使用 MRTG/CACTI/Ganglia等监控工具，熟悉网络设备、服务器等性能监控和调优 6、了解CISCO等主流网络设备，能够进行最基本的 NAT 映射等日常操作 7、有CCNA资质及以上资质和服务器运维经验者优先                                                                           职位联系方式                                                       公司名称：优讯时代(北京)网络技术有限公司 公司地址：北京市海淀区上地五街7号昊海大厦208室  传真： 公司主页：www.uuwatch.com                                                          查看职位地图') ;
COMMIT;
INSERT INTO "User" ("Name","UserType","CreatedDatetime","UpdatedDatetime","Enabled")
                              VALUES ('000426024250808.htm',4,clock_timestamp(),clock_timestamp(),'t') ;
INSERT INTO "ZhilianUser" ("UserId","NickName","Type","Sex","City" ) VALUES(currval('"hero_reduce"."user_id_seq"'),'000426024250808.htm',0,'null','北京') ; INSERT INTO "JobPosition" ("UserId","Name","Address","Title","Salary","Description")
                          VALUES(currval('"hero_reduce"."user_id_seq"'),'000426024250808.htm','北京','软件工程师','','岗位职责：   1.   负责Linux平台下应用程序研发及维护工作。   2.   负责软件项目、模块的需求分析、设计、编码实现、验证。  3.   根据公司技术文档规范编写相应的技术文档。   4.   根据需要不断修改完善软件。    任职资格：   1.   计算机或信号处理等相关专业硕士及以上学历。  2.   精通C/C++语言编程，熟练使用 Linux 操作系统。  3.   精通 Linux 环境下的内核驱动开发和移植。  4.   具有雷达信号处理相关专业背景的优先考虑。  5.   热爱软件开发工作、具有较强的学习能力、创新能力、沟通能力和团队意识。       备注：  1.解决北京户口  2.工作地点：此岗位工作点位于北京中关村环保科技示范园（北京海淀区地锦路7号院10号楼），公司在西三旗、龙泽、生命科学园地铁站设班车站点。  3.薪酬福利待遇：五险一金 年终奖 餐补 通讯费 过节费 班车 法定假日及年假 旅游及培训机会 高温补助等等；  入职后将提供良好的薪酬福利待遇及职业发展通道。                                                                                  职位联系方式                                                      公司名称：北京海兰信数据科技股份有限公司公司地址：北京市海淀区清华大学清华科技园科技大厦C座1902 北京市海淀区地锦路7号院10号楼(中关村环保科技示范园)传真：82150083公司主页：http://www.highlander.com.cn                                                          查看职位地图') ;
COMMIT;
INSERT INTO "User" ("Name","UserType","CreatedDatetime","UpdatedDatetime","Enabled")
                              VALUES ('212804513250594.htm',4,clock_timestamp(),clock_timestamp(),'t') ;
INSERT INTO "ZhilianUser" ("UserId","NickName","Type","Sex","City" ) VALUES(currval('"hero_reduce"."user_id_seq"'),'212804513250594.htm',0,'null','北京-海淀区') ; INSERT INTO "JobPosition" ("UserId","Name","Address","Title","Salary","Description")
                          VALUES(currval('"hero_reduce"."user_id_seq"'),'212804513250594.htm','北京-海淀区','软件工程师','','1、本岗必备的知识、技能、经验等：（1）具有嵌入式Linux/VxWorks系统移植和驱动开发经验，能够独立完成Linux系统/VxWorks移植及相关接口驱动开发，能够独立完成U-BOOT/bsp的移植、开发；（2）熟悉至少一种32位嵌入式处理器平台构架；（3）具有团队合作精神，责任心强。2、主要职责和工作内容：（1）负责产品或项目嵌入式软件的设计和开发；（2）负责产品或项目嵌入式软件交付和系统联调；（3）负责产品或项目嵌入式软件工程的整理和存档。3、其他相关要求：有军工行业工作经验者优先考虑。                                                                            职位联系方式                                                      公司名称：北京国基科技股份有限公司公司地址：北京市海淀区上地七街1号 汇众大厦1-A座 3层 研发中心地址：北京市海淀区上地七街信息路1号 国际创业园 A座4层传真：010-82895211公司主页：www.bnc.com.cn                                                          查看职位地图') ;
COMMIT;
INSERT INTO "User" ("Name","UserType","CreatedDatetime","UpdatedDatetime","Enabled")
                              VALUES ('649636625250371.htm',4,clock_timestamp(),clock_timestamp(),'t') ;
INSERT INTO "ZhilianUser" ("UserId","NickName","Type","Sex","City" ) VALUES(currval('"hero_reduce"."user_id_seq"'),'649636625250371.htm',0,'null','北京') ; INSERT INTO "JobPosition" ("UserId","Name","Address","Title","Salary","Description")
                          VALUES(currval('"hero_reduce"."user_id_seq"'),'649636625250371.htm','北京','嵌入式软件开发','','任职条件： 1.熟悉嵌入式系统软件开发 2.相关实际产品独立开发经验 3.逻辑思维严谨，责任心强，做事积极主动，有团队合作精神，勤奋敬业 4.本科或本科以上学历，电力系统自动化、电子工程、电子通信、计算机应用、电子仪器等相关专业毕业 5.有现场总线或工业以太网开发经验者优先 6.有工业自动化行业背景更佳公司福利待遇 1、工作时间:　9：00―18：00（8小时工作制） 2、根据员工的岗位及能力为员工提供业内富有市场竞争力的薪酬，同时会对绩效表现持续优秀的员工进行薪酬调整； 3、法律规定的公休假日及婚假、产假等法定休假； 4、生日礼物、节日礼物、结婚礼金等。 5、定期组织员工活动                                                                            职位联系方式                                                      公司名称：创新工厂科技有限公司公司地址：北京市朝阳区安定门外安苑北里29号 传真：公司主页：null') ;
COMMIT;
INSERT INTO "User" ("Name","UserType","CreatedDatetime","UpdatedDatetime","Enabled")
                              VALUES ('659645427250043.htm',4,clock_timestamp(),clock_timestamp(),'t') ;
INSERT INTO "ZhilianUser" ("UserId","NickName","Type","Sex","City" ) VALUES(currval('"hero_reduce"."user_id_seq"'),'659645427250043.htm',0,'null','北京-海淀区') ; INSERT INTO "JobPosition" ("UserId","Name","Address","Title","Salary","Description")
                          VALUES(currval('"hero_reduce"."user_id_seq"'),'659645427250043.htm','北京-海淀区','IT技术支持/维护工程师','','2年以上Linux系统管理经验精通CentOS，熟练bash操作熟悉python，了解MySQL精通网络管理，熟悉L3交换的软件技术有RAID、ISCSI等存储方面的经验精通英语，对开源技术的英文资料有极强的阅读能力勤奋、刻苦，善于自学诚实、正直，良好的团队合作精神                                                                            职位联系方式                                                      公司名称：北京壹号车科技有限公司公司地址：海淀区西二旗  盈创动力大厦E座801C 传真：公司主页：www.che001.com                                                          查看职位地图') ;
COMMIT;
INSERT INTO "User" ("Name","UserType","CreatedDatetime","UpdatedDatetime","Enabled")
                              VALUES ('340293310250236.htm',4,clock_timestamp(),clock_timestamp(),'t') ;
INSERT INTO "ZhilianUser" ("UserId","NickName","Type","Sex","City" ) VALUES(currval('"hero_reduce"."user_id_seq"'),'340293310250236.htm',0,'null','北京') ; INSERT INTO "JobPosition" ("UserId","Name","Address","Title","Salary","Description")
                          VALUES(currval('"hero_reduce"."user_id_seq"'),'340293310250236.htm','北京','系统工程师','','岗位职责：1、对电信运营商linux系统服务器进行巡检；2、对检查内存使用率、硬盘进行监控；3、查看系统日志；4、协助主管处理简单问题、排除故障；岗位要求：1、 本科以上学历； 2、 熟悉linux系统操作； 3、 熟悉whaup niagis cacti MRTG 等监控软件；4、 能快速解决linux下的故障,熟悉shell脚本； 5、 有一定IDC监控经验或RCHE认证优先考虑；6、 能够适应7*24小时倒班工作；7、 英语4级以上优先；                                                                            职位联系方式                                                      公司名称：北京科迈网通讯技术有限公司公司地址：北京市海淀区上地十街辉煌国际1号楼1702 传真：59713475公司主页：www.comexe.cc                                                          查看职位地图') ;
COMMIT;
INSERT INTO "User" ("Name","UserType","CreatedDatetime","UpdatedDatetime","Enabled")
                              VALUES ('229227326250088.htm',4,clock_timestamp(),clock_timestamp(),'t') ;
INSERT INTO "ZhilianUser" ("UserId","NickName","Type","Sex","City" ) VALUES(currval('"hero_reduce"."user_id_seq"'),'229227326250088.htm',0,'null','北京-海淀区') ; INSERT INTO "JobPosition" ("UserId","Name","Address","Title","Salary","Description")
                          VALUES(currval('"hero_reduce"."user_id_seq"'),'229227326250088.htm','北京-海淀区','系统工程师','2001-4000','岗位职责： 配合开发完成工作目标 负责线上服务器的软、硬件环境的部署和维护 对线上服务器的日常监控，各类数据的备份，同步和灾难性恢复等工作 协助做一些渗透测试  任职要求： 熟悉Unix/Linux 系统安装、配置以及安全配置 了解Linux系统管理和常用应用(Apache，Nginx，MySql，FTP,samba ) 了解主流数据库（mysql, sqlserver, mongodb, sqlite等），对数据库的部署及优化有一定了解 掌握shell、python脚本编程, 对其它语言有良好的学习能力 熟悉TCP/IP网络协议，路由、交换等网络技术理论 了解常用监控系统配置，如：Nagios、Cacti、Zabbix等 了解自动化运维工具puppet等  其它： 无学历要求 学习能力强 对安全运维感兴趣 有RHCE证书或者同等能力优先 有CCNA证书或者同等能力优先                                                                            职位联系方式                                                       公司名称：北京山海诚信科技有限公司 公司地址：北京海淀区西二旗中路领秀新硅谷B区72栋104 西二旗地铁东行1000米                                                          查看职位地图') ;
COMMIT;
INSERT INTO "User" ("Name","UserType","CreatedDatetime","UpdatedDatetime","Enabled")
                              VALUES ('120203340251412.htm',4,clock_timestamp(),clock_timestamp(),'t') ;
INSERT INTO "ZhilianUser" ("UserId","NickName","Type","Sex","City" ) VALUES(currval('"hero_reduce"."user_id_seq"'),'120203340251412.htm',0,'null','北京') ; INSERT INTO "JobPosition" ("UserId","Name","Address","Title","Salary","Description")
                          VALUES(currval('"hero_reduce"."user_id_seq"'),'120203340251412.htm','北京','IT技术支持/维护工程师','','岗位要求：1、具有良好的计算机操作系统基础知识、掌握tcp/ip 7层协议设备。2、熟悉redhat/centos linux  操作系统，熟悉linux下各种系统管理命令的使用。3、能书写常用的shell及python，能熟练使用python进行编程优先。4、熟悉mysql数据库日常管理，数据库复制技术，各种常用SQL命令的书写，了解redis等NOSQL。5、熟悉kvm、xenserver等虚拟化技术,掌握相关的灾备方案。6、能熟悉openstack云架构，进行过实际项目开发或部署优先。7、了解NAS/SAN存储系统，熟悉ceph、GlusterFS、hadoop等分布式存储系统优先。岗位优势：1、能参与到公司公有云平台的建设，有机会接触最新的云计算技术。2、良好的技术氛围，我们对于技术有开放的态度，良好的内部沟通学习机制。3、参与到虚拟主机产品的优化、接触到无线互联网的优化与运维技术。                                                                            职位联系方式                                                      公司名称：北京新网互联科技有限公司公司地址：北京市海淀区清华科技园科技大厦A座20层 传真：公司主页：http://www.dns.com.cn') ;
COMMIT;
INSERT INTO "User" ("Name","UserType","CreatedDatetime","UpdatedDatetime","Enabled")
                              VALUES ('661621823250063.htm',4,clock_timestamp(),clock_timestamp(),'t') ;
INSERT INTO "ZhilianUser" ("UserId","NickName","Type","Sex","City" ) VALUES(currval('"hero_reduce"."user_id_seq"'),'661621823250063.htm',0,'null','北京-朝阳区') ; INSERT INTO "JobPosition" ("UserId","Name","Address","Title","Salary","Description")
                          VALUES(currval('"hero_reduce"."user_id_seq"'),'661621823250063.htm','北京-朝阳区','网络工程师','','岗位职责：1.负责机网站服务器的管理配置，安全维护，优化配置，为开发人员配置   好服务器开发环境；2.负责系统网络的拓扑图的建立和完善，并做好系统路由的解析和资料的   整理；3.负责公司网络的健康运转，维护公司内部网络环境5.负责对网络障碍的分析维护，及时处理和解决网络中出现的问题；岗位要求：1.大专以上学历，计算机、通信等相关专业；2.两年以上公司网络管理员工作经验；3.熟悉日常服务器设备，具备故障诊断和处理能力；4.精通linux/unix操作系统，apache、nginx、linux（centons）,php,mysql;调优，安全的配置，分布式的配置；5.具有SQL Server等主流数据库维护经验；6.具备良好的职业道德与工作态度，善于沟通。                                                                           职位联系方式                                                       公司名称：影藤时代（北京）信息技术有限公司 公司地址：北京市朝阳区东四环北路6号1区阳光上东滨河花园1号楼1-              601 公司电话：010-52321187 传真： 公司主页： http://www.ynten.com                                                          查看职位地图') ;
COMMIT;
INSERT INTO "User" ("Name","UserType","CreatedDatetime","UpdatedDatetime","Enabled")
                              VALUES ('652802821250020.htm',4,clock_timestamp(),clock_timestamp(),'t') ;
INSERT INTO "ZhilianUser" ("UserId","NickName","Type","Sex","City" ) VALUES(currval('"hero_reduce"."user_id_seq"'),'652802821250020.htm',0,'null','北京-海淀区') ; INSERT INTO "JobPosition" ("UserId","Name","Address","Title","Salary","Description")
                          VALUES(currval('"hero_reduce"."user_id_seq"'),'652802821250020.htm','北京-海淀区','电子技术研发工程师','','岗位职责 1.负责软件设计和程序模块的编码 2.负责技术文档的编写 3.负责公司产品平台的开发   任职资格 1.本科以上学历，计算机（有工业背景），自动化，机电一体化等相关专业2.三年以上工作经验，精通Linux，VS，C/C++3.精通Linux操作系统，掌握shell4.精通Window环境和Linux环境下C语言编程5.对工业通讯协议了解，掌握EtherCAT者优先考虑6.英语四级及以上水平，听说能力强者优先考虑7.良好文档编写能力，具有优良的编程风格和习惯8.富于团队精神和敬业精神，具有良好的自学能力、有良好的沟通能力和独立解决问题的能力.                                                                             职位联系方式                                                      公司名称：温州博纳激光科技有限公司北京分公司公司地址：北京市海淀区农大南路1号院2号楼3层办公B-323 传真：公司主页：null') ;
COMMIT;
INSERT INTO "User" ("Name","UserType","CreatedDatetime","UpdatedDatetime","Enabled")
                              VALUES ('212804513250596.htm',4,clock_timestamp(),clock_timestamp(),'t') ;
INSERT INTO "ZhilianUser" ("UserId","NickName","Type","Sex","City" ) VALUES(currval('"hero_reduce"."user_id_seq"'),'212804513250596.htm',0,'null','北京-海淀区') ; INSERT INTO "JobPosition" ("UserId","Name","Address","Title","Salary","Description")
                          VALUES(currval('"hero_reduce"."user_id_seq"'),'212804513250596.htm','北京-海淀区','软件研发工程师','','1、本岗必备的知识、技能、经验等：（1）3年以上C语言软件开发经验（Linux平台）；（2）熟练使用Linux开发工具，熟悉Linux基本操作；（3）熟悉网络编程，熟练运用socket等API编程；（4）熟练掌握多线程编程技术，数据库编程接口；（5）具有较强的技术文档编写能力，有良好的团队协作能力和沟通能力；（6）主动性强、能够承受较大的工作压力，勇于面对困难和接受挑战。2、主要职责和工作内容：（1）负责集群调度系统应用软件的开发；（2）分布式系统的开发、升级、性能优化工作；（3）根据需求文档，编写项目概要设计、详细设计以及其他项目相关的设计文档；（4）独立完成所分模块的设计、开发、测试工作；（5）搭建开发环境、系统部署、调试和集成；（6）参与新技术的调研。                                                                            职位联系方式                                                      公司名称：北京国基科技股份有限公司公司地址：北京市海淀区上地七街1号 汇众大厦1-A座 3层 研发中心地址：北京市海淀区上地七街信息路1号 国际创业园 A座4层传真：010-82895211公司主页：www.bnc.com.cn                                                          查看职位地图') ;
COMMIT;
INSERT INTO "User" ("Name","UserType","CreatedDatetime","UpdatedDatetime","Enabled")
                              VALUES ('242351419251901.htm',4,clock_timestamp(),clock_timestamp(),'t') ;
INSERT INTO "ZhilianUser" ("UserId","NickName","Type","Sex","City" ) VALUES(currval('"hero_reduce"."user_id_seq"'),'242351419251901.htm',0,'null','北京-海淀区') ; INSERT INTO "JobPosition" ("UserId","Name","Address","Title","Salary","Description")
                          VALUES(currval('"hero_reduce"."user_id_seq"'),'242351419251901.htm','北京-海淀区','高级软件工程师','','岗位职责：网络安全相关产品的设计、数学建模开发实现及维护。1.按照规范编写模块详细设计文档；2.根据设计文档编写代码；3.编写单元测试用例进行自测；4.完成测试反馈问题的BUG修改；5.协助项目经理完成技术支持工作。岗位要求：1.男，本科硕士学历均可，专业：计算机、数学、物理、电子相关专业；通过CET-6;2.精通标准C语言编程，熟悉Linux环境下C语言程序开发流程； 3.熟悉Linux系统的基本操作，熟悉Linux内核体系结构； 4.熟悉TCP/IP等网络通信协议； 5.有下列开发经验者优先：嵌入式系统开发；安全或数通产品开发。                                                                            职位联系方式                                                      公司名称：北京启明星辰信息安全技术有限公司公司地址：北京市海淀区东北旺西路8号中关村软件园21号启明星辰大厦 传真：公司主页：                                                          查看职位地图') ;
COMMIT;
INSERT INTO "User" ("Name","UserType","CreatedDatetime","UpdatedDatetime","Enabled")
                              VALUES ('144345238250243.htm',4,clock_timestamp(),clock_timestamp(),'t') ;
INSERT INTO "ZhilianUser" ("UserId","NickName","Type","Sex","City" ) VALUES(currval('"hero_reduce"."user_id_seq"'),'144345238250243.htm',0,'null','北京-朝阳区') ; INSERT INTO "JobPosition" ("UserId","Name","Address","Title","Salary","Description")
                          VALUES(currval('"hero_reduce"."user_id_seq"'),'144345238250243.htm','北京-朝阳区','软件研发工程师','','Linux C 开发工程师 职位要求：            岗位职责           1、在上级主管的指导下，完成所分配模块的开发工作；           2、在上级主管的指导下完成模块详细设计文档的编制工作；           3、承担高质量代码的实现过程，并独立完成单元测试；                     专业技能           1、计算机软件及相关专业本科及以上，良好的专业背景知识           2、熟悉C/C++语言、gcc/g++开发环境，gdb程序调试；          3、熟练使用PRO*C开发；熟悉主流关系数据库应用开发；           4、熟悉Linux操作系统，熟练使用shell脚本语言；           5、熟练掌握socket编程和数据库编程；                  6、熟练掌握多线程开发，熟悉线程同步/进程同步/进程间通讯技术。           工作态度           1、富有激情，能积极影响团队成员追求卓越；           2、具有责任感，自我驱动，良好的解决问题能力和沟通协调能力；           3、能承受较大的工作压力。                                                                            职位联系方式                                                      公司名称：开联信息技术有限公司公司地址：北京市朝阳区望京阜通东大街北口方恒国际A座10层 传真：公司主页：http://www.openunion.cn                                                          查看职位地图') ;
COMMIT;
INSERT INTO "User" ("Name","UserType","CreatedDatetime","UpdatedDatetime","Enabled")
                              VALUES ('000104360250479.htm',4,clock_timestamp(),clock_timestamp(),'t') ;
INSERT INTO "ZhilianUser" ("UserId","NickName","Type","Sex","City" ) VALUES(currval('"hero_reduce"."user_id_seq"'),'000104360250479.htm',0,'null','北京') ; INSERT INTO "JobPosition" ("UserId","Name","Address","Title","Salary","Description")
                          VALUES(currval('"hero_reduce"."user_id_seq"'),'000104360250479.htm','北京','软件工程师','8001-10000','1、计算机相关专业本科及以上学历；  2、两年以上Linux 、网络相关工作经验；  3、深厚的C语言技术功底；  4、有一定多核，多进程，多线程环境下的系统设计和开发经验；  5、具有TCP/IP网络设备或安全设备相关开发经验者优先考虑；  6、具有SSLVPN相关开发经验者优先考虑；  7、善于交流、良好的团队协作能力和敬业精神。                                                                            职位联系方式                                                      公司名称：北京中讯汉扬科技发展有限公司公司地址：北京市海淀区上地五街5号高立二千大厦4层传真：公司主页：') ;
COMMIT;
INSERT INTO "User" ("Name","UserType","CreatedDatetime","UpdatedDatetime","Enabled")
                              VALUES ('120703357250661.htm',4,clock_timestamp(),clock_timestamp(),'t') ;
INSERT INTO "ZhilianUser" ("UserId","NickName","Type","Sex","City" ) VALUES(currval('"hero_reduce"."user_id_seq"'),'120703357250661.htm',0,'null','北京') ; INSERT INTO "JobPosition" ("UserId","Name","Address","Title","Salary","Description")
                          VALUES(currval('"hero_reduce"."user_id_seq"'),'120703357250661.htm','北京','高级软件工程师','','岗位职责：  1、参与公司软件产品及软件项目开发；  2、参与项目需求分析，进行软件的详细设计；   3、参与产品模块的概要和详细设计；   4、  按计划完成产品模块的代码编写；   5、 负责产品模块的单元测试；  6、 参与项目实施和维护过程中的支持工作；   7、  负责产品模块开发文档的编写，协助制订相关系统的测试文档；     能力要求：  1、 计算机、通信相关专业本科以上学历;   2、 熟悉Linux系统架构；  3、 精通Linux下C/C++代码编写，三年以上相关工作经验；  4、 熟悉Linux下USB设备驱动的各种编程接口和机制；  5、  熟悉TCP/IP Socket编程；  6、  熟悉软件开发流程，有较强的设计能力和开发文档编写能力；  7、  良好的语言表达能力，良好的中英文阅读水平；     其他要求：  1、  能够出差和加班；          2、  具有强烈的责任感和团队协作意识，工作积极主动，能承受较大的工作压力，认真负责，接受新知识的能力强；       此岗位需要工作至少3年以上，不符合条件请勿投递简历。                                                                            职位联系方式                                                      公司名称：北京华夏未来信息技术股份有限公司公司地址：北京市海淀区上地三街9号A座A501室 传真：公司主页：http://www.chnfuture.com.cn/                                                          查看职位地图') ;
COMMIT;
INSERT INTO "User" ("Name","UserType","CreatedDatetime","UpdatedDatetime","Enabled")
                              VALUES ('665216828250017.htm',4,clock_timestamp(),clock_timestamp(),'t') ;
INSERT INTO "ZhilianUser" ("UserId","NickName","Type","Sex","City" ) VALUES(currval('"hero_reduce"."user_id_seq"'),'665216828250017.htm',0,'null','北京-海淀区') ; INSERT INTO "JobPosition" ("UserId","Name","Address","Title","Salary","Description")
                          VALUES(currval('"hero_reduce"."user_id_seq"'),'665216828250017.htm','北京-海淀区','IT技术支持/维护工程师','6001-8000','岗位职责：1、网站日常运维管理，负责保障服务器的稳定运行；2、提供紧急响应服务，负责或参与快速定位、处理平台各类故障问题。3、网站后台持续监控、分析、优化4、参与建立运维安装部署、安全和管理等相关标准化文档，协助平台相关组件选型5、能结合平台运行状况合理化提供优化建议6、持续改进日常运维支撑工具，逐步实现运维自动化任职要求：1、大专以上学历（计算机相关专业或相似背景），3年以上公网服务器维护经验，熟悉Linux服务器的安装部署、管理维护、调优等，2、熟悉Linux操作系统服务器及其安全配置和优化技术3、熟悉Apache、Nginx、Mysql、Redis、Rsync等应用服务快速部署、配置、安全管理和优化4、熟悉Mysql数据库，能熟练配置和管理Mysql主从环境5、至少熟练掌握一种脚本语言（bash、python、perl、ruby等），能根据运维需求快速开发相应脚本6、熟悉服务器监控、日志分析，熟悉运维自动化，熟悉集群和高可用技术并具备生产环境实施和维护管理的经验7、熟悉网络体系结构，了解基本网络设备8、工作认真负责、严谨细致、条理性强、执行力强，学习能力强，具备良好的团队合作精神和沟通表达能力                                                                           职位联系方式                                                       公司名称：北京立道软件股份有限公司 公司地址：海淀区上地信息路12号中关村发展大厦') ;
COMMIT;
INSERT INTO "User" ("Name","UserType","CreatedDatetime","UpdatedDatetime","Enabled")
                              VALUES ('330413911250174.htm',4,clock_timestamp(),clock_timestamp(),'t') ;
INSERT INTO "ZhilianUser" ("UserId","NickName","Type","Sex","City" ) VALUES(currval('"hero_reduce"."user_id_seq"'),'330413911250174.htm',0,'null','北京') ; INSERT INTO "JobPosition" ("UserId","Name","Address","Title","Salary","Description")
                          VALUES(currval('"hero_reduce"."user_id_seq"'),'330413911250174.htm','北京','游戏设计/开发','','工作职责： 1、协助架构师对服务端进行架构分析和软件设计，并完成相应的文档； 2、负责游戏服务端的开发工作；对服务端效率持续调优； 3、服务器端基础技术研究、测试； 4、运营维护工具开发。 任职资格： 1、熟悉C/C++、STL； 2、熟悉socket网络编程； 3、熟悉多线程/多进程开发； 4、熟悉数据库应用开发； 5、要求易于沟通，工作细致认真，对程序开发有完美追求；6、有页游，网游开发经验。                                                                            职位联系方式                                                      公司名称：北京视宴传媒科技有限公司公司地址：朝阳区利泽中园二区众运大厦C座3509室 传真：公司主页：http://www.visualbiz.com.cn                                                          查看职位地图') ;
COMMIT;
INSERT INTO "User" ("Name","UserType","CreatedDatetime","UpdatedDatetime","Enabled")
                              VALUES ('000561473251196.htm',4,clock_timestamp(),clock_timestamp(),'t') ;
INSERT INTO "ZhilianUser" ("UserId","NickName","Type","Sex","City" ) VALUES(currval('"hero_reduce"."user_id_seq"'),'000561473251196.htm',0,'null','北京') ; INSERT INTO "JobPosition" ("UserId","Name","Address","Title","Salary","Description")
                          VALUES(currval('"hero_reduce"."user_id_seq"'),'000561473251196.htm','北京','IT技术支持/维护工程师','','工作内容：1．对机房系统进行定期巡视，发现告警及时上报和做部分处理；  2. 负责对一些操作系统、数据库的变更做相关实施工作；3．对于一些需要厂商支持的工作，以甲方客户身份要求厂商跟进；4. 完成驻场项目日报、周报、月报填写； 岗位要求：1.吃苦耐劳；有责任感；有敬业精神；2.能适应加班要求； 3.较强的学习能力及人际沟通能力； 4.熟悉windows、linux操作系统优先；5.熟悉Oracle数据库优先； 6.从事过计算机维保工作的优先。                                                                                   职位联系方式                                                      公司名称：安图特（北京）科技有限公司公司地址：北京市西城区金融大街23号平安大厦1010室 传真：66214049公司主页：http://www.atitech.com.cn                                                          查看职位地图') ;
COMMIT;
INSERT INTO "User" ("Name","UserType","CreatedDatetime","UpdatedDatetime","Enabled")
                              VALUES ('556661824250011.htm',4,clock_timestamp(),clock_timestamp(),'t') ;
INSERT INTO "ZhilianUser" ("UserId","NickName","Type","Sex","City" ) VALUES(currval('"hero_reduce"."user_id_seq"'),'556661824250011.htm',0,'null','北京-海淀区') ; INSERT INTO "JobPosition" ("UserId","Name","Address","Title","Salary","Description")
                          VALUES(currval('"hero_reduce"."user_id_seq"'),'556661824250011.htm','北京-海淀区','高级软件工程师','','1.	量化交易平台的开发: 量化交易平台的需求分析和开发，量化数据库的开发与应用(终端展示)；2.	交易策略翻译实现: 使用量化交易平台策略开发环境翻译交易策略；3.	检测量化交易平台运行以及常见问题反馈并及时解决；任职要求1、熟练使用linux操作系统做日常操作和项目开发；2、精通c/c++、python（或其他脚本）等语言；3、深刻理解tcp/ip协议，精通网络编程，熟悉ｂｏｏｓｔ，ｓｔｌ；4、能从原理上理解常用数据结构和算法，能针对具体问题使用合理的数据结构；5、工作上严格要求自己,积极上进；                                                                            职位联系方式                                                      公司名称：鼎信汇金(北京)投资管理有限公司公司地址：北京市海淀区中关村东路1号院8号楼1701室 传真：010-82151565公司主页：www.tl50.com                                                          查看职位地图') ;
COMMIT;
INSERT INTO "User" ("Name","UserType","CreatedDatetime","UpdatedDatetime","Enabled")
                              VALUES ('556661824250019.htm',4,clock_timestamp(),clock_timestamp(),'t') ;
INSERT INTO "ZhilianUser" ("UserId","NickName","Type","Sex","City" ) VALUES(currval('"hero_reduce"."user_id_seq"'),'556661824250019.htm',0,'null','北京') ; INSERT INTO "JobPosition" ("UserId","Name","Address","Title","Salary","Description")
                          VALUES(currval('"hero_reduce"."user_id_seq"'),'556661824250019.htm','北京','高级软件工程师','15001-25000','1.	量化交易平台的开发: 量化交易平台的需求分析和开发，量化数据库的开发与应用(终端展示)；2.	交易策略翻译实现: 使用量化交易平台策略开发环境翻译交易策略；3.	检测量化交易平台运行以及常见问题反馈并及时解决；任职要求1、熟练使用linux操作系统做日常操作和项目开发；2、精通c/c++、python（或其他脚本）等语言；3、深刻理解tcp/ip协议，精通网络编程，熟悉ｂｏｏｓｔ，ｓｔｌ；4、能从原理上理解常用数据结构和算法，能针对具体问题使用合理的数据结构；5、工作上严格要求自己,积极上进；                                                                            职位联系方式                                                      公司名称：鼎信汇金(北京)投资管理有限公司公司地址：北京市海淀区中关村东路1号院8号楼1701室 传真：010-82151565公司主页：www.tl50.com                                                          查看职位地图') ;
COMMIT;
INSERT INTO "User" ("Name","UserType","CreatedDatetime","UpdatedDatetime","Enabled")
                              VALUES ('423660316250747.htm',4,clock_timestamp(),clock_timestamp(),'t') ;
INSERT INTO "ZhilianUser" ("UserId","NickName","Type","Sex","City" ) VALUES(currval('"hero_reduce"."user_id_seq"'),'423660316250747.htm',0,'null','北京') ; INSERT INTO "JobPosition" ("UserId","Name","Address","Title","Salary","Description")
                          VALUES(currval('"hero_reduce"."user_id_seq"'),'423660316250747.htm','北京','语音/视频/图形开发','15001-25000','岗位职责： 1、负责视频编码系统的设计与开发。  任职要求：   1、3年以上c/c++开发经验，熟悉数据结构和算法；  2、有扎实的计算机网络技术基础，精通TCP/UDP socket编程，熟悉网络编程算法；  3、熟悉rtp/rtcp、rtmp流媒体网络传输协议；  4、熟悉开源音视频框架ffmpeg、webrtc等，并能基于其框架进行开发；  5、有音视频的前后期特效处理经验者优先。                                                                            职位联系方式                                                      公司名称：北京润安杰信息咨询有限公司公司地址：北京市东城区                                                          查看职位地图') ;
COMMIT;
INSERT INTO "User" ("Name","UserType","CreatedDatetime","UpdatedDatetime","Enabled")
                              VALUES ('464105213250173.htm',4,clock_timestamp(),clock_timestamp(),'t') ;
INSERT INTO "ZhilianUser" ("UserId","NickName","Type","Sex","City" ) VALUES(currval('"hero_reduce"."user_id_seq"'),'464105213250173.htm',0,'null','北京-海淀区') ; INSERT INTO "JobPosition" ("UserId","Name","Address","Title","Salary","Description")
                          VALUES(currval('"hero_reduce"."user_id_seq"'),'464105213250173.htm','北京-海淀区','高级软件工程师','','Linux C/C++开发工程师职位描述：  1、网络协议数据分析； 2、网络协议数据解析； 3、负责linux平台下的产品开发。 任职要求： 1、熟悉Linux下的C/C++编程开发，有良好的C/C++编码开发习惯；2、熟悉TCP/IP，HTTP通讯协议，熟悉网络编程；有网络协议分析，数据流安全分析等网络安全产品开发经验者优先；3、熟悉linux多任务，多线程编程；熟悉Linux内核，有相关内核监控、内核调试经验者优先；4、对数据结构、算法设计、系统架构设计等有较为透彻的理解；5、具有良好的学习能力、分析问题能力、沟通交流能力和团队合作精神。                                                                            职位联系方式                                                          公司名称：北京永信至诚科技有限公司 公司地址：北京市海淀区东北旺西路8号中关村软件园4号楼云基地  联系电话：010-59403168转28 传真：010-59403168转25                                                          查看职位地图') ;
COMMIT;
INSERT INTO "User" ("Name","UserType","CreatedDatetime","UpdatedDatetime","Enabled")
                              VALUES ('596302029250007.htm',4,clock_timestamp(),clock_timestamp(),'t') ;
INSERT INTO "ZhilianUser" ("UserId","NickName","Type","Sex","City" ) VALUES(currval('"hero_reduce"."user_id_seq"'),'596302029250007.htm',0,'null','北京-西城区') ; INSERT INTO "JobPosition" ("UserId","Name","Address","Title","Salary","Description")
                          VALUES(currval('"hero_reduce"."user_id_seq"'),'596302029250007.htm','北京-西城区','网络工程师','','职位描述：1、 熟练Linux 系统(CentOS)和windows系统； 2、 掌握 shell/perl/python 任一种语言，并懂得用其进行系统管理；  3、 对开源技术有着浓厚的兴趣及热情； 4、 熟悉MySQL 及NoSQL（Mongodb  Redis 等） 调优 ；5、 熟练的监控工具使用、php环境的搭建；6、 具备一定的网络维护经验（Cisco、H3c等），布线等；7、 熟悉 Nginx、Tomcat、samba、vsftp 等常用Linux 软件； 8、 熟练搭建内网服务器。如：SVN\SAMBA\VSFTP等。 岗位要求： 1、大专以上学历；2、三年以上工作经验；3、 管理维护服务器，构建高可用高负载高安全性的网站架构；  4、 管理和配置公司内部所有软硬件；5、有驾照、英语口语能力优秀者为佳；                                                                           职位联系方式                                                       公司名称：北京易金信息科技有限公司 公司地址：北京市西城区黄寺大街26号院德胜置业大厦6号楼1808室 公司主页：人事                                                          查看职位地图') ;
COMMIT;
INSERT INTO "User" ("Name","UserType","CreatedDatetime","UpdatedDatetime","Enabled")
                              VALUES ('120834976250230.htm',4,clock_timestamp(),clock_timestamp(),'t') ;
INSERT INTO "ZhilianUser" ("UserId","NickName","Type","Sex","City" ) VALUES(currval('"hero_reduce"."user_id_seq"'),'120834976250230.htm',0,'null','北京-海淀区') ; INSERT INTO "JobPosition" ("UserId","Name","Address","Title","Salary","Description")
                          VALUES(currval('"hero_reduce"."user_id_seq"'),'120834976250230.htm','北京-海淀区','软件研发工程师','','1.计算机，网络，通信等专业；2.至少2年linux平台web后端开发经验；3.熟悉linux系统及shell命令；4.熟悉php语言及典型开发框架；5.熟悉apache、nginx等典型web服务器配置；6.熟悉mysql、sqlite等数据库。                                                                            职位联系方式                                                      公司名称：北京计算机技术及应用研究所公司地址：北京市海淀区永定路 传真：公司主页：http://') ;
COMMIT;
INSERT INTO "User" ("Name","UserType","CreatedDatetime","UpdatedDatetime","Enabled")
                              VALUES ('120834976250231.htm',4,clock_timestamp(),clock_timestamp(),'t') ;
INSERT INTO "ZhilianUser" ("UserId","NickName","Type","Sex","City" ) VALUES(currval('"hero_reduce"."user_id_seq"'),'120834976250231.htm',0,'null','北京-海淀区') ; INSERT INTO "JobPosition" ("UserId","Name","Address","Title","Salary","Description")
                          VALUES(currval('"hero_reduce"."user_id_seq"'),'120834976250231.htm','北京-海淀区','软件工程师','','1.计算机、网络、通信等专业，本科及以上学历；2.至少3年linux平台C语言开发经验；3.熟悉linux系统及shell命令；4.熟悉C语言；5.对TCP/ip协议有一定了解；6.具备计算机安全理论知识优先。                                                                            职位联系方式                                                      公司名称：北京计算机技术及应用研究所公司地址：北京市海淀区永定路 传真：公司主页：http://') ;
COMMIT;
INSERT INTO "User" ("Name","UserType","CreatedDatetime","UpdatedDatetime","Enabled")
                              VALUES ('357174311250301.htm',4,clock_timestamp(),clock_timestamp(),'t') ;
INSERT INTO "ZhilianUser" ("UserId","NickName","Type","Sex","City" ) VALUES(currval('"hero_reduce"."user_id_seq"'),'357174311250301.htm',0,'null','北京-海淀区') ; INSERT INTO "JobPosition" ("UserId","Name","Address","Title","Salary","Description")
                          VALUES(currval('"hero_reduce"."user_id_seq"'),'357174311250301.htm','北京-海淀区','高级软件工程师','','岗位职责：   1、对系统后台部分提供解决方案，根据用户初步需求进行需求分析，并撰写概要设计和详细设计； 2、掌握整体业务知识，和组长一起为系统新增功能提供方案和建设； 3、在组长带领下进行Linux下高性能C++服务器后台服务的设计和开发、单元测试和BUG修改，负责重要模块或难点部分的代码编写工作； 4、协助组长解决、组织解决、协助解决或者指导前端组其他工程师工作中遇到的技术问题； 5、为系统后台部分研发工作量及经费评估提供意见和建议； 6、协助后台组长培训项目组，提升项目组的业务整体水平； 7、协助后台组长提升全组的能力和业务水平。   任职要求： 1、计算机相关专业本科以上学历，精通Linux下C++开发，能熟练使用STL库，至少5年以上linux下C++开发经验； 2、至少参加过4个以上项目的开发，至少在其中2个项目中担任核心开发成员； 3、熟悉UML，能熟练一种以上设计工具； 4、熟悉多线程技术； 5、精通SQL语法，熟练掌握MYSQL、oracle等关系数据库； 6、熟悉TCP/IP网络通信协议和网络编程； 7、具有分布式开发经验，熟悉中间件（ICE）开发经验者优先； 8、具有主机或网络虚拟化，或者信息安全等方面的开发经验者优先； 9、精通数据库优化的优先。                                                                           职位联系方式                                                       公司名称：北京昆仑卓越信息技术有限公司 公司地址：北京市海淀区海淀中街 电    话：010-58730087 公司主页：www.kunlun2000.net') ;
COMMIT;
INSERT INTO "User" ("Name","UserType","CreatedDatetime","UpdatedDatetime","Enabled")
                              VALUES ('120535348252148.htm',4,clock_timestamp(),clock_timestamp(),'t') ;
INSERT INTO "ZhilianUser" ("UserId","NickName","Type","Sex","City" ) VALUES(currval('"hero_reduce"."user_id_seq"'),'120535348252148.htm',0,'null','北京') ; INSERT INTO "JobPosition" ("UserId","Name","Address","Title","Salary","Description")
                          VALUES(currval('"hero_reduce"."user_id_seq"'),'120535348252148.htm','北京','软件工程师','','职位要求：1.2年以上开发工作经验，熟悉TCP/IP网络协议;2.有网络编程经验，熟悉多线程、多进程;3.有MFC开发经验者优先;4.有网络设备开发经验者优先。                                                                           职位联系方式                                                       公司名称：北京联想利泰软件有限公司 公司地址：北京市海淀区上地信息产业基地开拓路7号先锋大厦  传真：62975824 公司主页：http://www.litsoft.com.cn') ;
COMMIT;
INSERT INTO "User" ("Name","UserType","CreatedDatetime","UpdatedDatetime","Enabled")
                              VALUES ('120535348252159.htm',4,clock_timestamp(),clock_timestamp(),'t') ;
INSERT INTO "ZhilianUser" ("UserId","NickName","Type","Sex","City" ) VALUES(currval('"hero_reduce"."user_id_seq"'),'120535348252159.htm',0,'null','北京') ; INSERT INTO "JobPosition" ("UserId","Name","Address","Title","Salary","Description")
                          VALUES(currval('"hero_reduce"."user_id_seq"'),'120535348252159.htm','北京','软件工程师','','职位要求：项目信息：熟悉linux、有运维1年经验，能熟练编写shell或者python其中的一种脚本语言。工作内容：1. 协助进行服务器硬件和部署2. 协助保障已上线业务服务可靠性和可用性3. 协助进行业务上线验收测试4. 撰写测试报告要求：1. 掌握linux,能够对系统下应用进行优化，熟悉Nginx，Apache，Tomcat等主流WEB SERVER的配置和优化2. 了解网络基本技术，熟悉TCP/IP协议工作原理3. 熟悉Cacti，Nagios等监控软件的使用4. 有网站运维经验者优先                                                                           职位联系方式                                                       公司名称：北京联想利泰软件有限公司 公司地址：北京市海淀区上地信息产业基地开拓路7号先锋大厦  传真：62975824 公司主页：http://www.litsoft.com.cn') ;
COMMIT;
INSERT INTO "User" ("Name","UserType","CreatedDatetime","UpdatedDatetime","Enabled")
                              VALUES ('196911813252565.htm',4,clock_timestamp(),clock_timestamp(),'t') ;
INSERT INTO "ZhilianUser" ("UserId","NickName","Type","Sex","City" ) VALUES(currval('"hero_reduce"."user_id_seq"'),'196911813252565.htm',0,'null','北京-顺义区') ; INSERT INTO "JobPosition" ("UserId","Name","Address","Title","Salary","Description")
                          VALUES(currval('"hero_reduce"."user_id_seq"'),'196911813252565.htm','北京-顺义区','软件工程师','','1、具有较好的表达沟通能力，有团队精神；2、计算机相关本科学历毕业；3、三年以上的相关工作经验；4、熟练使用Suse linux。                                                                           职位联系方式                                                       公司名称：北京腾信软创科技有限公司 公司地址：北京市海淀区苏州街79号金洲大厦4层  传真： 公司主页：www.suntray.com') ;
COMMIT;
INSERT INTO "User" ("Name","UserType","CreatedDatetime","UpdatedDatetime","Enabled")
                              VALUES ('135424103252234.htm',4,clock_timestamp(),clock_timestamp(),'t') ;
INSERT INTO "ZhilianUser" ("UserId","NickName","Type","Sex","City" ) VALUES(currval('"hero_reduce"."user_id_seq"'),'135424103252234.htm',0,'null','北京-海淀区') ; INSERT INTO "JobPosition" ("UserId","Name","Address","Title","Salary","Description")
                          VALUES(currval('"hero_reduce"."user_id_seq"'),'135424103252234.htm','北京-海淀区','软件工程师','','岗位职责： 1、负责或参与模块相关的分析、设计和文档编写工作； 2、完成模块的代码编写和研发测试； 3、负责代码的维护和改进工作。任职要求：1、熟悉Tcp/UDP协议并能够熟练应用C++语言,能够实现在Linux环境下编写访问Internet网络通讯程序；2、熟悉linux系统下C或C++开发；3、熟悉视屏协议H.261，MPG4，H.264；4、具备优秀的C/C++开发能力，有丰富的代码调试经验者优先；5、热爱编程，能够在短时间内完成高质量的任务，享受与团队一起工作；6、有求知欲，创新能力，诚信，坚持目标，达成承诺，富有激情，积极乐观；7、有良好的沟通意识和团队精神， 具备出色的口头和书面沟通能力。                                                                           职位联系方式                                                       公司名称：北京辰安信息科技有限公司（辰安科技股份有限公司子公司）公司地址：北京海淀区中关村东路66号甲1号长城大厦传真：公司主页：www.gsafety.com                                                          查看职位地图') ;
COMMIT;
INSERT INTO "User" ("Name","UserType","CreatedDatetime","UpdatedDatetime","Enabled")
                              VALUES ('312198017250270.htm',4,clock_timestamp(),clock_timestamp(),'t') ;
INSERT INTO "ZhilianUser" ("UserId","NickName","Type","Sex","City" ) VALUES(currval('"hero_reduce"."user_id_seq"'),'312198017250270.htm',0,'null','北京-海淀区') ; INSERT INTO "JobPosition" ("UserId","Name","Address","Title","Salary","Description")
                          VALUES(currval('"hero_reduce"."user_id_seq"'),'312198017250270.htm','北京-海淀区','高级软件工程师','8001-10000','岗位职责： 1、从事Linux 内核开发，OS定制开发；2、基于linux平台的安全产品的设计与开发；3、参与虚拟化安全产品的技术框架设计，实施产品的关键代码编写；4、编写代码注释和开发文档；5、分析并解决软件开发过程中的问题；6、配合项目经理完成相关任务目标。   任职要求：   1、计算机相关专业，3年或以上工作经验；2、对linux内核研究有浓厚兴趣；3、熟悉Linux C编程；4、熟悉linux内核，深入了解操作系统；5、熟悉Linux内核原理及源码，精通Linux驱动与应用开发；6、自己裁剪过内核，熟悉内核架构以及编译流程；7、了解RPM包的制作方法；8、熟悉信息安全相关技术、产品。                                                                           职位联系方式                                                       公司名称：北京市国路安信息技术有限公司 公司地址：北京市海淀区中关村南大街32号中关村科技发展大厦A座7层  传真：62251200 公司主页：www.gla.net.cn                                                          查看职位地图') ;
COMMIT;
INSERT INTO "User" ("Name","UserType","CreatedDatetime","UpdatedDatetime","Enabled")
                              VALUES ('120086316250579.htm',4,clock_timestamp(),clock_timestamp(),'t') ;
INSERT INTO "ZhilianUser" ("UserId","NickName","Type","Sex","City" ) VALUES(currval('"hero_reduce"."user_id_seq"'),'120086316250579.htm',0,'null','北京') ; INSERT INTO "JobPosition" ("UserId","Name","Address","Title","Salary","Description")
                          VALUES(currval('"hero_reduce"."user_id_seq"'),'120086316250579.htm','北京','软件工程师','','职位展望:完整架构和实施linux应用开发； 工作内容:负责linux应用系统的开发和部署； 主要职责:1. linux应用系统的架构，开发和部署；2. 公司其它后台系统的设计和开发 专业要求:1. 精通Linux下的C/C++编程，熟悉gcc，gdb，automake等工具。   熟悉socket编程, 进程通信，多线程编程等。2. 熟悉Linux系统, 理解Linux的基本概念(内核,shell,环境变量,文件系统),   熟悉perl/python,shell编程。3. 了解Nginx/apache，LVS, 分布式文件系统(如MFS，HDFS)，分布式数据库的应用和开发。4. 有REST API开发经验者优先。 任职要求:1. 从事linux应用系统开发3年以上;2. 具有良好独立分析、问题解决的能力;3. 具有较强的沟通理解能力和良好的团队合作能力.                                                                            职位联系方式                                                      公司名称：北京中庆现代技术有限公司公司地址：北京市海淀区上地东路1号院盈创动力大厦A座七层 传真：010-58858059公司主页：http://www.zonekey.com.cn                                                          查看职位地图') ;
COMMIT;
INSERT INTO "User" ("Name","UserType","CreatedDatetime","UpdatedDatetime","Enabled")
                              VALUES ('120086316250578.htm',4,clock_timestamp(),clock_timestamp(),'t') ;
INSERT INTO "ZhilianUser" ("UserId","NickName","Type","Sex","City" ) VALUES(currval('"hero_reduce"."user_id_seq"'),'120086316250578.htm',0,'null','北京') ; INSERT INTO "JobPosition" ("UserId","Name","Address","Title","Salary","Description")
                          VALUES(currval('"hero_reduce"."user_id_seq"'),'120086316250578.htm','北京','软件工程师','','职位展望:完整架构和实施linux应用集群；工作内容:负责linux应用集群的架构，并开发和部署； 主要职责:1. linux应用集群的架构，开发和部署；2. 公司其它后台系统的设计和开发 专业要求:1. 精通Linux下的C/C++编程。熟悉gcc，gdb，automake等工具。   熟悉socket编程, 进程通信，多线程编程等。2. 熟悉Linux系统, 理解Linux的基本概念(内核,shell,环境变量,文件系统,),   熟悉perl/python,shell编程。3. 了解音视频编解码技术，如h.264,h.263, aac, mp3等;4. 有开源软件x264,ffmpeg, handbrake,mp4box，crtmpserver,RED5等的开发经验者优先。 任职要求:1. 从事linux集群相关开发;2. 具有良好独立分析、问题解决的能力;3. 具有较强的沟通理解能力和良好的团队合作能力.                                                                            职位联系方式                                                      公司名称：北京中庆现代技术有限公司公司地址：北京市海淀区上地东路1号院盈创动力大厦A座七层 传真：010-58858059公司主页：http://www.zonekey.com.cn                                                          查看职位地图') ;
COMMIT;
INSERT INTO "User" ("Name","UserType","CreatedDatetime","UpdatedDatetime","Enabled")
                              VALUES ('149456514250768.htm',4,clock_timestamp(),clock_timestamp(),'t') ;
INSERT INTO "ZhilianUser" ("UserId","NickName","Type","Sex","City" ) VALUES(currval('"hero_reduce"."user_id_seq"'),'149456514250768.htm',0,'null','北京') ; INSERT INTO "JobPosition" ("UserId","Name","Address","Title","Salary","Description")
                          VALUES(currval('"hero_reduce"."user_id_seq"'),'149456514250768.htm','北京','软件研发工程师','','职位描述：1. 参与服务器或终端产品的总体设计（基于LINUX操作系统）；2. 完成相关功能模块的开发；3. 负责相关代码编写，bug的修改，文档的维护等；4. 熟悉不同平台下Linux的系统构建，运行环境搭建，以及运行环境优化。任职资格：1. 三年以上工作经验，熟悉Linux平台开发、诊断、调试、配置与管理。2. 熟练掌握linux下的C语言开发；熟悉SIP/RTP等VoIP协议，有VoIP领域开发经验者优先；3. 有RHCE或LPI-I或LPI-II证书者优先录用4. 有完整系统构建经验，至少有LFS或嵌入式系统构建经验。5. 对开源软件的构建有所理解，至少了解rpm或deb一种的完整构建，安装及升级流程。6. 熟悉系统启动脚本，能够熟练编写及修改系统层脚本程序。7. 熟悉Linux下各项系统及网络服务的配置与优化。8. 熟练掌握Linux系统资源，网络资源，进程信息的监控，能够通过以上信息做出系统问题的诊断。9. 能够快速熟悉新技术，踏实肯干，有团队精神。10. 有良好的合作性和沟通能力，有责任感，能长期稳定工作。                                                                            职位联系方式                                                      公司名称：捷思锐科技(北京)有限公司公司地址：海淀南路21号中关村知识产权大厦（海开大厦）B座6层 传真：公司主页：http://www.zed-3.com.cn') ;
COMMIT;
INSERT INTO "User" ("Name","UserType","CreatedDatetime","UpdatedDatetime","Enabled")
                              VALUES ('148961986255739.htm',4,clock_timestamp(),clock_timestamp(),'t') ;
INSERT INTO "ZhilianUser" ("UserId","NickName","Type","Sex","City" ) VALUES(currval('"hero_reduce"."user_id_seq"'),'148961986255739.htm',0,'null','北京') ; INSERT INTO "JobPosition" ("UserId","Name","Address","Title","Salary","Description")
                          VALUES(currval('"hero_reduce"."user_id_seq"'),'148961986255739.htm','北京','IT技术支持/维护工程师','6001-8000','1、负责网络平台的整体运维工作，及时响应故障处理，保障系统的稳定运行。  2、负责网络平台运维流程，运维规范的制定与实施工作。 3、负责网站安全评估和安全加固； 职位要求： 1、计算机及相关专业大学本科及以上学历；2、精通Nginx/Apache/MysqlL/Squid//Redis/Monogdb等主流Linux平台应用的配置与调优工作，具有独立完成网站架构的设计、搭建、运维能力； 3、精通IIS/.NET/MVC/Mssql/Cluster等主流Windows平台应用的配置与调优工作，具有独立完成网站架构的设计、搭建、运维能力；4、熟悉TCP/IP网络原理，掌握主流厂商路由器、交换机、防火墙、负载均衡器的配置与使用；5、精通Shell、Python，通过编写相应l脚本，完善和解决工作中遇到的问题； 6、熟悉网络安全知识，并能对存在的安全漏洞进行扫描和安全加固； 7、具有中大型网站运维经验，实际从事相关工作两年以上应聘者，优先考虑。8、致力于投身互联网行业、对网络技术、安全，具备强烈的钻研与自我学习能力；                                                                            职位联系方式                                                       公司名称：环球天下教育科技集团 公司地址：北京市海淀区中关村南大街甲18号 北京·国际 D座9层  传真： 公司主页：http://www.gedu.org') ;
COMMIT;
INSERT INTO "User" ("Name","UserType","CreatedDatetime","UpdatedDatetime","Enabled")
                              VALUES ('148961986255741.htm',4,clock_timestamp(),clock_timestamp(),'t') ;
INSERT INTO "ZhilianUser" ("UserId","NickName","Type","Sex","City" ) VALUES(currval('"hero_reduce"."user_id_seq"'),'148961986255741.htm',0,'null','北京') ; INSERT INTO "JobPosition" ("UserId","Name","Address","Title","Salary","Description")
                          VALUES(currval('"hero_reduce"."user_id_seq"'),'148961986255741.htm','北京','系统管理员','6001-8000','1、负责网络平台的整体运维工作，及时响应故障处理，保障系统的稳定运行。  2、负责网络平台运维流程，运维规范的制定与实施工作。 3、负责网站安全评估和安全加固； 职位要求： 1、计算机及相关专业大学本科及以上学历；2、精通Nginx/Apache/MysqlL/Squid//Redis/Monogdb等主流Linux平台应用的配置与调优工作，具有独立完成网站架构的设计、搭建、运维能力； 3、精通IIS/.NET/MVC/Mssql/Cluster等主流Windows平台应用的配置与调优工作，具有独立完成网站架构的设计、搭建、运维能力；4、熟悉TCP/IP网络原理，掌握主流厂商路由器、交换机、防火墙、负载均衡器的配置与使用；5、精通Shell、Python，通过编写相应l脚本，完善和解决工作中遇到的问题； 6、熟悉网络安全知识，并能对存在的安全漏洞进行扫描和安全加固； 7、具有中大型网站运维经验，实际从事相关工作两年以上应聘者，优先考虑。8、致力于投身互联网行业、对网络技术、安全，具备强烈的钻研与自我学习能力；                                                                            职位联系方式                                                       公司名称：环球天下教育科技集团 公司地址：北京市海淀区中关村南大街甲18号 北京·国际 D座9层  传真： 公司主页：http://www.gedu.org') ;
COMMIT;
INSERT INTO "User" ("Name","UserType","CreatedDatetime","UpdatedDatetime","Enabled")
                              VALUES ('211688419250891.htm',4,clock_timestamp(),clock_timestamp(),'t') ;
INSERT INTO "ZhilianUser" ("UserId","NickName","Type","Sex","City" ) VALUES(currval('"hero_reduce"."user_id_seq"'),'211688419250891.htm',0,'null','北京') ; INSERT INTO "JobPosition" ("UserId","Name","Address","Title","Salary","Description")
                          VALUES(currval('"hero_reduce"."user_id_seq"'),'211688419250891.htm','北京','高级软件工程师','','学历：本科及以上项目经验： Linux嵌入式开发经验/Android HAL开发经验主要工作内容与职责：1. 基于ARMv7架构的Linux 3.x内核移植及驱动开发2. 基于ARM v7架构的Bootloader开发及验证。任职要求：1）3年以上的C/C++编程经验或2年以上的Linux嵌入式开发经验。2）有Android手机/平板产品研发经验者 佳。3）有nand验证及驱动开 发, 熟悉内存管理, 内核调度, 内核升级及优化等经验者佳。4）有ARM平台的FPGA验证经验者佳。5）具备良好的文档输 出能力, 良好的团队合作能力及表达，沟通能力。                                                                            职位联系方式                                                      公司名称：北京新岸线移动多媒体技术有限公司公司地址：北京市海淀区中关村东路1号院8号楼清华科技园科技大厦A座/D座16-17层 传真：82150699公司主页：http://www.nufront.com/                                                          查看职位地图') ;
COMMIT;
INSERT INTO "User" ("Name","UserType","CreatedDatetime","UpdatedDatetime","Enabled")
                              VALUES ('678535923250147.htm',4,clock_timestamp(),clock_timestamp(),'t') ;
INSERT INTO "ZhilianUser" ("UserId","NickName","Type","Sex","City" ) VALUES(currval('"hero_reduce"."user_id_seq"'),'678535923250147.htm',0,'null','北京') ; INSERT INTO "JobPosition" ("UserId","Name","Address","Title","Salary","Description")
                          VALUES(currval('"hero_reduce"."user_id_seq"'),'678535923250147.htm','北京','高级软件工程师','','岗位职责：    1、参与公司多媒体终端类产品研发；     任职要求：     1、本科2年以上，研究生1年以上工作经验，电子、计算机、通信或自动化相关专业；    2、精通C/C++程序设计开发；     3、熟悉Linux系统，具备2年以上Linux环境软件项目开发经验；    4、有RTP、RTCP、RTSP、RTMP等流媒体传输开发经验优先；     5、有音视频通讯/消费电子类产品软件开发经验者优先；                                                                            职位联系方式                                                        传真：010-82938566                                                           查看职位地图') ;
COMMIT;
INSERT INTO "User" ("Name","UserType","CreatedDatetime","UpdatedDatetime","Enabled")
                              VALUES ('000396199251577.htm',4,clock_timestamp(),clock_timestamp(),'t') ;
INSERT INTO "ZhilianUser" ("UserId","NickName","Type","Sex","City" ) VALUES(currval('"hero_reduce"."user_id_seq"'),'000396199251577.htm',0,'null','北京-海淀区') ; INSERT INTO "JobPosition" ("UserId","Name","Address","Title","Salary","Description")
                          VALUES(currval('"hero_reduce"."user_id_seq"'),'000396199251577.htm','北京-海淀区','嵌入式软件开发','','工作职责描述：云视频监控系列产品的1、  BootLoader 及 Linux 设备驱动开发；2、  根据公司软件工程规范完成所要求的文档；  3、进行软件协议的需求分析、设计、编程和测试。任职资格要求：1. 熟悉linux操作系统，3年以上嵌入式linux开发经验；2. 熟悉底层PCIE、USB、IIC、SPI等接口协议，有上述接口驱动经验；有linux视频驱动开发经验者优先；3. 能使用orcad等工具，能看懂原理图；4. 熟悉嵌入式linux开发环境，对操作系统有较深入理解，熟悉bootloader；5. 有视频处理经验，了解MPEG4H.264等压缩标准者优先；6. 电子及计算机相关专业3年以上工作经验；                                                                               职位联系方式                                                      公司名称：中星微电子有限公司公司地址：海淀区学院路35号世宁大厦16层 传真：68944075公司主页：http://www.vimicro.com                                                          查看职位地图') ;
COMMIT;
INSERT INTO "User" ("Name","UserType","CreatedDatetime","UpdatedDatetime","Enabled")
                              VALUES ('000396199251578.htm',4,clock_timestamp(),clock_timestamp(),'t') ;
INSERT INTO "ZhilianUser" ("UserId","NickName","Type","Sex","City" ) VALUES(currval('"hero_reduce"."user_id_seq"'),'000396199251578.htm',0,'null','北京-海淀区') ; INSERT INTO "JobPosition" ("UserId","Name","Address","Title","Salary","Description")
                          VALUES(currval('"hero_reduce"."user_id_seq"'),'000396199251578.htm','北京-海淀区','语音/视频/图形开发','','工作职责说明：1、 从事网络视频相关产品的嵌入式软件构架和设计；2、  编写软件详细设计；3、  帮助其他工程师分析逻辑流程和代码结构；4、  软件代码编程实现；任职资格要求：1、熟悉嵌入式linux开发环境，具有丰富的操作系统及Linux内核知识；2、有丰富的linux网络开发经验，有网络视频监控开发经验优先；3、精通c，c++；4、电子及计算机相关专业本科以上学历，3年以上工作经验；                                                                               职位联系方式                                                      公司名称：中星微电子有限公司公司地址：海淀区学院路35号世宁大厦16层 传真：68944075公司主页：http://www.vimicro.com                                                          查看职位地图') ;
COMMIT;
INSERT INTO "User" ("Name","UserType","CreatedDatetime","UpdatedDatetime","Enabled")
                              VALUES ('190257813250369.htm',4,clock_timestamp(),clock_timestamp(),'t') ;
INSERT INTO "ZhilianUser" ("UserId","NickName","Type","Sex","City" ) VALUES(currval('"hero_reduce"."user_id_seq"'),'190257813250369.htm',0,'null','北京') ; INSERT INTO "JobPosition" ("UserId","Name","Address","Title","Salary","Description")
                          VALUES(currval('"hero_reduce"."user_id_seq"'),'190257813250369.htm','北京','系统架构设计师','','岗位职责： 1.计算机相关专业本科以上学历，有3年以上Linux系统管理工作经验。 2.精通Linux/BSD系统及网络管理，对操作系统的工作原理与算法有深入的研究。 3.熟悉负载均衡技术、HA，精通服务器性能优化，有大流量服务器压力管理经验者优先。 4.对数据安全、网络安全有深入的研究与实践。 5.熟悉shell/perl/python/php等其中2门脚本编程语言，熟悉mysql数据库管理，熟悉C++编程者优先考虑。 6.熟练配置防火墙、路由器、交换机等网络设备。有大型存储设备使用经验。 7.有技术文档编写经验，较强的协调能力和执行力。 8.具备良好的分析解决问题能力，能独立承担攻关任务，具备项目进度控制能力。 9.有hadoop或虚拟化经验者优先录用。  任职资格： 1.Linux平台下的系统、网络及安全相关解决方案制定。 2.相关项目的分析、设计、管理、实施、测试、部署等工作。 3.重要linux服务器系统权限分配和管理。 4.分析Linux系统下游戏运维中出现的系统、应用、数据库、网络等故障，并提出相应解决方案。 5.关注开源社区动态，追踪前沿技术和应用。 6.相关方案及技术文档的编写。                                                                           职位联系方式                                                                                                                 查看职位地图') ;
COMMIT;
INSERT INTO "User" ("Name","UserType","CreatedDatetime","UpdatedDatetime","Enabled")
                              VALUES ('120343909251378.htm',4,clock_timestamp(),clock_timestamp(),'t') ;
INSERT INTO "ZhilianUser" ("UserId","NickName","Type","Sex","City" ) VALUES(currval('"hero_reduce"."user_id_seq"'),'120343909251378.htm',0,'null','北京-海淀区') ; INSERT INTO "JobPosition" ("UserId","Name","Address","Title","Salary","Description")
                          VALUES(currval('"hero_reduce"."user_id_seq"'),'120343909251378.htm','北京-海淀区','软件研发工程师','','岗位职责:1、承担桌面操作系统产品相关的研发任务，包括内核、X系统的裁减与优化，硬件驱动的优化和适配，系统性能与稳定性的增强；2、桌面新特性的研发。岗位要求：1、本科或以上学历，有5年以上相关工作经验，热爱Linux和开源软件，参与过社区开发并在社区中发布过开发成果者更佳；2、熟悉Linux内核架构及驱动开发框架，具有实际开发经验；3、对Linux内核以下子系统之一有深刻理解：虚拟文件系统、I/O体系结构、设备驱动；4、对X Window系统和相关显卡驱动有一定了解； 5、熟练掌握C语言，熟悉使用GCC、GDB、Makefile；6、熟练使用以下其中之一：GTK+、Qt、Shell、Python或Perl；7、具有良好的交流和团队协作能力，及良好的编程、文档习惯，能够阅读外文技术文档。                                                                            职位联系方式                                                      公司名称：中标软件有限公司公司地址：上海市徐汇区番禺路1028号数娱大厦10楼；北京市海淀区北四环西路9号银谷大厦20层2005 传真：公司主页：http://www.cs2c.com.cn') ;
COMMIT;
INSERT INTO "User" ("Name","UserType","CreatedDatetime","UpdatedDatetime","Enabled")
                              VALUES ('401564627250019.htm',4,clock_timestamp(),clock_timestamp(),'t') ;
INSERT INTO "ZhilianUser" ("UserId","NickName","Type","Sex","City" ) VALUES(currval('"hero_reduce"."user_id_seq"'),'401564627250019.htm',0,'null','北京') ; INSERT INTO "JobPosition" ("UserId","Name","Address","Title","Salary","Description")
                          VALUES(currval('"hero_reduce"."user_id_seq"'),'401564627250019.htm','北京','软件研发工程师','','工作地点：北京学历要求：大专招聘人数：若干工作经验：3-5年职位描述：职责描述. 1.     负责组内开发工作；2.     基于存储虚拟化的代码开发与维护工作；3.     独立开展组内工作并与其他团队协作、定期沟通，完成公司技术开发与维护工作；4.     解决工作中出现的相关问题；职位要求 1.     工作经验丰富，至少熟悉以下语言（C / C+ +，JAVA，Python）之一；2.     有Linux系统编程经验；3.     有多线程编程经验（有在复杂环境中处理同步共享资源的能力）；4.     有storage背景者优先考虑（例如SCSI，ISCSI，FCP，NFS，文件系统，存储虚拟化，multipathing，LVM等）；5.     熟悉开源虚拟化；6.     熟悉网络协议相关知识。') ;
COMMIT;
INSERT INTO "User" ("Name","UserType","CreatedDatetime","UpdatedDatetime","Enabled")
                              VALUES ('401564627250034.htm',4,clock_timestamp(),clock_timestamp(),'t') ;
INSERT INTO "ZhilianUser" ("UserId","NickName","Type","Sex","City" ) VALUES(currval('"hero_reduce"."user_id_seq"'),'401564627250034.htm',0,'null','北京') ; INSERT INTO "JobPosition" ("UserId","Name","Address","Title","Salary","Description")
                          VALUES(currval('"hero_reduce"."user_id_seq"'),'401564627250034.htm','北京','系统分析员','','工作地点：北京学历要求：大专招聘人数：若干工作经验：3-5年职位描述：职责描述. 1.     负责组内开发工作；2.     基于存储虚拟化的代码开发与维护工作；3.     独立开展组内工作并与其他团队协作、定期沟通，完成公司技术开发与维护工作；4.     解决工作中出现的相关问题；职位要求 1.     工作经验丰富，至少熟悉以下语言（C / C+ +，JAVA，Python）之一；2.     有Linux系统编程经验；3.     有多线程编程经验（有在复杂环境中处理同步共享资源的能力）；4.     有storage背景者优先考虑（例如SCSI，ISCSI，FCP，NFS，文件系统，存储虚拟化，multipathing，LVM等）；5.     熟悉开源虚拟化；6.     熟悉网络协议相关知识。') ;
COMMIT;
INSERT INTO "User" ("Name","UserType","CreatedDatetime","UpdatedDatetime","Enabled")
                              VALUES ('401564627250035.htm',4,clock_timestamp(),clock_timestamp(),'t') ;
INSERT INTO "ZhilianUser" ("UserId","NickName","Type","Sex","City" ) VALUES(currval('"hero_reduce"."user_id_seq"'),'401564627250035.htm',0,'null','北京') ; INSERT INTO "JobPosition" ("UserId","Name","Address","Title","Salary","Description")
                          VALUES(currval('"hero_reduce"."user_id_seq"'),'401564627250035.htm','北京','软件研发工程师','','工作地点：北京学历要求：本科招聘人数：若干工作经验：3-5年职位描述：职责描述1.      参与桌面虚拟化项目设计；2.      负责软件子系统代码的实现，编写代码注释和开发文档。职位要求1.      计算机、通信、电子相关专业本科及以上学历，3年以上相关工作经验；2.      精通C/C++，熟悉Python，Linux Shell一种脚本；3.      有较好的计算机算法基础；熟悉TCP/IP协议；4.      有一定图像处理，视频压缩经验者优先；5.      熟悉显卡驱动者优先；6.      熟悉微软RDP协议开发优先；7.      较好的英文文档阅读能力，擅长分析问题、解决问题，逻辑推理能力强。') ;
COMMIT;
INSERT INTO "User" ("Name","UserType","CreatedDatetime","UpdatedDatetime","Enabled")
                              VALUES ('467717611252080.htm',4,clock_timestamp(),clock_timestamp(),'t') ;
INSERT INTO "ZhilianUser" ("UserId","NickName","Type","Sex","City" ) VALUES(currval('"hero_reduce"."user_id_seq"'),'467717611252080.htm',0,'null','北京') ; INSERT INTO "JobPosition" ("UserId","Name","Address","Title","Salary","Description")
                          VALUES(currval('"hero_reduce"."user_id_seq"'),'467717611252080.htm','北京','软件工程师','','岗位职责:1.负责无线路由或是交换机产品开源OPENWRT系统开发与调试工作；2.精通Linux网络体系结构或其它嵌入式系统C语言编程，SHELL编程，熟悉无线路由器底层开发，熟悉网络编程及相关网络协议； 3.熟悉编译OPENWRT开源系统及添加新的硬件平台支持，编写相应C源代码和SHELL编程；4.熟悉修改定制UBOOT及OPENWRT固件；5.熟悉TCP/IP、HTTP协议，熟悉搭建及配置WEB服务器（PHP）；6.wifidog开发和实施，luci深度定制(PHP)。任职要求:1.计算机或者相关专业本科及以上学历；2.3年以上linux开发工作经验；3.熟悉OPENWRT系统的开发、调试；4.爱钻研、踏实，能承受一定工作压力。                                                                            职位联系方式                                                      公司名称：北京奇虎科技有限公司公司地址：电子城国际电子总部 北京市朝阳区酒仙桥路6号院（电子城•国际电子总部）传真：公司主页：http://www.360.cn                                                          查看职位地图') ;
COMMIT;
INSERT INTO "User" ("Name","UserType","CreatedDatetime","UpdatedDatetime","Enabled")
                              VALUES ('467717611252082.htm',4,clock_timestamp(),clock_timestamp(),'t') ;
INSERT INTO "ZhilianUser" ("UserId","NickName","Type","Sex","City" ) VALUES(currval('"hero_reduce"."user_id_seq"'),'467717611252082.htm',0,'null','北京') ; INSERT INTO "JobPosition" ("UserId","Name","Address","Title","Salary","Description")
                          VALUES(currval('"hero_reduce"."user_id_seq"'),'467717611252082.htm','北京','软件工程师','','岗位职责:1.负责安全产品相关内核及应用程序的开发；2.负责对内核及系统性能的优化；3.负责对产品相关功能模块的架构设计等 。任职要求:1.精通C/C++语言，有linux相关平台应用程序开发经验；2.有良好的编程风格和编写文档的习惯，有较强的学习能力，能承受一定工作压力；3.自己裁剪过内核，熟悉内核架构以及编译流程；4.有两年及以上相关工作经验；5.本科以上学历，英语大学四级以上，阅读能力良好；6.精通TCP/IP者优先；7.研究过内核源代码，熟悉netfilter相关源码者优先；8.有内核模块开发经验者优先；9.有网络安全相关经验者优先。                                                                            职位联系方式                                                      公司名称：北京奇虎科技有限公司公司地址：电子城国际电子总部 北京市朝阳区酒仙桥路6号院（电子城•国际电子总部）传真：公司主页：http://www.360.cn                                                          查看职位地图') ;
COMMIT;
INSERT INTO "User" ("Name","UserType","CreatedDatetime","UpdatedDatetime","Enabled")
                              VALUES ('120343909251379.htm',4,clock_timestamp(),clock_timestamp(),'t') ;
INSERT INTO "ZhilianUser" ("UserId","NickName","Type","Sex","City" ) VALUES(currval('"hero_reduce"."user_id_seq"'),'120343909251379.htm',0,'null','北京-海淀区') ; INSERT INTO "JobPosition" ("UserId","Name","Address","Title","Salary","Description")
                          VALUES(currval('"hero_reduce"."user_id_seq"'),'120343909251379.htm','北京-海淀区','系统测试','','岗位职责：1.根据产品的需求规格制定测试计划、测试策略，并进行测试用例的设计；2.对Linux操作系统产品进行系统、全面的测试，并对软件问题进行跟踪分析和报告；3.进行产品的自动化测试；4.根据客户的需求提供测试方案，并在客户现场完成相关的测试工作。岗位要求：1.大学本科及以上学历；2.英语水平达到CET-4以上，有较好的英文阅读能力；3.良好的沟通能力和团队合作精神；4.熟悉软件测试规范和测试流程，能根据需求和设计文档编写测试用例；5.熟悉Linux操作系统；具备对操作系统相关理论和实践的专业知识；6.具有基本的软件编程经验，熟悉Shell、python、perl其中一种及以上；7.熟悉常用的测试工具和测试方法；8.参与过基于Linux的应用软件产品测试者优先考虑。                                                                            职位联系方式                                                      公司名称：中标软件有限公司公司地址：上海市徐汇区番禺路1028号数娱大厦10楼；北京市海淀区北四环西路9号银谷大厦20层2005 传真：公司主页：http://www.cs2c.com.cn') ;
COMMIT;
INSERT INTO "User" ("Name","UserType","CreatedDatetime","UpdatedDatetime","Enabled")
                              VALUES ('387351315251885.htm',4,clock_timestamp(),clock_timestamp(),'t') ;
INSERT INTO "ZhilianUser" ("UserId","NickName","Type","Sex","City" ) VALUES(currval('"hero_reduce"."user_id_seq"'),'387351315251885.htm',0,'null','北京-朝阳区') ; INSERT INTO "JobPosition" ("UserId","Name","Address","Title","Salary","Description")
                          VALUES(currval('"hero_reduce"."user_id_seq"'),'387351315251885.htm','北京-朝阳区','系统工程师','','岗位职责1、Linux服务器、网络设备及应用系统的安装、配置、维护、备份及相关安全工作；2、Linux系统、应用与相关硬件的升级、优化与故障处理，为业务部门提供支持；3、软硬件及应用系统运行状态监控和机房巡检，及时发现并处理存潜在的隐患；4、具体的项目实施操作配合与环境搭建； 任职资格1、计算机等相关专业本科以上学历，具有一定的Linux系统管理和维护能力；2、熟悉Linux系列操作系统的安装、调试、调优；3、熟悉shell脚本编程，使用脚本来完成日常系统运维工作； 4、有较强的Linux下应用的管理、部署和维护，有较强的设计与troubleshooting能力；5、了解常见服务（http、ftp、tomcat、iptables、mysql等）的搭建及故障排查，熟悉tcp/ip协议；6、熟悉常用的系统管理工具，熟悉常见的系统监控软件的部署和使用，如nagios、cacti等；7、熟悉Linux下常见的存储架构和存储概念；8、有较强的沟通能力和团队协作能力，高度的责任心，较强的理解和学习能力；                                                                           职位联系方式                                                       公司名称：北京贝瑞和康生物技术有限公司 公司地址：北京市朝阳区京顺东街6号院  北京link园区 9号楼  传真：01084306824 公司主页：www.berrygenomics.com') ;
COMMIT;
INSERT INTO "User" ("Name","UserType","CreatedDatetime","UpdatedDatetime","Enabled")
                              VALUES ('556661824250002.htm',4,clock_timestamp(),clock_timestamp(),'t') ;
INSERT INTO "ZhilianUser" ("UserId","NickName","Type","Sex","City" ) VALUES(currval('"hero_reduce"."user_id_seq"'),'556661824250002.htm',0,'null','北京-海淀区') ; INSERT INTO "JobPosition" ("UserId","Name","Address","Title","Salary","Description")
                          VALUES(currval('"hero_reduce"."user_id_seq"'),'556661824250002.htm','北京-海淀区','软件工程师','15000-30000','职位描述：1、构建、开发服务器程序，为产品终端提供高效性和可靠性服务；2、搜集、分析日志，挖掘用户使用习惯。 任职要求：1、熟练使用linux操作系统做日常操作和项目开服；2、精通C\C++、python（或其他脚本）等语言；3、深刻理解tcp\ip协议，精通网络编程，使用过boost库者更佳；4、能从原理上理解常用数据结构和算法；能针对具体问题使用合理的数据结构；5、工作上严格要求自己，积极上进。                                                                            职位联系方式                                                      公司名称：鼎信汇金(北京)投资管理有限公司公司地址：北京市海淀区中关村东路1号院8号楼1701室 电    话：82151108公司主页：www.tl50.com                                                          查看职位地图') ;
COMMIT;
INSERT INTO "User" ("Name","UserType","CreatedDatetime","UpdatedDatetime","Enabled")
                              VALUES ('242351419251873.htm',4,clock_timestamp(),clock_timestamp(),'t') ;
INSERT INTO "ZhilianUser" ("UserId","NickName","Type","Sex","City" ) VALUES(currval('"hero_reduce"."user_id_seq"'),'242351419251873.htm',0,'null','北京') ; INSERT INTO "JobPosition" ("UserId","Name","Address","Title","Salary","Description")
                          VALUES(currval('"hero_reduce"."user_id_seq"'),'242351419251873.htm','北京','高级软件工程师','','岗位职责：1，  按要求完成指定功能模块的开发工作 2， 维护相关的模块，完成bug修改，功能升级等  项目经验要求：1，熟悉Linux操作系统下的开发环境2，有2年以上Linux下C开发经验 3，熟悉Linux文件系统 4，有Linux下网络应用开发经验 5，熟悉Linux下脚本处理，熟悉Linux shell     6，有网络攻防，渗透/反渗透经验                                                                           职位联系方式                                                      公司名称：北京启明星辰信息安全技术有限公司公司地址：北京市海淀区东北旺西路8号中关村软件园21号启明星辰大厦 传真：公司主页：                                                          查看职位地图') ;
COMMIT;
INSERT INTO "User" ("Name","UserType","CreatedDatetime","UpdatedDatetime","Enabled")
                              VALUES ('148961986255774.htm',4,clock_timestamp(),clock_timestamp(),'t') ;
INSERT INTO "ZhilianUser" ("UserId","NickName","Type","Sex","City" ) VALUES(currval('"hero_reduce"."user_id_seq"'),'148961986255774.htm',0,'null','北京') ; INSERT INTO "JobPosition" ("UserId","Name","Address","Title","Salary","Description")
                          VALUES(currval('"hero_reduce"."user_id_seq"'),'148961986255774.htm','北京','系统工程师','6001-8000','职位描述：1、负责网络平台的整体运维工作，及时响应故障处理，保障系统的稳定运行。 2、负责网络平台运维流程，运维规范的制定与实施工作。3、负责网站安全评估和安全加固；职位要求：1、计算机及相关专业大学本科及以上学历；2、精通Nginx/Apache/MysqlL/Squid//Redis/Monogdb等主流Linux平台应用的配置与调优工作，具有独立完成网站架构的设计、搭建、运维能力；3、精通IIS/.NET/MVC/Mssql/Cluster等主流Windows平台应用的配置与调优工作，具有独立完成网站架构的设计、搭建、运维能力；4、熟悉TCP/IP网络原理，掌握主流厂商路由器、交换机、防火墙、负载均衡器的配置与使用；5、精通Shell、Python，通过编写相应l脚本，完善和解决工作中遇到的问题；6、熟悉网络安全知识，并能对存在的安全漏洞进行扫描和安全加固；7、具有中大型网站运维经验，实际从事相关工作两年以上应聘者，优先考虑。8、致力于投身互联网行业、对网络技术、安全，具备强烈的钻研与自我学习能力；                                                                           职位联系方式                                                       公司名称：环球天下教育科技集团 公司地址：北京市海淀区中关村南大街甲18号 北京·国际 D座9层  传真： 公司主页：http://www.gedu.org') ;
COMMIT;
INSERT INTO "User" ("Name","UserType","CreatedDatetime","UpdatedDatetime","Enabled")
                              VALUES ('132489231251577.htm',4,clock_timestamp(),clock_timestamp(),'t') ;
INSERT INTO "ZhilianUser" ("UserId","NickName","Type","Sex","City" ) VALUES(currval('"hero_reduce"."user_id_seq"'),'132489231251577.htm',0,'null','北京-海淀区') ; INSERT INTO "JobPosition" ("UserId","Name","Address","Title","Salary","Description")
                          VALUES(currval('"hero_reduce"."user_id_seq"'),'132489231251577.htm','北京-海淀区','高级软件工程师','','任职资格：   1.精通Linux程序设计、C/C++语言编程、TCP/IP网络编程，具备一种网络安全设备的开发经验；2.精通linux下进程间通信、多线程开发、网络编程等开发基础。 3.能应用C/C++语言和设计模式构建高性能、可扩展、稳健的产品。4.具有模块级分解和接口设计经验；5.对数据结构、算法设计、系统架构设计等有较为透彻的理解6.独立或带领小组按计划高质量完成模块开发任务7.有团队开发意识，吃苦耐劳，具备较强的技术专研和创新能力8.有1-2年信息安全产品设计开发经验者优先录用。                                                                           职位联系方式                                                       公司名称：北京鼎普科技股份有限公司 公司地址：北京市海淀区农大南路1号硅谷亮城2号楼C座二、三层  传真：57328111 公司主页：www.tipfocus.com                                                          查看职位地图') ;
COMMIT;
INSERT INTO "User" ("Name","UserType","CreatedDatetime","UpdatedDatetime","Enabled")
                              VALUES ('132489231251849.htm',4,clock_timestamp(),clock_timestamp(),'t') ;
INSERT INTO "ZhilianUser" ("UserId","NickName","Type","Sex","City" ) VALUES(currval('"hero_reduce"."user_id_seq"'),'132489231251849.htm',0,'null','北京') ; INSERT INTO "JobPosition" ("UserId","Name","Address","Title","Salary","Description")
                          VALUES(currval('"hero_reduce"."user_id_seq"'),'132489231251849.htm','北京','软件工程师','','岗位职责：1）项目任务执行l  完成开发经理下达的项目任务l  积极配合开发经理，保证项目的质量和进度2）技术任务执行l  完成技术主管下达的技术研究任务  l  积极与同组员工分享技术知识；l协助同事解决技术问题3）领导交办的其他事项任职资格：1)    掌握c、c++语言基础和特性。  2)    掌握计算机相关技术基础，包括操作系统、数据结构、汇编语言、组成原理、计算机网络、编译原理、设计模式等。  3)    熟练应用gcc/g++/gdb等开发调试工具。  4)    熟悉shell脚本，能进行makefile编写。  5)    熟练使用常用的数据库sqlite、mysql、oracle等。  6)    熟练使用常用的网络工具。                                                                            职位联系方式                                                      公司名称：北京鼎普科技股份有限公司公司地址：北京市海淀区农大南路1号硅谷亮城2号楼C座二、三层 传真：57328111公司主页：www.tipfocus.com                                                          查看职位地图') ;
COMMIT;
INSERT INTO "User" ("Name","UserType","CreatedDatetime","UpdatedDatetime","Enabled")
                              VALUES ('000016224286564.htm',4,clock_timestamp(),clock_timestamp(),'t') ;
INSERT INTO "ZhilianUser" ("UserId","NickName","Type","Sex","City" ) VALUES(currval('"hero_reduce"."user_id_seq"'),'000016224286564.htm',0,'null','') ; INSERT INTO "JobPosition" ("UserId","Name","Address","Title","Salary","Description")
                          VALUES(currval('"hero_reduce"."user_id_seq"'),'000016224286564.htm','','','','') ;
COMMIT;
INSERT INTO "User" ("Name","UserType","CreatedDatetime","UpdatedDatetime","Enabled")
                              VALUES ('136410592282276.htm',4,clock_timestamp(),clock_timestamp(),'t') ;
INSERT INTO "ZhilianUser" ("UserId","NickName","Type","Sex","City" ) VALUES(currval('"hero_reduce"."user_id_seq"'),'136410592282276.htm',0,'null','') ; INSERT INTO "JobPosition" ("UserId","Name","Address","Title","Salary","Description")
                          VALUES(currval('"hero_reduce"."user_id_seq"'),'136410592282276.htm','','','','') ;
COMMIT;
INSERT INTO "User" ("Name","UserType","CreatedDatetime","UpdatedDatetime","Enabled")
                              VALUES ('135355209250315.htm',4,clock_timestamp(),clock_timestamp(),'t') ;
INSERT INTO "ZhilianUser" ("UserId","NickName","Type","Sex","City" ) VALUES(currval('"hero_reduce"."user_id_seq"'),'135355209250315.htm',0,'null','北京-海淀区') ; INSERT INTO "JobPosition" ("UserId","Name","Address","Title","Salary","Description")
                          VALUES(currval('"hero_reduce"."user_id_seq"'),'135355209250315.htm','北京-海淀区','高级软件工程师','','岗位职责 1、负责基于client-server的Linux嵌入式端通信协议及应用软件的设计、开发、调试和维护工作； 2、负责通信模组级的协议栈移植和优化编程工作； 3、负责参与基于云平台的服务交互系统架构设计； 4、需要根据不同嵌入式硬件平台配置要求针对参考设计代码进行重构及优化；   任职要求： 1、3年以上嵌入式Linux开发经验；本科及以上学历；同时有RTOS平台开发经验者优先； 2、熟练掌握C/C++语言； 3、熟悉mDNS协议，有实际使用mDNSResponder、bonjour等开源软件经验；  4、熟悉XMPP协议，有实际使用strophe、gloox等开源软件经验者优先； 5、了解ARM、单片机系统架构。                                                                           职位联系方式                                                       公司名称：闪联信息技术工程中心有限公司  公司地址：北京市海淀区万柳中路11号派顿大厦4层 公司主页：http://www.igrslab.com') ;
COMMIT;
INSERT INTO "User" ("Name","UserType","CreatedDatetime","UpdatedDatetime","Enabled")
                              VALUES ('377874125250171.htm',4,clock_timestamp(),clock_timestamp(),'t') ;
INSERT INTO "ZhilianUser" ("UserId","NickName","Type","Sex","City" ) VALUES(currval('"hero_reduce"."user_id_seq"'),'377874125250171.htm',0,'null','北京-朝阳区') ; INSERT INTO "JobPosition" ("UserId","Name","Address","Title","Salary","Description")
                          VALUES(currval('"hero_reduce"."user_id_seq"'),'377874125250171.htm','北京-朝阳区','高级软件工程师','','岗位职责：负责促销平台的开发和维护任职要求：1、3年(含)以上基于Linux平台使用C/C++开发互联网产品或嵌入式产品的经验。2、需非常熟悉Linux系统，工作时能完全用Linux做桌面环境者优先考虑。3、需有较强的数学建模能力，熟悉常用的算法。4、需要熟悉至少一种常用脚本语言，如PHP、Perl、Python或Shell。5、有大型互联网公司后台服务开发、运维经验或有搜索开发、大规模数据处理经验者优先考虑。6、需有良好的学习精神,能够适应工作压力，有良好的沟通技能与团队合作能力。  …                                                                            职位联系方式                                                      公司名称：千人掌科技(北京)有限公司公司地址：北京市朝阳区呼家楼雨霖大厦19层 传真：公司主页：www.qianrenzhang.com                                                          查看职位地图') ;
COMMIT;
INSERT INTO "User" ("Name","UserType","CreatedDatetime","UpdatedDatetime","Enabled")
                              VALUES ('418444926250036.htm',4,clock_timestamp(),clock_timestamp(),'t') ;
INSERT INTO "ZhilianUser" ("UserId","NickName","Type","Sex","City" ) VALUES(currval('"hero_reduce"."user_id_seq"'),'418444926250036.htm',0,'null','北京-海淀区') ; INSERT INTO "JobPosition" ("UserId","Name","Address","Title","Salary","Description")
                          VALUES(currval('"hero_reduce"."user_id_seq"'),'418444926250036.htm','北京-海淀区','IT项目执行/协调人员','','主要职责：负责搭建环境协助市场部做相应的软件支持/实施工作，需出差在北京或外地部署服务器环境修改简单的脚本来完成项目实施工作。任职资格：1.熟悉Linux，会编写和修改shell脚本，具有perl/groovy更好；2.熟悉java，能写简单的代码；3.精通MySQL或Oracle数据库的部署、调试；4.精通Windows、Linux服务器系统安装、配置和调试；5.熟悉常用网络、服务器、存储设备，具备网络基础知识；6.熟悉软件安装环境配置、系统调试和安装过程；7.工作热情、积极主动、责任心强，自学能力强，动手能力强；8.做事耐心细致，具备较强的自我情绪控制能力及抗压能力，具备较强的团队合作精神；9.具备软件项目支持，项目实施工作经验者，能适应出差，本科及以上。                                                                            职位联系方式                                                      公司名称：普强信息技术(北京)有限公司公司地址：北京市海淀区东北旺西路8号，4好楼软件园广场C座云基地4层405A 传真：公司主页：') ;
COMMIT;
INSERT INTO "User" ("Name","UserType","CreatedDatetime","UpdatedDatetime","Enabled")
                              VALUES ('120067657250821.htm',4,clock_timestamp(),clock_timestamp(),'t') ;
INSERT INTO "ZhilianUser" ("UserId","NickName","Type","Sex","City" ) VALUES(currval('"hero_reduce"."user_id_seq"'),'120067657250821.htm',0,'null','北京-海淀区') ; INSERT INTO "JobPosition" ("UserId","Name","Address","Title","Salary","Description")
                          VALUES(currval('"hero_reduce"."user_id_seq"'),'120067657250821.htm','北京-海淀区','高级软件工程师','','任职要求：  1. 有五年及以上LINUX下C/C++ 软件开发经验 2. 熟悉LINUX下各种命令，熟练使用LINUX操作系统 3 熟悉GDB调试方法步骤  4. 精通网络编程、对算法设计和数据结构有较深刻的理解 5. 对性能优化有独到的见解 6. 熟悉各种网络协议 7. 具有较强的沟通能力、团队合作精神及抗压能力 工作职责： 1. 核心软件模块的优化、开发、设计及维护  2. 指导培训初级工程师                                                                            职位联系方式                                                       公司名称：北京锐安科技有限公司 公司地址：北京市海淀区中关村南大街乙56号方圆大厦9层  传真： 公司主页：http://www.bjrun.com') ;
COMMIT;
INSERT INTO "User" ("Name","UserType","CreatedDatetime","UpdatedDatetime","Enabled")
                              VALUES ('148961986255780.htm',4,clock_timestamp(),clock_timestamp(),'t') ;
INSERT INTO "ZhilianUser" ("UserId","NickName","Type","Sex","City" ) VALUES(currval('"hero_reduce"."user_id_seq"'),'148961986255780.htm',0,'null','北京') ; INSERT INTO "JobPosition" ("UserId","Name","Address","Title","Salary","Description")
                          VALUES(currval('"hero_reduce"."user_id_seq"'),'148961986255780.htm','北京','软件工程师','6001-8000','职位描述：1、负责网络平台的整体运维工作，及时响应故障处理，保障系统的稳定运行。 2、负责网络平台运维流程，运维规范的制定与实施工作。3、负责网站安全评估和安全加固；职位要求：1、计算机及相关专业大学本科及以上学历；2、精通Nginx/Apache/MysqlL/Squid//Redis/Monogdb等主流Linux平台应用的配置与调优工作，具有独立完成网站架构的设计、搭建、运维能力；3、精通IIS/.NET/MVC/Mssql/Cluster等主流Windows平台应用的配置与调优工作，具有独立完成网站架构的设计、搭建、运维能力；4、熟悉TCP/IP网络原理，掌握主流厂商路由器、交换机、防火墙、负载均衡器的配置与使用；5、精通Shell、Python，通过编写相应l脚本，完善和解决工作中遇到的问题；6、熟悉网络安全知识，并能对存在的安全漏洞进行扫描和安全加固；7、具有中大型网站运维经验，实际从事相关工作两年以上应聘者，优先考虑。8、致力于投身互联网行业、对网络技术、安全，具备强烈的钻研与自我学习能力；                                                                            职位联系方式                                                      公司名称：环球天下教育科技集团公司地址：北京市海淀区中关村南大街甲18号 北京·国际 D座9层 传真：公司主页：http://www.gedu.org') ;
COMMIT;
INSERT INTO "User" ("Name","UserType","CreatedDatetime","UpdatedDatetime","Enabled")
                              VALUES ('202807112250169.htm',4,clock_timestamp(),clock_timestamp(),'t') ;
INSERT INTO "ZhilianUser" ("UserId","NickName","Type","Sex","City" ) VALUES(currval('"hero_reduce"."user_id_seq"'),'202807112250169.htm',0,'null','北京') ; INSERT INTO "JobPosition" ("UserId","Name","Address","Title","Salary","Description")
                          VALUES(currval('"hero_reduce"."user_id_seq"'),'202807112250169.htm','北京','系统集成工程师','','岗位要求：1、大专及以上学历，计算机及相关专业；2、2年左右linux系统运维经验，熟悉Unix/linux及windows系统，熟悉服务器及存储硬件。                                                                            职位联系方式                                                      公司名称：北京蓝玛星际科技有限公司公司地址：北京市海淀区上信息路一号B栋401室 传真：公司主页：www.tteke.com') ;
COMMIT;
INSERT INTO "User" ("Name","UserType","CreatedDatetime","UpdatedDatetime","Enabled")
                              VALUES ('000024062279039.htm',4,clock_timestamp(),clock_timestamp(),'t') ;
INSERT INTO "ZhilianUser" ("UserId","NickName","Type","Sex","City" ) VALUES(currval('"hero_reduce"."user_id_seq"'),'000024062279039.htm',0,'null','北京') ; INSERT INTO "JobPosition" ("UserId","Name","Address","Title","Salary","Description")
                          VALUES(currval('"hero_reduce"."user_id_seq"'),'000024062279039.htm','北京','环境/健康/安全工程师','10001-15000','Job ID: 27581Location:  CHN-BeijingRelocation Provided:  NoEducation Required:  Bachelors DegreeExperience Required:  3 - 5 YearsPosition Description: 1. Build overall schedule for various phases of development and deployment.2. Coordinate initial image work, driver delivery, and defect fixe with internal teams and vendor.3. Functionality  and compatibility testing and verification.4. Communicate issue with related owner to figure out solution and verification.5. Defect tracking between in-house Lenovo development, manufacturing, and customer reported problems.6. Module build for RTM and support system test.Position Requirements:1. Have SUSE certification experience 2. Have Redhat certification experience.') ;
COMMIT;
INSERT INTO "User" ("Name","UserType","CreatedDatetime","UpdatedDatetime","Enabled")
                              VALUES ('120477843250328.htm',4,clock_timestamp(),clock_timestamp(),'t') ;
INSERT INTO "ZhilianUser" ("UserId","NickName","Type","Sex","City" ) VALUES(currval('"hero_reduce"."user_id_seq"'),'120477843250328.htm',0,'null','北京') ; INSERT INTO "JobPosition" ("UserId","Name","Address","Title","Salary","Description")
                          VALUES(currval('"hero_reduce"."user_id_seq"'),'120477843250328.htm','北京','系统工程师','','职位描述： 1、负责数据采集任务，为管理团队和数据团队提供数据查询（例如：数据可用性校验，采集样本数据，数据量化统计等等）； 2、解决数据采集中可能出现的技术问题； 3、跟踪交易所数据源的变化，并采取相应的调整（例如：通知管理团队数据源合并，并作好相关的配置修改等等）； 4、添加新交易所数据到数据中心。 职位要求： 1、计算机相关专业本科以上学历，2年以上相关工作经验； 2、熟悉Linux的一些常用工具（比如grep,find,bash,awk等等），具备一定的系统管理经验； 3、熟悉脚本编程（比如Python）、 熟悉Red Hat集群者优先； 4、具有Linux下调试开发C/C++/Java经验、网络管理经验（熟悉防火墙，ip表，路由表等）者优先； 5、出色的英语听说读写能力。    *此职位派驻500强外企，半年至一年后转入该外企正式编制                                                                           职位联系方式                                                       公司名称：上海合胜计算机科技股份有限公司 公司地址：上海市长宁区协和路787号A北3楼  传真：52178885 公司主页：http://www.mvs.com.cn                                                          查看职位地图') ;
COMMIT;
INSERT INTO "User" ("Name","UserType","CreatedDatetime","UpdatedDatetime","Enabled")
                              VALUES ('120144258250466.htm',4,clock_timestamp(),clock_timestamp(),'t') ;
INSERT INTO "ZhilianUser" ("UserId","NickName","Type","Sex","City" ) VALUES(currval('"hero_reduce"."user_id_seq"'),'120144258250466.htm',0,'null','北京') ; INSERT INTO "JobPosition" ("UserId","Name","Address","Title","Salary","Description")
                          VALUES(currval('"hero_reduce"."user_id_seq"'),'120144258250466.htm','北京','IT技术支持/维护工程师','4000-8000','岗位主要职责：  l   负责公司电信增值业务运营支撑系统和内部IT系统的规划、建设、运营维护和技术支持等日常工作，保证各系统的稳定运行；  2   负责系统故障的应急响应和问题处理；  3   负责运维建设性工作技术方案的编写；  负责和客户及其他部门的接口工作，协调公司内外部资源以达成目标。  任职条件：  1、工作经验  二年以上系统管理（网站、电子商务、增值业务系统、运营支撑系统）或系统集成工作经验  2、工作技能  1)  计算机或相关专业，本科及其以上学历；  2)  精通Windows/Unix/Linux服务器操作系统，精通Shell脚本，熟悉集群及负载均衡等技术；  3)  熟悉Apache、Tomcat、JBoss等开源应用的配置与应用；  4)  具有大型网络工程或大型网站架构经验，熟悉常见网络设备（交换机、路由器、防火墙和负载均衡设备）、服务器和存储设备（磁盘阵列、磁带库等）的安装、调试和维护；  5)  具有常用大型数据库（Oracle/SQL Server/ProgreSQL等）的安装、调优和维护经验；  6)  了解一定的HTML/JSP或Java语言编程开发知识；  7)  工作严谨、规范，有明确的目标及计划；具备良好的前瞻及规划能力；具有良好的文档写作能力；  8)   较强的执行能力，良好的沟通、协调能力和团队合作精神，有工作激情和责任心，能够承受一定的工作压力，富有挑战精神；  9)  具备较强的分析及解决问题的能力；  10)  优秀的中/英文听、说能力；11）具备相关厂商认证者优先；熟悉电信增值业务、电子商务业务者优先。其他福利：1、六险一金(包含补充医疗)；2、为符合条件的员工办理北京市工作居住证；3、统一支取公积金；4、免费员工食堂（早午餐）；5、弹性上班时间；6、绩效奖金；7、带薪年假+周末双休+法定节假日。公司介绍： 英泰伟业集团于2001年7月组建，致力于利用先进的通信和计算机软件技术为彩票及幸运游戏、电子交易和支付领域的用户提供应用服务、集团总部位于香港。 在彩票及幸运游戏领域，英泰伟业为彩票发行机构提供电脑彩票游戏设计与开发、彩票电子营销和客户关系管理等方面的完整应用解决方案，为彩票发行管理机构提供从系统建设到上线后运营维护的交钥匙服务；与此同时，英泰伟业也为广大喜爱彩票和幸运游戏的人群提供信息和休闲娱乐方面的电信增值服务。 英泰伟业作为目前中国大陆地区彩票及幸运游戏市场最大的电信应用服务提供商，主要成功案例有：中国福利彩票全国服务热线系统的建设及运营维护、中国福利彩票积分服务系统的建设及运营维护、吉林省福利彩票电话投注热线系统的建设及运营维护、"好捞"超低竞价购物系统的建设及运营维护等。                                                                           职位联系方式                                                      公司名称：英泰伟业科技（北京）有限公司  公司地址：北京市海淀区厂洼中街66号英泰科技大厦  传真：57550760 公司主页：www.bjiwt.com.cn                                                          查看职位地图') ;
COMMIT;
INSERT INTO "User" ("Name","UserType","CreatedDatetime","UpdatedDatetime","Enabled")
                              VALUES ('120700209250957.htm',4,clock_timestamp(),clock_timestamp(),'t') ;
INSERT INTO "ZhilianUser" ("UserId","NickName","Type","Sex","City" ) VALUES(currval('"hero_reduce"."user_id_seq"'),'120700209250957.htm',0,'null','北京-海淀区') ; INSERT INTO "JobPosition" ("UserId","Name","Address","Title","Salary","Description")
                          VALUES(currval('"hero_reduce"."user_id_seq"'),'120700209250957.htm','北京-海淀区','系统工程师','','岗位职责 ： 1) 负责公司Linux服务器及应用环境快速部署、调试、迁移、维护、监控； 2) 负责分析、优化服务器操作系统，提升系统安全性和应用环境的速度、性能；   3) 负责日常服务器的巡检，负责软硬件、系统与应用平台管理，包括状态监控、升级、故障处理及优化等操作；   4) 负责收集和分析系统性能指标，对提高系统可用性提出建议，维护系统稳定运行；   5）负责系统日志分析、挖掘问题隐患、配合制作相关预案； 6）负责Oracle、Mysql数据库的日常维护，包括配置、优化、备份、故障处理等工作；  任职要求： 1) 计算机、通信、电子、自动化等相关专业，本科及以上学历，有工作经验优先，能适应运维工作需要；  2) 精通Linux操作系统，能够独立安装、配置、优化、维护及故障处理； 3) 精通TCP/IP协议，基础知识扎实，熟悉网络安全；熟悉各类常用网络设备的部署、使用和维护 4) 精通Oracle、MySQL等数据库的管理、配置、优化、备份恢复、异地同步、数据迁移、安全防护； 5) 熟悉SAN、NAS等存储技术； 6) 精通常用脚本语言，包括：Shell、PHP、Perl、Ruby、Python等； 7) 具有良好的沟通协调能力和强烈的责任心，学习能力强，积极主动，具有文档写作能力，具有团队合作精神；  有红帽认证工程师（RHCE）资格优先。                                                                            职位联系方式                                                      公司名称：北京东晨利能科技发展有限公司公司地址：北京市海淀区学清路8号科技财富中心A座202室 传真：62381135公司主页：http://www.dcc-bj.com') ;
COMMIT;
INSERT INTO "User" ("Name","UserType","CreatedDatetime","UpdatedDatetime","Enabled")
                              VALUES ('120343909251375.htm',4,clock_timestamp(),clock_timestamp(),'t') ;
INSERT INTO "ZhilianUser" ("UserId","NickName","Type","Sex","City" ) VALUES(currval('"hero_reduce"."user_id_seq"'),'120343909251375.htm',0,'null','北京-海淀区') ; INSERT INTO "JobPosition" ("UserId","Name","Address","Title","Salary","Description")
                          VALUES(currval('"hero_reduce"."user_id_seq"'),'120343909251375.htm','北京-海淀区','高级软件工程师','','岗位职责：1、 研发服务器操作系统基础发行版本和服务器操作系统内核；2、 参加下列开发工作：Linux操作系统底层软件、硬件适配；3、 根据客户需求和项目需要，对Linux操作系统进行定制裁剪开发及内核驱动功能定制；4、 负责定制系统底层软件跨平台移植，以及系统集成调试、维护升级； 任职资格：1、 计算机、信息技术等相关专业的硕士、博士或优秀本科生；2、 熟练掌握C/C++，java，Python，Perl等两种或以上程序设计语言；3、 精通类Unix操作系统的系统管理操作，熟练架设各种应用服务器；4、 精通Linux系统和Linux环境开发，具有Linux环境程序开发经验，熟练使用gcc，gdb，make，binutils等各种开发工具，有 Linux kernel开发经验者优先；5、 具有开放的心态，良好的接受新技术和新知识的能力；6、 具有优秀的自我管理、自我学习能力和工作主动性。具备下列条件者优先考虑:1、精通基于SDL、FBdev、QT、GTK中一种或多种图形库的开发技术。2、具有ARM，PowerPC，MIPS平台嵌入式Linux开发经验。3、具有Linux系统开发的项目管理经验。                                                                           职位联系方式                                                       公司名称：中标软件有限公司 公司地址：上海市徐汇区番禺路1028号数娱大厦10楼；北京市海淀区北四环西路9号银谷大厦20层2005  传真： 公司主页：http://www.cs2c.com.cn') ;
COMMIT;
INSERT INTO "User" ("Name","UserType","CreatedDatetime","UpdatedDatetime","Enabled")
                              VALUES ('120151203250502.htm',4,clock_timestamp(),clock_timestamp(),'t') ;
INSERT INTO "ZhilianUser" ("UserId","NickName","Type","Sex","City" ) VALUES(currval('"hero_reduce"."user_id_seq"'),'120151203250502.htm',0,'null','北京') ; INSERT INTO "JobPosition" ("UserId","Name","Address","Title","Salary","Description")
                          VALUES(currval('"hero_reduce"."user_id_seq"'),'120151203250502.htm','北京','高级软件工程师','10001-15000','岗位职责：1、负责项目整体架构的设计，划分项目模块；2、负责项目中各模块的集成工作；3、指导编码人员进行合理规范编码；4、对项目中遇到的问题能分析并找到问题的根源，较快的解决问题。任职要求： 1、扎实的计算机理论基础，数据结构，设计模式；2、熟练使用C/C++编程语言，良好的编程习惯，较强的学习能力；  3、熟悉LINUX编程，熟练gdb调试，较强的debug能力，相关工作经验3年以上；4、熟悉SIP，RTP，等相关网络协议、熟悉TCP/IP网络编程，熟悉ACE；5、熟悉网络视频，具有相关应用开发经验，具有开源工作经验为佳。                                                                           职位联系方式                                                      公司名称：北京维盛网域科技有限公司公司地址：北京市海淀区学清路科技财富中心A座 3A层 传真：公司主页：http://www.wisdomcybertech.com') ;
COMMIT;
INSERT INTO "User" ("Name","UserType","CreatedDatetime","UpdatedDatetime","Enabled")
                              VALUES ('000040057251729.htm',4,clock_timestamp(),clock_timestamp(),'t') ;
INSERT INTO "ZhilianUser" ("UserId","NickName","Type","Sex","City" ) VALUES(currval('"hero_reduce"."user_id_seq"'),'000040057251729.htm',0,'null','北京-海淀区') ; INSERT INTO "JobPosition" ("UserId","Name","Address","Title","Salary","Description")
                          VALUES(currval('"hero_reduce"."user_id_seq"'),'000040057251729.htm','北京-海淀区','软件工程师','','岗位名称：Linux软件开发工程师  岗位职责：   1. linux环境下，应用c/c++开发高性能的互联网流量分析、监控系统  2. 负责数据库的设计与实现  3. 负责网络协议的移植、定制，例如：tcp/ip, BGP协议   任职要求：   1.   计算机、电子、通信等相关专业，硕士及以上学历，3年级以上相关行业工作经验；，  2.   精通c/c++编程，数据库开发，精通Linux编程，熟悉网络编程；  3.   熟悉linux操作系统；有过大型复杂系统开发经历的优先；   4.   熟悉TCP/IP，DNS，Http等网络协议；   5.   具有较强的学习能力，责任心和团队意识，沟通能力良好；                                                                               职位联系方式                                                      公司名称：中国互联网络信息中心公司地址：北京349信箱6分箱 100190传真：62559892公司主页：http://www.cnnic.cn/') ;
COMMIT;
INSERT INTO "User" ("Name","UserType","CreatedDatetime","UpdatedDatetime","Enabled")
                              VALUES ('000140069252582.htm',4,clock_timestamp(),clock_timestamp(),'t') ;
INSERT INTO "ZhilianUser" ("UserId","NickName","Type","Sex","City" ) VALUES(currval('"hero_reduce"."user_id_seq"'),'000140069252582.htm',0,'null','北京-海淀区') ; INSERT INTO "JobPosition" ("UserId","Name","Address","Title","Salary","Description")
                          VALUES(currval('"hero_reduce"."user_id_seq"'),'000140069252582.htm','北京-海淀区','嵌入式软件开发','','知识技能：1、2年以上在嵌入式系统上C/C++开发经验，熟悉常用的嵌入式操作系统；2、有在Linux系统上编程经验，有Arm平台开发经验；2、有良好的文档编写能力；有较强的逻辑分析能力和学习能力; 3、责任心强，心态踏实、拥有良好的沟通技巧及团队合作精神;5、对嵌入式软件开发具有浓厚的兴趣。工作职责：1、负责软件需求分析、模块设计及开发工作2、编写必要的技术文档3、负责软件的相关测试工作4、负责现有产品软件的升级维护、二次开发等维护工作                                                                            职位联系方式                                                      公司名称：哈尔滨新中新电子股份有限公司公司地址：哈尔滨市南岗区汉水路102号 传真：公司主页：http://www.synjones.com.cn                                                          查看职位地图') ;
COMMIT;
INSERT INTO "User" ("Name","UserType","CreatedDatetime","UpdatedDatetime","Enabled")
                              VALUES ('156653923250613.htm',4,clock_timestamp(),clock_timestamp(),'t') ;
INSERT INTO "ZhilianUser" ("UserId","NickName","Type","Sex","City" ) VALUES(currval('"hero_reduce"."user_id_seq"'),'156653923250613.htm',0,'null','北京-宣武区') ; INSERT INTO "JobPosition" ("UserId","Name","Address","Title","Salary","Description")
                          VALUES(currval('"hero_reduce"."user_id_seq"'),'156653923250613.htm','北京-宣武区','系统管理员','','工作职责： l 设计、搭建和维护企业的LAMP系统环境l 以系统的无缝扩展满足业务部门的切实需求和潜在需求职位描述： l 负责Linux服务器的安装、配置、调优和运维l 负责较大规模数据查询环境下高性能LAMP系统方案的制定和实施l 保障服务器与数据库安全，检查并消除安全漏洞l 保障整个系统的稳定和可扩展工作要求：l 精通LAMP架构在企业环境中的设计、部署和运维管理,有3年以上大中型在线系统的运维工作经验l 精通Linux在企业环境下的运维管理，熟悉内核参数调及常见服务的安装配置；l 精通MySQL在较大数据规模环境下的方案规划、部署和运维，需有丰富的MySQL实操管理经验l 熟悉和灵活运用1种以上的脚本语言，包括：Shell、Perl、Python等l 至少精通一种监控系统（如Nagios、mrtg等）的部署、监控l 高度的责任感，较强的故障分析及排除能力，善于在工作中学习其他要求：l 计算机相关专业本科及以上学历l 良好的团队精神和工作主动性                                                                           职位联系方式                                                       公司名称：北京新生代市场监测机构有限公司 公司地址：北京市宣武门外大街10号庄胜广场中央写字楼北翼15层  传真：63108025 公司主页：http://www.sinomonitor.com') ;
COMMIT;
INSERT INTO "User" ("Name","UserType","CreatedDatetime","UpdatedDatetime","Enabled")
                              VALUES ('271635919250437.htm',4,clock_timestamp(),clock_timestamp(),'t') ;
INSERT INTO "ZhilianUser" ("UserId","NickName","Type","Sex","City" ) VALUES(currval('"hero_reduce"."user_id_seq"'),'271635919250437.htm',0,'null','北京-海淀区') ; INSERT INTO "JobPosition" ("UserId","Name","Address","Title","Salary","Description")
                          VALUES(currval('"hero_reduce"."user_id_seq"'),'271635919250437.htm','北京-海淀区','系统工程师','6000-10000','[职位描述]1、负责系统的安装、配置、管理、优化及日常运维工作；2、负责系统的变更测试与发布工作，积极配合开发人员完成工作目标；3、负责运维相关工具及系统结构方面的调研、设计、实施等工作。[任职要求]1、本科以上学历，计算机或通讯相关专业；2、熟悉Linux系统管理，具备大型应用平台运维经验；3、熟悉常用Web应用和服务的配置、部署、调优；4、熟悉网络安全及相关服务器配置；5、熟悉shell或Perl脚本的编写，对MySQL等数据库的部署及优化有一定了解；6、具有较强的自主学习能力、沟通能力、团队精神。7、有网络相关知识及网络设备安装维护经验者优先。公司福利待遇：1、午餐补助2、网费补助3、年终奖4、结婚、生日及节日福利（包括端午节、中秋节、元旦、农历新年等）5、带薪年假6、薪资待遇增长较快，发展前景广阔7、公司组织定期出游等团队活动8、公司免费技能培训9、公司现在正处于快速发展时期，较多的管理职位空缺，如果工作成绩显著，除了薪资待遇上升的较快之外，发展前景亦是十分广阔。                                                                            职位联系方式                                                      公司名称：北京大家网教育科技有限公司公司地址：北京市海淀区中关村南大街48号九龙商务中心A座609室 传真：010-62150712公司主页：http://www.topsage.com/                                                          查看职位地图') ;
COMMIT;
INSERT INTO "User" ("Name","UserType","CreatedDatetime","UpdatedDatetime","Enabled")
                              VALUES ('576438628250241.htm',4,clock_timestamp(),clock_timestamp(),'t') ;
INSERT INTO "ZhilianUser" ("UserId","NickName","Type","Sex","City" ) VALUES(currval('"hero_reduce"."user_id_seq"'),'576438628250241.htm',0,'null','北京') ; INSERT INTO "JobPosition" ("UserId","Name","Address","Title","Salary","Description")
                          VALUES(currval('"hero_reduce"."user_id_seq"'),'576438628250241.htm','北京','高级软件工程师','','岗位职责：1. 按照有关制度和规范要求，参与项目和产品设计（功能设计、数据结构设计、系统架构设计、数据库设计）、编写文档、并制定详细开发计划；2. 根据项目需要参与编码工作，主要承担核心模块的编码工作。对需求、业务知识理解透彻，保证各项任务提交的规范性、及时性；3. 前沿技术研究、难点攻关，可承担客户业务、技术培训，必要是对项目组内初级开发人员进行指导，监控代码质量，制定开发规范。4. 参与项目设计评审等工作。任职资质：1. 精通C/C++编程，熟练使用各种调试工具，计算机或相关专业，从事C++编程2年以上；2. 熟练掌握进程间通信、对消息队列、共享内存、线程并发的控制有深入理解；3. 精通TCP协议，有丰富的Linux网络编程经验，数据数据库相关知识，如Oracle和TimesTen内存数据库；4. 具备多线程编程经验，xml脚本解析经验，良好的代码风格及注释习惯；5. 负责代码质量检查，保证代码符合技术规范要求；6. 具有较强责任感及良好沟通表达能力和团队协作精神。          公司福利：一、基本福利：1、五险一金：正式员工入职，公司为员工缴纳社会保险和住房公积金。2、节日礼金：公司为正式员工在相应的节日发放红包、礼金、物品等。3、中餐补贴：公司为正式员工按工作日提供中餐伙食补贴。4、话费报销：公司为正式员工按照职级每月发放通讯报销款。5、电脑补贴：允许自带电脑的员工可享受每月电脑补贴。6、生小孩：正式员工生子，公司将带礼品前往探望慰问并发送祝福信息以表祝贺。7、喜金：正式员工结婚公司将给予一定金额的喜金，并发送祝福信息以表祝贺。8、慰问金：正式员工直系亲属（父母、配偶、子去世，公司将致一定金额的物品或奠仪以示慰问。9、入职/年度体检：公司关心员工身体健康，在新员工转正时公司免费为员工体检；满足公司年度体检条件的，公司将为员工开展健康扫描月活动。二、 薪酬与奖金：公司有健全的职业发展规划体系，为员工搭建职业发展的空间与平台，给员工提供了施展才华的舞台。1、加薪：公司每年定期为工作满1年的员工加薪。2、调薪：对业绩优秀的员工给予认可及奖励，使员工能够获得晋职、晋级发展机会。3、年终奖：公司按照年度奖金评定办法，为员工发放年终奖。4、推荐奖：员工为公司推荐合适人员转正后，公司将给予推荐者一定金额的奖金。5、优秀奖励：公司定期开展评奖评优活动，鼓励员工不断创造佳绩，与公司共同成长发展。三、假期：1、员工享有国家法定节假日。2、正式员工享受带薪假期（年假、婚、丧、产假、计划生育假、哺乳假）。3、在各种国定假期到来之际，公司会发送各类祝福及提醒信息，为员工送去关怀与祝福，祝福员工节目快乐。四、活动：1、活动经费：主要用于部门集体活动及成长学习，按照每人每年一定金额的标准发放到部门。2、生日祝福：公司每月为员工过集体生日，外地员工可收到公司发送的生日祝福及关怀信息。3、公司每年将根据当年的实际情况安排员工集体文娱活动（年会、拓展、聚餐、各类活动等等），员工在积极参加各类活动的同时，能够充分发挥和施展自已的才艺，共同营造和谐、向上的工作氛围。其它相关福利建设中…………！！！公司以低调务实的企业文化，优雅舒适的办公环境、简单的人际关系、注重新人培养等等，在此，我们诚挚邀请并期待您的加入～～！                                                                            职位联系方式                                                      公司名称：北京中润无限科技有限公司公司地址：北京市朝阳区光华路22号，光华路soho,2单元，1706 传真：公司主页：http://www.zhongrunwx.com') ;
COMMIT;
INSERT INTO "User" ("Name","UserType","CreatedDatetime","UpdatedDatetime","Enabled")
                              VALUES ('132489231251575.htm',4,clock_timestamp(),clock_timestamp(),'t') ;
INSERT INTO "ZhilianUser" ("UserId","NickName","Type","Sex","City" ) VALUES(currval('"hero_reduce"."user_id_seq"'),'132489231251575.htm',0,'null','北京-海淀区') ; INSERT INTO "JobPosition" ("UserId","Name","Address","Title","Salary","Description")
                          VALUES(currval('"hero_reduce"."user_id_seq"'),'132489231251575.htm','北京-海淀区','软件研发工程师','','任职资格：   1.精通Linux程序设计、C/C++语言编程、TCP/IP网络编程，具备一种网络安全设备的开发经验。2.熟练使用基本数据结构及其算法(链表、堆栈、队列、树、哈希表)。3.精通linux下进程间通信、多线程开发、网络编程等开发基础。 4.具备一定的技术文档写作能力承担模块的设计工作。5.具备良好的沟通交流能力，具有团队合作精神及强烈责任感。能够承受一定的工作压力，愿意与公司一起发展。6.熟悉TCP/IP、HTTP通讯协议、熟悉网络编程、有网络协议分析、数据流安全分析等网络安全产品开发经验者优先。                                                                           职位联系方式                                                       公司名称：北京鼎普科技股份有限公司 公司地址：北京市海淀区农大南路1号硅谷亮城2号楼C座二、三层  传真：57328111 公司主页：www.tipfocus.com                                                          查看职位地图') ;
COMMIT;
INSERT INTO "User" ("Name","UserType","CreatedDatetime","UpdatedDatetime","Enabled")
                              VALUES ('340293310250006.htm',4,clock_timestamp(),clock_timestamp(),'t') ;
INSERT INTO "ZhilianUser" ("UserId","NickName","Type","Sex","City" ) VALUES(currval('"hero_reduce"."user_id_seq"'),'340293310250006.htm',0,'null','北京') ; INSERT INTO "JobPosition" ("UserId","Name","Address","Title","Salary","Description")
                          VALUES(currval('"hero_reduce"."user_id_seq"'),'340293310250006.htm','北京','系统工程师','','1、具备小型机或者LINUX操作系统或者数据库的知识。 2、 现场监控系统运行，具备系统日常检查、监控、拨测业务、处理系统故障的能力。 3、 工作年限1年左右，取得红帽认证优先。 4、 愿意从事维护工作。具备高度的责任心、工作积极性强。 5、 本科优先考虑，具备从事值班一定时间能提升主机工程师条件优先考虑。                                                                           职位联系方式                                                       公司名称：北京科迈网通讯技术有限公司 公司地址：北京市海淀区上地十街1号院1号楼17层1702 传真： 公司主页：                                                          查看职位地图') ;
COMMIT;
INSERT INTO "User" ("Name","UserType","CreatedDatetime","UpdatedDatetime","Enabled")
                              VALUES ('000461452250959.htm',4,clock_timestamp(),clock_timestamp(),'t') ;
INSERT INTO "ZhilianUser" ("UserId","NickName","Type","Sex","City" ) VALUES(currval('"hero_reduce"."user_id_seq"'),'000461452250959.htm',0,'null','北京-海淀区') ; INSERT INTO "JobPosition" ("UserId","Name","Address","Title","Salary","Description")
                          VALUES(currval('"hero_reduce"."user_id_seq"'),'000461452250959.htm','北京-海淀区','软件研发工程师','10001-15000','任职要求：1、本科以上学历，5年以上开发经验或者研究生3年以上开发经验2、精通linux、android系统架构，有Android或linux嵌入式操作系统应用开发、驱动编程、系统移植、裁剪等相关经验3、熟练使用C语言，C++，熟练掌握Java、熟悉数据结构、面向对象开发和设计4、熟练掌握Linux或Android平台软件开发语言及相应开发工具5、熟悉Linux或Android操作系统的驱动开发，有底层开发经验者优先6、有独立在Linux或Android系统中做过项目者优先7、有研发项目管理经验优8、有良好的职业道德和职业操守，擅于沟通与协调，良好的团队合作意识公司福利待遇：五险一金+周末双休+年底奖金+13薪+车补+餐补+每年培训+员工活动经费等                                                                             职位联系方式                                                      公司名称：北京万集科技股份有限公司公司地址：北京市海淀区上地东路1号盈创动力E601 传真：公司主页：www.wanji.net.cn') ;
COMMIT;
INSERT INTO "User" ("Name","UserType","CreatedDatetime","UpdatedDatetime","Enabled")
                              VALUES ('362981621250612.htm',4,clock_timestamp(),clock_timestamp(),'t') ;
INSERT INTO "ZhilianUser" ("UserId","NickName","Type","Sex","City" ) VALUES(currval('"hero_reduce"."user_id_seq"'),'362981621250612.htm',0,'null','北京-朝阳区') ; INSERT INTO "JobPosition" ("UserId","Name","Address","Title","Salary","Description")
                          VALUES(currval('"hero_reduce"."user_id_seq"'),'362981621250612.htm','北京-朝阳区','系统管理员','','职位工作责任：1、负责基于Linux平台的系统运维，监控，调优等工作； 2、负责突发事件管理，问题跟踪与管理，保障系统24×7稳定运行。3、需要处理内网服务器及部分桌面支持　招聘职位任职要求：熟悉Linux系统的安装，管理以及优化；熟悉shell/perl/python一种以上的脚本语言；熟悉web（apache/nginx），邮件（postfix)，ftp等，数据库（mysql）等常见服务的配置和维护； 熟悉opennms/cacti等监控系统的安装使用；熟悉存储的基本原理和维护；熟悉高性能计算环境的搭建和维护；等基本条件：本科或以上学历；能够熟练阅读英语文档，至少通过CET-4级；有良好的团队协作精神，富有责任心，能承受一定强度的工作压力职位所需能力要求： 良好的计算机专业的英文书面表达;有能力对PHP, Bash, Python 或Perl 的脚本进行除错;对Linux 作业系统有较深刻的了解.                                                                           职位联系方式                                                       公司名称：北方大贤风电科技（北京）有限公司 公司地址：北京市朝阳区芍药居北里101号世奥国际中心A座1915  传真： 公司主页：www.dxwind.com                                                          查看职位地图') ;
COMMIT;
INSERT INTO "User" ("Name","UserType","CreatedDatetime","UpdatedDatetime","Enabled")
                              VALUES ('000024062278091.htm',4,clock_timestamp(),clock_timestamp(),'t') ;
INSERT INTO "ZhilianUser" ("UserId","NickName","Type","Sex","City" ) VALUES(currval('"hero_reduce"."user_id_seq"'),'000024062278091.htm',0,'null','北京') ; INSERT INTO "JobPosition" ("UserId","Name","Address","Title","Salary","Description")
                          VALUES(currval('"hero_reduce"."user_id_seq"'),'000024062278091.htm','北京','IT技术支持/维护工程师','','Job ID: 27485Location:  CHN-BeijingRelocation Provided:  NoEducation Required:  Bachelors DegreeExperience Required:  1 - 3 YearsPosition Description: 1、负责网站服务器的系统安装、配置、管理、优化及日常运维；2、系统安装部署、系统监控、网络等故障分析和排查，及时响应并处理各种故障；3、编写、优化维护工具和脚本、优化服务部署,提高平台运行的性能；4、负责职责范围内各类运维操作流程和文档的组织管理。Position Requirements:1、有较强的沟通能力和团队合作精神，高度的责任心；2、具有2年上Linux系统维护的经验，熟悉Linux/Uinx常用服务的安装配置与使用；3、熟悉Linux系统架构，管理及优化；4、熟练掌握交换机，防火墙等常用网络设备的配置，熟悉TCP/IP协议；5、熟练掌握Linux网络安装、配置、日常管理、安全、备份、恢复、故障处理、日志分析等 技能；.') ;
COMMIT;
INSERT INTO "User" ("Name","UserType","CreatedDatetime","UpdatedDatetime","Enabled")
                              VALUES ('131641355250971.htm',4,clock_timestamp(),clock_timestamp(),'t') ;
INSERT INTO "ZhilianUser" ("UserId","NickName","Type","Sex","City" ) VALUES(currval('"hero_reduce"."user_id_seq"'),'131641355250971.htm',0,'null','北京') ; INSERT INTO "JobPosition" ("UserId","Name","Address","Title","Salary","Description")
                          VALUES(currval('"hero_reduce"."user_id_seq"'),'131641355250971.htm','北京','系统架构设计师','','Linux初级讲师要求：1、 有2年以上大型网站系统运维相关工作经验； 2、 具有良好的团队协作能力，心态积极，责任心；3、 熟悉Linux系统管理用户管理、磁盘管理、文件权限、软件包管理等；4、 熟悉Linux基础应用DNS，Mail，Iptables，Apache，Tomcat，Nginx等的安装、配置、优化； 5、 熟悉开源的监控系统Zabbix，Nagios，Cacti等软件的配置和管理； 6、 熟悉MySQL数据库的规划、部署、优化；7、 精通Python、Shell、Perl等常见脚本语言开发；8、 熟悉Chef、Puppet其中一种集中配置管理工具，具有自动化运维的思想，并有实施自动化运维工具的经验； Linux高级讲师要求：9、 必须达到Linux初级讲师技术要求；10、熟悉KVM，Vmware vSphere等相关虚拟化技术；11、熟悉常见的集群技术LVS，HaProxy，Nginx，Keepalived，RHCS的架构及部署；12、熟悉Linux系统及相关应用的调优；13、熟悉云计算相关技术Openstack、Hadoop等的部署和管理；14、有大型网站运维经验，具有高负载高并发量网站服务器维护经验者优先； 15、有培训机构讲师工作经验或企业内训经验者优先；简历投递：guoyuzhou@uplooking.com                                                                            职位联系方式                                                      公司名称：北京尚观科技有限公司公司地址：北京市海淀区中关村南大街甲10号银海大厦南区410室（北三环四通桥友谊宾馆对面） 传真：公司主页：www.uplooking.com                                                          查看职位地图') ;
COMMIT;
INSERT INTO "User" ("Name","UserType","CreatedDatetime","UpdatedDatetime","Enabled")
                              VALUES ('192745913250832.htm',4,clock_timestamp(),clock_timestamp(),'t') ;
INSERT INTO "ZhilianUser" ("UserId","NickName","Type","Sex","City" ) VALUES(currval('"hero_reduce"."user_id_seq"'),'192745913250832.htm',0,'null','北京') ; INSERT INTO "JobPosition" ("UserId","Name","Address","Title","Salary","Description")
                          VALUES(currval('"hero_reduce"."user_id_seq"'),'192745913250832.htm','北京','系统测试','','岗位职责：1、负责构建完善的软件测试管理体系及流程，并监督执行与完善； 2、制定测试方案和计划，并负责计划的管理和执行； 3、搭建、维护及管理测试环境； 4、负责执行测试中重点及难点工作； 5、定期对Bug进行分类和统计，出具测试报告。任职资格：1、本科及以上学历，计算机类相关专业，具备扎实的计算机软硬件系统基础知识； 2、2-3年及以上软件测试经验，精通软件测试基本原理，熟悉软件开发相关流程，有测试管理相关工作经验优先考虑； 3、熟悉linux环境的测试管理工具、自动化测试工具、性能测试工具，能够熟练编写测试脚本、测试用例； 4、具备较强的逻辑思维能力和系统分析能力、较强的语言表达能力和文档撰写能力； 5、热爱软件测试工作，工作细致认真，有耐心； 6、能够对测试项目周期、资源做准确评估，并能有效组织利用相关资源完成测试工作； 7、有较好的沟通能力和团队合作精神，积极配合公司各项规范化建设工作。                                                                            职位联系方式                                                      公司名称：龙芯中科技术有限公司公司地址：北京市海淀区北清路中关村环保科技示范园龙芯产业园 传真：公司主页：www.loongson.cn                                                          查看职位地图') ;
COMMIT;
INSERT INTO "User" ("Name","UserType","CreatedDatetime","UpdatedDatetime","Enabled")
                              VALUES ('121071315252307.htm',4,clock_timestamp(),clock_timestamp(),'t') ;
INSERT INTO "ZhilianUser" ("UserId","NickName","Type","Sex","City" ) VALUES(currval('"hero_reduce"."user_id_seq"'),'121071315252307.htm',0,'null','北京') ; INSERT INTO "JobPosition" ("UserId","Name","Address","Title","Salary","Description")
                          VALUES(currval('"hero_reduce"."user_id_seq"'),'121071315252307.htm','北京','系统架构设计师','','岗位职责：1、负责Linux内核性能优化/网络协议优化/文件系统优化/万兆网卡驱动优化/IO驱动优化。2、协助团队完成技术难题攻关，保证产品品质并按时完成。3、提供线上运维技术支持，帮助运维团队解决深层次问题；4、基于当前的系统硬件条件，能够对线上系统的负载极限进行定量的分析，为运维团队提供前瞻性指导；5、立足于整个产品线，能够对现有的系统支撑架构提供改善意见，如有必要，对系统架构进行优化升级；6、有广阔的视角，对领域的技术方向敏锐，带领团队进行进行新技术预研，及时将新技术应用，确保产品以及服务保持业界领先水平；7、跟踪linux前沿技术的发展方向以及内核社区动态进行技术知识分享，支持研发团队的技术培训工作，对团队成员提供技术指导，推动团队技术力量的快速提升。任职要求：1. 计算机及相关专业本科以上学历。2. 具有5年以上Linux性能优化相关工作经验；3. 具有丰富的Linux内核开发经验，有深度的内核社区开发经验优先；4. 精通C语言，熟练掌握汇编，shell，makefile，熟悉gcc编译器；5. 深入理解linux内核，对各主要子系统有研究（mm/schedule/trace）；6. 对ext4文件系统，IO子系统，网络子系统（TCP/IP协议栈，网卡驱动等）代码有深入的研究，能够对线上问题快速定位并解决；7. 熟练掌握linux内核常用的数据结构以及编程接口，能够在内核中实现相应的优化功能模块；8. 熟练使用各种内核分析/调试工具，快速定位问题并解决问题；9. 具备优秀的学习能力，以及开阔的思维，快速适应行业的技术的发展；10. 有大型互联网海量数据运维经验优先。                                                                            职位联系方式                                                      公司名称：网宿科技股份有限公司公司地址：上海市徐汇区 传真：公司主页：http://www.chinanetcenter.com/                                                          查看职位地图') ;
COMMIT;
INSERT INTO "User" ("Name","UserType","CreatedDatetime","UpdatedDatetime","Enabled")
                              VALUES ('205698416253689.htm',4,clock_timestamp(),clock_timestamp(),'t') ;
INSERT INTO "ZhilianUser" ("UserId","NickName","Type","Sex","City" ) VALUES(currval('"hero_reduce"."user_id_seq"'),'205698416253689.htm',0,'null','北京-海淀区') ; INSERT INTO "JobPosition" ("UserId","Name","Address","Title","Salary","Description")
                          VALUES(currval('"hero_reduce"."user_id_seq"'),'205698416253689.htm','北京-海淀区','软件工程师','','任职要求： 1、计算机专业本科以上学历； 2、熟悉C/C++语言、gcc/g++开发环境，gdb程序调试； 3、熟悉Linux操作系统，熟练使用shell脚本语言； 4、熟练掌握数据结构和常用算法； 5、熟练掌握socket编程和数据库编程； 6、良好的语言沟通能力； 7、熟悉多线程编程，有海量数据处理或者网络协议分析经验者优先考虑。                                                                           职位联系方式                                                       公司名称：优酷土豆 公司地址：北京市海淀区海淀大街8号中钢国际广场5层D区  传真： 公司主页：www.youku.com') ;
COMMIT;
INSERT INTO "User" ("Name","UserType","CreatedDatetime","UpdatedDatetime","Enabled")
                              VALUES ('615929020250001.htm',4,clock_timestamp(),clock_timestamp(),'t') ;
INSERT INTO "ZhilianUser" ("UserId","NickName","Type","Sex","City" ) VALUES(currval('"hero_reduce"."user_id_seq"'),'615929020250001.htm',0,'null','北京-海淀区') ; INSERT INTO "JobPosition" ("UserId","Name","Address","Title","Salary","Description")
                          VALUES(currval('"hero_reduce"."user_id_seq"'),'615929020250001.htm','北京-海淀区','网络运营管理','','Linux或unix工程师岗位要求：熟悉Linux (Redhat,CentOS,Ubuntu),UNIX(Solaris)系统管理维护4年以上经验； 熟悉NIS,NFS,AutoFS,FTP,Apache网络服务应用； 熟悉shell script或Perl programming； 熟悉NAS Storage管理； 熟悉CISCO Router、Switch网络设备设定安装1年以上经验； 熟悉Firewall设定安装； 熟悉无线网络设定安装； 具CCNA License尤佳； 具机房管理能力；具项目规划执行能力；以上条件优越者，可安排到技术副理岗位。                                                                           职位联系方式                                                       公司名称：北京凌阳益辉科技有限公司 公司地址：北京市海淀区上地信息产业基地三街1号楼(6层A段)A601  传真： 公司主页：http://www.sunplus-ehue.com                                                          查看职位地图') ;
COMMIT;
INSERT INTO "User" ("Name","UserType","CreatedDatetime","UpdatedDatetime","Enabled")
                              VALUES ('150965514250367.htm',4,clock_timestamp(),clock_timestamp(),'t') ;
INSERT INTO "ZhilianUser" ("UserId","NickName","Type","Sex","City" ) VALUES(currval('"hero_reduce"."user_id_seq"'),'150965514250367.htm',0,'null','北京') ; INSERT INTO "JobPosition" ("UserId","Name","Address","Title","Salary","Description")
                          VALUES(currval('"hero_reduce"."user_id_seq"'),'150965514250367.htm','北京','高级软件工程师','','岗位职责:    1. 负责后台HTTP缓存服务器开发；    2. 负责高性能文件系统开发；    3. 负责完善架构设计。任职资格:    1. 掌握C/C++语言；    2. 了解Linux操作系统，会使用GCC,GDB等相关工具；    3. 了解TCP/IP协议，了解网络编程以及常用网络协议的相关开发；4. 能精致于所写程序的性能探讨。5. 2年以上工作经验                                                                           职位联系方式                                                       公司名称：北京快网科技有限公司 公司地址：北京市朝阳区四惠东惠河南街1008－B四惠国际大厦2层2029室。（通惠河路南）  传真：85867657转2261 公司主页：www.fastweb.com.cn') ;
COMMIT;
INSERT INTO "User" ("Name","UserType","CreatedDatetime","UpdatedDatetime","Enabled")
                              VALUES ('150965514250369.htm',4,clock_timestamp(),clock_timestamp(),'t') ;
INSERT INTO "ZhilianUser" ("UserId","NickName","Type","Sex","City" ) VALUES(currval('"hero_reduce"."user_id_seq"'),'150965514250369.htm',0,'null','北京') ; INSERT INTO "JobPosition" ("UserId","Name","Address","Title","Salary","Description")
                          VALUES(currval('"hero_reduce"."user_id_seq"'),'150965514250369.htm','北京','高级软件工程师','','岗位职责:    1. 负责后台流媒体服务器开发；任职资格:    1. 掌握C/C++语言；    2. 了解Linux操作系统，会使用GCC,GDB等相关工具；    3. 了解常用视频文件的封装格式，如mp4，flv，ts等；    4. 了解rtsp，rtmp，hls，hds和dash等流媒体协议；    5. 了解常用的视频编码原理，如h264等；    6. 了解TCP/IP协议，掌握网络编程以及常用网络协议的相关开发；7. 能精致于所写程序的性能探讨。8. 2年以上工作经验                                                                           职位联系方式                                                       公司名称：北京快网科技有限公司 公司地址：北京市朝阳区四惠东惠河南街1008－B四惠国际大厦2层2029室。（通惠河路南）  传真：85867657转2261 公司主页：www.fastweb.com.cn') ;
COMMIT;
INSERT INTO "User" ("Name","UserType","CreatedDatetime","UpdatedDatetime","Enabled")
                              VALUES ('150965514250368.htm',4,clock_timestamp(),clock_timestamp(),'t') ;
INSERT INTO "ZhilianUser" ("UserId","NickName","Type","Sex","City" ) VALUES(currval('"hero_reduce"."user_id_seq"'),'150965514250368.htm',0,'null','北京') ; INSERT INTO "JobPosition" ("UserId","Name","Address","Title","Salary","Description")
                          VALUES(currval('"hero_reduce"."user_id_seq"'),'150965514250368.htm','北京','高级软件工程师','','岗位职责:    1. 负责后台p2p分发技术研究；    2. 负责后台p2p缓存服务器开发;任职资格:    1. 掌握C/C++语言；    2. 了解Linux操作系统，熟练使用GCC,GDB等相关工具；    3. 了解常用p2p协议；    4. 了解TCP/IP协议，掌握网络编程以及常用网络协议的相关开发；    5、能精致于所写程序的性能探讨。                                                                           职位联系方式                                                       公司名称：北京快网科技有限公司 公司地址：北京市朝阳区四惠东惠河南街1008－B四惠国际大厦2层2029室。（通惠河路南）  传真：85867657转2261 公司主页：www.fastweb.com.cn') ;
COMMIT;
INSERT INTO "User" ("Name","UserType","CreatedDatetime","UpdatedDatetime","Enabled")
                              VALUES ('150965514250370.htm',4,clock_timestamp(),clock_timestamp(),'t') ;
INSERT INTO "ZhilianUser" ("UserId","NickName","Type","Sex","City" ) VALUES(currval('"hero_reduce"."user_id_seq"'),'150965514250370.htm',0,'null','北京') ; INSERT INTO "JobPosition" ("UserId","Name","Address","Title","Salary","Description")
                          VALUES(currval('"hero_reduce"."user_id_seq"'),'150965514250370.htm','北京','高级软件工程师','','岗位职责: 1. 负责分布式存储技术研究和平台搭建；任职资格: 1. 熟练掌握C/C++语言； 2. 熟悉Linux操作系统，熟练使用GCC,GDB等相关工具； 3. 熟悉常用常见分布文件系统； 4. 熟悉TCP/IP协议，熟练掌握网络编程以及常用网络协议的相关开发； 5. 有IO优化和分布式文件系统开发相关经验。                                                                           职位联系方式                                                       公司名称：北京快网科技有限公司 公司地址：北京市朝阳区四惠东惠河南街1008－B四惠国际大厦2层2029室。（通惠河路南）  传真：85867657转2261 公司主页：www.fastweb.com.cn') ;
COMMIT;
INSERT INTO "User" ("Name","UserType","CreatedDatetime","UpdatedDatetime","Enabled")
                              VALUES ('120019970283136.htm',4,clock_timestamp(),clock_timestamp(),'t') ;
INSERT INTO "ZhilianUser" ("UserId","NickName","Type","Sex","City" ) VALUES(currval('"hero_reduce"."user_id_seq"'),'120019970283136.htm',0,'null','北京') ; INSERT INTO "JobPosition" ("UserId","Name","Address","Title","Salary","Description")
                          VALUES(currval('"hero_reduce"."user_id_seq"'),'120019970283136.htm','北京','系统工程师','','岗位职责：1、负责公司内外网服务器的安装、调试、维护、监控和故障处理等日常工作，保证服务器的稳定运行；2、负责公司内外网应用系统环境安装、优化和维护，以及应用系统的备份和故障处理等工作；3、服务器部署架构的研究和优化，自动化技术研究；4、协助其他团队做IT基础架构的设计、实施。   任职要求：1. 计算机或是相关专业本科以上学历，3年以上工作经验，能快速阅读英文技术资料；2. 2年以上大型网站服务器安装、维护、配置及安全防护经验；3. 有强烈的责任感，思路清晰，做事有条理，独立处理问题能力强；4. 熟悉linux/unix操作系统，如redhat，centos，freebsd等，熟悉系统优化，内核优化， tcp/ip优化等；5. 熟悉linux/unix常用服务的安装配置与使用，如Ftp, Dns,  Httpd, Squid, Named, postfix，extmail等；6. 擅长linux/unix下的脚本编程：perl, shell, php，python等；7. 熟悉Apache/Tomcat/Resin/Weblogic等主流应用服务器的安装、配置与简单维护；8. 熟悉Oracle/Mysql/Sqlserver等主流数据库的安装、配置与简单维护；9，熟悉mango DB等nosql数据库优先9. 对linux/unix的系统安全，数据安全、网络安全有丰富的经验，熟悉相关存储、备份设备 ；10. 能在较大压力下工作，具有良好的团队精神和工作热情。11. 此职位为架构师方向，对运维研发感兴趣，有研发功底者优先。                                                                           职位联系方式                                                       公司名称：智联招聘 公司地址：北京市朝阳区阜荣街10号望京首开广场5层  传真：58692112 公司主页：http://www.zhaopin.com                                                          查看职位地图') ;
COMMIT;
INSERT INTO "User" ("Name","UserType","CreatedDatetime","UpdatedDatetime","Enabled")
                              VALUES ('467717611251077.htm',4,clock_timestamp(),clock_timestamp(),'t') ;
INSERT INTO "ZhilianUser" ("UserId","NickName","Type","Sex","City" ) VALUES(currval('"hero_reduce"."user_id_seq"'),'467717611251077.htm',0,'null','北京') ; INSERT INTO "JobPosition" ("UserId","Name","Address","Title","Salary","Description")
                          VALUES(currval('"hero_reduce"."user_id_seq"'),'467717611251077.htm','北京','高级软件工程师','','岗位职责： 负责服务端开发。   任职资格： 1.熟悉Linux操作系统，熟练运用shell命令。 2.有C/C++编程功底，熟悉PHP或Python，能熟练应用MySQL数据库,熟练掌握MySQL应用开发的性能优化。 3.有服务端常用开源软件的应用经验，例如：apache、memcache、ngix等。 4.熟悉HTTP、FTP、TCP协议的通讯程序开发 5.对数据结构，算法有较为深入的了解，有较好的建模能力优先。 6.有过分布式处理，分布式存储工作经验的工作者优先。7.责任心强，能够自我驱动，乐于接受挑战，有较好的表达能力和沟通能力，有好的团队合作精神，能承受较大的工作压力。                                                                           职位联系方式                                                       公司名称：北京奇虎科技有限公司 公司地址：电子城国际电子总部 北京市朝阳区酒仙桥路6号院（电子城•国际电子总部） 传真： 公司主页：http://www.360.cn                                                          查看职位地图') ;
COMMIT;
INSERT INTO "User" ("Name","UserType","CreatedDatetime","UpdatedDatetime","Enabled")
                              VALUES ('467717611250291.htm',4,clock_timestamp(),clock_timestamp(),'t') ;
INSERT INTO "ZhilianUser" ("UserId","NickName","Type","Sex","City" ) VALUES(currval('"hero_reduce"."user_id_seq"'),'467717611250291.htm',0,'null','北京') ; INSERT INTO "JobPosition" ("UserId","Name","Address","Title","Salary","Description")
                          VALUES(currval('"hero_reduce"."user_id_seq"'),'467717611250291.htm','北京','软件工程师','','工作职责： 1.负责开发&完善云查杀引擎、分布式数据存储架构。   职位要求： 1.计算机基础知识扎实、善于沟通、理解能力强；2.能够自我驱动，乐于接受挑战； 3.2年以上Unix平台网络服务开发经验，熟悉HTTP、TCP/IP网络协议； 4.熟悉Linux/FreeBSD C/C++开发环境，有相关开发经验； 5.热爱探索和钻研，参与过开源软件开发或者给某个开源项目提过BUG；6.有大规模分布式网络服务开发经验者或定制Nginx、Memcached模块经验者优先；7.有Shell、PHP、Python语言开发经验优先。                                                                           职位联系方式                                                       公司名称：奇智软件（北京）有限公司 公司地址：北京朝阳区建国路71号惠通时代广场D区1号楼  传真： 公司主页：                                                          查看职位地图') ;
COMMIT;
INSERT INTO "User" ("Name","UserType","CreatedDatetime","UpdatedDatetime","Enabled")
                              VALUES ('467717611250547.htm',4,clock_timestamp(),clock_timestamp(),'t') ;
INSERT INTO "ZhilianUser" ("UserId","NickName","Type","Sex","City" ) VALUES(currval('"hero_reduce"."user_id_seq"'),'467717611250547.htm',0,'null','北京') ; INSERT INTO "JobPosition" ("UserId","Name","Address","Title","Salary","Description")
                          VALUES(currval('"hero_reduce"."user_id_seq"'),'467717611250547.htm','北京','软件工程师','','岗位职责：负责服务端开发。 任职资格：1.熟悉Linux操作系统，熟练运用shell命令。2.有C/C++编程功底，熟悉PHP或Python，能熟练应用MySQL数据库,熟练掌握MySQL应用开发的性能优化。3.有服务端常用开源软件的应用经验，例如：apache、memcache、ngix等。4.熟悉HTTP、FTP、TCP协议的通讯程序开发5.对数据结构，算法有较为深入的了解，有较好的建模能力优先。6.有过分布式处理，分布式存储工作经验的工作者优先。7.责任心强，能够自我驱动，乐于接受挑战，有较好的表达能力和沟通能力，有好的团队合作精神，能承受较大的工作压力。                                                                           职位联系方式                                                       公司名称：360安全卫士 公司地址：北京市朝阳区酒仙桥路6号院（电子城•国际电子总部）2号楼  传真： 公司主页：www.360.cn                                                          查看职位地图') ;
COMMIT;
INSERT INTO "User" ("Name","UserType","CreatedDatetime","UpdatedDatetime","Enabled")
                              VALUES ('467717611250562.htm',4,clock_timestamp(),clock_timestamp(),'t') ;
INSERT INTO "ZhilianUser" ("UserId","NickName","Type","Sex","City" ) VALUES(currval('"hero_reduce"."user_id_seq"'),'467717611250562.htm',0,'null','北京') ; INSERT INTO "JobPosition" ("UserId","Name","Address","Title","Salary","Description")
                          VALUES(currval('"hero_reduce"."user_id_seq"'),'467717611250562.htm','北京','软件工程师','','岗位职责：  负责云安全平台项目改进。   任职资格： 1. 2年以上Linux平台网络服务开发经验，熟悉TCP/IP协议及不同的网络服务模型； 2. 熟悉Linux C/C++开发环境，熟悉多线程和多进程程序开发； 3. 熟悉常用的分布式模型，能对大型开源项目做代码分析和系统优化； 4. 能够自我驱动，乐于接受挑战，热爱探索和钻研； 5. 沟通、理解能力强，有良好的团队合作精神； 6. 有Erlang、Python语言开发经验者优先； 7. 有一款NoSQL数据库研发经验者优先。                                                                           职位联系方式                                                       公司名称：360安全卫士 公司地址：北京市朝阳区酒仙桥路6号院（电子城•国际电子总部）2号楼 传真： 公司主页：                                                          查看职位地图') ;
COMMIT;
INSERT INTO "User" ("Name","UserType","CreatedDatetime","UpdatedDatetime","Enabled")
                              VALUES ('467717611250659.htm',4,clock_timestamp(),clock_timestamp(),'t') ;
INSERT INTO "ZhilianUser" ("UserId","NickName","Type","Sex","City" ) VALUES(currval('"hero_reduce"."user_id_seq"'),'467717611250659.htm',0,'null','北京') ; INSERT INTO "JobPosition" ("UserId","Name","Address","Title","Salary","Description")
                          VALUES(currval('"hero_reduce"."user_id_seq"'),'467717611250659.htm','北京','互联网软件工程师','','岗位职责：1.负责安全产品相关内核及应用程序的开发 ；2.负责对内核及系统性能的优化 ；3.负责对产品相关功能模块的架构设计等 。   任职资格：1.精通C/C++语言，有linux相关平台应用程序开发经验；2.有良好的编程风格和编写文档的习惯，有较强的学习能力，能承受一定工作压力；3.自己裁剪过内核，熟悉内核架构以及编译流程；4.有两年及以上相关工作经验；5.本科以上学历，英语大学四级以上，阅读能力良好；6.精通TCP/IP者优先；7.研究过内核源代码，熟悉netfilter相关源码者优先；8.有内核模块开发经验者优先；9.有网络安全相关经验者优先。                                                                           职位联系方式                                                       公司名称：360安全卫士 公司地址：北京市朝阳区酒仙桥路6号院（电子城•国际电子总部）2号楼   传真： 公司主页：www.360.cn                                                          查看职位地图') ;
COMMIT;
INSERT INTO "User" ("Name","UserType","CreatedDatetime","UpdatedDatetime","Enabled")
                              VALUES ('467717611250739.htm',4,clock_timestamp(),clock_timestamp(),'t') ;
INSERT INTO "ZhilianUser" ("UserId","NickName","Type","Sex","City" ) VALUES(currval('"hero_reduce"."user_id_seq"'),'467717611250739.htm',0,'null','北京') ; INSERT INTO "JobPosition" ("UserId","Name","Address","Title","Salary","Description")
                          VALUES(currval('"hero_reduce"."user_id_seq"'),'467717611250739.htm','北京','网络工程师','','岗位职责 负责云安全平台项目改进任职资格 1. 2年以上Linux平台网络服务开发经验，熟悉TCP/IP协议及不同的网络服务模型2. 熟悉Linux C/C++开发环境，编码能力强，熟悉多线程和多进程程序开发3. 熟悉常用的分布式模型，能对大型开源项目做代码分析和系统优化4. 能够自我驱动，乐于接受挑战，热爱探索和钻研5. 沟通、理解能力强，有良好的团队合作精神6. 有Python语言开发经验者优先7. 有一款NoSQL数据库研发经验者优先                                                                           职位联系方式                                                       公司名称：360安全卫士 公司地址：北京市朝阳区酒仙桥路6号院（电子城•国际电子总部）2号楼  传真： 公司主页：www.360.cn                                                          查看职位地图') ;
COMMIT;
INSERT INTO "User" ("Name","UserType","CreatedDatetime","UpdatedDatetime","Enabled")
                              VALUES ('467717611250780.htm',4,clock_timestamp(),clock_timestamp(),'t') ;
INSERT INTO "ZhilianUser" ("UserId","NickName","Type","Sex","City" ) VALUES(currval('"hero_reduce"."user_id_seq"'),'467717611250780.htm',0,'null','北京') ; INSERT INTO "JobPosition" ("UserId","Name","Address","Title","Salary","Description")
                          VALUES(currval('"hero_reduce"."user_id_seq"'),'467717611250780.htm','北京','高级软件工程师','','【岗位职责】 随着 Android 手机操作系统的普及，市场上逐渐形成了 Android 病毒和木马的产业链，Android 平台下的新病毒、新木马层出不穷。在商业利益的驱动下，有大批职业的病毒和木马开发者，千方百计地研究各种绕过杀毒软件查杀的方法，Android 平台下杀毒软件与病毒木马之间的技术攻防出现了长期化、底层化的趋势。作为国内领先的杀毒软件厂商，360 在 Android 平台的反病毒、反木马、反钓鱼等领域已展开了长期研究，你将与我们一起在文件系统保护、进程保护、隐私数据保护等关键技术上持续深入研究，并为用户开发安全防护产品。 【任职要求】 1.精通 Linux C/C++ 编程，2年以上开发经验； 2.精通 x86 或 ARM 指令集至少一种； 3.熟悉 Linux 内核，有实际的 Linux 驱动开发经验； 4.熟悉 Linux rootkit 技术优先；5.有 Android 平台开发经验优先                                                                           职位联系方式                                                       公司名称：北京奇虎科技有限公司 公司地址：北京市朝阳区酒仙桥路6号院（电子城•国际电子总部）2号楼  传真： 公司主页：                                                          查看职位地图') ;
COMMIT;
INSERT INTO "User" ("Name","UserType","CreatedDatetime","UpdatedDatetime","Enabled")
                              VALUES ('000199470252376.htm',4,clock_timestamp(),clock_timestamp(),'t') ;
INSERT INTO "ZhilianUser" ("UserId","NickName","Type","Sex","City" ) VALUES(currval('"hero_reduce"."user_id_seq"'),'000199470252376.htm',0,'null','北京-海淀区') ; INSERT INTO "JobPosition" ("UserId","Name","Address","Title","Salary","Description")
                          VALUES(currval('"hero_reduce"."user_id_seq"'),'000199470252376.htm','北京-海淀区','系统测试','','岗位要求：1、有较多的互联网产品测试经验（web、API），有电商、广告、推荐相关产品测试经验者优先2、 有扎实的测试用例设计基础和丰富的测试执行经验3、 熟悉PHP/C/C++中至少一门编程语言，对测试和技术充满热情4、 熟悉Linux操作，熟悉mysql数据库5、 良好的沟通协调和团队合作能力                                                                            职位联系方式                                                      公司名称：Symbio 北京研发中心公司地址：北京海淀区上地五街5号高立两千大厦一层 传真：82784017公司主页：www.symbio.com                                                          查看职位地图') ;
COMMIT;
INSERT INTO "User" ("Name","UserType","CreatedDatetime","UpdatedDatetime","Enabled")
                              VALUES ('132868523253980.htm',4,clock_timestamp(),clock_timestamp(),'t') ;
INSERT INTO "ZhilianUser" ("UserId","NickName","Type","Sex","City" ) VALUES(currval('"hero_reduce"."user_id_seq"'),'132868523253980.htm',0,'null','北京-海淀区') ; INSERT INTO "JobPosition" ("UserId","Name","Address","Title","Salary","Description")
                          VALUES(currval('"hero_reduce"."user_id_seq"'),'132868523253980.htm','北京-海淀区','系统管理员','','职位简介：  该职位负责对中国站点所在电信/联通的数据中心的技术支持工作，在这里，您会了解到先进的大型数据中心架构，高性能的Web集群系统，先进的运维自动化管理 模式等。您的工作内容主要包括：监控/解决常见的数据中心问题（包括网络、存储、操作系统（Windows/Linux）、集群及负载均衡设备); 对紧急问题进行及时响应处理；解决各业务部门的技术问题等。您会与经验丰富，来自中国、美国的资深工程师一起工作，为数据中心提供高可用的基础设施服务， 保障业务流程的连续性。 此外，您还应该具备良好的职业道德、团队精神、优秀的双语沟通协调能力。拥有良好的客户服务意识并能专注于提供高质量的IT服务。  岗位职责：    对数据中心服务器/网络/存储/负载均衡设备等进行监控，分析问题并进行初步的故障排除，提供每日的监控状态报告。  处理日常的服务器硬件问题，处理基于Windows/Linux的 AD、DNS、Apache、Nginx、DHCP等服务问题。  协调相关的技术工程师处理紧急的停机事件，并根据问题造成的生产环境影响与客户进行沟通。  响应所有监控系统的警报信息，响应客户请求并能及时通过电子邮件/电话/寻呼机/IM等及时与客户进行问题沟通。  协调沟通开发团队、服务提供商、硬件提供商高效率的解决问题。  将必要的问题正确升级给DCS部门相关团队处理。  对数据中心的紧急情况提供 7*24 响应。   任职资格：    统招全日制计算机相关专业本科及以上学历，具备2年以上运维或系统集成工作经验。  具备良好的沟通能力，客户服务意识并且专注于对客满意度。  良好的分析问题、解决问题和总结文档的能力，了解TCP/IP和常见的互联网协议（HTTP/DNS/SNMP等), 掌握相关的故障排除工具和命令。  最少1年以上的服务器运维工作经验，监控大型/高可用/高性能的生产系统，并轮班提供7x24小时的问题响应。  熟悉Linux/Unix系统及常见的服务配置，熟悉对Windows AD域的管理。  能用英语作为工作语言，并具备优秀的学习能力。  有RHCT、RHCE、Juniper 等相关IT证书者优先考虑。                                                                               职位联系方式                                                      公司名称：CBS Interactive China公司地址：北京市海淀区知春路113号银网中心9层 传真：公司主页：http://www.cbsinteractive.com                                                          查看职位地图') ;
COMMIT;
INSERT INTO "User" ("Name","UserType","CreatedDatetime","UpdatedDatetime","Enabled")
                              VALUES ('120343909251383.htm',4,clock_timestamp(),clock_timestamp(),'t') ;
INSERT INTO "ZhilianUser" ("UserId","NickName","Type","Sex","City" ) VALUES(currval('"hero_reduce"."user_id_seq"'),'120343909251383.htm',0,'null','北京-海淀区') ; INSERT INTO "JobPosition" ("UserId","Name","Address","Title","Salary","Description")
                          VALUES(currval('"hero_reduce"."user_id_seq"'),'120343909251383.htm','北京-海淀区','系统测试','','岗位职责:1.根据产品的需求规格制定测试计划、测试策略，并进行测试用例的设计；2.对Linux操作系统产品进行系统、全面的测试，并对软件问题进行跟踪分析和报告；3.执行软硬件兼容性测试，并按要求输出测试报告；4.进行产品的自动化测试；5.根据客户的需求提供测试方案，并在客户现场完成相关的测试工作。岗位要求:1.大学本科及以上学历；2.英语水平达到CET-4以上，有较好的英文阅读能力；3.良好的沟通能力和团队合作精神；4.熟悉软件测试规范和测试流程，能根据需求和设计文档编写测试用例；5.熟悉Linux操作系统；具备对操作系统相关理论和实践的专业知识；6.具有基本的软件编程经验，熟悉Shell、python、perl其中一种及以上；7.熟悉常用的测试工具和测试方法；8.熟悉软硬件相关知识，具有存储、RAID相关经验；9.参与过基于Linux的应用软件产品测试者优先考虑。                                                                            职位联系方式                                                      公司名称：中标软件有限公司公司地址：上海市徐汇区番禺路1028号数娱大厦10楼；北京市海淀区北四环西路9号银谷大厦20层2005 传真：公司主页：http://www.cs2c.com.cn') ;
COMMIT;
INSERT INTO "User" ("Name","UserType","CreatedDatetime","UpdatedDatetime","Enabled")
                              VALUES ('226025317250200.htm',4,clock_timestamp(),clock_timestamp(),'t') ;
INSERT INTO "ZhilianUser" ("UserId","NickName","Type","Sex","City" ) VALUES(currval('"hero_reduce"."user_id_seq"'),'226025317250200.htm',0,'null','北京-海淀区') ; INSERT INTO "JobPosition" ("UserId","Name","Address","Title","Salary","Description")
                          VALUES(currval('"hero_reduce"."user_id_seq"'),'226025317250200.htm','北京-海淀区','售前/售后技术支持工程师','','岗位职责：1、项目实施，目标客户技术人员培训工作，讲解系统功能及相关配置；2、协同销售人员沟通客户，了解客户需求，完成需求文档；3、对进行代理商培训，讲解公司现有产品；4、解决方案的撰写； 能力要求：1、有较强的表达能力；2、熟悉Liunx系统，oracle数据库，能够编写简单的SQL语句；3、熟练配置jdk，tomcat，熟悉网络环境的搭建。 不熟悉liunx请勿投递。                                                                           职位联系方式                                                       公司名称：北京本果信息技术有限公司 公司地址：北京市海淀区学清路38号金码大厦B座2310 传真： 公司主页：www.ibenguo.cn                                                          查看职位地图') ;
COMMIT;
INSERT INTO "User" ("Name","UserType","CreatedDatetime","UpdatedDatetime","Enabled")
                              VALUES ('433628925250000.htm',4,clock_timestamp(),clock_timestamp(),'t') ;
INSERT INTO "ZhilianUser" ("UserId","NickName","Type","Sex","City" ) VALUES(currval('"hero_reduce"."user_id_seq"'),'433628925250000.htm',0,'null','北京-海淀区') ; INSERT INTO "JobPosition" ("UserId","Name","Address","Title","Salary","Description")
                          VALUES(currval('"hero_reduce"."user_id_seq"'),'433628925250000.htm','北京-海淀区','软件工程师','','北京华创智云科技有限责任公司，是专门从事云计算，云存储系统开发的高科技企业，现招聘linuc c开发工程师若干。 职位任务：公司的“智云”（”ZeCloud”）云存储系统开发。 基本技能： 1、精通Linux C语言，至少掌握一门SHELL脚本语言； 2、精通PHP等WEB开发技术； 3、熟悉RedHat等Linux操作系统及其开发平台，精通系统内核； 4、熟悉Linux文件系统与分布式文件系统基本原理； 5、熟悉VMWare等虚拟机的管理与使用 岗位职责： 1、负责Linux分布式文件系统的设计、开发与调试； 2、负责系统界面开发等工作； 3、负责Linux分布式文件系统的技术支持。 任职要求： 1、 大学本科及以上学历，通信、电子和计算机相关专业 2、思维清晰敏捷，逻辑分析能力强； 3、良好的语言与书面表达能力； 4、善于与人沟通，为人正直、诚信，有较强的事业心，对工作认真负责，能够承担一定工作压力； 5、善于学习，具有分析、解决应用问题的能力。     不符合招聘条件的简历，恕不回复，见谅！                                                                           职位联系方式                                                       公司名称：北京华创智云科技有限责任公司 公司地址：北京市海淀区远大路金源时代商务中心B区写字楼1208号  传真： 公司主页：www.zecloud.cn                                                          查看职位地图') ;
COMMIT;
INSERT INTO "User" ("Name","UserType","CreatedDatetime","UpdatedDatetime","Enabled")
                              VALUES ('210199616250258.htm',4,clock_timestamp(),clock_timestamp(),'t') ;
INSERT INTO "ZhilianUser" ("UserId","NickName","Type","Sex","City" ) VALUES(currval('"hero_reduce"."user_id_seq"'),'210199616250258.htm',0,'null','北京-朝阳区') ; INSERT INTO "JobPosition" ("UserId","Name","Address","Title","Salary","Description")
                          VALUES(currval('"hero_reduce"."user_id_seq"'),'210199616250258.htm','北京-朝阳区','系统工程师','','技能要求： 1、 精通Linux操作系统和相关的网络配置2、 能熟练配置管理Linux的安全性，能在Linux上熟练管理Java、Resin、Tomcat等应用服务3、 精通Linux Shell脚本语言4、 有良好的软件工程知识和质量意识，能熟练阅读英语文档5、 能够对Linux系统进行性能优化有Linux集群管理经验优先   工作经验： 1、 2年以上LINUX 系统管理经验2、有大型网站或大型分布式应用系统管理经验者优先   素质要求： 1、 具备较强的独立工作，及处理突发事件的能力2、 良好的沟通技能，喜欢钻研，具有良好的学习能力3、上进心、条理性、耐心、责任心                                                                           职位联系方式                                                                                                                查看职位地图') ;
COMMIT;
INSERT INTO "User" ("Name","UserType","CreatedDatetime","UpdatedDatetime","Enabled")
                              VALUES ('467717611250883.htm',4,clock_timestamp(),clock_timestamp(),'t') ;
INSERT INTO "ZhilianUser" ("UserId","NickName","Type","Sex","City" ) VALUES(currval('"hero_reduce"."user_id_seq"'),'467717611250883.htm',0,'null','北京') ; INSERT INTO "JobPosition" ("UserId","Name","Address","Title","Salary","Description")
                          VALUES(currval('"hero_reduce"."user_id_seq"'),'467717611250883.htm','北京','软件工程师','','岗位职责：负责服务端开发。 任职资格：1.熟悉Linux操作系统，熟练运用shell命令。2.有C/C++编程功底，熟悉PHP或Python，能熟练应用MySQL数据库,熟练掌握MySQL应用开发的性能优化。3.有服务端常用开源软件的应用经验，例如：apache、memcache、ngix等。4.熟悉HTTP、FTP、TCP协议的通讯程序开发5.对数据结构，算法有较为深入的了解，有较好的建模能力优先。6.有过分布式处理，分布式存储工作经验的工作者优先。 7.责任心强，能够自我驱动，乐于接受挑战，有较好的表达能力和沟通能力，有好的团队合作精神，能承受较大的工作压力。                                                                           职位联系方式                                                       公司名称：北京奇虎科技有限公司 公司地址：电子城国际电子总部 北京市朝阳区酒仙桥路6号院（电子城•国际电子总部） 传真： 公司主页：http://www.360.cn                                                          查看职位地图') ;
COMMIT;
INSERT INTO "User" ("Name","UserType","CreatedDatetime","UpdatedDatetime","Enabled")
                              VALUES ('256589618251272.htm',4,clock_timestamp(),clock_timestamp(),'t') ;
INSERT INTO "ZhilianUser" ("UserId","NickName","Type","Sex","City" ) VALUES(currval('"hero_reduce"."user_id_seq"'),'256589618251272.htm',0,'null','北京-海淀区') ; INSERT INTO "JobPosition" ("UserId","Name","Address","Title","Salary","Description")
                          VALUES(currval('"hero_reduce"."user_id_seq"'),'256589618251272.htm','北京-海淀区','高级硬件工程师','15001-25000','岗位描述：1、对 ARM7/9/11 及 Cortex 体系结构（或MIPS体系）有清晰的概念；2、对在上述平台上的 Linux 驱动开发，特别是对于网络通讯接口及 DMA 相关驱动程序的开发有一定工作经验；3、熟练掌握C/C++、了解汇编以及链表、队列、栈等数据结构和基本算法的应用编程； 4、熟悉vi编程shell编程和gcc编译,嵌入式软件平台搭建、交叉编译； 5、熟悉 Linux 多进程（进程间通信），多线程（同步与互斥）系统编程与应用，数据库SQLite或文本数据库；6、熟悉电子电路的原理设计、PCB设计，需要熟悉protel、orcad等或PADS；7、具有扎实的电子技术理论知识，熟练使用各类电子测试仪表，熟悉电子电路的调试。 任职资格：1、通信、电子、工业自动化或相关学历本科，有相关经验者优先考虑；2、认真、踏实、勤恳；良好的沟通和表达能力；3、具备一定的创造性，当业务熟悉到一定程度后，能够自发的提出改进建议。                                                                           职位联系方式                                                       公司名称：北京瑞星信息技术有限公司 公司地址：北京市海淀区中关村大街22号中科大厦  公司主页：www.rising.com.cn                                                          查看职位地图') ;
COMMIT;
INSERT INTO "User" ("Name","UserType","CreatedDatetime","UpdatedDatetime","Enabled")
                              VALUES ('256589618251298.htm',4,clock_timestamp(),clock_timestamp(),'t') ;
INSERT INTO "ZhilianUser" ("UserId","NickName","Type","Sex","City" ) VALUES(currval('"hero_reduce"."user_id_seq"'),'256589618251298.htm',0,'null','北京-海淀区') ; INSERT INTO "JobPosition" ("UserId","Name","Address","Title","Salary","Description")
                          VALUES(currval('"hero_reduce"."user_id_seq"'),'256589618251298.htm','北京-海淀区','软件测试','','工作职责：1、 根据测试用例搭建测试环境；2、 编写测试报告；3、 跟踪定位产品软件中的缺陷或问题，协助开发人员排除软件bug；4、 编写测试报告，分析测试结果。任职资格： 1、 熟悉windows系统平台，了解系统运作原理，熟悉系统重要应用、注册表服务；2、 熟悉linux系统能够使用linux常用命令；3、 熟悉七层网络架构对各种网络协议有一定了解；4、 能够独立完成项目的黑盒单元测试；5、 能够在windows系统平台根据测试用例建立复杂的测试环境如：域环境的搭建； 6、 精通自动化测试工具的使用和脚本的维护；7、 计算机专业，本科及以上学历，1年以上相关专业。                                                                            职位联系方式                                                      公司名称：北京瑞星信息技术有限公司公司地址：北京市海淀区中关村大街22号中科大厦 公司主页：www.rising.com.cn                                                          查看职位地图') ;
COMMIT;
INSERT INTO "User" ("Name","UserType","CreatedDatetime","UpdatedDatetime","Enabled")
                              VALUES ('467717611251586.htm',4,clock_timestamp(),clock_timestamp(),'t') ;
INSERT INTO "ZhilianUser" ("UserId","NickName","Type","Sex","City" ) VALUES(currval('"hero_reduce"."user_id_seq"'),'467717611251586.htm',0,'null','北京') ; INSERT INTO "JobPosition" ("UserId","Name","Address","Title","Salary","Description")
                          VALUES(currval('"hero_reduce"."user_id_seq"'),'467717611251586.htm','北京','软件工程师','','岗位职责：负责相关linux产品的开发工作。		任职资格：1.熟悉Linux操作系统，熟练运用shell命令；2.有C/C++编程功底，熟悉PHP或Python，能熟练应用MySQL数据库,熟练掌握MySQL应用开发的性能优化；3.有服务端常用开源软件的应用经验，例如：apache、memcache、ngix等；4.熟悉HTTP、FTP、TCP协议的通讯程序开发；5.对数据结构，算法有较为深入的了解，有较好的建模能力优先；6.有过分布式处理，分布式存储工作经验的工作者优先；7.责任心强，能够自我驱动，乐于接受挑战，有较好的表达能力和沟通能力，有好的团队合作精神，能承受较大的工作压力。                                                                            职位联系方式                                                      公司名称：北京奇虎科技有限公司公司地址：电子城国际电子总部 北京市朝阳区酒仙桥路6号院（电子城•国际电子总部）传真：公司主页：http://www.360.cn                                                          查看职位地图') ;
COMMIT;
INSERT INTO "User" ("Name","UserType","CreatedDatetime","UpdatedDatetime","Enabled")
                              VALUES ('136211339258439.htm',4,clock_timestamp(),clock_timestamp(),'t') ;
INSERT INTO "ZhilianUser" ("UserId","NickName","Type","Sex","City" ) VALUES(currval('"hero_reduce"."user_id_seq"'),'136211339258439.htm',0,'null','北京') ; INSERT INTO "JobPosition" ("UserId","Name","Address","Title","Salary","Description")
                          VALUES(currval('"hero_reduce"."user_id_seq"'),'136211339258439.htm','北京','系统工程师','','岗位职责：1、负责公司网站环境的搭建与维护；2、负责公司域名和DNS服务器的管理维护；3、根据业务需求搭建常见Linux系统应用服务；4、协助相关部门或部门同事展开工作；5、完成公司领导交办的其它事宜。任职条件：1、至少两年以上Linux系统和网站运维工作经验；2、计算机网络等相关专业专科以上学历；3、精通Linux系统的安装和常规配置；4、熟悉LAMP/LNMP架构、LVS、Nginx、Bind、Apache、squid环境搭建配置和维护；5、具备一定shell脚本编写能力；6、工作认真负责，具备良好的沟通能力、团队协作能力和书面报告能力；                                                                           职位联系方式                                                       公司名称：易车公司 公司地址：北京市海淀区首体南路6号新世纪饭店写字楼6层  传真：010-68492361 公司主页：http://corp.bitauto.com/') ;
COMMIT;
INSERT INTO "User" ("Name","UserType","CreatedDatetime","UpdatedDatetime","Enabled")
                              VALUES ('212804513250493.htm',4,clock_timestamp(),clock_timestamp(),'t') ;
INSERT INTO "ZhilianUser" ("UserId","NickName","Type","Sex","City" ) VALUES(currval('"hero_reduce"."user_id_seq"'),'212804513250493.htm',0,'null','北京-海淀区') ; INSERT INTO "JobPosition" ("UserId","Name","Address","Title","Salary","Description")
                          VALUES(currval('"hero_reduce"."user_id_seq"'),'212804513250493.htm','北京-海淀区','软件工程师','','工作职责： Linux平台的音视频相关软件移植、开发；网络程序开发。 任职要求：1、通信、计算机、电子信息等相关专业毕业，二年以上linux/unix C语言开发经验；2、熟悉Linux网络编程；3、熟悉音视频采集原理及相关标准；4、理解并掌握TCP/IP和基本的网络协议；5、熟悉多媒体、RTSP、RTMP、TS等媒体传输协议；6、熟悉MP4、ASF、AVI等文件格式者优先。 此职位接收简历邮箱： gjkjhr_yf@126.com                                                                           职位联系方式                                                       公司名称：北京国基科技股份有限公司 公司地址：北京市海淀区上地七街1号 汇众大厦1-A座 3层  传真：010-82895211 公司主页：www.bnc.com.cn                                                          查看职位地图') ;
COMMIT;
INSERT INTO "User" ("Name","UserType","CreatedDatetime","UpdatedDatetime","Enabled")
                              VALUES ('230292410252614.htm',4,clock_timestamp(),clock_timestamp(),'t') ;
INSERT INTO "ZhilianUser" ("UserId","NickName","Type","Sex","City" ) VALUES(currval('"hero_reduce"."user_id_seq"'),'230292410252614.htm',0,'null','北京') ; INSERT INTO "JobPosition" ("UserId","Name","Address","Title","Salary","Description")
                          VALUES(currval('"hero_reduce"."user_id_seq"'),'230292410252614.htm','北京','嵌入式软件开发','','岗位职责：负责软件产品应用层开发，包括包管理系统，云同步功能和Nas等功能开发岗位要求：1. 精通C语言编程，具备较丰富的嵌入式linux 系统应用或驱动开发经验2. 熟练使用Ubuntu系统及shell脚本语言，至少掌握一门以上的脚本语言，有lua开发经验者优先3. 熟悉web服务器开发，深入理解C/S架构，对网络协议HTTP、TCP，UDP有一定认识。公司邮箱：recruit@cienet.com.cn                                                                           职位联系方式                                                         官方网站：www.cienet.com.cn 招聘微博：http://weibo.com/cienet') ;
COMMIT;
INSERT INTO "User" ("Name","UserType","CreatedDatetime","UpdatedDatetime","Enabled")
                              VALUES ('144900698250993.htm',4,clock_timestamp(),clock_timestamp(),'t') ;
INSERT INTO "ZhilianUser" ("UserId","NickName","Type","Sex","City" ) VALUES(currval('"hero_reduce"."user_id_seq"'),'144900698250993.htm',0,'null','北京') ; INSERT INTO "JobPosition" ("UserId","Name","Address","Title","Salary","Description")
                          VALUES(currval('"hero_reduce"."user_id_seq"'),'144900698250993.htm','北京','系统集成工程师','','岗位职责：  1、LINUX操作系统的实施部署、调试与问题处理及系统性能分析、优化，提供项目实施与客户驻场运维服务；  2、整理、书写项目技术部署方案、技术文档等；  3、对LINUX操作系统及SSH、NFS、DNS、NTP等服务器配置、管理、调优、资源分配、问题处理。     任职要求：  1、计算机、通讯专业大专上学历,3年以上专职LINUX系统运维工作经验，金融、保险、电信行业集成服务工作优先；  2、精通LINUX操作系统；  3、熟悉LINUX操作系统安装、使用及应用部署、调优及测试和问题处理；熟悉系统高可用性配置与优化；  4、熟练掌握shell脚本语言；  5、熟悉SSH、NFS、DNS、NTP等服务器配置、维护并解决相关问题；  6、良好的文档书写能力；  7、工作习惯利索、稳妥、思维严谨，表达清晰，条理性强，主动性强。具有独立分析和处理系统故障能力。                                                                            职位联系方式                                                      公司名称：北京南天软件有限公司公司地址：北京市海淀区上地信息路十号南天软件园 传真：公司主页：http://www.nantiansoftware.com                                                          查看职位地图') ;
COMMIT;
INSERT INTO "User" ("Name","UserType","CreatedDatetime","UpdatedDatetime","Enabled")
                              VALUES ('399432716250014.htm',4,clock_timestamp(),clock_timestamp(),'t') ;
INSERT INTO "ZhilianUser" ("UserId","NickName","Type","Sex","City" ) VALUES(currval('"hero_reduce"."user_id_seq"'),'399432716250014.htm',0,'null','北京') ; INSERT INTO "JobPosition" ("UserId","Name","Address","Title","Salary","Description")
                          VALUES(currval('"hero_reduce"."user_id_seq"'),'399432716250014.htm','北京','软件工程师','','【职位概要】 1.熟悉公司现有运营平台，可独立运营和维护； 2.配合平台的开发和升级、功能增补、BUG修复等相关技术支撑工作； 3.日常平台维护、内容更新，保证运营平台稳定正常运行。 【岗位职责】 1.负责监控游戏服务器的运行状态、系统性能；2.负责运营服务器 Linux & Windows 系统安装，配置； 3.负责公司产品的更新、维护工作； 4.负责公司内部网络布置、优化、故障排查等相关工作。 【工作经验】 大学专科以上，计算机科学与技术相关专业。 【工作技能】 1.熟悉操作系统原理，熟悉至少一种脚本语言（perl/python/shell）可根据工作需要编写相应脚本； 2.熟悉LINUX/Windows server操作系统； 3.熟悉tomcat、mysql的安装，能熟练布置nginx的服务者优先； 4.有较好的安全意识、对网络、系统安全技术有一定了解，熟悉防火墙工具（如iptables/ICF/IPSEC等）使用及配置； 5.有移动运营商级平台维护工作经验或增值业务平台运营经验者优先；6.有CCNA/MCSE/RHCE认证优先；7. 严谨细致，具有良好的沟通能力及团队合作精神； 8.需要有较强的逻辑分析和推理能力，条理性强，对环境适应快，可适应出差。【其它要求】 1．工作严谨、细致，具有较强责任感 2．具有良好的沟通能力和较强的团队合作精神； 3．具有很强的协调能力和适应能力，能承受较大工作压力                                                                           职位联系方式                                                      可将简历发送注：1.请在电子邮件主题栏注明应聘人姓名和应聘职位2.请勿以附件形式发送') ;
COMMIT;
INSERT INTO "User" ("Name","UserType","CreatedDatetime","UpdatedDatetime","Enabled")
                              VALUES ('120343909251372.htm',4,clock_timestamp(),clock_timestamp(),'t') ;
INSERT INTO "ZhilianUser" ("UserId","NickName","Type","Sex","City" ) VALUES(currval('"hero_reduce"."user_id_seq"'),'120343909251372.htm',0,'null','北京-海淀区') ; INSERT INTO "JobPosition" ("UserId","Name","Address","Title","Salary","Description")
                          VALUES(currval('"hero_reduce"."user_id_seq"'),'120343909251372.htm','北京-海淀区','高级软件工程师','','岗位职责:1、根据客户需求和项目需要，对Linux操作系统进行定制裁剪开发；2、负责Linux系统的内核驱动功能定制；3、负责定制应用软件开发移植，以及系统集成调试；4、负责定制开发部产品的维护和升级；5、需要与内部和外部客户沟通，进行需求的收集和撰写。岗位要求:1、本科以上学历，计算机相关专业；2、精通Linux系统和Linux环境开发，具有Linux环境程序开发经验，熟练使用Shell脚本；3、熟练掌握C/C++程序设计语言；至少掌握C/C++语言外的Python，Perl，Javascript，PHP，Java之中的一种程序设计语言；4、熟悉RPM或Dpkg等Linux包管理工具，对基于包管理的Linux有较深刻的理解。具备下列条件者优先考虑:1、精通基于SDL、FBdev、QT、GTK中一种或多种图形库的开发技术。2、具有ARM，PowerPC，MIPS平台嵌入式Linux开发经验。3、具有Linux系统开发的项目管理经验。                                                                            职位联系方式                                                      公司名称：中标软件有限公司公司地址：上海市徐汇区番禺路1028号数娱大厦10楼；北京市海淀区北四环西路9号银谷大厦20层2005 传真：公司主页：http://www.cs2c.com.cn') ;
COMMIT;
INSERT INTO "User" ("Name","UserType","CreatedDatetime","UpdatedDatetime","Enabled")
                              VALUES ('226025317250307.htm',4,clock_timestamp(),clock_timestamp(),'t') ;
INSERT INTO "ZhilianUser" ("UserId","NickName","Type","Sex","City" ) VALUES(currval('"hero_reduce"."user_id_seq"'),'226025317250307.htm',0,'null','北京-海淀区') ; INSERT INTO "JobPosition" ("UserId","Name","Address","Title","Salary","Description")
                          VALUES(currval('"hero_reduce"."user_id_seq"'),'226025317250307.htm','北京-海淀区','售前/售后技术支持工程师','','岗位职责： 1、有1年以上Linux系统管理工作经验。2、熟悉shell脚本编程语言负责系统监控、优化与故障排除; 3、负责Linux oracle系统安装、配置; 4、负责应用部署、更新及维护工作; 5、负责编写、优化维护工具和脚本工作；6、最好熟悉Nagios监控系统。  任职资格： 1、计算机及相关专业本科以上学历; 2、二年以上IT行业运维经验; 3、良好的沟通能力、表达能力4、熟悉操作系统原理、有二年以上Unix/Linux系统维护经验; 5、熟悉至少一种脚本语言（perl/python/shell）,会编写并使用脚本进行系统维护; 6、具备扎实的网络理论知识，能判断处理常见的网络故障，精通防火墙工具（如iptables/ICF/IPSEC等）使用及配置; 7、有相关linux职业认证着优先  ***此职位需要短期出差。                                                                           职位联系方式                                                       公司名称：北京本果信息技术有限公司 公司地址：北京市海淀区学清路38号金码大厦B座2310  传真： 公司主页：www.ibenguo.cn                                                          查看职位地图') ;
COMMIT;
INSERT INTO "User" ("Name","UserType","CreatedDatetime","UpdatedDatetime","Enabled")
                              VALUES ('513200127250155.htm',4,clock_timestamp(),clock_timestamp(),'t') ;
INSERT INTO "ZhilianUser" ("UserId","NickName","Type","Sex","City" ) VALUES(currval('"hero_reduce"."user_id_seq"'),'513200127250155.htm',0,'null','北京-海淀区') ; INSERT INTO "JobPosition" ("UserId","Name","Address","Title","Salary","Description")
                          VALUES(currval('"hero_reduce"."user_id_seq"'),'513200127250155.htm','北京-海淀区','高级软件工程师','','工作职责： 1、开发基于Linux的的网络安全产品。 2、根据总体需求与设计编写软件代码/测试文档。 3、完成测试工作，配合相关模块软件工程师完成系统的整合。  任职要求： 1、良好的教育背景、基本素质。本科以上学历（或在读本科学生），优秀的团队合作精神；认真细致，责任心强，有较好的沟通协调和表达能力。 2、有良好、全面的计算机软硬件知识，了解Linux操作系统。 3、对TCP/IP网络协议栈有较深研究。 4、熟悉各类数据结构及算法。 5、至少精通C/C++、Java、PHP、Linux脚本语言中的一种，熟练掌握程序调试技术与性能调优技术。 6、了解常见网络组网方案、网管系统、防火墙者优先考虑。 7、有网络拓展展现开发经验者优先考虑。                                                                            职位联系方式                                                      公司名称：北京兴瑞达科技有限公司公司地址：北京市海淀区上地十街辉煌国际5号楼11层1110室 传真：公司主页：www.thinda.com') ;
COMMIT;
INSERT INTO "User" ("Name","UserType","CreatedDatetime","UpdatedDatetime","Enabled")
                              VALUES ('326703326251556.htm',4,clock_timestamp(),clock_timestamp(),'t') ;
INSERT INTO "ZhilianUser" ("UserId","NickName","Type","Sex","City" ) VALUES(currval('"hero_reduce"."user_id_seq"'),'326703326251556.htm',0,'null','北京') ; INSERT INTO "JobPosition" ("UserId","Name","Address","Title","Salary","Description")
                          VALUES(currval('"hero_reduce"."user_id_seq"'),'326703326251556.htm','北京','系统架构设计师','','移动互联网系统架构设计师 移动商务无线商务移动办公手机终端iPhone Android symbia wap 年薪：70-150万 岗位职责：1、根据产品和项目需求，进行系统架构设计，技术规划及技术可行性分析；2、对现有系统架构方案进行评审，改进和优化，提高系统架构质量；3、根据产品或者项目需求进行系统分析、设计、编写设计文档，并进行核心代码的开发；4、指导开发人员进行开发工作，并能及时解决开发中出现的技术难题；5、积极了解业界发展，相关新技术及趋势，进行新技术的公关研究，选型、促进技术进步及创新。 其他要求：1、熟悉iPhone或Android安卓或wap 塞班symbian或APP等，熟悉JaveEE常用的架构模式，设计模式，设计原则，具备深厚的技术功底；2、丰富的JAVAEE卡发设计经验，3年系统架构设计经验，对javaEE技术有深入广泛的了解；3、熟悉SOA架构及常用框架，有WEBSERVICE,JMS开发设计经验；4、熟悉Weblogic,tomcat,jboss等，熟悉oracle,有greenplum\netezza使用经验者优先有良好的分析能力、解决问题的能力； 5、有良好的逻辑思考能力、沟通能力和团队协作能力； 6、有大规模、高并发及海量数据、分布式系统架构设计经验者优先，熟悉缓存，有行能调优经验。   候选人可能服务过的机构（参考）：阿里巴巴 EC21 国际铸业咨询网 物友网 中国商业网 慧聪网 环球资源 中国海商网 TOXUE外贸网 ECVV 商机网 万国商业网 全球五金网 百纳网 中国网库 中国供应商 中国制造交易网 中国制造网 外贸直通车 生意宝 际通宝 中国食品交易网 太平洋门户网 中国化工企业联盟 南方交易网 盖世汽车网 敦煌网 114国际贸易网 铭万网 八方资源网 重庆项目网 万发供求网 河北商贸网 河北建材网 环球工业在线采购网 大众资源网 淘淘商业网 防静电产品超市 国联资源网 zgsyw 海商网 Directindustry(Finderwal）海商网 zgsyw中国制造交易网 生意宝 当当 卓越 优凯特 淘宝 拍拍 易趣 卓购商城 有啊 乐百供机械 友链交换平台 中麦网 百度 114黄页网 华人贸易网 京东信息网 搜搜 谷歌 机械网 址大全 建筑无忧网 万购 中国产品网 易库网-中国库存 搜狗 网商之窗B2B 机械设备 商贸网 河北建材网 聚宝盆 麦易网 商交网 免费机械B2B平台 一企业网 230啦信息网 众擎商务网 分类信息网 百万网 斐地B2B平台 第一枪商务 百业网BaiYe 中华国贸网 百业网shop 人人百业圈 中国车市 中国食品网 B2B一把抓 中国原料材料网 f188企业推广 安防商城平台 消防商城平台 切它网B2B商务 五金机电网 环球工厂网 绿维网 点动网 希欧商务 迅捷中国网 39健康网 中国医药网 中国健康网 医疗商务网 163医药招商网 中国药网 医药招商网 寻医问药 中国制药网 民涛医药信息网 医药招商 环球医药信息网 药品招商网 医药招商在线 中国发酵工业网 搜搜医药网 好膏药网 蚂蚁医药网 800医药招商 保健品招商 第一保健品网 全国保健品网 环球保健品网 食品医药网 5A保健品招商 东方保健品网 21保健品网 中华养生保健网 医疗器械招商 医疗器械商城 健康族网 健康行业网 中国消毒 行业健康网 中麦网 B2B资源网 亿腾电子商务平台 工业商务网 企业谷 物友网 好猫网 点动网 无忧订单 瀛商网 威龙商务网 勤加缘 中国供应商 一比多 生意宝 志趣网 百纳网 六六网 诚商网 环球贸易网 马可波罗 商格里拉 无忧商务网 趣得网 橙页网 易龙商务网 铭万网 中国网库 一大把 中国制造网 自助贸易网 品搜 零距离商务网 007商务站 钱眼网 世界工厂网 塞门国际 活动网 商务宝 百贸网 万通商联 中华企业录 中国品牌网 商虎中国 交易通 中国供应网 环球资源内贸网 千禧网 中国设备网 中国交易网 速购网 178国际贸易网 金泉网 中国市场信息网 商邻企业网 工博网 国际贸易网 商国互联 中国行业信息网 商贸通 商牛网 供应信息网 旺天下 普通网 久久信息网 企赢123信息网 互创商业信息 万业网 我爱发信息 中国易发网 好喇叭网 中科商务网 全球企业商务网 亿商网 无忧交易 国际贸易网 百业网 商务基地网 中华商务网 商贸无忧 中国小商品城   万售谷 网商在线 商机网 中华商机网 科易网 B2B网站大全 500强 叫卖网 诚信网 一呼百应 有你中文目录 企博网 产品搜索引擎 书生商务网 搜狗商机版 易网赢 统客B2B   阿里伯乐 中企世界 中国企业在线 环球经贸网 万国企业网 ec21中国 易为企业网 纷茫商务 八方资源网 宝信源商品信息网 搜了网 环球财富网 阿德采购网 万国商业网 全球订展在线 中欧在线 敦煌网 贸发网 海商网 e雪狼贸易网 中国企业联盟 华好服务网 全球供应商 商路通 商务联盟 灯火网 每日商务网 新百科 锦程物流网 品牌B2B   网人B2B电子商务   中科商务网 中国电子商务网 中国供求网 B2B全球采购 企发网 中国投资企业网 亿企网 企发网络 中国企业链 中国企业供求网 豪德商贸网 kudos自助建站 新品快播网 中国厂商网 中国贸易网 铭企网 商贸网 推广在线 五金商中国 切它网B2B商务 企业库 我去卖 中国供求信息网 图金库存网 大中华市场网 好商网 新产品快播网 中国回收商网 全球制造网 中国商业信息第一网 企易网 百业网BaiYe 诚商网内贸平台 生意地 中华国贸网 中华商机网 一起搜搜 贸易名录 奇搜 中国物资采购网 免费发布信息网 中国贸易 新品快播网 领航网 意志巴巴网 环球生资网 迅捷中国网 百贸商城 中国企发网 互创中国 中国商品网 中国商贸网 中华企业视窗 三帝贸易网 伙伴网 首商网 1001商务网 商牌网 商贸网 网商之窗B2B 聚宝盆 际通宝 钱胖商业网 中外商贸信息网 人人百业圈 网罗天下 吉雅网 液晶材料 华人贸易网 b2b贸易网 无忧企业网 飘尘阁商贸网 无忧商业网 启钥网 b2b电子商务 财子网 商界网 企业之家 麦易网 定乾坤 中国企业商贸网 展品网 慧商网 汇商网 豫商网 产品无忧 汇聚网 100招商网 有生意 孔子商务网 中国产品网 230啦信息网 好企业 第一企业网 翔云商务网 中国贸易资源网 1688阿里巴巴 大众资源网 商品资源网 宇商网 牛虎网 中国乐翻天 58商宝网 百万网 全球工业网 淘淘商业网 环球工厂网 百行网 掌商网 B2B 三驾马车 商务帝国网 太平洋门户 中国工商指南 中国商务网 中国诚信网 会搜商务网 必联网 聚企网b2b 心齐推网 免费产品展示 东方商网 江西企业在线 聚企网 搜财网 114企业贸易网 顺联网 免费发布信息网 速贸天下 电商网 中国企业电子商务网 中国兴业网 中国工厂 博纳网 绿维网 窝窝返利网 丝路商务网 商家汇 企业网 007商务网 商泰网 甬商网 易铭网 福商网 百旺网 中国生意库 华标行情网 百货商城 中国销售网 商务网 免费发布信息网 万和网 B2B微博推广网 高桥信息港 全球一点通 今日商务网 商渠供求信息网 艺搜巴巴 51商务网 中国批发网 中美商务 198商机网 W赢商网 促商网 福建B2B商讯网 第一枪商务 中国企业在线 土佬哥国际商贸网 商粉网b2b 现代租赁 富商论坛网 博盈网 知名企业网 国际采购网 生意多b2b 百易信息网 中买网 f188企业推广 众擎商务网 中企网b2b 货源网 西安商铺网 麦夫网 江淮黄页网 商交网 华邦信息网 万购   宝易得商贸平台 中贸网 made-in-china ecplaza ec21 globalsources indiamart busytrade etradeasia hktdc madeinchina kellysearch thomasnet ectrade tradeeasy tradeindia indiamart tradebig wdbiz ecvv ec51 bestb2b herostart nowec trustexporter tpage allproducts eceurope tradexpro dhgate hisupplier wjw 中俄贸易促进网 中伊经贸网 tradelead worldhardwares ibuy-sell bridgat list-company diytrade ttnet tradett tradevv manufacturer 比邻双语商务网c-c sonhoo imexbb ibuonline asianproducts bombayharbor tradepad tradeoy chinavalvepump exportersindia seekpart wdtrade b2bpakistan 518ad B2B网 beltal 直面订单网 外贸管家网 拉美贸易网 淘宝网 易趣网 拍拍网 当当网 卓越网 全国好货源 货源吧 爱百搭 批发在线 恩雅假发批发商城 我爱功夫网 千千商城 醉品商城 购实惠购物导航 大批发网 郑州多美丝发制品 DSM商城 百业网shop 品a购物 世纪快购商城 51组团网 凯元商城 万客团 义乌小商品批发网 组织团 会珠商城 买特网 义乌小商品批发网 北京团购 香港商城 KVOV信息发布网 易登网 站台网 我是商人 58同城 51同城 赶集网 列表网 八方网 娃酷分类 手递手 易发网 263在线 百姓网 帮帮网 去114 普加网 口碑网 爱帮网 118114 天涯分类信息 分类168 快点8分类信息 终极网 地球城 万信分类 天天分类 易恒网 时不时信息网 网集 谋小分类信息网 非凡分类信息 ok528信息网 好资讯 酷易搜 165同城 中国免费信息网 唯客网 今题网 赶场网 分类信息联盟 GG分类 飞鸽传书 12R分类信息 GO007分类信息 消息树 发信息 五百里 互动百科 中国万商圈 28分类信息 美达分类信息网 京东信息网 爱喇叭信息网 爱打听 速递网 免费发布生活信息 平果信息网 小本信息网 中国400企业商 免费发布信息 客云齐信息网 分类信息网 VV同城分类信息 中国建材网 全球铁艺网 筑龙网 中国滤材网 世界建筑建材总网 复材在线 建设网 中国玻璃信息网 中国建设招标网 中国建材信息总网 中国招标信息网 数字水泥网 中国石材网 中国建材第一网 中国水泥网 中国搜丝网 我的钢铁网 中国建材交易总网 世界建材网 中国建材网 中国建材在线 中国建筑装饰网 土拨鼠网 中国管道商务网 中国建材采购网 家天下 中华玻璃网 防水材料招商网 我的钢铁网 亚太门窗网 筑域网 华迈商务 中国玻璃网 世界工厂建材网 盛丰建材网 瑞百网 百家信建材网 中国建材网 易展建材网 搜房产业网 石材生意网 石材搜索 元唐不锈钢网 中国不锈钢贸易网 中国不锈钢采购网 建材机械设备网 搜材网 中国钢管信息港 我要不锈钢 无缝钢管 不锈钢天地 中国不锈钢板网 中国不锈钢行业网 不锈钢管资讯网 化工建材网 中国护栏网 厦门建材网 建材爷爷 建筑模板网 山东家居建材网 中国隔音材料网 河北建材网 建筑无忧网 仪器仪表信息网 中国仪器网 测试仪器网 中国分析仪器网 仪器仪表世界网 我要仪器网 中国农业仪器网 华夏电力网 中国交通设施网 中国物流产品网 中国交通网 中国物流与采购网 中国高速网 航运在线 中国物流网 珠海物流网 亚讯车网 一步电子网 第一电子网 维库IC网 100IC 51电子网 中国IC网 21ic电子网 中电网 中国电子信息产业网 北极星电力网 电子工程世界 斐地B2B平台 猪e网 中国农业网 中华粮网 农博网 中国蔬菜网 中国棉花信息网 中国棉花网 养殖商务网 中国牧业网 中农网 中华特产网 中国面粉信息网 中国绿网 全国农技推广网 天下粮仓 中国农业信息网 金光农业网 食用菌商务网 中国大豆网 中国农业网 三农供求信息网 金农网 中国蔬菜市场网 中国园林网 中国农业机械网 中华畜牧网 农博商务 中国木业网 中国花卉网 中国农商网 八亩地 中国农机总网 中国绿色产业网 中国特种养殖商务 中国畜牧兽医器械 现代农业网 中国园林资材网 西部苗木网 中国木业网   365农业网 海西苗木网 中国数字农村网 中国农药第一网 中国仔猪价格网 爱畜牧 中国水产品网 搜渔利 中国香猪网 农产品交易网 33苗木网 中国花卉网 农药网 爬苗网 环球玻璃网 中国玻璃销售网 中国玻璃采购网 华海玻璃网 景德镇陶瓷 华夏陶瓷网 乐陶网 中国纸业网 慧聪纸业网 中国环保联盟 中国环保设备展览网 中国纸网 第一纸业网 中国环保网 中国水处理设备网 博燃网 国际能源网 中国新能源网 中国能源网 电力产品网 华人风电网 中国电力 谷瀑环保设备网 中国节能环保网 21电源网 大禹网 太阳能配件网 世界废料网 亿喜网 中国环保消毒网 世界工厂煤电铝网 全球节能环保网 中国节能环保行业 全球电池网 候选人可能的职业发展路径：职业发展成熟期：B2B 总经理B2B平台运营总经理B2C事业部总经理 B2B/B2C技术总监 B2B策划总监 B2B行业营销总监 B2C产品总监 B2C外贸电子商务总监 b2c网站运营总监 B2C网站运营总监/网站运营经理 B2C运营总监 C2C业务总监 B2C电子商务采购招商总监 B2C技术开发经理/总监 B2C网站运营总监 B2C网上商城运营总监 B2C商城营运总监 B2B总监B2B Director  B2B B2C电子商务平台运营经理 B2B高级销售经理 B2B客户经理 B2B平台运营总经理 B2B外销经理 B2B网络销售经理 B2B网站运营经理 B2C 商城Gadget 大分类经理 B2C商城电脑大分类经理 B2C商城手机大分类经理 B2C电子商务营运经理 B2C事业部总经理 B2C网站推广经理 B2C网站运营经理 B2C网站运营总监/网站运营经理 B2C业务发展经理 C2C 产品及垂直行业资深产品经理 CRM产品经理 IM高级工程师/IM技术经理 IT网站建设经理 Java开发项目经理 .net项目经理 SEM优化经理/搜索引擎推广主管 SEO经理 UED设计经理 wms产品经理 财务汇报经理 产品经理 产品经理（B2C网站） 创新B2C平台产品经理 B2B团购地区销售经理 B2C电子商务部经理 电子商务网络营销及推广经理 风控产品经理 B2C高级产品经理 高级产品经理/产品专家 高级搜索产品经理/主管 PD 高级销售经理 工程审计高级经理B2C互联网产品经理B2C活动策划经理B2C技术开发经理/总监 客户经理 国际搜索类目产品经理 渠道经理 B2C电子商务商品运营经理 数据仓库产品经理 搜索产品经理 B2B团购销售经理 物流产品经理 B2B运营经理 资深支付产品经理 B2B B2C策划师 B2B电子商务高级顾问 B2B/B2C 专家顾问 高级Java工程师 高级JAVA 高级测试工程师 高级测试开发工程师 高级测试开发工程师 高级前端开发工程师 高级软件工程师 资深java架构师 职业发展学习成长期：B2B运营主管 B2C制作主管 B2C主站主管 C2C客服主管 C2C运营主管 IT应用技术开发主管/工程师 SEM优化经理/搜索引擎推广主管 采购招商主管/采购助理（B2C电子商务） 电子商务主管 （B2B） 高级搜索产品经理/主管 PD（国际搜索） 纠纷主管 （AE运营） 资金主管 ETL开发工程师 .net开发工程师 Android开发工程师 Android应用软件工程师 ASP.NET网站工程师 B2B ebay电子商务外贸工程师 B2B电子商务技术工程师 B2C网站开发高级工程师 ERP/CRM高级软件开发工程师 ERP实施工程师 ETL测试工程师 Flex开发工程师 Hadoop/Hive开发工程师 IM高级工程师/IM技术经理 IT应用技术开发主管/工程师 IT运维工程师 JAVA高级软件工程师 JAVA开发 工程师 java软件工程师 linux工程师 .net软件开发工程师 Oracle数据库工程师 PHP/ASP网站 工程师（程序员） PHP高级开发工程师 PHP工程师 RUBY 开发工程师 SEO工程师 SEO专员/网站 维护工程师 Web界面工程师 web前端工程师 Web前端开发工程师 WEB页面工程师 分布式实时计算系统(高级)研发工程师 技术支持工程师 交互工程师 前端web工程师 算法研发工程师 应用运维工程师（AppOps） 邮箱运维工程师 运维开发工程师 资深前端开发工程师（ICBU）高级测试开 发工程师 高级前端开发工程师 高级软件工程师（B2C网站开发） 高级软件工程师/程序员 技术 支持工程师 交互工程师 前端web工程师 算法研发工程师 应用运维工程师（AppOps） 邮箱运维工程师 运维开发工程师 资深前端开发工程师（ICBU） B2C网站系统架构师 B2C系统架构师 风险控制架构师 高级ETL开发架构师 架构师 平台架构师 前端架构师.net程序员 .net程序员-B2C ASP.NET开发程序员 asp.ne程序员 Flash 程序员 PHP/ASP网站工 程师（程序员） PHP高级程序员 高级软件工程师/程序员 B2B商旅顾问（电话销售） B2B营销顾问 电话商旅顾问（B2B） 专利顾问 专业B2B媒体销售顾问（美资外企） 专业B2B网络杂志媒体 销售顾问 B2B电话回访商旅顾问 B2B平台维护专员 B2C C2C维护专员 B2C、C2C渠道拓展专员 SEM专员 SEO搜索引擎优化专员 SEO专员 seo专员/网站维护工程师 财务分析专员 担保交易跟单专员（国际站运营） 电子商务（B2B/B2C/C/C）专员 风控安全管理专员 买家论坛运营专员（AE运营） 搜索评测专员（国际搜索） 外贸B2C网站营运专员 网站营运专员 P0 行业采购专员（电子元器件，国际站运营） 行业采购专员（机械零部件、汽摩配） 行业采购专员（机械整机，国际站运营） 行业采购专员（精细/应用化学、医药化学） 行业采购专员（礼品、玩具，国际站运营） 行业采购专员（能源、矿产，国际站运营） 行业采购专员（消费电子、通讯、计算机） 英文SEO外链专员 英文网站SEO专员 资深策划专员 资深产品运营专员 资深品牌运营专员 资深资金管理专员 资信调查专员 B2B事业中心 客户服务部 淘宝客服 B2C英语客服 候选人可能专业技能：JAVA J2EE J2ME Struts Hibernate Spring Ajax .NET C# ASP.NET ADO.NET Web Service Silver light Linq PHP JSP JavaScript DIV+CSS Perl XML Ruby Python SQL Server Oracle Mysql DB2 IOS Android Windows Symbian BlackBerry Meego UI FLASH 候选人高等教育可能的课程：计算机科学与技术专业 计算机信息管理专业 电子工程专业 Vf数据库应用 数据库专业 移动技术专业 VB.NET程序设计 JAVA程序设计 网页制作 FLASH动画制作 广告传媒设计师专业 电子商务应用专业动漫艺术设计师专业 数码影视设计师专业 网络高级技术工程师专业 网站开发高级工程师专业 离散数学 数据结构 算法分析 面向对象程序设计 现代操作系统 数据库原理与实现技术 编译原理 软件工程 软件项目管理 计算机安全等课程 计算机文化基础 C语言 线性代数 概率论 电路分析基础 电子电路基础 数字电路基础 电子线路CAD 电子技术实验 电子技术课题设计 汇编语言程序设计 计算机组成原理与系统结构 单片机原理 接口技术 操作系统原理 数据结构 面向对象程序设计 计算机网络 现代通信技术 数据库系统原理 计算机图形学 编译原理 科技英语 网络设备 综合布线技术 网络的组建与设计 计算机安全技术 lotus Java程序设计 网页制作技术 VB程序设计 电路原理 模拟电子技术 数字逻辑 数字分析 计算机原理 微型计算机技术 计算机系统结构 计算机网络 高级语言 汇编语言 数据结构 操作系统 计算方法 离散数学 概率统计 线性代数以及算法设计与分析 企业管理概论 高级语言程序设计 数据库及其应用 面向对象程序设计 基础会计学 计算机原理 电子商务与电子政务 计算机网络技术 管理信息系统； 管理经济学 运筹学基础 操作系统概论 数据结构导论 数据库系统原理 信息系统开发与管理 C++程序设计 软件开发工具 计算机网络原理 信息资源管理 网络经济与企业管理电子科学与技术 信息与通信工程 计算机科学与技术 电路理论系列课程 计算机技术系列课程 信息理论与编码 信号与系统 数字信号处理 电磁场理论 自动控制原理 感测技术 计算机网络原理 电子商务概论 网络营销基础与实践 电子商务与国际贸易 电子商务信函写作 电子商务营销写作实务 营销策划 网页配色 网页设计 Web标准与网站重构 FlashAction Script动画设计 UI设计 Asp.net电子商务网站建设 电子商务管理实务 ERP与客户关系管理 电子商务物流管理 电子商务专业英语 新闻采集 写作和编辑 数据库的基本原理，数据库系统的组成 关系型数据库的特点 基本运算 数据组成 数据库的设计和开发 VB.NET程序设计语言的集成开发环境 程序设计基础 窗体和基本输出输入 常用控件 工程和程序管理 应用程序的结构 菜单程序设计 窗体设计和文件处理 Java基础 流程控制 方法 数组 面向对象程序设计基础 线程 图形用户界面设计 联系依道奥：与依道奥同行，为您的职业之旅备胎！简历投递邮箱：careeredaoo2@163.com; career@edaoo.net 如果以邮件方式发送职位申请简历，为方便您的资料尽快得到顾问检索查阅，请将简历内容粘贴在邮件正文文本框里，同时将简历以附件方式发送。 公司网址：www.edaoo.net                www.edaoo.com.cn                                                                                  职位联系方式                                                       公司名称：北京依道奥企业管理咨询有限公司—为您的职业之旅备胎 公司地址：北京市朝阳区百子湾南2路88号6层601室 传真：58614998 公司主页：www.edaoo.com.cn') ;
COMMIT;
INSERT INTO "User" ("Name","UserType","CreatedDatetime","UpdatedDatetime","Enabled")
                              VALUES ('150965514250398.htm',4,clock_timestamp(),clock_timestamp(),'t') ;
INSERT INTO "ZhilianUser" ("UserId","NickName","Type","Sex","City" ) VALUES(currval('"hero_reduce"."user_id_seq"'),'150965514250398.htm',0,'null','北京') ; INSERT INTO "JobPosition" ("UserId","Name","Address","Title","Salary","Description")
                          VALUES(currval('"hero_reduce"."user_id_seq"'),'150965514250398.htm','北京','IT技术支持/维护经理','','岗位职责:负责整理运维技术中需求，分析改良搜索阅读开源资料，跟踪开源社区新兴技术参与CDN平台优化设计与运维标准化的建立参与部分CDN配置调整工作能力要求：2年以上linux运维经验，学历不限有Geek精神，热衷开源解决方案研究熟悉LVS/Nginx/Bind/MySQL等常用服务配置分析过HTTP协议、TCP/IP协议、Linux内核机制掌握一种脚本语言（shell/perl/python/ruby）计算机专业理论扎实，流畅阅读英文技术资料逻辑思维清晰，善于专研、总结、分析问题有过zabbix/puppet/hadoop等大规模运维设计经验优先                                                                           职位联系方式                                                       公司名称：北京快网科技有限公司 公司地址：北京市朝阳区四惠东惠河南街1008－B四惠国际大厦2层2029室。（通惠河路南）  传真：85867657转2261 公司主页：www.fastweb.com.cn') ;
COMMIT;
INSERT INTO "User" ("Name","UserType","CreatedDatetime","UpdatedDatetime","Enabled")
                              VALUES ('281785111250190.htm',4,clock_timestamp(),clock_timestamp(),'t') ;
INSERT INTO "ZhilianUser" ("UserId","NickName","Type","Sex","City" ) VALUES(currval('"hero_reduce"."user_id_seq"'),'281785111250190.htm',0,'null','北京-海淀区') ; INSERT INTO "JobPosition" ("UserId","Name","Address","Title","Salary","Description")
                          VALUES(currval('"hero_reduce"."user_id_seq"'),'281785111250190.htm','北京-海淀区','数据库管理员','','职位描述：   负责基于Linux平台的系统运维，监控，调优等工作；  负责突发事件管理，问题跟踪与管理，保障系统24×7稳定运行。 需要处理内网服务器及部分桌面支持　 岗位要求：   熟悉Linux系统的安装，管理以及优化； 熟悉shell/perl/python一种以上的脚本语言； 熟悉web（apache/nginx），邮件（postfix)，ftp等，数据库（mysql）等常见服务的配置和维护；  熟悉opennms/cacti等监控系统的安装使用； 熟悉存储的基本原理和维护； 熟悉高性能计算环境的搭建和维护；等 基本条件：   本科或以上学历； 能够熟练阅读英语文档，至少通过CET-4级； 有良好的团队协作精神，富有责任心，能承受一定强度的工作压力。                                                                            职位联系方式                                                      公司名称：北京中科信利技术有限公司公司地址：北京市海淀区北四环西路21号DSP大楼一层 传真：公司主页：http://www.thinkit.com.cn/') ;
COMMIT;
INSERT INTO "User" ("Name","UserType","CreatedDatetime","UpdatedDatetime","Enabled")
                              VALUES ('463053217253232.htm',4,clock_timestamp(),clock_timestamp(),'t') ;
INSERT INTO "ZhilianUser" ("UserId","NickName","Type","Sex","City" ) VALUES(currval('"hero_reduce"."user_id_seq"'),'463053217253232.htm',0,'null','北京') ; INSERT INTO "JobPosition" ("UserId","Name","Address","Title","Salary","Description")
                          VALUES(currval('"hero_reduce"."user_id_seq"'),'463053217253232.htm','北京','嵌入式软件开发','','任职要求： 1、本科及以上学历，计算机、通信等相关专业 2、熟悉linux下的C/C++网络编程、多线程开发技巧；具有两年以上实际项目开发经验 3、熟悉shell环境下的常用命令；熟练使用gcc、gdb等编译、调试工具；4、熟悉TCP\UDP等网络传输协议 5、全面的软件知识结构(操作系统、软件工程、设计模式、数据结构、数据库系统、网络安全)；6、学习能力强，能够不断学习新知识 7、开朗、有责任心、踏实肯干，愿意与公司共同成长                                                                             职位联系方式                                                      公司名称：景田科技发展有限公司公司地址：总部：山西省太原市') ;
COMMIT;
INSERT INTO "User" ("Name","UserType","CreatedDatetime","UpdatedDatetime","Enabled")
                              VALUES ('000544466264821.htm',4,clock_timestamp(),clock_timestamp(),'t') ;
INSERT INTO "ZhilianUser" ("UserId","NickName","Type","Sex","City" ) VALUES(currval('"hero_reduce"."user_id_seq"'),'000544466264821.htm',0,'null','北京') ; INSERT INTO "JobPosition" ("UserId","Name","Address","Title","Salary","Description")
                          VALUES(currval('"hero_reduce"."user_id_seq"'),'000544466264821.htm','北京','IT技术支持/维护工程师','','职位描述：著名外资企业，长期驻场，享有外企福利待遇。要求英文听说读写精通（慎投）。任职标准：Profile for Account Services AMPurposeThe role will be responsible for the Account Services AM support. This role mainly handles incidents, service requests, monitoring activities. It also includes coordinating with business and escalating to 3rd line external vendor team..Roles & Responsibilities• Understand defect/issue management process • Coordinate incidents, problems and changes• Solve incidents, service requests and perform administrative system tasks• User Access administration• Escalate complex issues to 3rd line external team• Test and deploy new release of the Account Services application• Proactive work in order to minimize the risk of future incidents and complaints• Able to work on a shift to cover European time zoneCompetencesAdvanced: • Linux Proficient: • Apache• Scripting: Shell, Perl• Basic Networking• Oracle• GIT/SVN• HTTP/HTTPS• CDNBasic:• JettyThe Mindset of Account Services AM• Demonstrated interpersonal and collaborative skills.• Commitment to operational excellence.• Very good attitude and ability to learn and pick up new concepts quickly.• Clear and crisp communication with confidence.• Positive and proactive attitude and ability to work in a global organization with different nationalities/cultures, background and skills.• Structured and organized.• Service-minded and flexible.• Demonstrated willingness to cross train and to learn additional technical expertise. • Adaptable to change in a large organization.                                                                           职位联系方式                                                       公司名称：软通动力信息技术(集团)有限公司 公司地址：北京市海淀区西北旺东路10号院东区16号楼 国际软件大厦  传真：58749001 公司主页：http://www.isoftstone.com') ;
COMMIT;
INSERT INTO "User" ("Name","UserType","CreatedDatetime","UpdatedDatetime","Enabled")
                              VALUES ('244873218250009.htm',4,clock_timestamp(),clock_timestamp(),'t') ;
INSERT INTO "ZhilianUser" ("UserId","NickName","Type","Sex","City" ) VALUES(currval('"hero_reduce"."user_id_seq"'),'244873218250009.htm',0,'null','北京-朝阳区') ; INSERT INTO "JobPosition" ("UserId","Name","Address","Title","Salary","Description")
                          VALUES(currval('"hero_reduce"."user_id_seq"'),'244873218250009.htm','北京-朝阳区','软件研发工程师','','岗位要求1.计算机及相关专业专科以上学历； 2.精通Unix平台下C语言开发，熟练使用PRO*C开发；熟悉主流关系数据库应用开发；3.一到三年银行金融软件开发实施经验，有银行核心系统开发实施经验这优先；4.具备良好的沟通协调和表达能力；5.能适应较大的工作压力，具有较强的团队协作精神和沟通协调能力，具有较强的执行力和责任感。                                                                           职位联系方式                                                                                                                查看职位地图') ;
COMMIT;
INSERT INTO "User" ("Name","UserType","CreatedDatetime","UpdatedDatetime","Enabled")
                              VALUES ('192750813250224.htm',4,clock_timestamp(),clock_timestamp(),'t') ;
INSERT INTO "ZhilianUser" ("UserId","NickName","Type","Sex","City" ) VALUES(currval('"hero_reduce"."user_id_seq"'),'192750813250224.htm',0,'null','北京') ; INSERT INTO "JobPosition" ("UserId","Name","Address","Title","Salary","Description")
                          VALUES(currval('"hero_reduce"."user_id_seq"'),'192750813250224.htm','北京','高级软件工程师','','岗位职责：  负责公司产品平台的内核和系统移植  负责产品平台的Linux驱动开发  负责产品平台的性能问题上级交给的其他工作任务   岗位要求：  计算机或电子等相关专业国家统招本科以上学历  2年以上Linux内核移植和驱动开发经验  良好的编码和文档习惯  熟悉ARM体系结构  思路清晰，善于分析和解决问题，沟通能力强  熟悉PCI/PCIe驱动程序开发经验者优先  有高性能系统设计经验者优先                                                                            职位联系方式                                                      公司名称：北京博源恒芯科技有限公司公司地址：北京市海淀区花园北路14号环星大厦D座一层                                                           查看职位地图') ;
COMMIT;
INSERT INTO "User" ("Name","UserType","CreatedDatetime","UpdatedDatetime","Enabled")
                              VALUES ('610217529250144.htm',4,clock_timestamp(),clock_timestamp(),'t') ;
INSERT INTO "ZhilianUser" ("UserId","NickName","Type","Sex","City" ) VALUES(currval('"hero_reduce"."user_id_seq"'),'610217529250144.htm',0,'null','北京') ; INSERT INTO "JobPosition" ("UserId","Name","Address","Title","Salary","Description")
                          VALUES(currval('"hero_reduce"."user_id_seq"'),'610217529250144.htm','北京','嵌入式软件开发','','岗位职责：1、编写Linux下软件；2、研发扩展cgminer和cpuminer；3、编写Linux驱动配合硬件研发 。任职资格：1、至少3年工作经验，擅长 C语言，有熟练的软件开发经验；2、熟悉 Linux操作系统上的软件开发环境及工具,熟悉数据结构、操作系统，有嵌入式系统开发经验者优先；3、熟练掌握嵌入式 Linux 的交叉编译工具链、Bash、Perl 等脚本语言及环境；4、熟悉软件开发流程，熟悉代码管理，缺陷管理等；5、对FPGA/MCU/UART等硬件接口通讯编程熟悉者优先；6、工作态度积极，认真，负责。                                                                            职位联系方式                                                      公司名称：上海飞仕管理咨询有限公司北京代表处公司地址：北京朝阳区光华路甲8号 传真：公司主页：null                                                          查看职位地图') ;
COMMIT;
INSERT INTO "User" ("Name","UserType","CreatedDatetime","UpdatedDatetime","Enabled")
                              VALUES ('631230826250003.htm',4,clock_timestamp(),clock_timestamp(),'t') ;
INSERT INTO "ZhilianUser" ("UserId","NickName","Type","Sex","City" ) VALUES(currval('"hero_reduce"."user_id_seq"'),'631230826250003.htm',0,'null','北京-朝阳区') ; INSERT INTO "JobPosition" ("UserId","Name","Address","Title","Salary","Description")
                          VALUES(currval('"hero_reduce"."user_id_seq"'),'631230826250003.htm','北京-朝阳区','手机软件开发工程师','15001-25000','工作职责： 1、全面负责手机Android客户端的底层ndk模块的设计、构架、开发；2、负责优化客户端软件的模块结构和流程逻辑；3、定位并修改软件错误，完善软件功能.职位要求：  1、计算机相关专业毕业，本科及以上学历，3年以上Linux平台c/c++开发经验；  2、了解Android平台app开发；3、熟悉Android NDK；熟悉linux操作系统  4、良好的沟通和团队协作能力以及方案妥协能力，适应创业公司的工作氛围  5、有移动互联网经验优先，有工具类开发经验优先。                                                                            职位联系方式                                                      公司名称：北京指掌易科技有限公司公司地址：北北京市朝阳区北苑红军营南路天溪园21-3-502 传真：公司主页：www.uusafe.com                                                          查看职位地图') ;
COMMIT;
INSERT INTO "User" ("Name","UserType","CreatedDatetime","UpdatedDatetime","Enabled")
                              VALUES ('178805729250095.htm',4,clock_timestamp(),clock_timestamp(),'t') ;
INSERT INTO "ZhilianUser" ("UserId","NickName","Type","Sex","City" ) VALUES(currval('"hero_reduce"."user_id_seq"'),'178805729250095.htm',0,'null','北京') ; INSERT INTO "JobPosition" ("UserId","Name","Address","Title","Salary","Description")
                          VALUES(currval('"hero_reduce"."user_id_seq"'),'178805729250095.htm','北京','IT技术支持/维护经理','','岗位职责：1. 负责公司线上业务的部署、日常运维和性能优化；2. 监控服务器、线上业务的运行状态，快速响应突发情况，保障服务的稳定性；3. 编写相关技术文档及操作流程；4. 对相关新技术进行调研，并尝试新的系统解决方案任职要求：1. linux系统维护经验3年以上；　（注：必须符合）2. 熟悉主流的服务器(Dell/HP/IBM)及网络设备(Cisco/H3C/Dell)，可进行简单配置。3. 熟悉至少1种脚本语言（perl/python/shell），可根据工作需要编写相应维护脚本；4. 熟悉Linux下常见服务的配置、管理和优化，如nginx、apache、mysql等5. 熟悉至少1种监控系统的配置和管理，如zabbix、nagios、cacti，能编写扩展脚本；6. 对集中配置管理工具有一定了解和实践，如puppet、saltstack、Ansible；7. 良好的英文技术文档阅读能力，良好的文档书写能力                                                                           职位联系方式                                                       公司名称：天脉聚源(北京)传媒科技有限公司 公司地址：北京市东城区安定门大街28号雍和大厦E座8层  传真： 公司主页：http://www.tvmining.com') ;
COMMIT;
INSERT INTO "User" ("Name","UserType","CreatedDatetime","UpdatedDatetime","Enabled")
                              VALUES ('134604486251132.htm',4,clock_timestamp(),clock_timestamp(),'t') ;
INSERT INTO "ZhilianUser" ("UserId","NickName","Type","Sex","City" ) VALUES(currval('"hero_reduce"."user_id_seq"'),'134604486251132.htm',0,'null','北京') ; INSERT INTO "JobPosition" ("UserId","Name","Address","Title","Salary","Description")
                          VALUES(currval('"hero_reduce"."user_id_seq"'),'134604486251132.htm','北京','软件工程师','','工作职责： 1、负责信息安全产品开发；2、负责产品的模块设计、文档编写、研发测试等。 任职要求：   1、本科以上学历，计算机、网络、通信、软件工程等相关专业；1年以上工作经验  2、熟练使用Linux系统及C语言；   3、熟练使用linux下的开发工具(vi/gcc/gdb/makefile等)；   4、熟悉TCP/IP等主流网络协议.  5, 熟悉HTTP,FTP等主流应用层协议  6、会编写网络程序，会编写多进程、多线程程序；   7, 具有信息安全行业背景优先考虑。                                                                           职位联系方式                                                       公司名称：北京网御星云信息技术有限公司 公司地址：中国北京海淀中关村南大街6号中电大厦8层  传真：82166998 公司主页：http://www.leadsec.com.cn') ;
COMMIT;
INSERT INTO "User" ("Name","UserType","CreatedDatetime","UpdatedDatetime","Enabled")
                              VALUES ('134604486251663.htm',4,clock_timestamp(),clock_timestamp(),'t') ;
INSERT INTO "ZhilianUser" ("UserId","NickName","Type","Sex","City" ) VALUES(currval('"hero_reduce"."user_id_seq"'),'134604486251663.htm',0,'null','北京') ; INSERT INTO "JobPosition" ("UserId","Name","Address","Title","Salary","Description")
                          VALUES(currval('"hero_reduce"."user_id_seq"'),'134604486251663.htm','北京','软件研发工程师','','基本要求：1)熟悉linux内核网络协议栈；2)精通C语言；3)熟悉TCP/IP协议；4)本科以上学历，1～2年以上相关工作经验。 优先考虑：1)熟悉netfilter、iptables、policy、QOS、流量带宽管理、双机热备、HA中若干项者优先；2)熟悉NAT、路由、FTP/HTTP/SIP/H323等协议、Anti-DDOS抗攻击、负载均衡者优先；3)有安全网关、防火墙、抗攻击等网络安全产品开发经验者优先。                                                                            职位联系方式                                                       公司名称：北京网御星云信息技术有限公司 公司地址：中国北京海淀中关村南大街6号中电大厦8层  传真：82166998 公司主页：http://www.leadsec.com.cn') ;
COMMIT;
INSERT INTO "User" ("Name","UserType","CreatedDatetime","UpdatedDatetime","Enabled")
                              VALUES ('134604486252120.htm',4,clock_timestamp(),clock_timestamp(),'t') ;
INSERT INTO "ZhilianUser" ("UserId","NickName","Type","Sex","City" ) VALUES(currval('"hero_reduce"."user_id_seq"'),'134604486252120.htm',0,'null','北京') ; INSERT INTO "JobPosition" ("UserId","Name","Address","Title","Salary","Description")
                          VALUES(currval('"hero_reduce"."user_id_seq"'),'134604486252120.htm','北京','软件工程师','','职位描述：负责网络安全产品前后台的开发及维护；      负责产品的模块设计、文档编写、研发测试等；  任职要求：  1. 本科以上学历，计算机、网络、通信、软件工程等相关专业；  2. 熟练使用Linux系统及C语言；  3. 熟悉使用linux下开发工具（vi/gcc/gdb/makefile等）；  4. 熟练掌握SQL语句，熟练使用一种关系型数据库；  5. 熟悉html、js、css前端开发技术；  6. 会编写网络程序，会编写多进程、多线程程序；  7. 参与过大型网站开发经验者优先；  8. 强烈的责任心和良好的团队合作精神，较好的沟通能力。                                                                            职位联系方式                                                      公司名称：北京网御星云信息技术有限公司公司地址：北京市海淀区东北旺西路8号中关村软件园21号楼 传真：56633399公司主页：http://www.leadsec.com.cn') ;
COMMIT;
INSERT INTO "User" ("Name","UserType","CreatedDatetime","UpdatedDatetime","Enabled")
                              VALUES ('LINUX+CC%E5%BC%80%E5%8F%91%E5%B7%A5%E7%A8%8B%E5%B8%88_199013411251998.htm',4,clock_timestamp(),clock_timestamp(),'t') ;
INSERT INTO "ZhilianUser" ("UserId","NickName","Type","Sex","City" ) VALUES(currval('"hero_reduce"."user_id_seq"'),'LINUX+CC%E5%BC%80%E5%8F%91%E5%B7%A5%E7%A8%8B%E5%B8%88_199013411251998.htm',0,'null','北京-海淀区') ; INSERT INTO "JobPosition" ("UserId","Name","Address","Title","Salary","Description")
                          VALUES(currval('"hero_reduce"."user_id_seq"'),'LINUX+CC%E5%BC%80%E5%8F%91%E5%B7%A5%E7%A8%8B%E5%B8%88_199013411251998.htm','北京-海淀区','软件工程师','','职责：1、广告投放系统设计、开发和优化，支持大规模高并发在线广告请求；2、设计及开发大数据高性能分布式处理平台；3、高效的解决系统中所存在的问题，并持续优化； 要求：1、大学本科及以上学历, 1年以上计算机相关工作经验，对技术充满热情；2、有Unix/Linux环境下开发经验，熟练使用脚本语言（Perl/python/php，至少一种）；3、熟悉C/C++语言；熟练使用STL；熟悉各种设计模式 ；5、熟练掌握常用Linux API；使用多线程、内存共享、网络异步处理等技术，理解缓存，消息队列，分布式处理等原理；                                                                            职位联系方式                                                       公司名称：汽车之家 公司地址：北京市海淀区北四环丹棱街3号中国电子大厦B座10层  传真：8610-59857382 公司主页：www.autohome.com.cn                                                          查看职位地图') ;
COMMIT;
INSERT INTO "User" ("Name","UserType","CreatedDatetime","UpdatedDatetime","Enabled")
                              VALUES ('120098398250984.htm',4,clock_timestamp(),clock_timestamp(),'t') ;
INSERT INTO "ZhilianUser" ("UserId","NickName","Type","Sex","City" ) VALUES(currval('"hero_reduce"."user_id_seq"'),'120098398250984.htm',0,'null','北京-海淀区') ; INSERT INTO "JobPosition" ("UserId","Name","Address","Title","Salary","Description")
                          VALUES(currval('"hero_reduce"."user_id_seq"'),'120098398250984.htm','北京-海淀区','网络管理员','','Gameloft is looking for a dynamic and skilled Linux Systems Administrator to join the Online Gaming Infrastructure (OGI) team.   Duties and responsibilities include: Linux systems and services administration 	with an emphasis on supporting production Web and database servers 	Scripting, task automation, and systems 	management infrastructure development and deployment 	Assist development teams in deploying and 	debugging server-side software 	Low-level systems and network debugging 	Document technical procedures and policies 	Part of the 24x7 "on call" team    Requirements: 5+ years of Linux administration experience 	in a high-volume, critical production environment with an emphasis 	on supporting production Web and database servers 	Experience with programming and/or scripting, 	task automation, and security "best practices" for server 	installation and administration 	Strong experience administrating Apache 	(HTTP), PHP and MySQL in a production environment mandatory (LAMP) 	Knowledge of Perl, PHP, Python, bash, etc., 	with experience building database driven applications 	Experience in low-level systems and network 	debugging (strace, sar, netstat, tcpdump) 	Experience with Puppet and Subversion is a 	plus 	Good interpersonal and communication skills, 	team player 	Ability communicate in English and French 	essential 	Strong organizational and project management 	skills as well as good analysis methodology 	Ability to work under stress and in a 	24x7x365 production environment is essential                                                                              职位联系方式                                                      公司名称：Gameloft公司地址：北京市海淀区丹棱街3号中国电子大厦B座5层 传真：010 82607699公司主页：http://www.gameloft.com') ;
COMMIT;
INSERT INTO "User" ("Name","UserType","CreatedDatetime","UpdatedDatetime","Enabled")
                              VALUES ('153949718250477.htm',4,clock_timestamp(),clock_timestamp(),'t') ;
INSERT INTO "ZhilianUser" ("UserId","NickName","Type","Sex","City" ) VALUES(currval('"hero_reduce"."user_id_seq"'),'153949718250477.htm',0,'null','北京') ; INSERT INTO "JobPosition" ("UserId","Name","Address","Title","Salary","Description")
                          VALUES(currval('"hero_reduce"."user_id_seq"'),'153949718250477.htm','北京','系统工程师','','职责：1、l根据ITSM系统中SLA要求，进行事件监控，事件处理。l监控数据中心机房温湿度。l通过IT合署监管系统监控机房整体状况。l监控数据库运行稳定。l监控数据中心资源池稳定运行。l监控数据中心各类设备运行安全。l定期进行系统巡检、物理巡检。l进行事件的初步分析、处理。l针对数据中心机房人员进出进行监控。l配合数据中心二线保障数据中心运行安全。l配合数据中心二线进行设备实施上架工作。l配合数据中心二线进行数据库、资源池实施改造工作。   要求：l  持有计算机、电子、通讯相关专业本科毕业证书。l  熟练掌握PC、服务器硬件安装、调试及故障维护。l  工作经验：具有1年以上的机房运行保障工作经验者优先。l 了解机房布置、精密空调、ups、强弱电配线、机房环境控制。l 至少掌握Windows Server、Linux、Unix等一种常用操作系统。l  至少了解Mysql、SQL Server、Oracle等一种数据库系统。l 了解TCP/IP、LAN、WAN、WLAN等相关领域知识以及配置。l  了解思科、华为、惠普、戴尔等相关品牌服务器。l  具有良好的语言沟通能力。l 能熟练使用OFFICE等相关常用办公软件。l 有较强的责任心和上进心。l 具有独立工作能力。l 严谨的工作态度与良好的团队合作精神。l 能服从领导安排，适应加班、值晚班等工作环境。                                                                               职位联系方式                                                       公司名称：北京中视广信科技有限公司 公司地址：北京市西城区复兴门外大街A2中化大厦二层  传真： 公司主页：www.ctvit.com.cn') ;
COMMIT;
INSERT INTO "User" ("Name","UserType","CreatedDatetime","UpdatedDatetime","Enabled")
                              VALUES ('132868523251198.htm',4,clock_timestamp(),clock_timestamp(),'t') ;
INSERT INTO "ZhilianUser" ("UserId","NickName","Type","Sex","City" ) VALUES(currval('"hero_reduce"."user_id_seq"'),'132868523251198.htm',0,'null','北京-海淀区') ; INSERT INTO "JobPosition" ("UserId","Name","Address","Title","Salary","Description")
                          VALUES(currval('"hero_reduce"."user_id_seq"'),'132868523251198.htm','北京-海淀区','网络管理员','10001-15000','JOB SUMMARY: A qualified candidate should be well versed with current technology, customer focused, good work ethics, team player and an excellent bilingual communicator. This position supports and serves the needs of a multinational company in providing information technology services and reports directly to the Manager of System Operations.    SUMMARY OF ESSENTIAL JOB FUNCTIONS: The candidate must have a solid knowledge pertinent to design, configuration, implementation, and maintenance of the various technologies and systems that fall under the responsibility of System Operations. The candidate must have good English skills to communicate with established vendors, service providers as well as colleagues in US and other regional offices.    MINIMUM REQUIREMENTS: Education: Bachelor''s degree pertaining to computer science, system administration or similar fields of study. Additional and applicable specialty certifications, education, and training are also preferred.   Certification:  Required Certificate: RHCE Preferred Certificates: RHCA,VCP   Work Experience: 1. Deep understanding of Systems Administration and support of 24x7 critical infrastructure and applications. 2. 5+ years of extensive experience in implementing and operating large, scalable, high performing, highly available web applications with significant domain expertise in several of the following domains: Systems, Storage, Networking, Security, Infrastructure Availability, Load Balancers. 3. Must possess and be able to demonstrate excellent customer service skills. 4. Solid experience and knowledge of Linux/Unix operating environments such as KICKSTART, DNS, LDAP, WEB, EMAIL, BACKUP. 5. Experience in monitoring and troubleshooting of system/service/hardware is strongly desired.   Primary Responsibilities: 1. Provide system support and quality services to internal customers. 2. Work with internal customers to support and maintain their Internet sites.  3. Troubleshoot software/hardware problems and execute open issues in efficient manner. 4. Manage services, applications, storage and backup. 5. Work independently or cooperate with peers to complete projects/tasks.                                                                           职位联系方式                                                       公司名称：CBS Interactive China 公司地址：北京市海淀区知春路113号银网中心9层  传真： 公司主页：http://www.cbsinteractive.com                                                          查看职位地图') ;
COMMIT;
INSERT INTO "User" ("Name","UserType","CreatedDatetime","UpdatedDatetime","Enabled")
                              VALUES ('132868523251158.htm',4,clock_timestamp(),clock_timestamp(),'t') ;
INSERT INTO "ZhilianUser" ("UserId","NickName","Type","Sex","City" ) VALUES(currval('"hero_reduce"."user_id_seq"'),'132868523251158.htm',0,'null','北京-海淀区') ; INSERT INTO "JobPosition" ("UserId","Name","Address","Title","Salary","Description")
                          VALUES(currval('"hero_reduce"."user_id_seq"'),'132868523251158.htm','北京-海淀区','系统管理员','','Senior Linux Administrator  JOB SUMMARY:A qualified candidate should be well versed with current technology, customer focused, good work ethics, team player and an excellent bilingual communicator. This position supports and serves the needs of a multinational company in providing information technology services and reports directly to the Manager of System Operations. SUMMARY OF ESSENTIAL JOB FUNCTIONS:The candidate must have a solid knowledge pertinent to design, configuration, implementation, and maintenance of the various technologies and systems that fall under the responsibility of System Operations.The candidate must have good English skills to communicate with established vendors, service providers as well as colleagues in US and other regional offices. MINIMUM REQUIREMENTS:Education:Bachelor''s degree pertaining to computer science, system administration or similar fields of study. Additional and applicable specialty certifications, education, and training are also preferred. Work Experience:1. Deep understanding of Systems Administration and support of 24x7 critical infrastructure and applications.2. 5+ years of extensive experience in implementing and operating large, scalable, high performing, highly available web applications with significant domain expertise in several of the following domains: Systems, Storage, Networking, Security, Infrastructure Availability, Load Balancers. (Especially be familiar with hardware such as 3Par, NetApp, Netscaler)3. Must possess and be able to demonstrate excellent customer service skills.4. Solid experience and knowledge of Linux/Unix operating environments such as KICKSTART, DNS, LDAP, WEB, EMAIL, BACKUP.5. Experience in monitoring and troubleshooting of system/service/hardware is strongly desired.6. Must have shell scripting experience (bash, ksh, etc.). Programming experience desired (Python, Perl, Java).7. Experience in netscaler is strongly desired.8. Experienced with VMWARE virtualization technology. Certification: Required Certificate: RHCEPreferred Certificates: RHCA,VCP Primary Responsibilities:1. Provide system support and quality services to internal customers.2. Work with internal customers to support and maintain their Internet sites.3. Troubleshoot software/hardware problems and execute open issues in efficient manner.4. Manage services, applications, storage and backup.5. Work independently or cooperate with peers to complete projects/tasks.                                                                            职位联系方式                                                       公司名称：CBS Interactive China 公司地址：北京市海淀区知春路113号银网中心9层  传真： 公司主页：http://www.cbsinteractive.com                                                          查看职位地图') ;
COMMIT;
INSERT INTO "User" ("Name","UserType","CreatedDatetime","UpdatedDatetime","Enabled")
                              VALUES ('150965514250306.htm',4,clock_timestamp(),clock_timestamp(),'t') ;
INSERT INTO "ZhilianUser" ("UserId","NickName","Type","Sex","City" ) VALUES(currval('"hero_reduce"."user_id_seq"'),'150965514250306.htm',0,'null','北京') ; INSERT INTO "JobPosition" ("UserId","Name","Address","Title","Salary","Description")
                          VALUES(currval('"hero_reduce"."user_id_seq"'),'150965514250306.htm','北京','软件测试','','岗位职责：负责研发产品的测试环境搭建，根据产品功能编写测试用例并执行，对现软件进行性能测试并给出性能测试报告。其他要求：较强的理解能力和学习能力，较强的质量管理意识，对产品质量管理严格。为人开朗，能够承担一定的工作压力。必要条件：    1、熟悉TCP/IP协议，尤其是http协议   2、熟悉linux环境，能够编写shell、python及perl脚本   3、对CDN业务有一定了解，熟悉http缓存服务器的工作原理 学历要求：本科 工作经验：2年以上 参考条件：    1、熟悉常用的功能、性能测试工具   2、有一定的质量管理理论和实践经验   3、有较好的沟通能力、学习能力、理解能力强                                                                           职位联系方式                                                       公司名称：北京快网科技有限公司 公司地址：北京市朝阳区四惠东惠河南街1008－B四惠国际大厦2层2029室。（通惠河路南）  传真：85867657转2261 公司主页：www.fastweb.com.cn') ;
COMMIT;
INSERT INTO "User" ("Name","UserType","CreatedDatetime","UpdatedDatetime","Enabled")
                              VALUES ('220341727250557.htm',4,clock_timestamp(),clock_timestamp(),'t') ;
INSERT INTO "ZhilianUser" ("UserId","NickName","Type","Sex","City" ) VALUES(currval('"hero_reduce"."user_id_seq"'),'220341727250557.htm',0,'null','北京') ; INSERT INTO "JobPosition" ("UserId","Name","Address","Title","Salary","Description")
                          VALUES(currval('"hero_reduce"."user_id_seq"'),'220341727250557.htm','北京','IT技术/研发总监','10001-15000','1). Mobile IOS/Android1 3年以上Mobile开发经验， 熟悉IOS开发和Android开发2 熟悉Java.core3 有家装项目经验4 2个或以上的Mobile项目经验，要求完成的项目已经上线   2). Java Developer1 3年以上开发经验2 能够输出系统需求设计文档，并具备良好的客户沟通能力。 3 精通java开发，熟悉JavaEE技术规范4 有Mobile项目开发经验优先5 BJ本地人员                                                                           职位联系方式                                                       公司名称：源渤科技发展(大连)股份有限公司 公司地址：北京市东大桥路甲8号尚都国际中心A座3层0317室 传真： 公司主页：http://www.ybtech.cn/') ;
COMMIT;
INSERT INTO "User" ("Name","UserType","CreatedDatetime","UpdatedDatetime","Enabled")
                              VALUES ('120207762250121.htm',4,clock_timestamp(),clock_timestamp(),'t') ;
INSERT INTO "ZhilianUser" ("UserId","NickName","Type","Sex","City" ) VALUES(currval('"hero_reduce"."user_id_seq"'),'120207762250121.htm',0,'null','北京-海淀区') ; INSERT INTO "JobPosition" ("UserId","Name","Address","Title","Salary","Description")
                          VALUES(currval('"hero_reduce"."user_id_seq"'),'120207762250121.htm','北京-海淀区','软件工程师','','高薪急聘Android程序员，共同创业职位描述：开发Android平台上的应用。职位要求：1. 极有前途的移动互联网项目，诚聘有志者共同创业；2. 智能手机平台（如iPhone、Android等）应用开发经验；3. 一年以上软件开发经验或应届生；4. 精通Java语言；5. 热爱软件开发工作；6. 能够承受工作压力，服从工作安排，有团队合作精神；7. 乐于学习新知识，勇于创新，具有积极探索的精神，工作细心，踏实肯干；8、本科以上学历；9. 熟悉Mac或Linux开发环境优先。联系邮箱：tec_hr@unknownspace.com                                                                              职位联系方式                                                      公司名称：北京未名空间信息技术有限公司公司地址：北京市海淀区知春路甲48号盈都大厦C座三单元18C 传真：58732113公司主页：http://                                                          查看职位地图') ;
COMMIT;
INSERT INTO "User" ("Name","UserType","CreatedDatetime","UpdatedDatetime","Enabled")
                              VALUES ('346280411252202.htm',4,clock_timestamp(),clock_timestamp(),'t') ;
INSERT INTO "ZhilianUser" ("UserId","NickName","Type","Sex","City" ) VALUES(currval('"hero_reduce"."user_id_seq"'),'346280411252202.htm',0,'null','北京') ; INSERT INTO "JobPosition" ("UserId","Name","Address","Title","Salary","Description")
                          VALUES(currval('"hero_reduce"."user_id_seq"'),'346280411252202.htm','北京','软件工程师','','职位描述： 1、Android平台软件规划设计与开发  2、根据项目任务计划按时完成软件编码和单元测试工作  3、按照开发流程编写相应模块的设计文档。   职位要求：  1、计算机相关专业毕业, 精通JAVA语言  2、一年以上的Android手机平台经验 3、要求熟悉Android手机软件架构，精通Android平台，能独立进行应用程序开发和移植 4、熟悉TCP/IP和无线通讯协议   5、对无线增值服务行业有经验者优先 6、具有C++及Linux开发经验者优先 7、具备高度的责任心及团队精神，愿意接受挑战性的工作，能够及时高效完成任务  8、吃苦耐劳，具备良好的抗压性、良好的学习能力和团队协作能力                                                                           职位联系方式                                                       公司名称：北京安管佳科技有限公司 公司地址：北京市朝阳区西大望路1号 公司主页：www.anguanjia.com                                                          查看职位地图') ;
COMMIT;
INSERT INTO "User" ("Name","UserType","CreatedDatetime","UpdatedDatetime","Enabled")
                              VALUES ('346280411252203.htm',4,clock_timestamp(),clock_timestamp(),'t') ;
INSERT INTO "ZhilianUser" ("UserId","NickName","Type","Sex","City" ) VALUES(currval('"hero_reduce"."user_id_seq"'),'346280411252203.htm',0,'null','北京') ; INSERT INTO "JobPosition" ("UserId","Name","Address","Title","Salary","Description")
                          VALUES(currval('"hero_reduce"."user_id_seq"'),'346280411252203.htm','北京','高级软件工程师','','职位描述：1、  Android平台软件规划设计与开发2、  Android系统底层研究 3、按照开发流程编写相应模块的设计文档。  职位要求： 1、计算机相关专业本科毕业, 精通C/C++,JAVA语言 2、5年以上开发经验，2年以上Android手机平台经验3、熟悉Android手机软件架构，精通Android平台，能独立进行应用程序开发和移植4、精通JNI,NDK，熟悉Android平台下本地代码的开发流程5、熟悉Android Framework和底层设计原理；具有Linux平台开发经验 6、具备高度的责任心及团队精神，愿意接受挑战性的工作，能够及时高效完成任务                        7、吃苦耐劳，具备良好的抗压性、良好的学习能力和团队协作能力                                                                             职位联系方式                                                       公司名称：北京安管佳科技有限公司 公司地址：北京市朝阳区西大望路1号 公司主页：www.anguanjia.com                                                          查看职位地图') ;
COMMIT;
INSERT INTO "User" ("Name","UserType","CreatedDatetime","UpdatedDatetime","Enabled")
                              VALUES ('300030114250602.htm',4,clock_timestamp(),clock_timestamp(),'t') ;
INSERT INTO "ZhilianUser" ("UserId","NickName","Type","Sex","City" ) VALUES(currval('"hero_reduce"."user_id_seq"'),'300030114250602.htm',0,'null','北京') ; INSERT INTO "JobPosition" ("UserId","Name","Address","Title","Salary","Description")
                          VALUES(currval('"hero_reduce"."user_id_seq"'),'300030114250602.htm','北京','游戏设计/开发','','岗位职责： 1．休闲策略移动端游戏功能开发（使用quick-cocos2d-x）。 2．游戏Android版本开发，各项SDK接入。 任职资格： 1．学历本科以上，软件相关专业； 2．1年以上Android平台移动游戏开发经验； 3．熟悉Android平台SDK接入； 4．熟悉cocos2d-x游戏引擎； 5．了解quick-cocos2d-x优先； ６．熟悉LUA脚本语言的使用； ７．有已经上线的移动端游戏优先。                                                                            职位联系方式                                                       公司名称：境界游戏股份有限公司 公司地址：北京市海淀区中关村大街1号海龙大厦11层南区  传真：82823113-373 公司主页：www.363.com                                                          查看职位地图') ;
COMMIT;
INSERT INTO "User" ("Name","UserType","CreatedDatetime","UpdatedDatetime","Enabled")
                              VALUES ('617146928250066.htm',4,clock_timestamp(),clock_timestamp(),'t') ;
INSERT INTO "ZhilianUser" ("UserId","NickName","Type","Sex","City" ) VALUES(currval('"hero_reduce"."user_id_seq"'),'617146928250066.htm',0,'null','北京') ; INSERT INTO "JobPosition" ("UserId","Name","Address","Title","Salary","Description")
                          VALUES(currval('"hero_reduce"."user_id_seq"'),'617146928250066.htm','北京','软件工程师','6000-10000','岗位职责 1、设计，开发和维护Android手机客户端软件；2、能独立的进行开发并完成单元测试；3、负责解决开发和服务过程中的技术问题。    职位描述:1，本科计算机相关专业及以上学历；2，有使用Android SDK和Java的经验，开发针对不同的Android操作系统版本和屏幕尺寸的应用。3，有1年以上开发Android应用程序实际工作经验4，熟悉Android 开发的整个研发周期，从设计，实施，测试。5，对ＭＶＣ框架，Object Oriented design，Web服务的集成，用户界面定制，异步编程有很好的理解。6，熟练掌握前端开发技术(HTML5、JS、Json、XHTML、CSS3)，了解各项技术的相关标准，并严格按照标准进行开发；7，熟悉Eclipse开发环境,SVN版本控制。8，具有团队合作精神，能自觉完成任务，责任心强9，能够按期完成工作，并适应具备挑战与压力的工作环境                                                                            职位联系方式                                                       公司名称：感知神州(北京)科技有限公司 公司地址：北京市朝阳区望京北路锐创国际大厦B座1402-1414室  邮    箱： 公司主页：www.chinat2t.net                                                          查看职位地图') ;
COMMIT;
INSERT INTO "User" ("Name","UserType","CreatedDatetime","UpdatedDatetime","Enabled")
                              VALUES ('135078082319539.htm',4,clock_timestamp(),clock_timestamp(),'t') ;
INSERT INTO "ZhilianUser" ("UserId","NickName","Type","Sex","City" ) VALUES(currval('"hero_reduce"."user_id_seq"'),'135078082319539.htm',0,'null','北京') ; INSERT INTO "JobPosition" ("UserId","Name","Address","Title","Salary","Description")
                          VALUES(currval('"hero_reduce"."user_id_seq"'),'135078082319539.htm','北京','软件工程师','','北京  |  永久职位   高级android工程师 高级android工程师  关于我们的客户  快速发展的互联网电视公司  职位描述  1.从事Android/OMS平台手机视频播放软件的开发。  合适的申请者  1.计算机及相关专业本科以上学历；  2.良好的Java技术功底；  3.熟悉Android系统架构及相关技术，3年以上实际Android平台开发经验；  4.熟悉无线网络及多媒体应用开发，并有实际开发经验；5.熟悉视频编解码体系和相关技术，并有实际开发经验； 5.思路清晰，思维敏捷，快速的学习能力，良好的英文资料阅读能力；  6.能承担较大工作压力，具备良好的沟通能力和团队合作精神。 7.熟练掌握Android常用API，SDK，NDK，ADB，Eclipse/ADT，基本UI控件，自定义控件，多媒体。 熟练掌握Android Service，Broadcast，ContentProvider，Activity。 熟练掌握Android体系结构，Framework。 熟练掌握Android平台JNI开发。  薪酬待遇good develop with attractive salary  申请此职位透过以下表格进行线上申请，或联系  Linda L Chen 电话： + 8610 5969 0666 了解此职位 H2440560                                                                            职位联系方式                                                      To apply for this job please click here. (Ref.H2440560)') ;
COMMIT;
INSERT INTO "User" ("Name","UserType","CreatedDatetime","UpdatedDatetime","Enabled")
                              VALUES ('647441628250000.htm',4,clock_timestamp(),clock_timestamp(),'t') ;
INSERT INTO "ZhilianUser" ("UserId","NickName","Type","Sex","City" ) VALUES(currval('"hero_reduce"."user_id_seq"'),'647441628250000.htm',0,'null','北京') ; INSERT INTO "JobPosition" ("UserId","Name","Address","Title","Salary","Description")
                          VALUES(currval('"hero_reduce"."user_id_seq"'),'647441628250000.htm','北京','高级软件工程师','','岗位职责： 1、负责android 软件的架构分析、设计和核心代码的编写；（从底层到应用）2、负责相关技术的评审把关，控制设计质量。3、负责项目框架搭建、关键技术选型、技术难题公关等工作。4、主导系统优化工作并形成统一的技术规范并推动在产品中的落实。5、指导高级、中级工程师的日常开发工作，并定期进行问题总结和技术培训。 任职要求： 1、专科及以上学历，3年以上Java系统研发经验，其中Android经验至少2年以上；2、精通Java语言开发，熟悉OOA/OOD设计方法，理解面向对象的设计模式，良好的设计文档撰写能力；3、精通Android的开发框架，精通android系统各种特性，能把握android 程序设计和开发；4、对用户体验、产品化、性能优化有丰富经验者优先；5、较强的项目组织和推动能力，成功主持过1~2款基于android 的产品软件架构设计，并且产品获得市场认可；6、很强学习能力和架构把握能力，能快速理解，分析开源项目的技术架构，勇于担当。                                                                           职位联系方式                                                      公司名称：坚果(北京)科技有限公司公司地址：北京市朝阳区望京西园429号里外里公寓3单元501室电    话：010-84728293-815') ;
COMMIT;
INSERT INTO "User" ("Name","UserType","CreatedDatetime","UpdatedDatetime","Enabled")
                              VALUES ('000569741250427.htm',4,clock_timestamp(),clock_timestamp(),'t') ;
INSERT INTO "ZhilianUser" ("UserId","NickName","Type","Sex","City" ) VALUES(currval('"hero_reduce"."user_id_seq"'),'000569741250427.htm',0,'null','北京-海淀区') ; INSERT INTO "JobPosition" ("UserId","Name","Address","Title","Salary","Description")
                          VALUES(currval('"hero_reduce"."user_id_seq"'),'000569741250427.htm','北京-海淀区','高级软件工程师','','基本条件：1、1年以上Android开发经验，同时有Android与J2EE开发经验者尤佳。2、掌握基础控件、UI布局，能够处理多分辨率适配。3、熟悉Android下网络通信机制，对Socket通信、TCP/IP有一定理解和经验。4、熟悉SVN版本管理软件的使用，能独立进行应用开发与测试。5、有视频、地图开发经验优先。6、具备强烈的责任心，进取心，良好的沟通能力及团队协作精神   岗位职责描述：1、根据需求负责安卓产品的设计、开发等工作，进行源代码的单元测试和质量控制。2、负责与项目人员共同完成模块设计、客户端与服务器端的通讯设计与开发。3、维护和升级现有产品，快速定位并修复软件缺陷。4、负责撰写和整理开发相关的技术文档。                                                                           职位联系方式                                                       公司名称：北京北科光大信息技术股份有限公司 公司地址：北京市海淀区北坞村路23号北坞创新园1号楼（原北大资源学院）地铁十号线巴沟站下转乘539路玉泉园站下马路对面即到，工作日有班车在知春路、海淀黄庄和巴沟地铁口接送上下班。  传真： 公司主页：http://www.919.com.cn                                                          查看职位地图') ;
COMMIT;
INSERT INTO "User" ("Name","UserType","CreatedDatetime","UpdatedDatetime","Enabled")
                              VALUES ('138497353250687.htm',4,clock_timestamp(),clock_timestamp(),'t') ;
INSERT INTO "ZhilianUser" ("UserId","NickName","Type","Sex","City" ) VALUES(currval('"hero_reduce"."user_id_seq"'),'138497353250687.htm',0,'null','北京-石景山区') ; INSERT INTO "JobPosition" ("UserId","Name","Address","Title","Salary","Description")
                          VALUES(currval('"hero_reduce"."user_id_seq"'),'138497353250687.htm','北京-石景山区','出纳员','','岗位职责： 1、根据项目计划, 完成Android平台应用产品编码工作； 2、参与产品需求的讨论与整理； 3、参与项目进度计划的讨论与制定； 4、负责产品代码以及相关文档的维护工作。  岗位要求：（有平板幼儿教育软件开发经验） 1、计算机、电子相关专业本科及以上学历； 2、熟悉Android应用开发, 了解Android系统架构； 3、熟悉Android开发环境, 2年以上java开发经验； 4、熟练掌握Android平台网络开发, 能处理不同网络环境的切换； 5、熟练掌握Android平台客户端应用同服务器间的通信机制； 6、熟练掌握Android数据存储与共享机制； 7、熟悉Android流媒体和视频处理； 8、熟悉Android下网络通信机制，对Socket通信、XMPP、TCP/IP有一定理解和经验； 9、Android平台流媒体处理经验者优先； 10、具有完整应用项目开发经验者优先； 11、有Android NDK开发经验者优先； 12、向往互联网行业，热爱团队合作，能承担一定的工作压力。                                                                            职位联系方式                                                      公司名称：北京清大世纪教育投资顾问有限公司公司地址：北京石景山区鲁谷路74号院39号楼清大世纪教育集团大厦（远洋山水兴业银行附近） 传真：公司主页：http://www.eeduol.com/') ;
COMMIT;
INSERT INTO "User" ("Name","UserType","CreatedDatetime","UpdatedDatetime","Enabled")
                              VALUES ('393216527250218.htm',4,clock_timestamp(),clock_timestamp(),'t') ;
INSERT INTO "ZhilianUser" ("UserId","NickName","Type","Sex","City" ) VALUES(currval('"hero_reduce"."user_id_seq"'),'393216527250218.htm',0,'null','北京') ; INSERT INTO "JobPosition" ("UserId","Name","Address","Title","Salary","Description")
                          VALUES(currval('"hero_reduce"."user_id_seq"'),'393216527250218.htm','北京','互联网软件工程师','3000-8000','岗位职责1、对部门经理和项目经理负责；2、把我开发进度，完善开发文档，及时汇报开发成果；3、与其它部门协作解决日常开发中出现的技术问题；4、与测试人员接口解决测试人员提交的bug和改进建议；5、承担Android系统下软件模块、组件详细及模块、组件代码开发。任职要求1、了解主流技术框架；2、了解数据库、WEB开发；3、了解JAVA开发技术及相关的开源框架；4、了解Android原生软件生命周期的全过程开发；5、有较强的理解能力、逻辑思维能力、学习能力；6、了解Html,css，js等web开发技术，熟悉移动设备应用研发；                                                                           职位联系方式                                                       公司名称：北京华夏天天教育科技有限公司 公司地址：北京市海淀区万泉河路68号紫金大厦5层  传真： 公司主页：www.up366.com                                                          查看职位地图') ;
COMMIT;
INSERT INTO "User" ("Name","UserType","CreatedDatetime","UpdatedDatetime","Enabled")
                              VALUES ('393216527250224.htm',4,clock_timestamp(),clock_timestamp(),'t') ;
INSERT INTO "ZhilianUser" ("UserId","NickName","Type","Sex","City" ) VALUES(currval('"hero_reduce"."user_id_seq"'),'393216527250224.htm',0,'null','北京-海淀区') ; INSERT INTO "JobPosition" ("UserId","Name","Address","Title","Salary","Description")
                          VALUES(currval('"hero_reduce"."user_id_seq"'),'393216527250224.htm','北京-海淀区','软件研发工程师','10000-20000','职位描述：1、参与技术业务制定流程及与其他部门的协调工作； 2、承担Android系统上软件模块、组件详细设计及模块、组件代码开发； 3、模范规范开发流程，把握开发进度，完善开发文档，及时汇报开发成果；  4、解读公司产品发展方向以及产品开发需求拟定开发计划并负责开发计划的实施；  5、解决日常开发中出现的技术问题，并指导中、初级Android开发工程师完成开发任务。任职要求：1、精通主流技术架构； 2、熟悉数据库、通讯、Web开发；3、连续３年以上技术研发工作经验； 4、熟悉Java开发技术及相关的开源框架； 5、熟悉Android原生软件生命周期的全过程开发；  6、了解html，css，js等web开发技术，熟悉移动设备应用研发；  7、有较强的理解能力、逻辑思维能力、学习能力和沟通表达能力；8、精通软件工程理论与实践，能够组织实施高质量的常规开发和敏捷开发。                                                                             职位联系方式                                                      公司名称：北京华夏天天教育科技有限公司公司地址：北京市海淀区万泉河路68号紫金大厦5层 联系电话:8265 9615 李老师公司主页：www.up366.com                                                          查看职位地图') ;
COMMIT;
INSERT INTO "User" ("Name","UserType","CreatedDatetime","UpdatedDatetime","Enabled")
                              VALUES ('400848720250014.htm',4,clock_timestamp(),clock_timestamp(),'t') ;
INSERT INTO "ZhilianUser" ("UserId","NickName","Type","Sex","City" ) VALUES(currval('"hero_reduce"."user_id_seq"'),'400848720250014.htm',0,'null','北京-丰台区') ; INSERT INTO "JobPosition" ("UserId","Name","Address","Title","Salary","Description")
                          VALUES(currval('"hero_reduce"."user_id_seq"'),'400848720250014.htm','北京-丰台区','软件工程师','10001-15000','岗位职责：负责Android手机客户端业务的软件设计与开发，进行软件需求分析及可行性分析；与项目相关人员配合共同完成手机应用软件的开发设计工作；遵循软件开发流程，独立的进行应用及人机界面软件模块的设计和实现；第三方软件的评估及整合；完成与工作相关的文档编写及参加相关的技术评审与培训。岗位要求：1、1年以上的android客户端开发经验，有成功案例或产品。2、精通android应用开发框架，能独立开发高性能的Android应用3、熟悉Android下网络通信机制，熟悉socket和http网络接口编程。4、精通Android性能和内存优化，善于解决系统崩溃，内存溢出和兼容性问题5、熟悉主要系统控件及自定义控件、事件和手势操作，能够针对应用熟练的选择解决方案6、对ViewPager Fragment及Android的性能优化有深刻的研究7、有独立钻研移动领域新技术的热情和能力                                                                            职位联系方式                                                      电话：4000123645') ;
COMMIT;
INSERT INTO "User" ("Name","UserType","CreatedDatetime","UpdatedDatetime","Enabled")
                              VALUES ('618486921251291.htm',4,clock_timestamp(),clock_timestamp(),'t') ;
INSERT INTO "ZhilianUser" ("UserId","NickName","Type","Sex","City" ) VALUES(currval('"hero_reduce"."user_id_seq"'),'618486921251291.htm',0,'null','北京-朝阳区') ; INSERT INTO "JobPosition" ("UserId","Name","Address","Title","Salary","Description")
                          VALUES(currval('"hero_reduce"."user_id_seq"'),'618486921251291.htm','北京-朝阳区','手机软件开发工程师','10001-15000','岗位职责：  1、全程参与Android客户端产品需求，功能等定义；  2、担任Android客户端产品开发任务。  任职要求：  1、两年以上Android开发经验；  2、对终端产品的UI/UE有独到的见解与认识，追求良好的用户体验；  3、熟练掌握Java语言，熟悉Android SDK，熟悉Eclipse、Android Studio开发环境；  4、具备良好的沟通能力和优秀的团队协作能力；  5、有独立项目经验或线上作品者优先。                                                                            职位联系方式                                                      公司名称：北京嗨学网教育科技有限公司公司地址：北京市朝阳区和平街东土城路12号院B座1层南侧 传真：公司主页：') ;
COMMIT;
INSERT INTO "User" ("Name","UserType","CreatedDatetime","UpdatedDatetime","Enabled")
                              VALUES ('663615027250156.htm',4,clock_timestamp(),clock_timestamp(),'t') ;
INSERT INTO "ZhilianUser" ("UserId","NickName","Type","Sex","City" ) VALUES(currval('"hero_reduce"."user_id_seq"'),'663615027250156.htm',0,'null','北京') ; INSERT INTO "JobPosition" ("UserId","Name","Address","Title","Salary","Description")
                          VALUES(currval('"hero_reduce"."user_id_seq"'),'663615027250156.htm','北京','培训生','','就职待遇：1）实训前签定就业安置协议，明确年薪待遇。2）岗前实训期间不用支付任何费用，并且每月享有项目提成补助（900-3000元/月不等）3）实训期满，与用人单位签订正式劳动合同、办理组织关系迁转、享受国家规定的保险福利待遇，入职第一个月专科月薪7000元起、本科8000元起，第二年起薪高于10000元/月， 平均年薪10-20万元或更高。实训地点：北京金隅嘉华大厦D区506室  中村软件园官方承办 确保百分之百对口就业1、尚未取得毕业证的学生需先参加三到四个月的岗前培训，培训结束带薪（月薪3000元以上）实习，取得毕业证后由企业办理转正手续2、已经取得毕业证的学生，参加完三到四个月的岗前培训，就职企业帮助办理组织关系迁转手续，签订正式劳动合同，享受国家规定的保险福利待遇， 三年内平均年薪6-10万元甚至更高；报名条件：1、应往届理工科毕业生，有志于在IT行业发展。2、计算机（网络）、电子信息、软件工程、（电气）自动化、测控、生仪、机电等专业；3、有计算机语言者优先，如：C语言、C++,JAVA，.Net等。4、接受岗前培训，并愿意在北京中关村软件园工作。5、实训费用：岗前培训期间，不用支付任何费用，并且每月还享有300元的生活补助。费用由国家正规银行提供，真正的先就业后付款6、入职范围：Java软件开发工程师 3G手机Android软件工程师 软件测试工程师。                                                                           职位联系方式                                                       公司名称：北京中软瑞达科技有限公司 公司地址：北京海淀区上地金隅嘉华大厦D座506 联系人：刘女士 电话：18514008968                                                          查看职位地图') ;
COMMIT;
INSERT INTO "User" ("Name","UserType","CreatedDatetime","UpdatedDatetime","Enabled")
                              VALUES ('120072290275993.htm',4,clock_timestamp(),clock_timestamp(),'t') ;
INSERT INTO "ZhilianUser" ("UserId","NickName","Type","Sex","City" ) VALUES(currval('"hero_reduce"."user_id_seq"'),'120072290275993.htm',0,'null','北京') ; INSERT INTO "JobPosition" ("UserId","Name","Address","Title","Salary","Description")
                          VALUES(currval('"hero_reduce"."user_id_seq"'),'120072290275993.htm','北京','手机软件开发工程师','','工作职责：从事android终端应用软件的开发工作；负责微博android版本现有功能的维护及新功能模块的开发；负责新社交产品的android版本开发和维护工作；定位并解决现有模块存在的问题；承担版本的系统设计、性能及调优工作。工作要求：本科及以上学历；1年以上从事android开发工作经验，良好的java编程能力；熟悉面向对象的程序设计方法，基础扎实，精通常用数据结构与算法；熟悉TCP/IP协议和网络编程相关知识；了解数据库，熟悉SQLite的使用；具备良好的学习能力和分析解决问题能力，强烈的责任心和团队精神，具有良好的沟通能力。') ;
COMMIT;
INSERT INTO "User" ("Name","UserType","CreatedDatetime","UpdatedDatetime","Enabled")
                              VALUES ('678314323250001.htm',4,clock_timestamp(),clock_timestamp(),'t') ;
INSERT INTO "ZhilianUser" ("UserId","NickName","Type","Sex","City" ) VALUES(currval('"hero_reduce"."user_id_seq"'),'678314323250001.htm',0,'null','北京-朝阳区') ; INSERT INTO "JobPosition" ("UserId","Name","Address","Title","Salary","Description")
                          VALUES(currval('"hero_reduce"."user_id_seq"'),'678314323250001.htm','北京-朝阳区','移动互联网开发','2000-3000','职位描述：  1、配合完成Android移动客户端产品的研发  2、与技术开发团队密切配合，对产品进行完善  3、负责技术文档的编写和整理  4、如果我们发现你足够优秀，我们会安排转正  任职要求：  1、计算机、通信、电子等相关专业本科在校大学生  2、有一定的Android系统开发经验  3、熟悉Android的开发环境，有志以后成为一名优秀的攻城狮  4、欢迎在学校学得没意思，想快速自学Android的有志青年加入我们                                                                            职位联系方式                                                       公司名称：北京七彩拇指科技有限公司 公司地址：朝阳区朝阳北路珠江罗马嘉园62楼507                                                            查看职位地图') ;
COMMIT;
INSERT INTO "User" ("Name","UserType","CreatedDatetime","UpdatedDatetime","Enabled")
                              VALUES ('462544418250035.htm',4,clock_timestamp(),clock_timestamp(),'t') ;
INSERT INTO "ZhilianUser" ("UserId","NickName","Type","Sex","City" ) VALUES(currval('"hero_reduce"."user_id_seq"'),'462544418250035.htm',0,'null','北京-海淀区') ; INSERT INTO "JobPosition" ("UserId","Name","Address","Title","Salary","Description")
                          VALUES(currval('"hero_reduce"."user_id_seq"'),'462544418250035.htm','北京-海淀区','移动互联网开发','','岗位职责： 1、从事Android机顶盒和手机软件开发工作，对软件架构及开发流程有很好的理解；  2、完成产品功能需求设计并软件实现； 3、根据软件开发流程，承担编码、文档、测试等相关环节的工作； 4、指导其它开发工程师的开发工作，完成设计、开发、评审等流程； 5、跟进Android的新技术发展，纂写设计开发及实现文档；  6、具备良好的团队合作精神、文档和沟通能力，较强的责任心。   职位要求： 1、计算机、电子类相关专业本科以上学历，2年以上Android开发经验，有嵌入式开发经验者优先； 2、精通Android应用开发，并熟练掌握Android的Framwork架构以及JNI编程；  3、熟悉媒体框架，多媒体播放器的系统结构和运行机制；  4、具备OTT机顶盒开发经验优先；                                                                           职位联系方式                                                       公司名称：北京视博云科技有限公司 公司地址：北京市海淀区上地东路5号京蒙高科大厦B座4层  传真： 公司主页：www.cybercloud.com.cn') ;
COMMIT;
INSERT INTO "User" ("Name","UserType","CreatedDatetime","UpdatedDatetime","Enabled")
                              VALUES ('144772023251495.htm',4,clock_timestamp(),clock_timestamp(),'t') ;
INSERT INTO "ZhilianUser" ("UserId","NickName","Type","Sex","City" ) VALUES(currval('"hero_reduce"."user_id_seq"'),'144772023251495.htm',0,'null','北京') ; INSERT INTO "JobPosition" ("UserId","Name","Address","Title","Salary","Description")
                          VALUES(currval('"hero_reduce"."user_id_seq"'),'144772023251495.htm','北京','高级软件工程师','','岗位职责 1、根据需求设计、开发Launcher相关的产品功能和项目； 2、配合UI设计师实现应用特效； 3、独立完成软件开发、验证和修正测试中发现的问题。  岗位要求 1、大学本科或以上学历，计算机软件或相关专业； 2、熟悉JAVA语言，两年以上Android开发经验； 3、熟悉Android系统架构及相关技术； 4、熟练掌握面向对象设计技能，有良好的代码习惯，要求结构清晰，命名规范，逻辑性强，代码冗余率低。  以下技能掌握一种或多种者优先 1、熟悉Launcher开发，有具体项目开发经验； 2、熟悉OpenGL ES图像接口，了解3D几何图形学原理，有良好的算法和数学基础； 3、具有2D/3D特效、动画编程经验。                                                                           职位联系方式') ;
COMMIT;
INSERT INTO "User" ("Name","UserType","CreatedDatetime","UpdatedDatetime","Enabled")
                              VALUES ('201834417251760.htm',4,clock_timestamp(),clock_timestamp(),'t') ;
INSERT INTO "ZhilianUser" ("UserId","NickName","Type","Sex","City" ) VALUES(currval('"hero_reduce"."user_id_seq"'),'201834417251760.htm',0,'null','北京') ; INSERT INTO "JobPosition" ("UserId","Name","Address","Title","Salary","Description")
                          VALUES(currval('"hero_reduce"."user_id_seq"'),'201834417251760.htm','北京','证券分析/金融研究','3000-10000','岗位要求1、经济学、金融学、经营管理学等经济类本科以上学历；2、有相关行业研究经验；3、具有较强的信息收集、整理能力和数据处理能力，以及较强的分析能力；4、文字功底深厚，能够熟练使用常用办公软件及数据分析软件；5、具有良好团队合作能力，沟通能力和学习能力、责任心强，能吃苦耐劳，能承受压力。工作目标与职责1、负责所属行业的分析和研究；2、负责所属行业的市场分析报告；3、参与所属行业密切相关的信息咨询项目和个性化项目。                                                                           职位联系方式                                                       公司名称：北京银联信信息咨询中心 公司地址：北京市宣武区广外大街248号机械大厦17层  传真：63439628 公司主页：www.unbank.info                                                          查看职位地图') ;
COMMIT;
INSERT INTO "User" ("Name","UserType","CreatedDatetime","UpdatedDatetime","Enabled")
                              VALUES ('369050315252581.htm',4,clock_timestamp(),clock_timestamp(),'t') ;
INSERT INTO "ZhilianUser" ("UserId","NickName","Type","Sex","City" ) VALUES(currval('"hero_reduce"."user_id_seq"'),'369050315252581.htm',0,'null','北京-朝阳区') ; INSERT INTO "JobPosition" ("UserId","Name","Address","Title","Salary","Description")
                          VALUES(currval('"hero_reduce"."user_id_seq"'),'369050315252581.htm','北京-朝阳区','股票/期货操盘手','5000-15000','龙阳集团 北京投资第一分公司   因公司发展要求，现招聘培养交易员、操盘手     任职要求： 1、热爱金融行业有意在金融交易行业崭露头角，有远大抱负，想成为优秀的交易员。2、品格端正，具备执行力强、勇敢、果断、冷静等特点。3、公司氛围融洽，自由的岗位，轻松的挣钱，团结一心，共同发展，且有灵活的晋升体系和广阔的前景。 工作内容：工作自由:全球24小时均可交易，工作时间和地点自己选择。 工作职责:耐心等待属于自己的交易信号，严格按照交易流程执行操作。    1、资金均由公司提供，不需承担风险。 录用人员，公司将统一、全面的给予员工提供免费的、专业的、系统的岗前带薪培训，培训时间（9：30--16:00）周六、日休息。2、公司将全资提供资金支持，交易员所使用交易账户也是公司提供。 注：龙阳集团公司 郑重声明:面试不收取任何费用。正式入职后，培训补助计入首月工资。   薪资待遇：一、初级：底薪5000  + 五险一金+20%提成+福利（收入一般在6000-7000）二、中级：底薪10000 + 五险一金+30%提成+福利（收入一般在12000-15000）三、高级：底薪15000 + 五险一金+40%提成+福利（收入一般在18000-20000） 提成方案： 底薪 + 提成+福利，无封顶。想了解公司更多信息，请与我们HR联系或将您的简历投递到网站，公司期待您的加入。     职位联系方式：公司名称：深圳市龙阳商务咨询有限公司北京第一分公司公司地址：北京市朝阳区三元桥时间国际A座2601室（三元桥10号线地铁直达D口出）联系经理：金经理联系电话：010-57283204 18210662298联系QQ:114342060公司网站：www.bj-lyjt.com简历邮箱：kimhr@bj-lyjt.com                                                                           职位联系方式                                                      职位联系方式：公司名称：深圳市龙阳商务咨询有限公司北京第一分公司公司地址：北京市朝阳区三元桥时间国际A座2601室（三元桥10号线地铁直达D口出）联系经理：金经理联系电话：010-57283204 18210662298联系QQ:114342060公司网站：www.bj-lyjt.com简历                                                          查看职位地图') ;
COMMIT;
INSERT INTO "User" ("Name","UserType","CreatedDatetime","UpdatedDatetime","Enabled")
                              VALUES ('000188727250832.htm',4,clock_timestamp(),clock_timestamp(),'t') ;
INSERT INTO "ZhilianUser" ("UserId","NickName","Type","Sex","City" ) VALUES(currval('"hero_reduce"."user_id_seq"'),'000188727250832.htm',0,'null','北京-海淀区') ; INSERT INTO "JobPosition" ("UserId","Name","Address","Title","Salary","Description")
                          VALUES(currval('"hero_reduce"."user_id_seq"'),'000188727250832.htm','北京-海淀区','证券分析/金融研究','','【岗位职责】1.负责公司证券金融衍生产品的策划和研发工作，包括产品规划、产品管理、需求分析、业务设计等；2.负责与客户进行需求调研，将潜在的机会转变成有竞争力的产品；3.负责公司金融衍生产品开发过程中的进度管理与跟踪，组织产品测试；4.负责公司金融衍生产品上线后的改进，包括BUG跟踪、意见收集、系统改进、产品升级；5.负责引导用户熟悉使用产品；6.组织定期对行业相关产品的跟踪与分析。 【职位要求】1.金融工程专业本科及以上学历、或有“金融工程”工作经历者；2.有较强的客户沟通能力，有极高的主动性和积极性，严密的思维和良好的语言表达能力；3.具备良好的统筹安排及协调能力，学习能力强，能独立开展工作，承受较强的工作压力；4.有证券信息技术研发、程序化交易、量化投资经验者优先；5.熟悉C#、C/C++、JAVA、Matlab等语言中的一种或多种者优先。                                                                           职位联系方式                                                       公司名称：北京根网科技有限公司 公司地址：北京市海淀区复兴路65号电信实业大厦二层西区  传真： 公司主页：http://www.croot.com                                                          查看职位地图') ;
COMMIT;
INSERT INTO "User" ("Name","UserType","CreatedDatetime","UpdatedDatetime","Enabled")
                              VALUES ('369050315252582.htm',4,clock_timestamp(),clock_timestamp(),'t') ;
INSERT INTO "ZhilianUser" ("UserId","NickName","Type","Sex","City" ) VALUES(currval('"hero_reduce"."user_id_seq"'),'369050315252582.htm',0,'null','北京-海淀区') ; INSERT INTO "JobPosition" ("UserId","Name","Address","Title","Salary","Description")
                          VALUES(currval('"hero_reduce"."user_id_seq"'),'369050315252582.htm','北京-海淀区','证券分析/金融研究','','因公司发展要求，现招聘培养资产运作交易员职位要求： 热爱金融行业，有财富自由、财务自主的愿望。 具有积极乐观、诚实自信、冷静、理智、果断、坚定、胆识等操盘手所要求具备的各项品质。 可承受较大心里压力，有很强的自我调控能力，纪律严格； 对公司资金高度负责，严格执行安全控制； 以稳定盈利为最高目标； 关注全球外汇实时走势； 有很强的分析能力，擅长并酷爱操盘工作； 为坚实自己的交易团队，公司为操盘手提供优厚的待遇和优质的工作环境。 对于没有工作经验的人员录用后，提供带薪的交易培训课程和导师一对一的针对指导，培训后由交易团队带领锻炼交易及分析能力。 初级操盘手： 1.接受免费统一的学习培训和模拟训练； 2.成绩优秀的操盘手将逐步晋升为中级、高级操盘手； 3.级别越高，机会越多，收入越高。 4.有较强的学习能力、分析能力、风险控制能力。 5.年龄20至50之间，大专以上学历，有经验者优先。 6.爱岗敬业，诚实负责者优先录用。 职位待遇：基本工资5000 + 提成20%-30% + 节假日福利 + 年终奖 +五险一金 （月收入大约大约8000--15000） 中级操盘手： 1.有强烈的以交易为生，希望成为交易高手的意愿； 2.可承受较大心里压力，有很强的自我调控能力，纪律严格； 3.对公司资高度负责，严格执行安全控制； 4.以稳定盈利为最高目标。 5.热衷于金融行业的有经验人士，有意与国际经济及货币交易的最新理念保持一致水准，并关注全球外汇实时走势 6.敢于迎接挑战、能独立承受压力、完成公司交赋的工作任务 7.有很强的分析能力，擅长并酷爱操盘工作 8.具有自信、冷静、理智、果断、坚定、胆识等操盘手所要求具备的各项品质。 职位待遇：基本工资10000 + 提成30%-40% + 节假日福利 + 年终奖 +五险一金 （月收入大约大约15000--30000） 高级操盘手： 1.负责公司指定客户账户或配资账户的资金运作 2.分析行情，做出每日交易计划。 3.配合培训讲师完成新入司员工的实盘交易辅导。 4.把握市场机会，及时交易，确保账户达到稳定盈利，尽可能的达到利益最大化。 5.专业不限，经济类、理工类专业优先。 6.人品端正，谦虚好学，自信果敢。 7.有很强的数据运算能力及宏观经济数据分析能力。 8.熟悉双边市场，至少三年以上股票交易经验或一年以上双边市场交易经验。 职位待遇：基本工资15000 + 提成40%-50% + 节假日福利 + 年终奖 +五险一金 （月收入大约20000--50000） 晋升步骤： 免费培训—评估—初级操盘手—中级操盘手—高级操盘手—培训讲师—交易经理—交易总监 职位优势: 本职位无工作时间、地点限制,能做网上交易即可，可在家操盘。灵活的晋升体系和广阔的发展空间，可兼职。 实习员工： 前期培训期视为实习，实习期满可成为公司正式员工，可开实习证明，培训期为连续十个工作日，周末双休，每日培训时间：早晨9:30至下午3:30。公司在培训期提供每日餐补及 路费补助，并在第一个月的薪资里统一发放。 【注】： 1、请各位求职者仔细、详细的阅读您投递的职位要求，公司将统一进行审核、通知，谢绝重复投递。 2、操作资金均由公司提供，交易员不需承担风险。 录用人员，公司将统一、全面的给予员工提供为期10天的、免费的、专业的、系统的岗前带薪培训，培训时间（9：30--15：30 ）周六、日休息。正式入职后，培训薪资计入首月工资。  3、公司将全资为盘手提供资金支持，承担风险，同时也将为盘手提供明亮、优雅、舒适的工作环境，提升您的交易心情。节假日公司会不定期的组织外出活动及娱乐活动（费用 公司全报销）培训期间公司会组织模拟比赛，在模拟练习期间为做的成绩优秀的学生给予物质奖励。  4、希望对金融行业有兴趣的应聘者积极与我们的HR联系，了解公司情况，招聘情况及与工作有关的相关问题。  公司地址：北京市朝阳区时间国际A座2601、2609室 乘车路线：地铁10号线三元桥站D口出（地铁门口有标识牌）或A口出（经过凤凰汇购物商业街左转即是时间国际），机场线B口出向西100米   职位联系方式：公司名称：深圳市龙阳商务咨询有限公司北京第一分公司公司地址：北京市朝阳区三元桥时间国际A座2601室地铁10号线三元桥站D口出（地铁门口有标识牌）或A口出 经过凤凰汇购物商业街左转即是时间国际 ，机场线B口出向西100米  联系经理：金经理联系电话：010-57283204 18210662298联系QQ:114342060公司网站：www.bj-lyjt.com简历邮箱：kimhr@bj-lyjt.com                                                                            职位联系方式                                                       职位联系方式：公司名称：深圳市龙阳商务咨询有限公司北京第一分公司公司地址：北京市朝阳区三元桥时间国际A座2601室（三元桥10号线地铁直达D口出）联系经理：金经理联系电话：010-57283204 18210662298联系QQ:114342060公司网站：www.bj-lyjt.com简历                                                          查看职位地图') ;
COMMIT;
INSERT INTO "User" ("Name","UserType","CreatedDatetime","UpdatedDatetime","Enabled")
                              VALUES ('135038057250567.htm',4,clock_timestamp(),clock_timestamp(),'t') ;
INSERT INTO "ZhilianUser" ("UserId","NickName","Type","Sex","City" ) VALUES(currval('"hero_reduce"."user_id_seq"'),'135038057250567.htm',0,'null','北京-朝阳区') ; INSERT INTO "JobPosition" ("UserId","Name","Address","Title","Salary","Description")
                          VALUES(currval('"hero_reduce"."user_id_seq"'),'135038057250567.htm','北京-朝阳区','证券分析/金融研究','6001-8000','致求职者的话： 首先要恭喜您在打开此页面的同时，您内心的睿智选择已经引领您向金融领域中的高收入职业迈出了幸运并且前景无限的第一步。如果您有意加入到我们操盘手的交易团队当中，公司的交易团队和讲师会引导您坚实而踏实的走好日后职业发展的每一步。请您在相信您自己内心选择的基础上相信公司的团队，认真努力的和我们一路走下去，未来三到五年内在北京相对中心的位置拥有一套属于自己的安身立命之所，绝不是太难的事情。相信您自己的选择，更要相信您自身的能力，加入到我们阳光的交易团队当中，为您今后梦想与人生的启航做好坚实的经济铺垫。   乔治.索罗斯说：“你可以生于贫穷，但绝不能死于贫穷”祝贺所有关心金融市场的投资者，因为你们拥有一个不同于过去的投资时代！   工作内容1.接受公司培训（带薪）。（有经验者可不接受培训，详情面谈。）2.部分初级交易员需要参加交易员晋级培训。每月一次。3.高执行力：关注每次交易系统给出的进场，出场信号，并按照信号指示进行建仓，平仓操作。（交易系统会在培训期间给予指导。）4、严格执行公司各项制度，，并定期整理交易数据，向上级领导账户分析结果；5、按照部门主管的要求进行技术和基本面规律的分析，进行数据的搜集或整理；6、配合其他部门有关工作；7、遵守公司的各项管理制度，承办领导交办的其他工作。素质要求：1、大专以上学历,金融专业优先，培训期间有大量的空余时间；2、热爱交易、对金融经济知识感兴趣；3、有很强的执行力，自制力强；日常生活有规律、有计划；4、有较强的学习能力，新知识的接受能力；5、抗压能力；6、耐心细致，有责任心，具有保密意识；7、对于基础薄弱或者无经验者有专业的入职培训。8、公司提供良好的晋升机制：薪资待遇： 初级薪资待遇：5000底薪 +  提成20%--40%  +  五险一金 + 节假日福利 + 季度奖  月薪可达7000元以上中级薪资待遇：10000底薪 + 提成20%--40% +  五险一金 +  节假日福利 + 季度奖   月薪可达15000元以上高级薪资待遇：15000底薪 + 提成20%--40% +  五险一金 +  节假日福利 + 季度奖   月薪达2-3万元以上 职位要求：年龄：20岁-50岁之间。学历：大专以上（包括大专），有交易经验者面谈。其它素质： 1.对于金融行业有极高的兴趣。2.性格沉稳，情绪不易产生较大波动。3.有极强的时间观念。（交易员的工作性质对于时间和空间上没有要求，相对自由，需要自我约束。）4.对资金流动有较强的驾驭能力。5.能够尽量客观的看待事物的发展。 面试要求： 不提供视频或者电话面试，只能到北京参加一对一面试，无复试，无笔试，不能来北京者请勿投递，面试通过后培训可做延期。实习员工： 前期培训期视为实习，实习期满可成为公司正式员工，可开实习证明，培训期为连续十个工作日，周末双休，每日培训时间：早晨9:30至下午3:30。公司在培训期提供每日餐补及路费补助，并在第一个月的薪资里统一发放。其他福利：五险一金 季度奖+年终奖  带薪免费旅游   公司对于没有交易经验，却对金融衍生品操作有兴趣者，提供正规统一的免费培训。有专业的交易团队手把手带你走进交易市场。我们的交易团队有绝对的信心让你在培训期后，有属于自己的交易系统与理念，让你找到自己在交易市场的立足点。成为我公司的优秀员工，对于成绩优秀学员公司提供交易账户帮助学员完成自我晋升。希望对金融行业有兴趣的应聘者积极与我们联系，了解公司情况，招聘情况及与工作相关的问题。公司承诺将对每位学员认真负责，最大限度发掘每一位学员的交易潜力。      联系电话：010-57349909  15811512051公司地址：北京市朝阳区时间国际大厦A座2601室公司名称：深圳市龙阳商务咨询有限公司北京第一分公司                                                                           职位联系方式                                                        人事经理：陈经理公司网址：http://www.bj-lyjt.com 联系电话：010-57349909  13366412049公司地址：北京市朝阳区时间国际大厦A座2601室公司名称：深圳市龙阳商务咨询有限公司北京第一分公司  各求职者请注意可把简历发至公司                                                           查看职位地图') ;
COMMIT;
INSERT INTO "User" ("Name","UserType","CreatedDatetime","UpdatedDatetime","Enabled")
                              VALUES ('383967722250513.htm',4,clock_timestamp(),clock_timestamp(),'t') ;
INSERT INTO "ZhilianUser" ("UserId","NickName","Type","Sex","City" ) VALUES(currval('"hero_reduce"."user_id_seq"'),'383967722250513.htm',0,'null','北京-朝阳区') ; INSERT INTO "JobPosition" ("UserId","Name","Address","Title","Salary","Description")
                          VALUES(currval('"hero_reduce"."user_id_seq"'),'383967722250513.htm','北京-朝阳区','证券分析/金融研究','','岗位职责：  1.负责公司内部新员工的初期培训及进阶培训； 2.负责理财产品说明会、沙龙讲座等的讲解工作。 3.负责完成金融理财基础课程的课件研发及讲义制作并独立授课； 4.负责理财部门相关培训项目组织管理与实施； 5.负责各类培训流程及规章制度的执行及管理； 6.负责培训成交效果评估的组织及实施。 任职资格： 1.年龄35岁以上，口齿清晰、思维活跃、性格开朗、自信、形象气质佳； 2.应变能力强，讲课生动、幽默，具备调节现场情绪、氛围的能力及感染力； 3.具有课程研发能力及授课能力、逻辑思维及分析能力； 4.金融或相关行业5年以上的工作经验，优秀的语言表达能力； 5.熟悉金融行业各类理财产品，具备较全面的金融理论知识； 6.具有较高的市场敏感度，学习能力强、视野开阔； 7.积极正面、形象端正、团队精神，服务意识佳； 8.熟练使用办公及培训软硬件。    工作时间：朝九晚六   双休   国家法定假日正常休息   公司地址：朝阳区大望路SOHO现代城C座11层（国墨书画院一侧）             地铁1号线大望路站下车B口出即是   联系电话：15110193386（聂爱珠）                                                                           职位联系方式                                                       公司名称：北京盛世国一文化发展有限公司 公司地址：北京市 朝阳区 建国路88号 SOHO现代城C座11层全层  电    话：15110193386（人事部） 公司主页：www.guoyijindian.com                                                          查看职位地图') ;
COMMIT;
INSERT INTO "User" ("Name","UserType","CreatedDatetime","UpdatedDatetime","Enabled")
                              VALUES ('446240024250061.htm',4,clock_timestamp(),clock_timestamp(),'t') ;
INSERT INTO "ZhilianUser" ("UserId","NickName","Type","Sex","City" ) VALUES(currval('"hero_reduce"."user_id_seq"'),'446240024250061.htm',0,'null','北京-朝阳区') ; INSERT INTO "JobPosition" ("UserId","Name","Address","Title","Salary","Description")
                          VALUES(currval('"hero_reduce"."user_id_seq"'),'446240024250061.htm','北京-朝阳区','证券分析/金融研究','2001-4000','1、有证券从业资格证（欢迎广大应届毕业生）如考过分析最好，这将培养成公司投资顾问。 2、喜欢金融行业，了解金融行业知识。 3.不抗拒与陌生人交谈，懂得灵活发散思维，处理客户问题不逃避，抗压能力强  4、具备一定的销售能力。 （每一天有2-3次的管理培训班训练，每一年五一拓展培训！）5、职位晋升：业务员--初级讲师--高级投顾分析师 公司待遇： 提供完整的专业技术培训、良好的工作环境和福利待遇。 公司今年将高速发展，在这里有你想要的晋升空间！ 无责任底薪+提成+奖励 欢迎想挑战高薪的精英！ 具备证券从业资格证人员福利从优！期待想做一番事业的您加入我们的团队。更多请电话咨询或者面议。QQ：952007084 应聘                                                                           职位联系方式                                                       公司名称：北京宏光盛杰科技有限公司 公司地址：北京市东城区广渠门内内领行国际3号楼1座1707  传真：010-59451062 公司主页：www.n8n8.cn 联系电话：010-59451062                                                          查看职位地图') ;
COMMIT;
INSERT INTO "User" ("Name","UserType","CreatedDatetime","UpdatedDatetime","Enabled")
                              VALUES ('466625418250023.htm',4,clock_timestamp(),clock_timestamp(),'t') ;
INSERT INTO "ZhilianUser" ("UserId","NickName","Type","Sex","City" ) VALUES(currval('"hero_reduce"."user_id_seq"'),'466625418250023.htm',0,'null','北京-朝阳区') ; INSERT INTO "JobPosition" ("UserId","Name","Address","Title","Salary","Description")
                          VALUES(currval('"hero_reduce"."user_id_seq"'),'466625418250023.htm','北京-朝阳区','证券分析/金融研究','','工作职责 - 参与项目前期的行业研究、报告和项目谈判工作- 协助潜在业务项目评审阶段的财务分析及报告- 协助项目尽职调查阶段的财务分析及报告- 协助项目商业计划书的编制- 协助项目融资方案、交易结构设计、定价等工作职位要求 必备要求：- 985、211院校金融、经济、财务、法律、管理等商科相关专业或计算机相关专业的在校本科（大三及以上）或研究生（研一及以上），男女不限- 熟练使用PPT、Excel等Office软件- 具有良好的研究和分析能力- 实习期2-3个月，开始时间不晚于2014年10月 加分项：- 长期关注TMT行业（如移动互联网、大数据、智能硬件、O2O、电商等）并有一定见解- 认真参加过创业大赛、商业比赛，如挑战杯创业计划大赛- 有过投行、风险投资、咨询等实习经历- 具有良好的财务分析能力，如具有（或即将具有）CPA、CFA等- 具有良好的英文资料检索能力，如通过GMAT、托福、托业等考试您将收获       - 与行业顶级企业的CEO和知名投资人共事的机会- 完整参与投资银行项目的职业经历- 系统学习投资银行财务顾问业务、VC、PE运作流程的机会- 深刻了解TMT行业的机会- 不低于行业标准的实习薪酬- 进入投资行业的至高起点                                                                           职位联系方式                                                       公司名称：北京斗牛士网络科技有限公司 公司地址：北京市媒体村天畅园2号楼底商一层  传真： 公司主页：http://www.donews.com                                                           查看职位地图') ;
COMMIT;
INSERT INTO "User" ("Name","UserType","CreatedDatetime","UpdatedDatetime","Enabled")
                              VALUES ('517251826251299.htm',4,clock_timestamp(),clock_timestamp(),'t') ;
INSERT INTO "ZhilianUser" ("UserId","NickName","Type","Sex","City" ) VALUES(currval('"hero_reduce"."user_id_seq"'),'517251826251299.htm',0,'null','北京') ; INSERT INTO "JobPosition" ("UserId","Name","Address","Title","Salary","Description")
                          VALUES(currval('"hero_reduce"."user_id_seq"'),'517251826251299.htm','北京','证券分析/金融研究','','岗位职责：1、负责对冲基金产品设计、投资研究工作；  2、负责对金融机构尽职调查相关工作；  3、负责撰写产品研究报告、行业研究报告等；  4、基于市场趋势和投资策略研究，发掘投资机会，支持特定金融产品设计及投资。 任职条件：1、硕士以上学历，金融相关专业；  2、三年以上金融行业投资研究工作经验；  3、工作态度好，积极性高，认真细致负责。有创新意识，良好的团队合作精神；  4、较强的文字和沟通协调能力，执行能力强，具有敏锐的市场洞察力和良好的组织计划及逻辑分析能力。                                                                            职位联系方式                                                      公司名称：北京展恒理财顾问有限公司公司地址：北京市朝阳区华严北里2号民建大厦6层 电    话：62020088-7044公司主页：http://www.myfp.cn                                                          查看职位地图') ;
COMMIT;
INSERT INTO "User" ("Name","UserType","CreatedDatetime","UpdatedDatetime","Enabled")
                              VALUES ('517251826251301.htm',4,clock_timestamp(),clock_timestamp(),'t') ;
INSERT INTO "ZhilianUser" ("UserId","NickName","Type","Sex","City" ) VALUES(currval('"hero_reduce"."user_id_seq"'),'517251826251301.htm',0,'null','北京') ; INSERT INTO "JobPosition" ("UserId","Name","Address","Title","Salary","Description")
                          VALUES(currval('"hero_reduce"."user_id_seq"'),'517251826251301.htm','北京','证券分析/金融研究','','岗位职责： 1、负责公募基金研究分析 2、负责公募FOF基金投资管理和研究工作； 3、负责对金融机构尽职调查相关工作； 4、基于市场趋势和投资策略研究，发掘投资机会，支持特定金融产品设计及投资。 任职条件： 1、硕士以上学历，金融相关专业，优秀应届生优先； 2、三年以上金融行业投资研究工作经验； 3、工作态度好，积极性高，认真细致负责。有创新意识，良好的团队合作精神； 4、较强的文字和沟通协调能力，执行能力强，具有敏锐的市场洞察力和良好的组织计划及逻辑分析能力。                                                                            职位联系方式                                                      公司名称：北京展恒理财顾问有限公司公司地址：北京市朝阳区华严北里2号民建大厦6层 传真：62020088-8802公司主页：http://www.myfp.cn                                                          查看职位地图') ;
COMMIT;
INSERT INTO "User" ("Name","UserType","CreatedDatetime","UpdatedDatetime","Enabled")
                              VALUES ('517251826251298.htm',4,clock_timestamp(),clock_timestamp(),'t') ;
INSERT INTO "ZhilianUser" ("UserId","NickName","Type","Sex","City" ) VALUES(currval('"hero_reduce"."user_id_seq"'),'517251826251298.htm',0,'null','北京') ; INSERT INTO "JobPosition" ("UserId","Name","Address","Title","Salary","Description")
                          VALUES(currval('"hero_reduce"."user_id_seq"'),'517251826251298.htm','北京','证券分析/金融研究','','岗位职责：1、负责对冲基金产品及行业相关研究；  2、负责对金融机构尽职调查相关工作；  3、负责撰写产品研究报告、行业研究报告等；  4、基于市场趋势和投资策略研究，发掘投资机会，支持特定金融产品设计及投资。 任职条件：1、硕士以上学历，金融相关专业；  2、熟练使用办公软件WORD、EXCEL及INTERNET的应用，思维敏捷、文笔流畅、具有较强的资讯整合分析能力；  3、工作态度好，积极性高，认真细致负责。有创新意识，良好的团队合作精神；  4、较强的文字和沟通协调能力，执行能力强，具有敏锐的市场洞察力和良好的组织计划及逻辑分析能力。                                                                            职位联系方式                                                      公司名称：北京展恒理财顾问有限公司公司地址：北京市朝阳区华严北里2号民建大厦6层 传真：62020088-8802公司主页：http://www.myfp.cn                                                          查看职位地图') ;
COMMIT;
INSERT INTO "User" ("Name","UserType","CreatedDatetime","UpdatedDatetime","Enabled")
                              VALUES ('517251826251300.htm',4,clock_timestamp(),clock_timestamp(),'t') ;
INSERT INTO "ZhilianUser" ("UserId","NickName","Type","Sex","City" ) VALUES(currval('"hero_reduce"."user_id_seq"'),'517251826251300.htm',0,'null','北京') ; INSERT INTO "JobPosition" ("UserId","Name","Address","Title","Salary","Description")
                          VALUES(currval('"hero_reduce"."user_id_seq"'),'517251826251300.htm','北京','证券分析/金融研究','','岗位职责：1、负责公募FOF基金产品设计工作  2、负责公募FOF基金投资管理和研究工作；  3、负责对金融机构尽职调查相关工作；  4、基于市场趋势和投资策略研究，发掘投资机会，支持特定金融产品设计及投资。 1、硕士以上学历，金融相关专业；  2、三年以上金融行业投资研究工作经验；  3、工作态度好，积极性高，认真细致负责。有创新意识，良好的团队合作精神；  4、较强的文字和沟通协调能力，执行能力强，具有敏锐的市场洞察力和良好的组织计划及逻辑分析能力。                                                                            职位联系方式                                                      公司名称：北京展恒理财顾问有限公司公司地址：北京市朝阳区华严北里2号民建大厦6层 电    话：62020088-7044公司主页：http://www.myfp.cn                                                          查看职位地图') ;
COMMIT;
INSERT INTO "User" ("Name","UserType","CreatedDatetime","UpdatedDatetime","Enabled")
                              VALUES ('517251826251302.htm',4,clock_timestamp(),clock_timestamp(),'t') ;
INSERT INTO "ZhilianUser" ("UserId","NickName","Type","Sex","City" ) VALUES(currval('"hero_reduce"."user_id_seq"'),'517251826251302.htm',0,'null','北京') ; INSERT INTO "JobPosition" ("UserId","Name","Address","Title","Salary","Description")
                          VALUES(currval('"hero_reduce"."user_id_seq"'),'517251826251302.htm','北京','证券总监/部门经理','','岗位职责： 1、全面负责公司的运作管理； 2、负责公司团队建设及投研体系搭建； 3、负责基于市场趋势和投资策略研究，进行特定金融产品设计及投资。 任职条件： 1、硕士以上学历，金融相关专业； 2、五年以上券商、公募基金公司投资研究工作经验； 3、良好的投资管理能力，过往投资业绩良好； 4、良好的沟通协调能力及团队管理经验； 5、较强的文字和沟通协调能力，具有敏锐的市场洞察力和良好的组织计划及逻辑分析能力。 6且具有广泛的金融行业人脉资源；                                                                            职位联系方式                                                      公司名称：北京展恒理财顾问有限公司公司地址：北京市朝阳区华严北里2号民建大厦6层 传真：62020088-8802公司主页：http://www.myfp.cn                                                          查看职位地图') ;
COMMIT;
INSERT INTO "User" ("Name","UserType","CreatedDatetime","UpdatedDatetime","Enabled")
                              VALUES ('517251826251323.htm',4,clock_timestamp(),clock_timestamp(),'t') ;
INSERT INTO "ZhilianUser" ("UserId","NickName","Type","Sex","City" ) VALUES(currval('"hero_reduce"."user_id_seq"'),'517251826251323.htm',0,'null','北京') ; INSERT INTO "JobPosition" ("UserId","Name","Address","Title","Salary","Description")
                          VALUES(currval('"hero_reduce"."user_id_seq"'),'517251826251323.htm','北京','证券分析/金融研究','','岗位职责：1、负责公募基金研究分析或者对冲基金产品及行业相关研究；  2、负责公募FOF基金投资管理和研究工作；  3、负责对金融机构尽职调查相关工作；4、基于市场趋势和投资策略研究，发掘投资机会，支持特定金融产品设计及投资。5、负责撰写产品研究报告、行业研究报告等； 任职条件：1、硕士以上学历，金融相关专业；  2、三年以上金融行业投资研究工作经验；  3、工作态度好，积极性高，认真细致负责。有创新意识，良好的团队合作精神；  4、较强的文字和沟通协调能力，执行能力强，具有敏锐的市场洞察力和良好的组织计划及逻辑分析能力。                                                                            职位联系方式                                                      公司名称：北京展恒理财顾问有限公司公司地址：北京市朝阳区华严北里2号民建大厦6层 传真：62020088-8802公司主页：http://www.myfp.cn                                                          查看职位地图') ;
COMMIT;
INSERT INTO "User" ("Name","UserType","CreatedDatetime","UpdatedDatetime","Enabled")
                              VALUES ('517251826251324.htm',4,clock_timestamp(),clock_timestamp(),'t') ;
INSERT INTO "ZhilianUser" ("UserId","NickName","Type","Sex","City" ) VALUES(currval('"hero_reduce"."user_id_seq"'),'517251826251324.htm',0,'null','北京') ; INSERT INTO "JobPosition" ("UserId","Name","Address","Title","Salary","Description")
                          VALUES(currval('"hero_reduce"."user_id_seq"'),'517251826251324.htm','北京','证券总监/部门经理','','岗位职责：  1、负责对冲基金产品设计、投资研究工作或者公募FOF基金产品设计工作； 2、负责对金融机构尽职调查相关工作； 3、负责撰写产品研究报告、行业研究报告等；4、基于市场趋势和投资策略研究，发掘投资机会，支持特定金融产品设计及投资。  任职条件：  1、硕士以上学历，金融相关专业； 2、三年以上金融行业投资研究工作经验； 3、工作态度好，积极性高，认真细致负责。有创新意识，良好的团队合作精神； 4、较强的文字和沟通协调能力，执行能力强，具有敏锐的市场洞察力和良好的组织计划及逻辑分析能力。                                                                           职位联系方式                                                       公司名称：北京展恒理财顾问有限公司 公司地址：北京市朝阳区华严北里2号民建大厦6层  传真：62020088-8802 公司主页：http://www.myfp.cn                                                          查看职位地图') ;
COMMIT;
INSERT INTO "User" ("Name","UserType","CreatedDatetime","UpdatedDatetime","Enabled")
                              VALUES ('649699228254088.htm',4,clock_timestamp(),clock_timestamp(),'t') ;
INSERT INTO "ZhilianUser" ("UserId","NickName","Type","Sex","City" ) VALUES(currval('"hero_reduce"."user_id_seq"'),'649699228254088.htm',0,'null','北京-东城区') ; INSERT INTO "JobPosition" ("UserId","Name","Address","Title","Salary","Description")
                          VALUES(currval('"hero_reduce"."user_id_seq"'),'649699228254088.htm','北京-东城区','证券分析/金融研究','10000-15000','【职位描述】交易——游走在投资与投机之间，徜徉于现实与理想之巅，融汇于艺术与技术之湾，它是人类社会对于资金和心理博弈的最直接体现，完美的展现了灵长类之魂创造与行动的宣言，是你实现人生理想的最后一环。你是否对交易存在浓厚兴趣呢？是否苦于徘徊在交易之河的彼岸而寻不见前路呢？现在机会来到了你的面前 -- 北京融控资本管理有限公司愿意提供免费的培训，带你横越财务自由的天堑，来到人生梦想的顶端。我们有专业的交易团队手把手带你走进交易市场。希望对金融行业有兴趣的你积极与我们电话或邮件联系，了解公司情况，招聘情况及与工作有关的相关问题。注   无需外出寻找客户，只需操作公司账户即可      【职位要求】 1、年龄20～50之间、性别不限 2、中专以上学历（包括中专学历）,培训期间有大量的空余时间，对金融知识感兴趣； 3、有很强的执行力和自制力，日常生活作息规律； 4、有较强的学习能力，对于新知识有较强的接受能力； 5、心理稳定，耐心细致，有责任心，具有保密意识；6、对于基础薄弱或无经验者有专业的入职培训。（有交易经验者可直接联系面谈）      【岗位职责】1、正式成为公司的员工之后，负责公司指定账户的资金运作，在稳定盈利的基础之上会逐步增加操作资金。2、以稳定且合理的交易方式为前提，及时交易，每月完成公司规定的盈利目标，并在此基础上创造更多的盈利，以求盈利的最大化。3、定期上交交易报告，报告时间每月一次。     【薪酬待遇】理财规划师：10000底薪  + 提成30% + 五险一金 + 节假日福利 + 年终奖资深理财规划师：15000底薪 + 提成40% + 五险一金 + 节假日福利 + 年终奖 联系人：莫经理    联系电话：13501391731 简历投递邮箱 ahr@rongkongziben.com    【注】 1、请各位求职者仔细、详细的阅读您投递的职位要求，公司将统一进行审核、通知，谢绝重复投递和未经预约的来访。2、录用人员，公司将统一、全面的给予员工提供为期10天的、免费的、专业的、系统的岗前培训，培训时间（9：30--17:00）(周六、日休息)。                                                                              3、公司将全资为盘手提供资金支持，承担风险，同时也将为盘手提供明亮、优雅、舒适的工作环境，提升您的交易心情。节假日公司会不定期 的组织外出活动及娱乐活动（费用公司全报销）培训期间公司会组织模拟比赛，在模拟练习期间为做的成绩优秀的学生给予物质奖励。4、只需操作公司账户，无需外出寻找客户。                                                                            职位联系方式                                                      公司名称：融控(北京)资本管理有限公司公司地址：北京市东城区建国门南大街7号万豪国际中心写字楼A座9层910号 公司网站：www.rongkongziben.com                                                          查看职位地图') ;
COMMIT;
INSERT INTO "User" ("Name","UserType","CreatedDatetime","UpdatedDatetime","Enabled")
                              VALUES ('469888216253271.htm',4,clock_timestamp(),clock_timestamp(),'t') ;
INSERT INTO "ZhilianUser" ("UserId","NickName","Type","Sex","City" ) VALUES(currval('"hero_reduce"."user_id_seq"'),'469888216253271.htm',0,'null','北京-朝阳区') ; INSERT INTO "JobPosition" ("UserId","Name","Address","Title","Salary","Description")
                          VALUES(currval('"hero_reduce"."user_id_seq"'),'469888216253271.htm','北京-朝阳区','保险精算师','','【岗位职责】1、参与公司各项数据运营模块的研发、设计、建模、数据处理及数据分析工作；2、负责对业务人员的薪资、奖励进行精算，得出合理的薪资方案和奖励方案；3、负责建立、管理和完善公司的各项业务统计分析模型、流程和体系，为公司运营决策、产品方向、销售策略提供数据支持；4、负责对未来各项市场营销费用进行多角度假设性预算，并给出精算报告；【任职要求】1、本科以上学历，精算师、统计、金融等相关专业；2、具备良好的逻辑分析能力和创造性思维； 3、熟练运用多种分析工具，具有较强的研究分析能力；4、对金融、理财、投资等领域有一定的认识和了解优先。信和财富诚邀您的加盟！                                                                           职位联系方式                                                       公司名称：信和财富投资管理(北京)有限公司 公司地址：北京市朝阳区东三环北路甲19号SOHO嘉盛中心36层  公司主页：http://www.creditharmony.cn                                                          查看职位地图') ;
COMMIT;
INSERT INTO "User" ("Name","UserType","CreatedDatetime","UpdatedDatetime","Enabled")
                              VALUES ('675733624250120.htm',4,clock_timestamp(),clock_timestamp(),'t') ;
INSERT INTO "ZhilianUser" ("UserId","NickName","Type","Sex","City" ) VALUES(currval('"hero_reduce"."user_id_seq"'),'675733624250120.htm',0,'null','北京') ; INSERT INTO "JobPosition" ("UserId","Name","Address","Title","Salary","Description")
                          VALUES(currval('"hero_reduce"."user_id_seq"'),'675733624250120.htm','北京','股票/期货操盘手','','岗位职责： 1.负责公司指定客户账户或配资账户的资金运作。 2.具有丰富的市场分析能力，做出每日交易计划，熟练掌握各种分析工具。 3.配合培训讲师完成新入公司员工的实盘交易辅导。 4.把握市场机会，及时交易，确保账户达到持续稳定盈利，尽可能的达到利益最大化。     岗位要求： 1、热爱金融行业，对国内金融市场有独到的观点，良好的逻辑思路能力。 2、专业不限，经济类、理工类，或有相关培训经历、工作经验的优先。 3、人品端正，谦虚好学，自信果敢。 4、有很强的数据运算能力及宏观经济数据分析能力。 5、有稳定的盈利能力、专业的分析能力，熟悉基本面，技术面的各方面的知识。       联系方式 公司名称：北京金慧通投资管理有限公司 公司地址：北京市朝阳区建国路88号soho现代城A座2606 公司电话：010-53399075  公司邮箱：jht-hr@hotmail.com                                                                                职位联系方式                                                          公司名称：北京金慧通投资管理有限公司 公司地址：北京市朝阳区建国路88号soho现代城A座2606 公司电话：010-53399075  公司                                                            查看职位地图') ;
COMMIT;
INSERT INTO "User" ("Name","UserType","CreatedDatetime","UpdatedDatetime","Enabled")
                              VALUES ('675733624250127.htm',4,clock_timestamp(),clock_timestamp(),'t') ;
INSERT INTO "ZhilianUser" ("UserId","NickName","Type","Sex","City" ) VALUES(currval('"hero_reduce"."user_id_seq"'),'675733624250127.htm',0,'null','北京') ; INSERT INTO "JobPosition" ("UserId","Name","Address","Title","Salary","Description")
                          VALUES(currval('"hero_reduce"."user_id_seq"'),'675733624250127.htm','北京','股票/期货操盘手','','岗位职责： 1.负责公司指定客户账户或配资账户的资金运作。 2.具有丰富的市场分析能力，做出每日交易计划，熟练掌握各种分析工具。 3.配合培训讲师完成新入公司员工的实盘交易辅导。 4.把握市场机会，及时交易，确保账户达到持续稳定盈利，尽可能的达到利益最大化。  岗位要求：  1、热爱金融行业，对国内金融市场有独到的观点，良好的逻辑思路能力。 2、专业不限，经济类、理工类，或有相关培训经历、工作经验的优先。 3、人品端正，谦虚好学，自信果敢。 4、热爱并喜欢从事金融行业，勤奋踏实，有远见卓识，并致力于伴随国内的金融市场逐渐发展。 5、有稳定的盈利能力、专业的分析能力，熟悉基本面，技术面的各方面的知识。         联系方式 公司名称：北京金慧通投资管理有限公司 公司地址：北京市朝阳区建国路88号soho现代城A座2606 公司电话：010-53399075  公司邮箱：jht-bj@hotmail.com                                                                              职位联系方式                                                          公司名称：北京金慧通投资管理有限公司 公司地址：北京市朝阳区建国路88号soho现代城A座2606 公司电话：010-53399075  公司                                                            查看职位地图') ;
COMMIT;
INSERT INTO "User" ("Name","UserType","CreatedDatetime","UpdatedDatetime","Enabled")
                              VALUES ('675733624250128.htm',4,clock_timestamp(),clock_timestamp(),'t') ;
INSERT INTO "ZhilianUser" ("UserId","NickName","Type","Sex","City" ) VALUES(currval('"hero_reduce"."user_id_seq"'),'675733624250128.htm',0,'null','北京') ; INSERT INTO "JobPosition" ("UserId","Name","Address","Title","Salary","Description")
                          VALUES(currval('"hero_reduce"."user_id_seq"'),'675733624250128.htm','北京','证券分析/金融研究','','岗位指责： 1、配合分析师撰写理财产品的分析报告，为客户实现资产保值增值； 2、能够独立向客户提供与公司金融业务相关的资产增值服务，并解释清晰； 3、辅助业务团队进行工作，帮助意向客户解答专业问题；  4、在分析师的指导下，完成代理商办座谈会的要求； 5、表现出众者经考核达标后可逐步向高级分析师或市场技术管理阶层发展；     职能描述： 1、大专及以上学历，年龄在20-26岁之间，有1年以上工作经验优先考虑； 2、有较强的学习力，对金融有浓厚兴趣，善于分析思考，有志在金融业长期发展； 3、具有较强的观察、分析能力，能迅速捕捉市场动态，有独立的工作意识，创新能力强； 4、诚实守信、工作细致，具有较强的学习能力和团队合作精神；  5、自信，能承受较大的工作压力，遇到困难不轻易放弃，具有很强工作责任心；      公司联系方式： 公司名称：北京金慧通投资管理有限公司 公司地址：北京市朝阳区建国路88号soho现代城A座2606 公司电话：010-53399075  公司邮箱：jht-hr@hotmail.com                                                                           职位联系方式                                                                                                                查看职位地图') ;
COMMIT;
INSERT INTO "User" ("Name","UserType","CreatedDatetime","UpdatedDatetime","Enabled")
                              VALUES ('318623618250276.htm',4,clock_timestamp(),clock_timestamp(),'t') ;
INSERT INTO "ZhilianUser" ("UserId","NickName","Type","Sex","City" ) VALUES(currval('"hero_reduce"."user_id_seq"'),'318623618250276.htm',0,'null','北京') ; INSERT INTO "JobPosition" ("UserId","Name","Address","Title","Salary","Description")
                          VALUES(currval('"hero_reduce"."user_id_seq"'),'318623618250276.htm','北京','证券分析/金融研究','','岗位职责：1、为营业部客户提供专业的证券投资咨询服务；2、根据客户需求协助客户制定理财规划和提供投资组合建议；3、公司研究所咨询产品的宣导和推介；4、营业部员工和客户的证券投资分析业务培训；5、理财产品销售和融资融劵业务推广。职位要求：1、35岁以下，全日制大学本科及以上学历，三年以上证券从业经历或五年以上证券投资经验；2、熟练掌握证券投资技术分析和基本分析理论，对证券投资分析有独到见解；3、品行端正，具有较强的语言表达能力，良好的人际交往能力，积极合作的团队意识；4、口齿清楚，形象良好，能熟练应用办公软件。5、有媒体演讲嘉宾、专业评论及平面媒体文章撰写能力、有一定客户资源者优先；6、拥有证券投资咨询执业资格。                                                                           职位联系方式                                                       公司名称：国都证券有限责任公司北京三元西桥证券营业部 公司地址：北京市朝阳区曙光西里甲六号院九号楼二层20 联系电话：010-59762881 公司主页：www.guodu.com') ;
COMMIT;
INSERT INTO "User" ("Name","UserType","CreatedDatetime","UpdatedDatetime","Enabled")
                              VALUES ('120139080251591.htm',4,clock_timestamp(),clock_timestamp(),'t') ;
INSERT INTO "ZhilianUser" ("UserId","NickName","Type","Sex","City" ) VALUES(currval('"hero_reduce"."user_id_seq"'),'120139080251591.htm',0,'null','北京-东城区') ; INSERT INTO "JobPosition" ("UserId","Name","Address","Title","Salary","Description")
                          VALUES(currval('"hero_reduce"."user_id_seq"'),'120139080251591.htm','北京-东城区','证券分析/金融研究','','岗位职责：1、设计债券类标准化产品；2、整合上游机构资源，确定与上游机构长期稳定合作；3、了解银行理财业务需求，能够从专业角度协助项目组理财系统的推广；4、向部门内部提供产品支持,并从外部渠道实现产品规模。 任职条件：1、具备金融类或相关专业硕士以上学历背景，3年以上金融行业工作经验；2、对债券类等标准化资产具备研究分析能力；3、有银行金融市场部工作经验者优先；4、具备优秀上游渠道资源，如：券商、基金公司；5、具备优秀的沟通、协调能力及资源、产品整合能力。                                                                           职位联系方式                                                       公司名称：北京展恒理财顾问有限公司 公司地址：北京市朝阳区华严北里2号民建大厦6层  传真：62020088-8802 公司主页：http://www.myfp.cn                                                          查看职位地图') ;
COMMIT;
INSERT INTO "User" ("Name","UserType","CreatedDatetime","UpdatedDatetime","Enabled")
                              VALUES ('150287814250499.htm',4,clock_timestamp(),clock_timestamp(),'t') ;
INSERT INTO "ZhilianUser" ("UserId","NickName","Type","Sex","City" ) VALUES(currval('"hero_reduce"."user_id_seq"'),'150287814250499.htm',0,'null','北京-朝阳区') ; INSERT INTO "JobPosition" ("UserId","Name","Address","Title","Salary","Description")
                          VALUES(currval('"hero_reduce"."user_id_seq"'),'150287814250499.htm','北京-朝阳区','证券/期货/外汇经纪人','8001-10000','初级交易员：1.接受免费统一的学习培训和模拟训练；2.成绩优秀的操盘手将逐步晋升为中级、高级操盘手；3.级别越高，机会越多，收入越高。4.有较强的学习能力、分析能力、风险控制能力。5.年龄20至50之间，大专以上学历，有经验者优先。6.爱岗敬业，诚实负责者优先录用。   职位待遇：基本工资5000 + 提成20%-30% + 节假日福利 + 年终奖 +五险一金 （月收入大约8000--15000） 中级交易员：1.有强烈的以交易为生，希望成为交易高手的意愿；2.可承受较大心里压力，有很强的自我调控能力，纪律严格；3.对公司资高度负责，严格执行安全控制；4.以稳定盈利为最高目标。5.热衷于金融行业的有经验人士，有意与国际经济及货币交易的最新理念保持一致水准，并关注全球外汇实时走势6.敢于迎接挑战、能独立承受压力、完成公司交赋的工作任务7.有很强的分析能力，擅长并酷爱操盘工作8.具有自信、冷静、理智、果断、坚定、胆识等操盘手所要求具备的各项品质  职位待遇：基本工资10000 + 提成30%-40% + 节假日福利 + 年终奖 +五险一金 （月收入大约15000--30000）高级交易员： 1.负责公司指定客户账户或配资账户的资金运作2.分析行情，做出每日交易计划。3.配合培训讲师完成新入司员工的实盘交易辅导。4.把握市场机会，及时交易，确保账户达到稳定盈利，尽可能的达到利益最大化。5.专业不限，经济类、理工类专业优先。6.人品端正，谦虚好学，自信果敢。7.有很强的数据运算能力及宏观经济数据分析能力。8.熟悉双边市场，至少三年以上股票交易经验或一年以上双边市场交易经验。  职位待遇：基本工资15000 + 提成40%-50% + 节假日福利 + 年终奖 +五险一金 （月收入大约20000--50000）   对于没有交易经验，却对金融衍生品操作职位有兴趣者。公司愿意提供免费的培训。有专业的交易团队手把手带你走进交易市场。我们的培训交易团队有绝对的信心让你在培训期后，有自己的交易系统与理论，让你找到自己在交易市场的立足点。成为我公司的优秀交易员。希望对金融行业有兴趣的应聘者积极与我们的HR联系，了解公司情况，招聘情况及与工作有关的相关问题。  公司地址：北京市朝阳区时间国际A座2601、2609室 乘车路线： 地铁10号线三元桥站D口出（地铁门口有标识牌）或A口出（经过凤凰汇购物商业街左转即是时间国际） 公司网址：http://www.bj-lyjt.com/ 联系人：张经理 联系电话: 18612554442 QQ：770638770      工作内容：1.接受公司培训。（有经验者可不接受培训，详情面谈。）2.部分初级交易员需要参加交易员晋级培训。每月一次。3.盯盘频率：至少每15分钟一次。每日交易时间至少6小时。4.高执行力：关注每次交易系统给出的进场，出场信号，并按照信号指示进行建仓，平仓操作。（交易系统会在培训期间给予指导。）5.交易报告：报告时间，每星期一。交易员需要在每个星期一上交一份交易报告，对上星期的盈利，亏损情况做错总结。如有大额（20%以上）的盈利或亏损，需要与其所在交易团队经理进行面谈。6.亏损总结：总结时间，每星期一次，要与交易报告一同上交。总结内容：对上星期所有亏损的交易作出客观总结。如因交易系统漏洞亏损为正常。如因个人情绪不稳定导致亏损，需要与其所在交易部经理进行面谈。职位要求：年龄：20岁-40岁之间。性别：不限。户籍：不限。学历：大专以上（包括大专），有交易经验者面谈。工作经验：不限。（70%的求职者均会得到面试的机会，面试通过后公司会予安排培训。）其它素质：1.对于金融行业有极高的兴趣。2.性格沉稳，情绪不易产生较大波动。3.有极强的时间观念。（交易员的工作性质对于时间和空间上没有要求，相对自由，需要自我约束。）4.对资金流动有较强的驾驭能力。5.能够尽量客观的看待事物的发展。什么是交易员：交易员———其实是一件非常具有艺术性的工作，它是市场的参与者基于对市场的认知、判断而进行的资金、心理博弈。操盘手中，大多性格沉稳，思维独立富有主见，言语缜密。这种性格很多并不是他们的本性，只不过是因为选择了这一职业的原因。守口如瓶是一个职业操盘手最起码的素质。由于动辄就要操纵上亿元的资金，一直以来，外界总有一种误解：成功的交易员都是那些拥有高学位的名牌大学高材生，交易者必须绞尽脑汁才能获利。其实，操盘绝不是学术研究。 跟一般人想象的不同，操盘手每天的生活既不紧张也不神秘，更多的是需要细心，然后剩下的就是枯燥了，因为操作时整天都要盯着走势图。当然压力也很大，因为委托方不仅要求达到每个项目的利润最大化，还要求做到每个阶段利润的最大化。 交易员是个新词，它是随着股市的开启而走进中国人生活的。它的诞生标志着中国经济的变化。交易员不是炒手，他们是不炒单的，因为主力资金不需要炒单，他们做的是趋势，他们的目的是控制盘面而不是靠微小的点差来积累盈利。从一名普通的期货投资者到一名优秀的交易员任职要求：第一，以此为业，栽过跟头，但仍痴心不改，喜欢交易，屡败屡战。交易员是职业交易员，不是票友。专业和业余不可同日而语。在任何一个行业中要取得成功，喜欢此行业并全身心地投入是必不可少的条件。第二，认错不服输，虚心学习，认真总结反思。这是优秀交易员的特质。有信心但不自高自大，精神自由但又遵守纪律，对市场充满了敬畏之心，随时随地听从市场的召唤，绝不会对市场说三道四，幻想着市场会听从自己的意愿。建仓，吸筹，拔高，回档，出货，清仓———是一个交易员的日常工作。交易员泛指金融证券期货市场中受计划指定买卖品种的人。由于动辄就要操纵上亿元的资金，一直以来，外界总有一种误解：成功的交易员都是那些拥有高学位的名牌大学高材生，交易者必须绞尽脑汁才能获利。其实，交易绝不是学术研究。跟一般人想象的不同，交易员每天的生活既不紧张也不神秘，更多的是需要细心，然后剩下的就是枯燥了，因为操作时整天都要盯着走势图。当然压力也很大，因为委托方不仅要求达到每个项目的成本最小化，还要求做到每个阶段利润的最大化。 交易员的九大要点一、正确认识自己，评估自己现在的实际水平；二、在第一步的基础上制定自己补习的方向和内容；三、寻找自己所缺乏的书本知识和真正有好技术又能教授你的老师；四、连续熟读和记忆这些有用的技巧；五、从行情中印证这些新学的东西，改良书本知识为实战内涵；六、大量地看图形和技术分析指标，把形态，成交量等重要的技术学好；七、大量的模拟和训练，以及大胆预测，把自己对大盘分析和个股做出记录，把理由写清楚；八、总结自己学习和实战成果，并作记录背熟，将之变成理论的依据，总结并写出来，系统化、简单化。九、严格意义上，说操盘手只是一个大项目的具体执行者，而且是一个不折不扣的落实人。在执行过程中不得有任何思想的干扰或影响对该项目的执行。                                                                                职位联系方式                                                       公司地址：北京市朝阳区时间国际A座2601、2609室 乘车路线： 地铁10号线三元桥站D口出（地铁门口有标识牌）或A口出（经过凤凰汇购物商业街左转即是时间国际） 公司网址：http://www.bj-lyjt.com/ 联系人：张经理 联系电话: 18612554442 QQ：770638770                                                           查看职位地图') ;
COMMIT;
INSERT INTO "User" ("Name","UserType","CreatedDatetime","UpdatedDatetime","Enabled")
                              VALUES ('140061930250251.htm',4,clock_timestamp(),clock_timestamp(),'t') ;
INSERT INTO "ZhilianUser" ("UserId","NickName","Type","Sex","City" ) VALUES(currval('"hero_reduce"."user_id_seq"'),'140061930250251.htm',0,'null','北京-海淀区') ; INSERT INTO "JobPosition" ("UserId","Name","Address","Title","Salary","Description")
                          VALUES(currval('"hero_reduce"."user_id_seq"'),'140061930250251.htm','北京-海淀区','主持人/司仪','','新闻主播招聘人数：2名工作经验：1年以上年龄要求：30岁以下资格证书：播音员专业证书资格 A级   普通话：一级甲等学   历：本科以上岗位职责：    根据播出计划完成直播（或录播）节目工作，包括负责配音、播报新闻导语及新闻直播等。要求在播出前熟悉稿件，进入演播室后根据串联单和导播的指挥播报新闻导语及口播新闻。岗位要求：专业要求： 1、特定栏目的主持人还应有高出一般从业人员的电视新闻素养，较强的文字运用能力，口头表达能力，把握现场气氛的能力和沟通能力，同时具有参与幕后策划工作的能力。2、体貌端庄、良好的外部形象，具有亲合力的个人气质，同时视栏目的特征而拥有独特的个性。政治条件：具备良好的政治素养，能准确把握政策动向和市场热点，做出准确的判断。个人品质：品德端正，责任感强，遵守社会公德，廉洁自律。其    它：证券、期货等金融行业从业经验者优先，身体健康、年龄30 岁以下，居住地在北京； ●请您将简历和照片、声音小样一同发送至邮箱cindyzsl@yeah.net，并在您的邮件主题中注明：应聘新闻主播●请不要重复投递，如适合相应职位，我公司会在近期通知您。 ●本频道不接受直接来访， 谢谢。                                                                            职位联系方式                                                       公司名称：CCTV证券频道 公司地址：北京市海淀区北三环中路67号 （北太平庄路口向西50米）  传真： 公司主页：                                                          查看职位地图') ;
COMMIT;
INSERT INTO "User" ("Name","UserType","CreatedDatetime","UpdatedDatetime","Enabled")
                              VALUES ('517251826251363.htm',4,clock_timestamp(),clock_timestamp(),'t') ;
INSERT INTO "ZhilianUser" ("UserId","NickName","Type","Sex","City" ) VALUES(currval('"hero_reduce"."user_id_seq"'),'517251826251363.htm',0,'null','北京-东城区') ; INSERT INTO "JobPosition" ("UserId","Name","Address","Title","Salary","Description")
                          VALUES(currval('"hero_reduce"."user_id_seq"'),'517251826251363.htm','北京-东城区','证券分析/金融研究','','岗位职责： 1、设计债券类标准化产品；2、整合上游机构资源，确定与上游机构长期稳定合作；3、了解银行理财业务需求，能够从专业角度协助项目组理财系统的推广；4、向部门内部提供产品支持,并从外部渠道实现产品规模。 任职条件： 1、具备金融类或相关专业硕士以上学历背景，3年以上金融行业工作经验；2、对债券类等标准化资产具备研究分析能力；3、有银行金融市场部工作经验者优先；4、具备优秀上游渠道资源，如：券商、基金公司；5、具备优秀的沟通、协调能力及资源、产品整合能力。                                                                           职位联系方式                                                       公司名称：展恒(北京)投资管理咨询有限公司 公司地址：北京市朝阳区德胜门外华严北里2号民建大厦6层  传真：62020088-8802 公司主页：http://www.myfp.cn                                                          查看职位地图') ;
COMMIT;
INSERT INTO "User" ("Name","UserType","CreatedDatetime","UpdatedDatetime","Enabled")
                              VALUES ('466617419255925.htm',4,clock_timestamp(),clock_timestamp(),'t') ;
INSERT INTO "ZhilianUser" ("UserId","NickName","Type","Sex","City" ) VALUES(currval('"hero_reduce"."user_id_seq"'),'466617419255925.htm',0,'null','北京') ; INSERT INTO "JobPosition" ("UserId","Name","Address","Title","Salary","Description")
                          VALUES(currval('"hero_reduce"."user_id_seq"'),'466617419255925.htm','北京','证券分析/金融研究','10001-15000','乔治.索罗斯说：“你可以生于贫穷，但绝不能死于贫穷”祝贺所有关心金融市场的投资者，因为你们拥有一个不同于过去的投资时代！在这个世界上，有一群人，他们靠思考，靠信息，靠一个机会就获得终身的财富自由。他们相信：任何的财富，任何的创造，任何的奇迹都起源于一个观念，他们相信好的观念才能带来财富，财富的自由流动才能带来更大的财富。他们相信，唯有让财富进入互助圈，开始涌流，才能带来更加丰饶的财富。他们不用很努力，不用很辛苦，不用特别勤劳，关键是要懂得世界上最伟大的财富增长法则，那就是以互助的，多赢的，游戏的心态让财富流动，财富才会s裂变般的巨增，这就是交易员。【任职要求】1、热爱金融行业，有强烈的意愿进入金融投资领域，渴望成为金融职场中的精英一族；2、具有良好的自我学习能力与团队合作精神；3、具有良好的职业操守，有强烈的责任感；4、敢于挑战自我，勇于凭自己的努力和本领获得高收益。 【工作内容】1、为公司的账户进行交易盈利；2、每个月进行交易总结，即时准确汇报公司各项账户信息；3、时刻关注公司账户操作品种的价格变动和相关重要资讯；4、严格执行公司各项制度，，并定期整理交易数据，向上级领导账户分析结果；5、按照部门主管的要求进行技术和基本面规律的分析，进行数据的搜集或整理；6、配合其他部门有关工作；7、遵守公司的各项管理制度，承办领导交办的其他工作。 【素质要求】1、大专以上学历,金融专业优先，培训期间有大量的空余时间；2、热爱交易、对金融经济知识感兴趣；3、有很强的执行力，自制力强；日常生活有规律、有计划；4、有较强的学习能力，新知识的接受能力；5、抗压能力；6、耐心细致，有责任心，具有保密意识；7、对于基础薄弱或者无经验者有专业的入职培训。8、公司提供良好的晋升机制，表现优异者每三个月进行登记评定。 【职位待遇】初级交易员：5000 底薪 + 提成20% + 节假日福利 + 年终奖 中级交易员：10000底薪+ 提成30%+五险一金+节假日福利+年终奖 高级交易员：15000底薪+ 提成40%+五险一金+节假日福利+年终奖加入北京亿汇的五大理由:    1、你将掌握最专业的投资理念，扩充你的知识体系，提升你的个人综合能力，你的世界因你而不同；    2、你将拥有高效的、超强的沟通能力，尽显你的语言魅力；    3、你将提升你人脉圈的层次和质量，拓宽自己的眼界和格局；    4、We are one!年轻而富有朝气的团队，完善而优厚的福利待遇，在快乐工作的同时结识更多与你志同道合并肩作战的小伙伴！    5、当这一切都拥有时，你会感谢如此拼搏的自己-----你的月薪=别人的年薪！北京亿汇投资管理有限公司（诚聘，不产生任何费用）公司主页：WWW.BJ-YHTZ.COM公司地址：北京市朝阳区东三环中路25号住总大厦 1608 室。乘车路线：地铁10号线金台夕照站。人事主管：田经理联系电话：010-57473229（对职位有疑问或有兴趣者，请积极与HR联系）企业账户：kangmin@bj-yhtz.com                                                                           职位联系方式                                                      公司主页：WWW.BJ-YHTZ.COM公司地址：北京市朝阳区东三环中路25号住总大厦 1608 室。乘车路线：地铁10号线金台夕照站。人事主管：田经理联系电话：010-57473229（对职位有疑问或有兴趣者，请积极与HR联系）企业账户：') ;
COMMIT;
INSERT INTO "User" ("Name","UserType","CreatedDatetime","UpdatedDatetime","Enabled")
                              VALUES ('557539429250090.htm',4,clock_timestamp(),clock_timestamp(),'t') ;
INSERT INTO "ZhilianUser" ("UserId","NickName","Type","Sex","City" ) VALUES(currval('"hero_reduce"."user_id_seq"'),'557539429250090.htm',0,'null','北京-朝阳区') ; INSERT INTO "JobPosition" ("UserId","Name","Address","Title","Salary","Description")
                          VALUES(currval('"hero_reduce"."user_id_seq"'),'557539429250090.htm','北京-朝阳区','证券分析/金融研究','6000-10000','岗位职责：1、负责能源化工、基础农产品、油脂油料、黑色金属、有色金属板块一到两个品种的相关产业研究，并撰写相关研究分析报告；2、独立地建立产业研究框架，构建、追踪产业数据；3、建立调研体系，并做产量、消费、流通领域草根调研；4、与外部研究服务机构建立良好的工作关系，支持内部研究；5、负责期货投资策略等方面的研究，寻找重大投资机会；6、及时高质量完成上级领导交办的其他事项。任职要求：1、金融、经济、统计等相关专业本科以上学历，具备相关期、现货工作经验；2、对现货行业产业链有较深理解，熟悉国内外大宗产品市场运行特点和规则；3、掌握期货理论知识与各种分析工具，具有对期货市场较深刻的认识和准确的判断能力；4、具有扎实的经济金融理论知识，擅长宏观经济、行业产业政策分析；5、具有较强的数据处理和文字写作能力，较强的自主研发能力；6、具有期货从业资格证者优先考虑。                                                                            职位联系方式                                                       公司名称：北京万世春投资管理有限公司公司地址：北京市朝阳区工人体育场东路甲2号中国红街大厦1号楼7层 公司主页：http://www.wscinvest.com/index.html联 系 人：范女士电    话：85871700-682                                                          查看职位地图') ;
COMMIT;
INSERT INTO "User" ("Name","UserType","CreatedDatetime","UpdatedDatetime","Enabled")
                              VALUES ('597931327250068.htm',4,clock_timestamp(),clock_timestamp(),'t') ;
INSERT INTO "ZhilianUser" ("UserId","NickName","Type","Sex","City" ) VALUES(currval('"hero_reduce"."user_id_seq"'),'597931327250068.htm',0,'null','北京-朝阳区') ; INSERT INTO "JobPosition" ("UserId","Name","Address","Title","Salary","Description")
                          VALUES(currval('"hero_reduce"."user_id_seq"'),'597931327250068.htm','北京-朝阳区','证券分析/金融研究','','岗位职责： 1. 负责基金方案和金融产品投资方案制定，不断设计和推出新的基金产品 2. 起草发起设立基金相关的全部文件，包括发起人协议、招募说明书、基金合伙协议和管理办法等 3. 组织基金的发起和募集工作，制定基金募集计划和路演方案 4. 通过各种渠道与潜在的投资人进行沟通，持续地进行扩大资金的募集规模 5. 对基金的资金进行管理，协助财务部执行资金划拨 任职要求：1. 金融、经济管理等相关专业本科或以上学历，年龄35岁以下，有出色的文案编撰能力； 2. 有3年以上相关投资、融资工作经验，从事银行、证券等金融相关工作优先考虑； 3. 在产业界、金融投资界拥有深厚的人脉关系，有丰富的资源，具备较强业务开拓能力； 4. 熟识资本市场运作形势，对国内、外金融行业发展有较深入理解，熟悉股权投资基金募集过程及相关法律法规，有操作相应项目的成功案例优先。                                                                           职位联系方式                                                       公司名称：北京汇享国际健康科技发展有限公司 公司地址：北京市朝阳区东大桥路8号尚都国际中心  传真： 公司主页：www.huixiangguoji.com                                                          查看职位地图') ;
COMMIT;
INSERT INTO "User" ("Name","UserType","CreatedDatetime","UpdatedDatetime","Enabled")
                              VALUES ('553909420261192.htm',4,clock_timestamp(),clock_timestamp(),'t') ;
INSERT INTO "ZhilianUser" ("UserId","NickName","Type","Sex","City" ) VALUES(currval('"hero_reduce"."user_id_seq"'),'553909420261192.htm',0,'null','北京-朝阳区') ; INSERT INTO "JobPosition" ("UserId","Name","Address","Title","Salary","Description")
                          VALUES(currval('"hero_reduce"."user_id_seq"'),'553909420261192.htm','北京-朝阳区','证券分析/金融研究','10001-15000','岗位职责：一、初级交易员： 1.接受免费统一的专业学习培训和模拟训练。 2.成绩优秀的交易员将逐步晋升为中级、高级交易员。3.认同公司的发展理念， 愿意与公司共同拓展业务。4.具有很强的工作责任心和团队合作精神。岗位待遇：5500 底薪 + 提成20% + 节假日福利 + 年终奖 二、中级交易员： 1.可承受较大心里压力，有很强的自我调控能力，纪律严格。 2.对公司资高度负责，严格执行安全控制。 3.以持续稳定盈利为最高目标，成为业内精英人才。4.热衷于金融行业的有经验人士，有意与国际经济及货币交易的最新理念保持一致水准，并关注全球外汇实时走势。5.敢于迎接挑战，能独立承受压力、完成公司交赋的工作任务。 6.有很强的分析能力，擅长并酷爱交易工作。 7.具有自信、冷静、理智、果断、坚定、胆识等交易员所要求具备的各项品质。 岗位待遇：10000 底薪 + 提成20% + 节假日福利 + 年终奖 + 五险一金三、高级交易员： 1.负责公司指定客户账户或配资账户的资金运作。 2.具有丰富的市场分析能力，做出每日交易计划，熟练掌握各种分析工具。3.配合培训讲师完成新入公司员工的实盘交易辅导。 4.把握市场机会，及时交易，确保账户达到持续稳定盈利，尽可能的达到利益最大化。 5.专业不限，经济类，理工类专业优先。 6.人品端正，谦虚好学，自信果敢。 7.有很强的数据运算能力及宏观经济数据分析能力。 8.熟悉双边市场，至少三年以上股票交易经验或两年以上双边市场交易经验。 9.公司提供完善的免费提高培训。 岗位待遇：15000 底薪 + 提成20% + 节假日福利 + 年终奖 + 五险一金注： 交易员只操作公司账户，不需外出寻找客户！ 业绩考核：1.是否依照计划目标将任务完成，使其质量达到要求的标准； 2.任务完成的过程或结果是否正确，是否达到标准的要求。 能力考核 1.业务所需要的业务知识、相关知识的掌握程度； 2.是否熟练掌握本岗位技能； 3.在执行任务时，是否能从容应对出现的变化。 态度考核 1.能自觉地尽职尽责的工作，能自始至终的表现出负责的态度；2.在职权范围内，能进行自我管理，能自主、自立、自信地处理业务。北京巨源时代投资管理有限公司（JUYUAN era Investment Management Co., Ltd.）创立于2010年,作为国内的新锐资本机构，巨源投资坐拥北京CBD核心区，公司团队由来自海外或有多年金融投资经验的专业精英组成，巨源投资立志缔造企业品牌价值，以客户服务为主导。为员工、客户及投资者创富增值。公司诚邀您加入我们的团队，创造财富不是梦想。考核内容：初级交易员连续稳定盈利3个月晋升中级交易员 中级交易员连续稳定盈利3个月晋升高级交易                                                                           职位联系方式                                                       公司名称：北京巨源时代投资管理有限公司 公司地址：北京市朝阳区国贸建外soho东区B座806 张经理 ：18611860837') ;
COMMIT;
INSERT INTO "User" ("Name","UserType","CreatedDatetime","UpdatedDatetime","Enabled")
                              VALUES ('135038057250568.htm',4,clock_timestamp(),clock_timestamp(),'t') ;
INSERT INTO "ZhilianUser" ("UserId","NickName","Type","Sex","City" ) VALUES(currval('"hero_reduce"."user_id_seq"'),'135038057250568.htm',0,'null','北京-朝阳区') ; INSERT INTO "JobPosition" ("UserId","Name","Address","Title","Salary","Description")
                          VALUES(currval('"hero_reduce"."user_id_seq"'),'135038057250568.htm','北京-朝阳区','股票/期货操盘手','6001-8000','股神巴菲特这样说过：一生能够积累多少财富，不取决于你能够赚多少钱，而取决于你如何投资理财，钱找人胜过人找钱，要懂得钱为你工作，而不是你为钱工作。 什么是交易员：  交易员是个新词，它是随着股市的开启而走进中国人生活的。它的诞生标志着中国经济的变化。 建仓，吸筹，拔高，回档，出货，清仓———是一个交易员的日常工作。 交易——游走在投资与投机之间，徜徉于现实与理想之巅，融汇于艺术与技术之湾，它是人类社会对于资金和心理博弈的最直接体现，完美的展现了灵长类之魂创造与行动的宣言，是你实现人生理想的最后一环。 你是否对交易存在浓厚兴趣呢？是否苦于徘徊在交易之河的彼岸而寻不见前路呢？现在机会来到了你的面前 -- 北京融控资本管理有限公司愿意提供免费的培训，带你横越财务自由的天堑，来到人生梦想的顶端。我们有专业的交易团队手把手带你走进交易市场。希望对金融行业有兴趣的你积极与我们电话或邮件联系，了解公司情况，招聘情况及与工作有关的相关问题。 注   无需交易员外出寻找客户，只需操作公司账户即可   交易员的3个特质 1.要有一点精神。人如果没有一股劲，一股气，就什么事情也做不成。在期货投资上就得有一种愚公精神，傻子精神。所谓愚公精神，就是一种不达目的不罢休，自信能成功，不惟书本、不惟专家，只惟实际的精神。所谓傻子精神，就是我不吃亏谁吃亏，我不下地狱谁下地狱的精神。从不斤斤计较，因小失大。傻子精神还体现在对规矩对原则的坚持上，只见义不惟利，不患得患失。傻子精神，就是一种勇往直前的拼劲，对认准的事，绝不犹犹豫豫、畏首畏尾，言必行、行必果的敢担当精神。敢不敢下决断是失败的投资人和优秀交易员的分水岭。  2.要讲一点方法。学贵得法，有勇还须得有谋。金融投资不是蛮干，关键要反思、要总结、要学习。人们来期货市场投资，目的是赚钱。为了赚钱，就得思考为什么会赔钱？什么情况下赔小钱？什么情况下赔大钱？什么情况下反复赔钱？如果能把这些问题琢磨透了，就一定能够找到期货市场中最基本、最核心的不赔钱规律。也只有不赔钱了，赚钱才能成为惟一的选项。从本质上讲，优秀交易员的过人之处表现在稳健和谨慎上。  3.炼金术就是炼心术。世上无难事，只怕有心人。对一个优秀交易员来说，如何控制“心”的能力，其重要性远远超过如何运用“脑”的能力。如果交易员被期价的大幅波动所影响，不由自主地产生一种不按计划操作的冲动，让价格牵着鼻子走。优秀的交易员是该买就买，不该买绝不买，该买多少就买多少，赚了不过喜，赔了不过悲，赚得明白，赔得清楚，心平气和，处之泰然。  对于没有交易经验，却对金融衍生品操作职位有兴趣者，公司愿意提供免费的培训，有专业的交易团队手把手带你走进交易市场，我们的培训交易团队有绝对的信心让你在培训期后，有自己的交易系统与理论，让你找到自己在交易市场的立足点。成为我公司的优秀交易员。 初级交易员职位要求(可实习） 1、负责公司指定客户账户或配资账户的资金运作。 2、把握市场机会，及时交易，使账户达到稳定盈利。 3、专业不限，金融专业优先。 4、人品端正，谦虚好学，自信果敢。 5、对金融市场有浓厚的兴趣，有股票、期货等投资经验者优先。 6、公司提供完善免费的交易培训。 工资待遇：5000 底薪 + 提成20%--40% + 培训补助 + 年终奖 月薪可达7000元以上  中级交易员职位要求 1、有强烈的以交易为生，希望成为交易高手的意愿。 2、可承受较大心理压力，有很强的自我调控能力，纪律严格。 3、对公司资高度负责，严格执行安全控制。 4、以稳定盈利为最高目标。 工资待遇：10000 底薪 + 提成20%--40% + 培训补助 + 五险一金 + 年终奖 月薪可达到12000-15000元。 高级交易员职位要求 1、负责公司指定客户账户或配资账户的资金运作。 2、分析行情，做出每日交易计划。 3、配合培训讲师完成新入司员工的实盘交易辅导。 4、把握市场机会，及时交易，确保账户达到稳定盈利，尽可能的达到利益最大化。 5、专业不限，经济类、理工类专业优先。 6、人品端正，谦虚好学，自信果敢。 7、有很强的数据运算能力及宏观经济数据分析能力。 8、熟悉双边市场，至少三年以上股票交易经验或一年以上双边市场交易经验。 9、公司提供完善的交易培训.。 工资待遇：15000底薪 + 提成20%--40% + 培训补助 + 五险一金 + 年终奖 月薪可达到2-3万元。  没有经验渴望成为精英一族的  任职要求： 1、热爱金融行业，有强烈的意愿进入金融投资领域，渴望成为金融职场中的精英一族。 2、具有良好的自我学习能力与团队合作精神。 3、具有良好的职业操守，有强烈的责任感。 4、敢于挑战自我，勇于凭自己的努力和本领获得高收益。 享受待遇： 1、 接受免费统一的学习培训和模拟训练。 2、 成绩优秀的操盘手将逐步晋升为中级、高级交易员。 3、 级别越高，机会越多，收入越高。 (本职位无工作时间，地点限制，能做网上交易即可，可在家操作）                                                                            职位联系方式                                                       人事经理：陈经理公司网址：http://www.bj-lyjt.com 联系电话：010-57349909  15811512051公司地址：北京市朝阳区时间国际大厦A座2601室公司名称：深圳市龙阳商务咨询有限公司北京第一分公司 各求职者请注意可把简历发至公司                                                          查看职位地图') ;
COMMIT;
INSERT INTO "User" ("Name","UserType","CreatedDatetime","UpdatedDatetime","Enabled")
                              VALUES ('135038057250569.htm',4,clock_timestamp(),clock_timestamp(),'t') ;
INSERT INTO "ZhilianUser" ("UserId","NickName","Type","Sex","City" ) VALUES(currval('"hero_reduce"."user_id_seq"'),'135038057250569.htm',0,'null','北京-朝阳区') ; INSERT INTO "JobPosition" ("UserId","Name","Address","Title","Salary","Description")
                          VALUES(currval('"hero_reduce"."user_id_seq"'),'135038057250569.htm','北京-朝阳区','证券分析/金融研究','6001-8000','致求职者的话： 首先要恭喜您在打开此页面的同时，您内心的睿智选择已经引领您向金融领域中的高收入职业迈出了幸运并且前景无限的第一步。如果您有意加入到我们操盘手的交易团队当中，公司的交易团队和讲师会引导您坚实而踏实的走好日后职业发展的每一步。请您在相信您自己内心选择的基础上相信公司的团队，认真努力的和我们一路走下去，未来三到五年内在北京相对中心的位置拥有一套属于自己的安身立命之所，绝不是太难的事情。相信您自己的选择，更要相信您自身的能力，加入到我们阳光的交易团队当中，为您今后梦想与人生的启航做好坚实的经济铺垫。   乔治.索罗斯说：“你可以生于贫穷，但绝不能死于贫穷”祝贺所有关心金融市场的投资者，因为你们拥有一个不同于过去的投资时代！   工作内容1.接受公司培训（带薪）。（有经验者可不接受培训，详情面谈。）2.部分初级交易员需要参加交易员晋级培训。每月一次。3.高执行力：关注每次交易系统给出的进场，出场信号，并按照信号指示进行建仓，平仓操作。（交易系统会在培训期间给予指导。）4、严格执行公司各项制度，，并定期整理交易数据，向上级领导账户分析结果；5、按照部门主管的要求进行技术和基本面规律的分析，进行数据的搜集或整理；6、配合其他部门有关工作；7、遵守公司的各项管理制度，承办领导交办的其他工作。素质要求：1、大专以上学历,金融专业优先，培训期间有大量的空余时间；2、热爱交易、对金融经济知识感兴趣；3、有很强的执行力，自制力强；日常生活有规律、有计划；4、有较强的学习能力，新知识的接受能力；5、抗压能力；6、耐心细致，有责任心，具有保密意识；7、对于基础薄弱或者无经验者有专业的入职培训。8、公司提供良好的晋升机制：薪资待遇： 初级薪资待遇：5000底薪 +  提成20%--40%  +  五险一金 + 节假日福利 + 季度奖  月薪可达7000元以上中级薪资待遇：10000底薪 + 提成20%--40% +  五险一金 +  节假日福利 + 季度奖   月薪可达15000元以上高级薪资待遇：15000底薪 + 提成20%--40% +  五险一金 +  节假日福利 + 季度奖   月薪达2-3万元以上 职位要求：年龄：20岁-50岁之间。学历：大专以上（包括大专），有交易经验者面谈。其它素质： 1.对于金融行业有极高的兴趣。2.性格沉稳，情绪不易产生较大波动。3.有极强的时间观念。（交易员的工作性质对于时间和空间上没有要求，相对自由，需要自我约束。）4.对资金流动有较强的驾驭能力。5.能够尽量客观的看待事物的发展。 面试要求： 不提供视频或者电话面试，只能到北京参加一对一面试，无复试，无笔试，不能来北京者请勿投递，面试通过后培训可做延期。实习员工： 前期培训期视为实习，实习期满可成为公司正式员工，可开实习证明，培训期为连续十个工作日，周末双休，每日培训时间：早晨9:30至下午3:30。公司在培训期提供每日餐补及路费补助，并在第一个月的薪资里统一发放。其他福利：五险一金 季度奖+年终奖  带薪免费旅游   公司对于没有交易经验，却对金融衍生品操作有兴趣者，提供正规统一的免费培训。有专业的交易团队手把手带你走进交易市场。我们的交易团队有绝对的信心让你在培训期后，有属于自己的交易系统与理念，让你找到自己在交易市场的立足点。成为我公司的优秀员工，对于成绩优秀学员公司提供交易账户帮助学员完成自我晋升。希望对金融行业有兴趣的应聘者积极与我们联系，了解公司情况，招聘情况及与工作相关的问题。公司承诺将对每位学员认真负责，最大限度发掘每一位学员的交易潜力。      联系电话：010-57349909  15811512051公司地址：北京市朝阳区时间国际大厦A座2601室公司名称：深圳市龙阳商务咨询有限公司北京第一分公司                                                                           职位联系方式                                                        人事经理：陈经理公司网址：http://www.bj-lyjt.com 联系电话：010-57349909  13366412049公司地址：北京市朝阳区时间国际大厦A座2601室公司名称：深圳市龙阳商务咨询有限公司北京第一分公司  各求职者请注意可把简历发至公司                                                           查看职位地图') ;
COMMIT;
INSERT INTO "User" ("Name","UserType","CreatedDatetime","UpdatedDatetime","Enabled")
                              VALUES ('635949521253561.htm',4,clock_timestamp(),clock_timestamp(),'t') ;
INSERT INTO "ZhilianUser" ("UserId","NickName","Type","Sex","City" ) VALUES(currval('"hero_reduce"."user_id_seq"'),'635949521253561.htm',0,'null','北京-东城区') ; INSERT INTO "JobPosition" ("UserId","Name","Address","Title","Salary","Description")
                          VALUES(currval('"hero_reduce"."user_id_seq"'),'635949521253561.htm','北京-东城区','证券分析/金融研究','8001-10000','致求职者的话：     首先要恭喜您在打开此页面的同时，您内心的睿智选择已经引领您向金融领域中的高收入职业迈出了幸运并且前景无限的第一步。如果您有意加入到我们操盘手的交易团队当中，公司的交易团队和讲师会引导您坚实而踏实的走好日后职业发展的每一步。请您在相信您自己内心选择的基础上相信公司的团队，认真努力的和我们一路走下去，未来三到五年内在北京相对中心的位置拥有一套属于自己的安身立命之所，绝不是太难的事情。相信您自己的选择，更要相信您自身的能力，加入到我们阳光的交易团队当中，为您今后梦想与人生的启航做好坚实的经济铺垫。     对于做过相关相关金融产品交易的同行，公司的团队愿意与您分享我们操盘的理念和交易的方法。如果您之前能做出稳定的盈利，通过您到公司来与咱们的老师交流，一方面可以提高您稳定盈利的能力，另一方面也可以开拓您做交易的理念以及对市场的看法；如果您之前做出的盈利不够稳定或者稍有亏损，公司的老师也会为您分析原因，找出问题所在的同时也会教给您一些新的交易方法，让您可以做出更好的盈利。     对于没有交易经验，却对金融衍生品操作职位有兴趣者，公司愿意提供免费的培训，有专业的交易团队手把手带您走进交易市场。我们的培训交易团队有绝对的信心让您在培训期后，有自己的交易系统与理论，让您找到自己在交易市场的立足点，成为我公司的优秀交易员。 希望对金融行业有兴趣的应聘者积极与我们的HR联系，了解公司情况，招聘情况及与工作有关的相关问题。 薪资待遇: 初级操盘手：底薪5000 + 20%-50%提成 + 奖金 + 节假日双休 + 交补、餐补、住房补助+ 年终奖；  中级操盘手：底薪12000 +  20%-50%提成  + 奖金 + 节假日双休 + 交补、餐补、住房补助+ 年终奖 + 五险一金；  高级操盘手：底薪18000 +  20%-50%提成 + 奖金 + 节假日双休 + 交补、餐补、住房补助+ 年终奖 +五险一金；   初级操盘手: 1.接受免费统一的学习培训和模拟训练。（带薪培训，有经验者可不接受培训，详情面谈） 2.有较强的学习能力、分析能力、风险控制能力。 3.年龄20至50之间,大专以上学历,有经验者优先 4.成绩优秀的操盘手将逐步晋升为中级、高级操盘手。 5.级别越高,机会越多,收入越高。 6.爱岗敬业,诚实负责者优先录用。  中级操盘手: 1.有强烈的以交易为生,希望成为交易高手的意愿; 2.可承受较大心里压力,有很强的自我调控能力,纪律严格; 3.对公司资高度负责,严格执行安全控制; 4.以稳定盈利为最高目标。 5.热衷于金融行业的有经验人士,有意与国际经济及货币交易的最新理念保持一致水准,并关注全球外汇实时走势。 6.敢于迎接挑战、能独立承受压力、完成公司交赋的工作任务。 7.有很强的分析能力,擅长并酷爱操盘工作。 8.具有自信、冷静、理智、果断、坚定、胆识等操盘手所要求具备的各项品质。  高级操盘手: 1.负责公司指定客户账户或配资账户的资金运作。 2.分析行情,做出每日交易计划。 3.配合培训讲师完成新入司员工的实盘交易辅导。 4.把握市场机会,及时交易,确保账户达到稳定盈利,尽可能的达到利益最大化。 5.专业不限,经济类、理工类专业优先。 6.人品端正,谦虚好学,自信果敢。 7.有很强的数据运算能力及宏观经济数据分析能力。 8.熟悉双边市场,至少三年以上股票交易经验或一年以上双边市场交易经验。  咨询联系电话：13521572627  QQ:1952103731                                                                           职位联系方式                                                      联系人：刘经理 咨询联系电话：13521572627  QQ:1952103731 公司网址：www.nszb.com.cn    公司地址：北京市朝阳区东三环北路工体20号百富国际大厦A座17H') ;
COMMIT;
INSERT INTO "User" ("Name","UserType","CreatedDatetime","UpdatedDatetime","Enabled")
                              VALUES ('150287814250503.htm',4,clock_timestamp(),clock_timestamp(),'t') ;
INSERT INTO "ZhilianUser" ("UserId","NickName","Type","Sex","City" ) VALUES(currval('"hero_reduce"."user_id_seq"'),'150287814250503.htm',0,'null','北京-朝阳区') ; INSERT INTO "JobPosition" ("UserId","Name","Address","Title","Salary","Description")
                          VALUES(currval('"hero_reduce"."user_id_seq"'),'150287814250503.htm','北京-朝阳区','证券/期货/外汇经纪人','8001-10000','初级交易员：1.接受免费统一的学习培训和模拟训练；2.成绩优秀的操盘手将逐步晋升为中级、高级操盘手；3.级别越高，机会越多，收入越高。4.有较强的学习能力、分析能力、风险控制能力。5.年龄20至50之间，大专以上学历，有经验者优先。6.爱岗敬业，诚实负责者优先录用。   职位待遇：基本工资5000 + 提成20%-30% + 节假日福利 + 年终奖 +五险一金 （月收入大约8000--15000） 中级交易员：1.有强烈的以交易为生，希望成为交易高手的意愿；2.可承受较大心里压力，有很强的自我调控能力，纪律严格；3.对公司资高度负责，严格执行安全控制；4.以稳定盈利为最高目标。5.热衷于金融行业的有经验人士，有意与国际经济及货币交易的最新理念保持一致水准，并关注全球外汇实时走势6.敢于迎接挑战、能独立承受压力、完成公司交赋的工作任务7.有很强的分析能力，擅长并酷爱操盘工作8.具有自信、冷静、理智、果断、坚定、胆识等操盘手所要求具备的各项品质  职位待遇：基本工资10000 + 提成30%-40% + 节假日福利 + 年终奖 +五险一金 （月收入大约15000--30000）高级交易员： 1.负责公司指定客户账户或配资账户的资金运作2.分析行情，做出每日交易计划。3.配合培训讲师完成新入司员工的实盘交易辅导。4.把握市场机会，及时交易，确保账户达到稳定盈利，尽可能的达到利益最大化。5.专业不限，经济类、理工类专业优先。6.人品端正，谦虚好学，自信果敢。7.有很强的数据运算能力及宏观经济数据分析能力。8.熟悉双边市场，至少三年以上股票交易经验或一年以上双边市场交易经验。  职位待遇：基本工资15000 + 提成40%-50% + 节假日福利 + 年终奖 +五险一金 （月收入大约20000--50000）   对于没有交易经验，却对金融衍生品操作职位有兴趣者。公司愿意提供免费的培训。有专业的交易团队手把手带你走进交易市场。我们的培训交易团队有绝对的信心让你在培训期后，有自己的交易系统与理论，让你找到自己在交易市场的立足点。成为我公司的优秀交易员。希望对金融行业有兴趣的应聘者积极与我们的HR联系，了解公司情况，招聘情况及与工作有关的相关问题。  公司地址：北京市朝阳区时间国际A座2601、2609室 乘车路线： 地铁10号线三元桥站D口出（地铁门口有标识牌）或A口出（经过凤凰汇购物商业街左转即是时间国际） 公司网址：http://www.bj-lyjt.com/ 联系人：张经理 联系电话: 18612554442 QQ：770638770      工作内容：1.接受公司培训。（有经验者可不接受培训，详情面谈。）2.部分初级交易员需要参加交易员晋级培训。每月一次。3.盯盘频率：至少每15分钟一次。每日交易时间至少6小时。4.高执行力：关注每次交易系统给出的进场，出场信号，并按照信号指示进行建仓，平仓操作。（交易系统会在培训期间给予指导。）5.交易报告：报告时间，每星期一。交易员需要在每个星期一上交一份交易报告，对上星期的盈利，亏损情况做错总结。如有大额（20%以上）的盈利或亏损，需要与其所在交易团队经理进行面谈。6.亏损总结：总结时间，每星期一次，要与交易报告一同上交。总结内容：对上星期所有亏损的交易作出客观总结。如因交易系统漏洞亏损为正常。如因个人情绪不稳定导致亏损，需要与其所在交易部经理进行面谈。职位要求：年龄：20岁-40岁之间。性别：不限。户籍：不限。学历：大专以上（包括大专），有交易经验者面谈。工作经验：不限。（70%的求职者均会得到面试的机会，面试通过后公司会予安排培训。）其它素质：1.对于金融行业有极高的兴趣。2.性格沉稳，情绪不易产生较大波动。3.有极强的时间观念。（交易员的工作性质对于时间和空间上没有要求，相对自由，需要自我约束。）4.对资金流动有较强的驾驭能力。5.能够尽量客观的看待事物的发展。什么是交易员：交易员———其实是一件非常具有艺术性的工作，它是市场的参与者基于对市场的认知、判断而进行的资金、心理博弈。操盘手中，大多性格沉稳，思维独立富有主见，言语缜密。这种性格很多并不是他们的本性，只不过是因为选择了这一职业的原因。守口如瓶是一个职业操盘手最起码的素质。由于动辄就要操纵上亿元的资金，一直以来，外界总有一种误解：成功的交易员都是那些拥有高学位的名牌大学高材生，交易者必须绞尽脑汁才能获利。其实，操盘绝不是学术研究。 跟一般人想象的不同，操盘手每天的生活既不紧张也不神秘，更多的是需要细心，然后剩下的就是枯燥了，因为操作时整天都要盯着走势图。当然压力也很大，因为委托方不仅要求达到每个项目的利润最大化，还要求做到每个阶段利润的最大化。 交易员是个新词，它是随着股市的开启而走进中国人生活的。它的诞生标志着中国经济的变化。交易员不是炒手，他们是不炒单的，因为主力资金不需要炒单，他们做的是趋势，他们的目的是控制盘面而不是靠微小的点差来积累盈利。从一名普通的期货投资者到一名优秀的交易员任职要求：第一，以此为业，栽过跟头，但仍痴心不改，喜欢交易，屡败屡战。交易员是职业交易员，不是票友。专业和业余不可同日而语。在任何一个行业中要取得成功，喜欢此行业并全身心地投入是必不可少的条件。第二，认错不服输，虚心学习，认真总结反思。这是优秀交易员的特质。有信心但不自高自大，精神自由但又遵守纪律，对市场充满了敬畏之心，随时随地听从市场的召唤，绝不会对市场说三道四，幻想着市场会听从自己的意愿。建仓，吸筹，拔高，回档，出货，清仓———是一个交易员的日常工作。交易员泛指金融证券期货市场中受计划指定买卖品种的人。由于动辄就要操纵上亿元的资金，一直以来，外界总有一种误解：成功的交易员都是那些拥有高学位的名牌大学高材生，交易者必须绞尽脑汁才能获利。其实，交易绝不是学术研究。跟一般人想象的不同，交易员每天的生活既不紧张也不神秘，更多的是需要细心，然后剩下的就是枯燥了，因为操作时整天都要盯着走势图。当然压力也很大，因为委托方不仅要求达到每个项目的成本最小化，还要求做到每个阶段利润的最大化。 交易员的九大要点一、正确认识自己，评估自己现在的实际水平；二、在第一步的基础上制定自己补习的方向和内容；三、寻找自己所缺乏的书本知识和真正有好技术又能教授你的老师；四、连续熟读和记忆这些有用的技巧；五、从行情中印证这些新学的东西，改良书本知识为实战内涵；六、大量地看图形和技术分析指标，把形态，成交量等重要的技术学好；七、大量的模拟和训练，以及大胆预测，把自己对大盘分析和个股做出记录，把理由写清楚；八、总结自己学习和实战成果，并作记录背熟，将之变成理论的依据，总结并写出来，系统化、简单化。九、严格意义上，说操盘手只是一个大项目的具体执行者，而且是一个不折不扣的落实人。在执行过程中不得有任何思想的干扰或影响对该项目的执行。                                                                                职位联系方式                                                       公司地址：北京市朝阳区时间国际A座2601、2609室 乘车路线： 地铁10号线三元桥站D口出（地铁门口有标识牌）或A口出（经过凤凰汇购物商业街左转即是时间国际） 公司网址：http://www.bj-lyjt.com/ 联系人：张经理 联系电话: 18612554442 QQ：770638770                                                           查看职位地图') ;
COMMIT;
INSERT INTO "User" ("Name","UserType","CreatedDatetime","UpdatedDatetime","Enabled")
                              VALUES ('553909420261194.htm',4,clock_timestamp(),clock_timestamp(),'t') ;
INSERT INTO "ZhilianUser" ("UserId","NickName","Type","Sex","City" ) VALUES(currval('"hero_reduce"."user_id_seq"'),'553909420261194.htm',0,'null','北京-朝阳区') ; INSERT INTO "JobPosition" ("UserId","Name","Address","Title","Salary","Description")
                          VALUES(currval('"hero_reduce"."user_id_seq"'),'553909420261194.htm','北京-朝阳区','证券分析/金融研究','8001-10000','乔治.索罗斯说:“你可以生于贫穷,但绝不能死于贫穷”基于其本人当初明智的职业选择，完成了他的财富梦想！也正是因为其1992年对英镑的一笔狙击，获利30多亿美金，一跃成为当年华尔街首富！这就是操盘手创造的财富传奇！其实操盘手的工作很简单！！！一台接入互联网的电脑，一张书桌，一把椅子！设想一下这样的场景：1、 任何时候，当你有想赚钱的想法时；2、 打开电脑，确认互联网接入服务正常；3、 打开交易程序，进入交易平台界面；4、 交易；5、 “捡钱”，放进口袋！怎么样，是不是很简单？没错，赚钱就这么容易！这就是操盘手职业的魅力所在！因公司规模扩大，现招聘培养操盘手：职位要求：热爱金融行业，有财富自由、财务自主的愿望。积极乐观、诚实自信。面试通过者接受免费统一的专业培训和导师一对一的针对指导。薪酬待遇: 初级操盘手：基本工资5500元 + 岗位补贴 + 提成 + 年终奖 中级操盘手：基本工资10000元 + 岗位补贴 + 提成 + 年终奖 + 五险一金 高级操盘手：基本工资15000元 + 岗位补贴 + 提成 + 年终奖 + 五险一金 .职位描述：一、初级操盘手1、无风险操作公司提供的资金帐户2、把握市场机会，及时交易，确保账户达到稳定盈利，尽可能的达到利益最大化。二、中级操盘手1、无风险操作公司提供的资金帐户2、有很强的分析能力，擅长并酷爱交易工作。3、具有丰富的市场分析能力，做出每日交易计划，熟练掌握各种分析工具。4、把握市场机会，及时交易，确保账户达到稳定盈利，尽可能的达到利益最大化。成为业内精英人才.三、高级操盘手1、负责公司指定大资金账户的无风险操作。2、有很强的数据运算能力及宏观经济数据分析能力。 3、交易风格多样化，能承受较强的心理压力，能独立完成大资金账户操作，有稳定盈利交易记 录者优先；4、热衷于金融行业，关注全球金融走势，有交易的最新理念保持一致水准并有较高实操经验人士优先 职位优势: 本职位无工作时间、地点限制,能做网上交易即可，可在家操盘。灵活的晋升体系和广阔的发展空间，可兼职。晋升空间：免费培训—评估—初级操盘手—中级操盘手—高级操盘手—交易经理—交易总监如果您想尝试更回报的行业，体现您的能力，可以投递简历，我们的HR收到您的简历会及时回复联系您。操盘手、交易员的职位可实习，可兼职，工作时间地点随意。不需要外出寻找客户，安心的通过您自主的分析进行交易买卖即可。欢迎有识之士加入公司，共创辉煌。职位联系方式公司名称：北京巨源时代投资管理有限公司公司地址：北京市朝阳区国贸建外soho东区B座806联 系 人： 莫经理  13910170543                                                                           职位联系方式                                                      职位联系方式公司名称：北京巨源时代投资管理有限公司公司地址：北京市朝阳区国贸建外soho东区B座806联 系 人： 莫经理 13910170543') ;
COMMIT;
INSERT INTO "User" ("Name","UserType","CreatedDatetime","UpdatedDatetime","Enabled")
                              VALUES ('615221324264859.htm',4,clock_timestamp(),clock_timestamp(),'t') ;
INSERT INTO "ZhilianUser" ("UserId","NickName","Type","Sex","City" ) VALUES(currval('"hero_reduce"."user_id_seq"'),'615221324264859.htm',0,'null','北京') ; INSERT INTO "JobPosition" ("UserId","Name","Address","Title","Salary","Description")
                          VALUES(currval('"hero_reduce"."user_id_seq"'),'615221324264859.htm','北京','证券总监/部门经理','10001-15000','薪酬待遇: 初级交易员：基本工资5000元+ 岗位补贴 600+ 提成20% + 年终奖 +五险（月收入大约10000--15000)中级交易员：基本工资10000元 + 岗位补贴600 + 提成30% + 年终奖 +五险（月收入大约15000-25000）高级交易员：基本工资15000元 + 岗位补贴600 + 提成50% + 年终奖+五险（月收入大约25000--45000）   培养方式 对于没有交易经验零基础学员，却对金融衍生品操作职位有兴趣者。公司愿意提供免费的培训。有专业的交易团队手把手带你走进交易市场。我们的培训交易团队有绝对的信心让你在培训期后，有自己的交易系统与理论，让你找到自己在交易市场的立足点，为公司和你个人创造更大的利益。   任职要求： 1、中专以上学历,金融专业优先，培训期间有大量的空余时间；2、热爱交易、对金融经济知识感兴趣；3、有很强的执行力，自制力强；日常生活有规律、有计划；4、有较强的学习能力，新知识的接受能力；5、抗压能力；6、耐心细致，有责任心，具有保密意识；7、对于基础薄弱或者无经验者有专业的入职培训；8、公司提供良好的晋升机制； 9.年龄在20--68周岁均可；  ​ 职位描述： 一、初级操盘手 1、无风险操作公司提供的资金帐户 2、把握市场机会，及时交易，确保账户达到稳定盈利，尽可能的达到利益最大化。   二、中级操盘手 1、无风险操作公司提供的资金帐户 2、有很强的分析能力，擅长并酷爱交易工作。 3、具有丰富的市场分析能力，做出每日交易计划，熟练掌握各种分析工具。 4、把握市场机会，及时交易，确保账户达到稳定盈利，尽可能的达到利益最大化。成为业内精英人才。   三、高级操盘手 1、负责公司指定大资金账户的无风险操作。 2、有很强的数据运算能力及宏观经济数据分析能力。  3、交易风格多样化，能承受较强的心理压力，能独立完成大资金账户操作，有稳定盈利交易记录者优先； 4、热衷于金融行业，关注全球金融走势，有交易的最新理念保持一致水准并有较高实操经验人士优先   职位优势:  本职位无工作时间、地点限制,能做网上交易即可，可在家操盘。灵活的晋升体系和广阔的发展空间，可兼职。   联系电话：15810986897 联系  人：毛经理 咨询 qq: 349719370                                                                              职位联系方式                                                       公司名称：北京盛业永信资产管理有限公司   公司地址：北京市朝阳区朝外大街乙6号朝外SOHOA座2502室    联系人：毛经理   联系电话：15810986897   咨询QQ：349719370（注明应聘咨询）') ;
COMMIT;
INSERT INTO "User" ("Name","UserType","CreatedDatetime","UpdatedDatetime","Enabled")
                              VALUES ('615221324264861.htm',4,clock_timestamp(),clock_timestamp(),'t') ;
INSERT INTO "ZhilianUser" ("UserId","NickName","Type","Sex","City" ) VALUES(currval('"hero_reduce"."user_id_seq"'),'615221324264861.htm',0,'null','北京') ; INSERT INTO "JobPosition" ("UserId","Name","Address","Title","Salary","Description")
                          VALUES(currval('"hero_reduce"."user_id_seq"'),'615221324264861.htm','北京','证券分析/金融研究','8001-10000','薪酬待遇: 初级交易员：基本工资5000元+ 岗位补贴 600+ 提成20% + 年终奖 +五险（月收入大约10000--15000)中级交易员：基本工资10000元 + 岗位补贴600 + 提成30% + 年终奖 +五险（月收入大约15000-25000）高级交易员：基本工资15000元 + 岗位补贴600 + 提成50% + 年终奖+五险（月收入大约25000--45000）   培养方式 对于没有交易经验零基础学员，却对金融衍生品操作职位有兴趣者。公司愿意提供免费的培训。有专业的交易团队手把手带你走进交易市场。我们的培训交易团队有绝对的信心让你在培训期后，有自己的交易系统与理论，让你找到自己在交易市场的立足点，为公司和你个人创造更大的利益。   任职要求： 1、中专以上学历,金融专业优先，培训期间有大量的空余时间；2、热爱交易、对金融经济知识感兴趣；3、有很强的执行力，自制力强；日常生活有规律、有计划；4、有较强的学习能力，新知识的接受能力；5、抗压能力；6、耐心细致，有责任心，具有保密意识；7、对于基础薄弱或者无经验者有专业的入职培训。8、公司提供良好的晋升机制； 9.年龄在20--68周岁均可；  ​ 职位描述： 一、初级操盘手 1、无风险操作公司提供的资金帐户 2、把握市场机会，及时交易，确保账户达到稳定盈利，尽可能的达到利益最大化。   二、中级操盘手 1、无风险操作公司提供的资金帐户 2、有很强的分析能力，擅长并酷爱交易工作。 3、具有丰富的市场分析能力，做出每日交易计划，熟练掌握各种分析工具。 4、把握市场机会，及时交易，确保账户达到稳定盈利，尽可能的达到利益最大化。成为业内精英人才。   三、高级操盘手 1、负责公司指定大资金账户的无风险操作。 2、有很强的数据运算能力及宏观经济数据分析能力。  3、交易风格多样化，能承受较强的心理压力，能独立完成大资金账户操作，有稳定盈利交易记录者优先； 4、热衷于金融行业，关注全球金融走势，有交易的最新理念保持一致水准并有较高实操经验人士优先   职位优势:  本职位无工作时间、地点限制,能做网上交易即可，可在家操盘。灵活的晋升体系和广阔的发展空间，可兼职。   联系电话：15810986897 联系  人：毛经理 咨询 qq: 349719370                                                                              职位联系方式                                                       公司名称：北京盛业永信资产管理有限公司   公司地址：北京市朝阳区朝外大街乙6号朝外SOHOA座2502室    联系人：毛经理   联系电话：15810986897   咨询QQ：349719370（注明应聘咨询）') ;
COMMIT;
INSERT INTO "User" ("Name","UserType","CreatedDatetime","UpdatedDatetime","Enabled")
                              VALUES ('135038057250570.htm',4,clock_timestamp(),clock_timestamp(),'t') ;
INSERT INTO "ZhilianUser" ("UserId","NickName","Type","Sex","City" ) VALUES(currval('"hero_reduce"."user_id_seq"'),'135038057250570.htm',0,'null','北京-朝阳区') ; INSERT INTO "JobPosition" ("UserId","Name","Address","Title","Salary","Description")
                          VALUES(currval('"hero_reduce"."user_id_seq"'),'135038057250570.htm','北京-朝阳区','证券分析/金融研究','6001-8000','致求职者的话： 首先要恭喜您在打开此页面的同时，您内心的睿智选择已经引领您向金融领域中的高收入职业迈出了幸运并且前景无限的第一步。如果您有意加入到我们操盘手的交易团队当中，公司的交易团队和讲师会引导您坚实而踏实的走好日后职业发展的每一步。请您在相信您自己内心选择的基础上相信公司的团队，认真努力的和我们一路走下去，未来三到五年内在北京相对中心的位置拥有一套属于自己的安身立命之所，绝不是太难的事情。相信您自己的选择，更要相信您自身的能力，加入到我们阳光的交易团队当中，为您今后梦想与人生的启航做好坚实的经济铺垫。   乔治.索罗斯说：“你可以生于贫穷，但绝不能死于贫穷”祝贺所有关心金融市场的投资者，因为你们拥有一个不同于过去的投资时代！   工作内容1.接受公司培训（带薪）。（有经验者可不接受培训，详情面谈。）2.部分初级交易员需要参加交易员晋级培训。每月一次。3.高执行力：关注每次交易系统给出的进场，出场信号，并按照信号指示进行建仓，平仓操作。（交易系统会在培训期间给予指导。）4、严格执行公司各项制度，，并定期整理交易数据，向上级领导账户分析结果；5、按照部门主管的要求进行技术和基本面规律的分析，进行数据的搜集或整理；6、配合其他部门有关工作；7、遵守公司的各项管理制度，承办领导交办的其他工作。素质要求：1、大专以上学历,金融专业优先，培训期间有大量的空余时间；2、热爱交易、对金融经济知识感兴趣；3、有很强的执行力，自制力强；日常生活有规律、有计划；4、有较强的学习能力，新知识的接受能力；5、抗压能力；6、耐心细致，有责任心，具有保密意识；7、对于基础薄弱或者无经验者有专业的入职培训。8、公司提供良好的晋升机制：薪资待遇： 初级薪资待遇：5000底薪 +  提成20%--40%  +  五险一金 + 节假日福利 + 季度奖  月薪可达7000元以上中级薪资待遇：10000底薪 + 提成20%--40% +  五险一金 +  节假日福利 + 季度奖   月薪可达15000元以上高级薪资待遇：15000底薪 + 提成20%--40% +  五险一金 +  节假日福利 + 季度奖   月薪达2-3万元以上 职位要求：年龄：20岁-50岁之间。学历：大专以上（包括大专），有交易经验者面谈。其它素质： 1.对于金融行业有极高的兴趣。2.性格沉稳，情绪不易产生较大波动。3.有极强的时间观念。（交易员的工作性质对于时间和空间上没有要求，相对自由，需要自我约束。）4.对资金流动有较强的驾驭能力。5.能够尽量客观的看待事物的发展。 面试要求： 不提供视频或者电话面试，只能到北京参加一对一面试，无复试，无笔试，不能来北京者请勿投递，面试通过后培训可做延期。实习员工： 前期培训期视为实习，实习期满可成为公司正式员工，可开实习证明，培训期为连续十个工作日，周末双休，每日培训时间：早晨9:30至下午3:30。公司在培训期提供每日餐补及路费补助，并在第一个月的薪资里统一发放。其他福利：五险一金 季度奖+年终奖  带薪免费旅游   公司对于没有交易经验，却对金融衍生品操作有兴趣者，提供正规统一的免费培训。有专业的交易团队手把手带你走进交易市场。我们的交易团队有绝对的信心让你在培训期后，有属于自己的交易系统与理念，让你找到自己在交易市场的立足点。成为我公司的优秀员工，对于成绩优秀学员公司提供交易账户帮助学员完成自我晋升。希望对金融行业有兴趣的应聘者积极与我们联系，了解公司情况，招聘情况及与工作相关的问题。公司承诺将对每位学员认真负责，最大限度发掘每一位学员的交易潜力。      联系电话：010-57349909  15811512051公司地址：北京市朝阳区时间国际大厦A座2601室公司名称：深圳市龙阳商务咨询有限公司北京第一分公司                                                                           职位联系方式                                                        人事经理：陈经理公司网址：http://www.bj-lyjt.com 联系电话：010-57349909  13366412049公司地址：北京市朝阳区时间国际大厦A座2601室公司名称：深圳市龙阳商务咨询有限公司北京第一分公司  各求职者请注意可把简历发至公司                                                           查看职位地图') ;
COMMIT;
INSERT INTO "User" ("Name","UserType","CreatedDatetime","UpdatedDatetime","Enabled")
                              VALUES ('253304317252140.htm',4,clock_timestamp(),clock_timestamp(),'t') ;
INSERT INTO "ZhilianUser" ("UserId","NickName","Type","Sex","City" ) VALUES(currval('"hero_reduce"."user_id_seq"'),'253304317252140.htm',0,'null','北京-朝阳区') ; INSERT INTO "JobPosition" ("UserId","Name","Address","Title","Salary","Description")
                          VALUES(currval('"hero_reduce"."user_id_seq"'),'253304317252140.htm','北京-朝阳区','证券分析/金融研究','6001-8000','高端理财专员，亦称金融理财规划师（或理财顾问）是为客户进行理财规划的专业人员，是客户的“私人理财顾问”，是客户的“理财经纪人”。高端理财专员应以客户的利益为出发点，帮助客户进行产品选择，产品组合和资产配置，达到帮客户“赚钱”和回避风险的目的。高端理财专员需要具备丰富的金融理财实践经验，具备投资理财实际操作能力，必须在为客户理财的过程中，为客户创造价值，也就是必须具备帮助客户“赚钱”的能力。高端理财专员不仅要具备一定金融或财务相关专业知识，还要具备极强的与人沟通能力，不断的学习能力，开拓能力、市场营销能力等等，所以此职业极具挑战性，需要复合型人才。高端理财专员属于顾问型销售职业，是站在金字塔尖的一群销售人员。他们备受尊重，收入甚高，因为他们以”顾问”的身份出现，遵循以客户需求为导向的顾问式行销服务，根据客户的需求，提供个性化理财策划方案。他们拥有客户的尊重，对手的尊重，自由的时间，快乐的心境。【工作职责】 1、服务于公司VIP客户及京城高价值个人客户，为高价值个人客户提供全方面金融理财服务； 2、通过与客户沟通，了解客户在家庭财务方面存在的问题以及理财方面的需求； 3、根据客户的资产规模、生活目标、预期收益目标和风险承受能力进行需求分析，出具专业的理财计划方案，推荐合适的理财产品； 4、通过调整存款、股票、债券、基金、保险等各种金融产品的理财产品比重达到资产的合理配置，使客户的资产在安全、稳健的基础上保值升值； 5、协助客户开立帐户及一系列后期服务； 6、定期与客户联系，报告理财产品的收益情况，向客户介绍新的金融服务、理财产品及金融市场动向，维护良好的信任关系。【职位要求】1、24岁以上，本科以上学历（海归优先）,专业不限 受过市场营销、产品知识等方面的培训。 2、具有极强的中高端客户市场开拓能力以及良好的客户沟通能力，关系管理能力及优秀的谈判技巧；3、有地区销售网络和销售关系。4、坦诚自信，乐观进取，高度的工作热情； 5、有良好的团队合作精神，有敬业精神； 6、具有独立的分析和解决问题的能力； 7、良好的沟通技巧和说服能力，能承受较大的工作压力。 薪酬： 上不封顶有竞争力的国际惯例薪酬待遇及晋升机制，成长空间巨大，是我们的绝对优势。 (薪酬：底薪 + 产品佣金 + 津贴补助 + 季度奖 + 年终奖 + 公司各项福利 + 商业保险)【优势】 1、 公司提供完善优厚有竞争力的薪酬福利，多元化的收入来源(多达三十项)，上不封顶。目前我公司理财人员年薪普遍在10万至30万，高级金融理财师和营销主管年薪已达到100万以上！ 2、一经录用，公司提供高端客户资源，并配备专职理财助理负责联系约访客户，提供终身免费理财培训平台，享受国际惯例公平竞争晋升机遇！3、专业培训：中国平安引进国际领先的理财顾问教育课程（PAPPM）平安金融学院所设立的各种课程让平安理财顾问的到全方位的提升，造就新一代的金融理财师。4、福利保障：考虑到人才发展的长远性，本理财顾问创业计划在福利保障方面为您想到更多，基本医疗、意外保险、养老公积金，长期服务奖等使员工能够发展于平安，留存于平安。【金融理财行业简介】： 　　在美国，一个成功的人背后一定要站有三个人：私人医生、律师和理财规划师。医生用来保命，律师用来规范行为和保护个人权力，理财规划师用来打理自己的资产，这三人缺一不可，这三个职位都属于高收入职位，而理财规划师的收入又高于私人医生和律师，因此，理财规划师在全世界被称谓“第一职位”。 理财行业在金融产业中就像一个接线板，它一头连接着客户，一头则连接着各种金融机构和金融产品。它起着一个桥梁纽带的作用。然而在现实工作中，由于我国金融理财业才刚刚起步，各项环节还没有完全理顺，导致理财顾问在工作中至少还面临产品、渠道、服务三方面的挑战。现在银行、证券公司、基金公司和各家保险公司都叫理财，都在招募理财规划师或理财顾问，但因各公司涉及产品的单一性，不能实现真正意义上的理财，因为证券公司、基金公司只能为客户提供股票和基金产品，关注的是客户资产的投资升值部分，应该叫投资顾问；而银行的功能是储蓄，或代售基金代售银行保险，应该叫客户经理；而各家保险公司也只能卖人寿保单，关注的是客户家庭风险规划，应该叫风险规划师更适合一些。                                                                           职位联系方式                                                      公司地址： 北京市朝阳区新源里南路1-3号：平安国际金融中心B座五层505室（东三环燕莎桥西昆仑饭店对面）联系人：刘女士 010-52897833  15201387707因应聘人员较多，请直接通过智联投递简历或者发送个人简历至公司，我公司收到您的简历后会尽快阅评，如符合我公司用人条件，我们采用邮件、短信、电话形式通知您面试时间，请注意查收邮件，并按通知时间着正装带简历、学历复印件准时参加面试') ;
COMMIT;
INSERT INTO "User" ("Name","UserType","CreatedDatetime","UpdatedDatetime","Enabled")
                              VALUES ('157093012250291.htm',4,clock_timestamp(),clock_timestamp(),'t') ;
INSERT INTO "ZhilianUser" ("UserId","NickName","Type","Sex","City" ) VALUES(currval('"hero_reduce"."user_id_seq"'),'157093012250291.htm',0,'null','北京') ; INSERT INTO "JobPosition" ("UserId","Name","Address","Title","Salary","Description")
                          VALUES(currval('"hero_reduce"."user_id_seq"'),'157093012250291.htm','北京','证券分析/金融研究','','岗位职责：1、跟踪、研究宏观经济、货币政策和债券市场变化，采集并整理分析市场数据，形成市场分析报告并提出投资建议，为投资经理提供决策支持；2、协助固定收益投资经理对公司持仓数据整理和研究，配合完成年度和月度资产配置计划中的固定收益配置策略；3、研究具体固定收益投资品种，形成研究报告并提出投资建议，为投资经理提供决策支持；4、对创新的投资品种和投资业务进行研究，形成研究报告；5、不定期进行专题研究，形成专题报告；6、与各类投资品种发行机构保持联系和沟通，了解各类产品的发行动态；7、完成领导布置的其他任务。任职要求：1、全日制硕士研究生及以上学历，经济、金融、数学、财会及数量经济学等相关专业；2、有一年以上相关岗位工作经验；3、熟悉债券市场及固定收益类产品定价的常用方法，数理分析功底扎实，具备较强的数据分析能力，能够熟练运用各种分析工具和资讯软件；4、具备扎实的专业基础知识及较强的研究能力、信息搜集能力、逻辑思维能力、文字表达能力和沟通能力；5、人品端正，敬业、踏实严谨，具有很强的工作责任心和团队合作精神。                                                                           职位联系方式                                                                                                                查看职位地图') ;
COMMIT;
INSERT INTO "User" ("Name","UserType","CreatedDatetime","UpdatedDatetime","Enabled")
                              VALUES ('178806528251781.htm',4,clock_timestamp(),clock_timestamp(),'t') ;
INSERT INTO "ZhilianUser" ("UserId","NickName","Type","Sex","City" ) VALUES(currval('"hero_reduce"."user_id_seq"'),'178806528251781.htm',0,'null','北京') ; INSERT INTO "JobPosition" ("UserId","Name","Address","Title","Salary","Description")
                          VALUES(currval('"hero_reduce"."user_id_seq"'),'178806528251781.htm','北京','证券分析/金融研究','5000-10000','薪酬回报：初级分析师：5000 底薪 + 提成20%+ 节假日福利 + 年终奖 月薪可达8000元以上中级分析师：10000底薪+ 提成30%+五险一金+节假日福利+年终奖  月薪可达15000元以上高级分析师：15000底薪+ 提成40%+五险一金+节假日福利+年终奖 月薪可达20000至30000元以上职位描述:操盘手就是在金融市场做投机，低买高卖赚取金融产品差价。投机一词在中国人眼里是贬义词，及投机倒把或者投机取巧，其实投机词是中性词，真正的含义是利用智慧来赚钱。金融市场的投机是这样的：公众们都认为投机是一种预知未来，去知晓那些无法知晓的游戏。他们错了，其实这是运用成功的投资策略抓住你身边的机会并去实现它的一种游戏。低买高卖这个大家都知道。金融产品包括：股票、期货、黄金、白银、外汇等产品。岗位职责职位描述：1、接受公司培训（带薪）,有经验者可不接受培训，详情面谈。2. 公司出资，为公司的账户进行交易盈利；3、每个月进行交易总结，即时准确汇报公司各项账户信息；4、时刻关注公司账户操作品种的价格变动和相关重要资讯；任职资格：1、热爱交易、对金融经济知识感兴趣；2、有很强的执行力，自制力强；3、有较强的学习能力，新知识的接受能力4、学历：大专以上【包含大专】5、年龄：20岁--40岁之间 6、工作经验： 不限；升至空间：1、清晰明确的晋升空间：初级交易员—中级交易员－高级交易员—交易辅导员—交易经理－交易总监；2、针对高级管理岗位公司采用内部提拔方式，不采用空降或外部招聘等方式，给内部优秀的员工提供了良好的晋升通道。联系方式公司名称：江西亿汇投资有限公司北京投资管理分公司公司地址：北京市朝阳区东三环中路25号住总大厦地铁十号线金台夕照站D口往南100米公司主页：www.bj-yhtz.com联系人：孙经理联系电话：18811003112                                                                           职位联系方式                                                                                                                查看职位地图') ;
COMMIT;
INSERT INTO "User" ("Name","UserType","CreatedDatetime","UpdatedDatetime","Enabled")
                              VALUES ('156150324250013.htm',4,clock_timestamp(),clock_timestamp(),'t') ;
INSERT INTO "ZhilianUser" ("UserId","NickName","Type","Sex","City" ) VALUES(currval('"hero_reduce"."user_id_seq"'),'156150324250013.htm',0,'null','北京-海淀区') ; INSERT INTO "JobPosition" ("UserId","Name","Address","Title","Salary","Description")
                          VALUES(currval('"hero_reduce"."user_id_seq"'),'156150324250013.htm','北京-海淀区','软件研发工程师','','工作内容：1. 负责项目的需求分析、设计工作2. 负责客户端开发、维护任职条件：1. 熟悉软件开发流程和规范；2. 精通Java开发语言及Java开发工具，能独立开发手机客户端应用　　 程序；3. 熟悉Android开发架构和API调用；4. 熟悉HTTP、TCP/IP通讯协议，熟悉多线程编程； 5. 具有良好的沟通能力和能够承受相应的压力。 6.薪资待遇：面议                                                                            职位联系方式                                                      公司名称：来拓自动导游科技（北京）有限公司公司地址：北京市海淀区知春路6号锦秋国际大厦A座1201 传真：82330789公司主页：www.lightour.com                                                          查看职位地图') ;
COMMIT;
INSERT INTO "User" ("Name","UserType","CreatedDatetime","UpdatedDatetime","Enabled")
                              VALUES ('213409112250092.htm',4,clock_timestamp(),clock_timestamp(),'t') ;
INSERT INTO "ZhilianUser" ("UserId","NickName","Type","Sex","City" ) VALUES(currval('"hero_reduce"."user_id_seq"'),'213409112250092.htm',0,'null','北京-昌平区') ; INSERT INTO "JobPosition" ("UserId","Name","Address","Title","Salary","Description")
                          VALUES(currval('"hero_reduce"."user_id_seq"'),'213409112250092.htm','北京-昌平区','高级软件工程师','10001-15000','在这里，你看不到拿着投资人的钱挥金如土的场面，因为钱不会改变一个人，它只会放大一个人原来的样子；在这里，你看不到被梦想要挟下的强行强班，因为你的生活和健康，也是梦想的一部分；在这里，你看不到个人主义，英雄主义或精英主义，因为我们不信奉一将成名万骨圣枯的成功哲学；但你会看到客户泣血成声的动情邮件，你会发现你每分钟的工作都在改变成千上万人的生活，你会把自己的想法融入工作，传递给每一个人。在这里，我们与创造者同创造，与开发者一起改变移动数据服务，在这里，你将会学到如何为1000000用户提供产品设计，开发和运营的经验。体会移动电商，互联网金融，生活服务，以及这些最核心的业务建构过程。在这里，一群平凡的人朝着一个伟大的目标，将走上一段不平凡的人生道路，我们正在寻找才华横溢、怀揣梦想的伙伴，一起远航，追逐梦想。来吧，与我们一道踏上这激动人心的成功之旅。岗位职责： 1、负责设计、开发和测试Android应用程序，包括领域类图和APP技术架构设计；2、负责协助产品经理/项目经理澄清具体技术需求，负责撰写开发相关的技术文档； 3、负责进行单元测试代码的编写；4、负责跟踪手机终端相关技术，设计、实现、维护公司产品平台。 任职资格： 1、3年以上Java开发语言，3年以上Android系统开发，有超过3个上线运行的Android应用； 2、精通Android界面UI布局设计开发，包括多种分辨率，尺寸和栏目动态展现；3、熟练掌握json和xml数据解析，http协议，android系统API调用；了解REST架构风格； 4、深刻理解面向对象的理念和设计模式，对数据结构、基本算法、重构熟练掌握； 5、严谨的逻辑分析能力，代码写作规范，性能良好； 6、良好的团队协作能力；7、熟练使用SVN、GIT、bugTracker等开发配置工具,，能独立阅读英文资料与文档；8、本科以上学历。薪金待遇： 1、正式劳动合同，五险齐备； 2、有竞争力的薪资和发展空间； 3、双休，法定节假，几乎不加班； 4、入职每满一年，调整一次薪金； 5、薪资包括基本工资，补助，绩效工资，项目奖。                                                                             职位联系方式                                                      公司名称：六位时成网络技术(北京)有限公司 公司地址：北京市海淀区知春路甲48号盈都大厦，北京市昌平区天通苑 公司主页：vlor.net') ;
COMMIT;
INSERT INTO "User" ("Name","UserType","CreatedDatetime","UpdatedDatetime","Enabled")
                              VALUES ('633587124250003.htm',4,clock_timestamp(),clock_timestamp(),'t') ;
INSERT INTO "ZhilianUser" ("UserId","NickName","Type","Sex","City" ) VALUES(currval('"hero_reduce"."user_id_seq"'),'633587124250003.htm',0,'null','北京-朝阳区') ; INSERT INTO "JobPosition" ("UserId","Name","Address","Title","Salary","Description")
                          VALUES(currval('"hero_reduce"."user_id_seq"'),'633587124250003.htm','北京-朝阳区','高级软件工程师','','岗位职责：  1、主要负责 Android 开发环境搭建，应用程序的设计、开发工作；  2、基于公司的产品设计需求，进行 Android 版本应用的实现； 3、完成软件开发、验证和和修正测试中发现的问题；  4、根据开发过程中的体验对产品提出改进建议；  5、部分系统的配置与实施工作。   岗位要求：  1、扎实的计算机架构、操作系统基础知识，熟悉Android操作系统；  2、 精通Java，3年以上Java相关编程经验，对面向对象设计开发有深入的理解；  3、至少1年以上 Android 平台开发经验，熟悉Android应用开发框架，能独立开发高性能的Android应用，熟悉Android下网络通信机制、UI、数据库等运行原理；  4、有基于Android SDK的成熟作品，有Android Market上架作品优先；  5、熟悉Eclipse等常用Java开发软件，熟悉XML，Web Service的优先；  6、熟悉Linux，C/C++；  7、 思维活跃, 工作高效, 易于沟通, 具有较好团队的意识。                                                                            职位联系方式                                                      公司名称：北京帕罗奥图科技有限公司公司地址：北京市朝阳区望京soho T2座C区0906联系电话：010-84164796公司主页：http://www.altotech.us/                                                          查看职位地图') ;
COMMIT;
INSERT INTO "User" ("Name","UserType","CreatedDatetime","UpdatedDatetime","Enabled")
                              VALUES ('633587124250015.htm',4,clock_timestamp(),clock_timestamp(),'t') ;
INSERT INTO "ZhilianUser" ("UserId","NickName","Type","Sex","City" ) VALUES(currval('"hero_reduce"."user_id_seq"'),'633587124250015.htm',0,'null','北京-朝阳区') ; INSERT INTO "JobPosition" ("UserId","Name","Address","Title","Salary","Description")
                          VALUES(currval('"hero_reduce"."user_id_seq"'),'633587124250015.htm','北京-朝阳区','高级软件工程师','','岗位职责：1、Android应用软件及后台架构的开发； 2、Android设备端现实增强应用软件的开发；任职要求：1、基础扎实，熟悉常用数据结构与算法；2、二年以上的 Android开发经验,精通JAVA编程；3、熟悉android系统的GPS开发，有地图开发经验优先考虑；4、熟悉android系统的网络开发，至少有过一个移动互联网APP的上线产品。                                                                            职位联系方式                                                                                                                查看职位地图') ;
COMMIT;
INSERT INTO "User" ("Name","UserType","CreatedDatetime","UpdatedDatetime","Enabled")
                              VALUES ('633587124250013.htm',4,clock_timestamp(),clock_timestamp(),'t') ;
INSERT INTO "ZhilianUser" ("UserId","NickName","Type","Sex","City" ) VALUES(currval('"hero_reduce"."user_id_seq"'),'633587124250013.htm',0,'null','北京-朝阳区') ; INSERT INTO "JobPosition" ("UserId","Name","Address","Title","Salary","Description")
                          VALUES(currval('"hero_reduce"."user_id_seq"'),'633587124250013.htm','北京-朝阳区','高级软件工程师','','岗位职责：1、Android应用软件及后台架构的开发； 2、android设备 端同步应用软件的开发； 3、根据项目需要快速学习并掌握新技术；  任职要求：1、基础扎实，熟悉常用数据结构与算法；2、二年以上的 Android开发经验,精通JAVA编程；3、熟悉蓝牙协议，熟悉电话本和短信同步到其他设备的开发设计，有具体的成功案例；4、自学能力强，具备独立解决问题的能力和经验，对移动产品有浓厚兴趣。                                                                           职位联系方式                                                                                                                查看职位地图') ;
COMMIT;
INSERT INTO "User" ("Name","UserType","CreatedDatetime","UpdatedDatetime","Enabled")
                              VALUES ('521773726250535.htm',4,clock_timestamp(),clock_timestamp(),'t') ;
INSERT INTO "ZhilianUser" ("UserId","NickName","Type","Sex","City" ) VALUES(currval('"hero_reduce"."user_id_seq"'),'521773726250535.htm',0,'null','北京-朝阳区') ; INSERT INTO "JobPosition" ("UserId","Name","Address","Title","Salary","Description")
                          VALUES(currval('"hero_reduce"."user_id_seq"'),'521773726250535.htm','北京-朝阳区','手机软件开发工程师','','Android开发工程师工作职责： 1、负责完成Android平台移动应用产品开发； 2、负责根据项目需求编写分析设计文档和代码；2、根据产品提供对应用设计提出合理化建议，完成需求程序设计和开发。职位要求：1、计算机及相关专业，大专以上学历； 2、拥有JAVA应用开发经验，有独立分析和解决问题的能力，熟悉Http协议，多线程开发，尤其在数据结构、算法和设计模式有深入的掌握；3、三年以上Android平台应用程序开发经验，熟悉android平台的应用开发，熟悉平台的相关接口，熟练使用api； 4、有Android Market上架作品或相关作品优先； 5、具备良好的沟通能力和优秀的团队协作能力； 6、思路清晰，善于思考，良好的分析和独立解决问题的能力，逻辑思维能力强，对产品有强烈的责任感，良好的英文资料阅读能力和团队协作意识。                                                                            职位联系方式                                                      公司名称：北京九龙蓝海科技有限公司公司地址：北京市朝阳区朝阳公园19号佳隆国际大厦14层 传真：62669996公司主页：www.3ikids.com；www.ikbtc.com；                                                          查看职位地图') ;
COMMIT;
INSERT INTO "User" ("Name","UserType","CreatedDatetime","UpdatedDatetime","Enabled")
                              VALUES ('257410819251871.htm',4,clock_timestamp(),clock_timestamp(),'t') ;
INSERT INTO "ZhilianUser" ("UserId","NickName","Type","Sex","City" ) VALUES(currval('"hero_reduce"."user_id_seq"'),'257410819251871.htm',0,'null','北京-海淀区') ; INSERT INTO "JobPosition" ("UserId","Name","Address","Title","Salary","Description")
                          VALUES(currval('"hero_reduce"."user_id_seq"'),'257410819251871.htm','北京-海淀区','软件工程师','15001-25000','岗位职责： 1、参与公司内部OMS系统Andriod客户端的需求讨论与功能设计； 2、负责搭建系统开发环境，完成系统框架和核心代码； 3、负责验证和修正测试中发现的问题； 4、学习和研究新技术以满足产品的需求。5、根据开发过程中的体验对产品提出改进建议。   任职要求： 1、计算机、通信、电子等相关专业本科以上学历，两年以上工作经验； 2、具有J2ME或Java开发经验，熟悉Android手机软件架构，精通基于Android SDK的应用程序开发，能独立进行应用程序开发和移植； 3、要求熟悉基本无线协议（如：GSM/GPRS/CDMA和SDL）； 4、喜欢挑战高难度项目，有定位软件开发经验者优先考虑； 5、有较好的学习能力、沟通能力，能承受一定的工作压力； 6、具备良好合作态度及团队精神，并富有工作激情、创新力和责任感；                                                                           职位联系方式                                                       公司名称：图搜天下(北京)科技有限公司 公司地址：总公司：北京市海淀区中关村大街1号海龙大厦11层  传真： 公司主页：www.sosgps.cn                                                          查看职位地图') ;
COMMIT;
INSERT INTO "User" ("Name","UserType","CreatedDatetime","UpdatedDatetime","Enabled")
                              VALUES ('000552673266945.htm',4,clock_timestamp(),clock_timestamp(),'t') ;
INSERT INTO "ZhilianUser" ("UserId","NickName","Type","Sex","City" ) VALUES(currval('"hero_reduce"."user_id_seq"'),'000552673266945.htm',0,'null','北京') ; INSERT INTO "JobPosition" ("UserId","Name","Address","Title","Salary","Description")
                          VALUES(currval('"hero_reduce"."user_id_seq"'),'000552673266945.htm','北京','软件研发工程师','','岗位职责：1、从事Android OTT 机顶盒软件开发工作，对软件架构及开发流程有很好的理解2、参与OTT盒子产品的PRD及原型设计评审，对可行性及方案优化进行评估3、参与Android OTT 机顶盒的系统架构设计，方案制定4、参与或者独立承担核心Android多媒体应用软件开发与维护5、根据软件开发流程，承担编码、文档、测试等相关环节的开发工作任职资格：1、统招本科或以上学历，计算机软件、通讯、电子相关专业2、2年以上Java应用开发经验，熟悉Android平台应用软件开发，有Android 4.0及以上版本开发经验者优先3、具备android复杂动画开发经验4、熟悉TCP/IP通讯技术，熟悉OPENGL ES，熟悉多线程编程5、熟悉媒体播放器框架(如:OpenCore，GStreamer、stagefright等）及插件开发；了解音、视频编/解码优先6、熟悉NDK开发，熟练使用JNI进行Java和C语言的相互调用，有c/c++开发经验优先7、熟悉Android平台UI设计，熟悉应用层开发，有如下方面经验者优先考虑：SmartTV、Social应用、多媒体应用、Launcher开发8、认同“方正”文化，思维条理清晰，主动沟通，积极聆听，良好的团队合作精神和认真负责的工作态度                                                                           职位联系方式                                                          公司名称：方正宽带网络服务股份有限公司  公司地址：北京市海淀区学院南路15号北发大厦B座5层（总部）           北京市海淀区花园桥西三环北路91号国图文化大厦2层（销售中心）           北京市朝阳区十八里店南桥博大路3号京泰自主城1号楼6层（社区运营中心）  公司主页：http://www.founderbn.com/') ;
COMMIT;
INSERT INTO "User" ("Name","UserType","CreatedDatetime","UpdatedDatetime","Enabled")
                              VALUES ('157055117250216.htm',4,clock_timestamp(),clock_timestamp(),'t') ;
INSERT INTO "ZhilianUser" ("UserId","NickName","Type","Sex","City" ) VALUES(currval('"hero_reduce"."user_id_seq"'),'157055117250216.htm',0,'null','北京-朝阳区') ; INSERT INTO "JobPosition" ("UserId","Name","Address","Title","Salary","Description")
                          VALUES(currval('"hero_reduce"."user_id_seq"'),'157055117250216.htm','北京-朝阳区','互联网软件工程师','10001-15000','职位描述：1.负责完成Android软件的设计、实现、测试bug等工作2.参与Android软件产品构思和架构设计3.撰写相关技术文档4.编写相关项目需求文档5.完成领导交给的其他任务任职要求：1、有一年Java，一年Android平台独立开发经验，计算机及相关专业本科及以上学历；2、精通Android开发平台的框架原理，熟悉Android应用开发流程，熟练掌握Android UI/Framework开发技能，能够熟练使用Android SDK；3、熟练掌握数据库，xml，json等数据格式，http协议，socket通讯等常用技术；4、独立开发过完整的Android App产品者优先；5、具备优秀的沟通和协调能力，良好的服务精神及团队合作能力，责任心强；6、熟悉Linux操作系统者优先。                                                                            职位联系方式                                                      公司名称：北京赛维安讯科技发展有限公司公司地址：北京市朝阳区曙光西里甲1号第三置业大厦A座2702 传真：公司主页：www.saiweianxun.com') ;
COMMIT;
INSERT INTO "User" ("Name","UserType","CreatedDatetime","UpdatedDatetime","Enabled")
                              VALUES ('184692522259446.htm',4,clock_timestamp(),clock_timestamp(),'t') ;
INSERT INTO "ZhilianUser" ("UserId","NickName","Type","Sex","City" ) VALUES(currval('"hero_reduce"."user_id_seq"'),'184692522259446.htm',0,'null','北京') ; INSERT INTO "JobPosition" ("UserId","Name","Address","Title","Salary","Description")
                          VALUES(currval('"hero_reduce"."user_id_seq"'),'184692522259446.htm','北京','移动互联网开发','10000-20000','项目组介绍：负责公司移动互联网的在线教育业务，发展空间大。主要职责： 1. 负责公司Android手机客户端软件的技术设计和研发 ；2. 参与客户端产品的架构设计，分析和发现系统的优化点 ；3. 学习和研究新技术以满足产品的新需求 ；4. 指导与培养工程师，提升团队整体技术水平 ；职位要求： 1、本科及以上学历，待遇从优。2. 1~3年以上Android实际开发经验； 3. 熟练Android开发平台、框架原理、Android控件、Android界面和交互开发 ；4. 有良好编码风格，追求代码执行效率 ；5. 熟练掌握Android平台下的代码调试、调优和各机型适配 ；6. 良好的沟通技能，以及团队合作能力，有团队管理能力者优先；                                                                            职位联系方式                                                      公司名称：尚德机构公司地址：北京市朝阳区和平里东土城路12号  怡和阳光大厦1106室 传真：公司主页：http://www.sunlands.com') ;
COMMIT;
INSERT INTO "User" ("Name","UserType","CreatedDatetime","UpdatedDatetime","Enabled")
                              VALUES ('498901520250184.htm',4,clock_timestamp(),clock_timestamp(),'t') ;
INSERT INTO "ZhilianUser" ("UserId","NickName","Type","Sex","City" ) VALUES(currval('"hero_reduce"."user_id_seq"'),'498901520250184.htm',0,'null','北京-大兴区') ; INSERT INTO "JobPosition" ("UserId","Name","Address","Title","Salary","Description")
                          VALUES(currval('"hero_reduce"."user_id_seq"'),'498901520250184.htm','北京-大兴区','高级软件工程师','10001-15000','岗位职责：  1、Android开发完成客户端界面及应用程序设计、开发、发布； 2、负责Android客户端开发流程的控制及优化，项目进度的管理及把控；3、参与公司产品架构设计、方案的制定；4、负责Android平台框架层面的开发维护以及扩展；5、跟进Android的新技术发展，编写设计开发及实现文挡；6、根据产品功能需求设计并完成软件实现。任职资格：1、精通Android开发平台的框架原理，精通java； 2、从事Android客户端相关开发工作3年以上；有一定的管理经验；3、注重代码质量，理解软件架构设计，能灵活运用各种设计模式；4、良好的职业操守，责任心强，对移动产品有浓厚兴趣，有良好的合作精神。                                                                            职位联系方式                                                      公司名称：北京信诺通联科技有限公司公司地址：北京市大兴区亦庄开发区荣华桥南荣华中路荣华国际大厦5号楼12层 传真：公司主页：http://www.sinotl.com                                                          查看职位地图') ;
COMMIT;
INSERT INTO "User" ("Name","UserType","CreatedDatetime","UpdatedDatetime","Enabled")
                              VALUES ('573919728250031.htm',4,clock_timestamp(),clock_timestamp(),'t') ;
INSERT INTO "ZhilianUser" ("UserId","NickName","Type","Sex","City" ) VALUES(currval('"hero_reduce"."user_id_seq"'),'573919728250031.htm',0,'null','北京') ; INSERT INTO "JobPosition" ("UserId","Name","Address","Title","Salary","Description")
                          VALUES(currval('"hero_reduce"."user_id_seq"'),'573919728250031.htm','北京','兼职','','IOS工程师岗位要求： 1、相关专业大专以上学历，一年以上IOS实际开发经验，能够独立完成开发项目； 2、熟悉iOS开发流程、系统架构、熟悉ios开发环境；3、熟练运用XCode，Interface Builder等开发工具；4、精通Objective-C、Mac OS X、Xcdoe，有技术设计和架构能力，掌握ios各种系统控件；5、了解iPhone SDK及相关开发工具6、iOS系统应用已有发布到市场或AppStore、应用项目经验者优先。 工作职责：1、能够独立开发基于IOS平台下的iPhone/iPad移动应用客户端的开发；2、根据产品需求，负责ios APP软件开发；3、完成相关软件的测试工作；4、研发过程中，ios系统问题的分析和解决；5、负责版本的管理与发布；6、根据研发规范和项目流程编写相关的技术文档；7、成熟的完成过应用开发。 android工程师岗位要求：1.大专以上相关专业；2.熟悉android系统架构，具有1年以上的android客户端应用软件开发经验；3.熟练掌握android的framework、网络、多线程、多媒体在客户端软件的应用及开发；4.对linux操作系统有一定的了解，有webview涉及的HTML、javascript、DIV、CSS工作经验更佳；5.对项目管理、软件工程具有一定的了解和认识；6.良好的学习和沟通能力，具有良好的编码习惯，能承受一定的工作压力,具有良好的团队协助精神。7.具有较强的时间管理和耐压能力，能适应客户现场开发以及需求沟通；8、在Android平台上有一年以上开发经验或者成熟的作品可优先考虑。9、熟悉Android Framework,SDK及Android软件架构，Android ndk开发、Android jni结构,具有Android开发调试经验；  二、岗位职责：1、负责android客户端应用软件项目的需求分析、设计、开发、测试以及上线支持等；2、配合其它部门进行android系统和终端的测试；3、进行android客户端应用产品原型开发，进行项目售前的技术支持；4、完成与java相关的开发任务；5、负责Android系统的定制和优化。 有意者，简历发送至cyx@goldsunhk.com或vincent@goldsunhk.com（注明姓名+应聘岗位） 或是通过智联直接投递。联系电话：0591-87865886                                                                            职位联系方式                                                      公司名称：福建宏星电子科技有限公司公司地址：福州市鼓楼区软件大道89号福州软件园A区28号楼五层 传真：0591-87866806公司主页：http://www.grand-star.cn                                                          查看职位地图') ;
COMMIT;
INSERT INTO "User" ("Name","UserType","CreatedDatetime","UpdatedDatetime","Enabled")
                              VALUES ('385020712250508.htm',4,clock_timestamp(),clock_timestamp(),'t') ;
INSERT INTO "ZhilianUser" ("UserId","NickName","Type","Sex","City" ) VALUES(currval('"hero_reduce"."user_id_seq"'),'385020712250508.htm',0,'null','北京-丰台区') ; INSERT INTO "JobPosition" ("UserId","Name","Address","Title","Salary","Description")
                          VALUES(currval('"hero_reduce"."user_id_seq"'),'385020712250508.htm','北京-丰台区','高级软件工程师','','1、扎实的java基础 2、熟悉主要系统控件及自定义控件、事件和手势操作，熟悉针对不同分辨率的应用适配 3、精通Android性能和内存优化，善于解决系统崩溃，内存溢出和兼容性问题，对android的性能优化有深刻的研究 4、熟悉Android下网络通信机制，对Socket通信、TCP/IP和httptps有一定理解和经验 5、能够独立完成项目者，查看过Android源码者优先 6、良好的沟通能力，良好的职业素质和团队合作精神，对工作认真负责。                                                                            职位联系方式                                                       公司名称：北京信诺天下科技有限公司 公司地址：北京市丰台区开阳路1号院瀚海花园大厦二层  传真： 公司主页：                                                          查看职位地图') ;
COMMIT;
INSERT INTO "User" ("Name","UserType","CreatedDatetime","UpdatedDatetime","Enabled")
                              VALUES ('142650358250028.htm',4,clock_timestamp(),clock_timestamp(),'t') ;
INSERT INTO "ZhilianUser" ("UserId","NickName","Type","Sex","City" ) VALUES(currval('"hero_reduce"."user_id_seq"'),'142650358250028.htm',0,'null','北京-石景山区') ; INSERT INTO "JobPosition" ("UserId","Name","Address","Title","Salary","Description")
                          VALUES(currval('"hero_reduce"."user_id_seq"'),'142650358250028.htm','北京-石景山区','软件工程师','','岗位职责：1.负责公司自有产品的研发和维护；2.开发基于Android平台的移动应用客户端；3.根据产品需求参与和完成App的设计,编码和调试工作；4.按照项目计划，按时提交高质量的代码，完成开发任务；5.改善App用户体验。任职资格：1.本科以上学历,2年以上Android开发经验,且至少完成过2个以上完整的Android移动产品设计开发上线工作； 2.了解操作系统原理，掌握常见的数据结构和算法，熟练掌握java语言,对数据结构有深入的理解，有好的编程习惯；3.了解xml、json、http、TCP/IP协议及基于手机的通信编程，有网络编程经验；4.精通Android平台，熟悉Android系统架构，能根据产品设计独立进行应用程序开发；5.具备良好的职业素养和团队协作精神，以及较强的学习和交流能力；6.责任心强，富有创新意识，独立解决问题的能力，具备良好的沟通能力和团队协作精神；7.热爱移动互联网,了解手游市场，了解移动互联网最新动态。8.同时具备IOS、Android开发经验者优先。                                                                           职位联系方式                                                       公司名称：北京金源互动科技有限公司 公司地址：北京石景山区石景山路40号安博商务楼二层                                                          查看职位地图') ;
COMMIT;
INSERT INTO "User" ("Name","UserType","CreatedDatetime","UpdatedDatetime","Enabled")
                              VALUES ('455538224250140.htm',4,clock_timestamp(),clock_timestamp(),'t') ;
INSERT INTO "ZhilianUser" ("UserId","NickName","Type","Sex","City" ) VALUES(currval('"hero_reduce"."user_id_seq"'),'455538224250140.htm',0,'null','北京-朝阳区') ; INSERT INTO "JobPosition" ("UserId","Name","Address","Title","Salary","Description")
                          VALUES(currval('"hero_reduce"."user_id_seq"'),'455538224250140.htm','北京-朝阳区','手机软件开发工程师','','主要工作职责：1. 协助项目经理开展需求调研、分析工作；2. 负责客户端架构设计、组件设计；3. 根据需求进行手机客户端软件的设计、开发和维护； 4. 遵循软件开发流程，独立的进行应用及人机界面软件模块的设计和实现； 5. 按照项目计划在保证质量的前提下、按时完成开发任务； 6. 负责相关技术文档编写. 任职要求：1. 计算机相关专业本科以上学历，3年以上.net开发经验； 2. 有Android软件发布者优先。有MonoTouch开发经验优先； 3. 精通手机软件开发，各类框架。熟悉手机前后台工作模式 4. 对用户体验有挑战极限的追求、有高标准的代码质量、能根据项目需要能快速学习并掌握新技术、能提出创意，为产品超越行业水准不断贡献想法与作品 5. 有较强的分析解决问题能力，良好的沟通能力、理解能力和团队精神，责任心强，能承受较大的工作压力.  ————————————————————————————————————————— 汉美科技为汉美中国旗下子公司,专注社交圈内活动移动解决方案的互联网科技公司, 旗下已有易会、yo 会、活动联盟等移动端社交产品，为商业业务拓展或朋友聚会活动的线上和线下提供完美无缝的解决方案。 创始人团队： 汉美科技副总裁：澳洲麦考瑞大学网络信息安全硕士，前德国RIB建筑软件公司移动部技术总监；汉美科技前端销售总监：前诺基亚 Senior Product&Operation Manager； 汉美科技系统架构师：前红马传媒公司高级开发经理；汉美科技移动端架构师：前RIB建筑软件公司移动端开发经理。。。。。。                                                                           职位联系方式                                                       公司名称：汉美财富世纪(北京)投资管理有限公司 公司地址：北京市朝阳区建国门外大街甲6号SK大厦  传真： 公司主页：www.hanmeiservicedoffices.com') ;
COMMIT;
INSERT INTO "User" ("Name","UserType","CreatedDatetime","UpdatedDatetime","Enabled")
                              VALUES ('138338632250834.htm',4,clock_timestamp(),clock_timestamp(),'t') ;
INSERT INTO "ZhilianUser" ("UserId","NickName","Type","Sex","City" ) VALUES(currval('"hero_reduce"."user_id_seq"'),'138338632250834.htm',0,'null','北京-西城区') ; INSERT INTO "JobPosition" ("UserId","Name","Address","Title","Salary","Description")
                          VALUES(currval('"hero_reduce"."user_id_seq"'),'138338632250834.htm','北京-西城区','手机软件开发工程师','10001-15000','岗位职责： 1、根据项目计划进行应用程序的开发，并管理项目； 2、整理应用程序代码（包括注释）； 3、整理和提交技术文档； 4、根据业务部门需求工发应用程序，修改程序中的BUG。   任职资格： 1、计算机软件等相关专业，本科及以上学历； 2、二年以上相关岗位工作经验； 3、掌握手机安全机制，熟悉攻防技术以及安全漏洞原理。 4、有安全产品的开发与检测经验。 5、有Android框架安全加固经验。6、对终端产品的UI/UE有独到的见解与认识，追求良好的用户体验； 7、具备扎实的C/C++/JAVA编程基础； 8、熟悉LINUX操作系统，有2年以上的Android开发经验，熟悉Android SDK。有成熟产品上线经验； 9、熟悉Android下网络通信机制，对Sockdet通信、TCP/IP和HTTP有较深刻的理解和经验，有网络编程经验。                                                                           职位联系方式                                                       公司名称：易智付科技(北京)有限公司 公司地址：北京市西城区阜成门外大街22号外经贸大厦6层  传真： 公司主页：') ;
COMMIT;
INSERT INTO "User" ("Name","UserType","CreatedDatetime","UpdatedDatetime","Enabled")
                              VALUES ('157829524250300.htm',4,clock_timestamp(),clock_timestamp(),'t') ;
INSERT INTO "ZhilianUser" ("UserId","NickName","Type","Sex","City" ) VALUES(currval('"hero_reduce"."user_id_seq"'),'157829524250300.htm',0,'null','北京') ; INSERT INTO "JobPosition" ("UserId","Name","Address","Title","Salary","Description")
                          VALUES(currval('"hero_reduce"."user_id_seq"'),'157829524250300.htm','北京','项目经理/项目主管','','岗位职责：1.  负责Android平板电脑及智能手机应用软件和客户端的架构设计、开发和维护；2.  负责产品应用的功能模块开发及关键技术攻关，提出解决方案并实现；3.  对Android平台开发技术进行研究，根据开发过程中的体验对产品提出改进建议，并编写相应的技术文档；4.  协调产品、测试、设计等外部资源按时按质完成项目开发，提供相关技术支持及建议；5.  带领和指导初级Android工程师实现业务目标和自我成长；6. 部门日常的管理工作；7.  完成领导交代的其他工作。任职资格：1.  本科及以上学历，计算机、电子或相关专业优先，2.  三年以上Android实际项目开发经验，一年以上项目管理经验；3.  Java基本功扎实，精通Android开发平台及框架原理，能独立开发高性能的Android应用；4.  熟悉Android环境下UI布局、数据库开发、Socket通信、HTTP编程；5.  熟练掌握数据结构、基本算法，并具备算法设计能力；6.  具有高度的责任感与团队合作精神，沟通能力强，能够主动总结和分享自己的开发经验。联系方式                                                                            职位联系方式                                                      公司名称：北京建科研软件技术有限公司公司地址：北京市朝阳区和平西街3号 三川商务园B座  建科研大厦 传真：公司主页：www.jiankeyan.com') ;
COMMIT;
INSERT INTO "User" ("Name","UserType","CreatedDatetime","UpdatedDatetime","Enabled")
                              VALUES ('188512914254173.htm',4,clock_timestamp(),clock_timestamp(),'t') ;
INSERT INTO "ZhilianUser" ("UserId","NickName","Type","Sex","City" ) VALUES(currval('"hero_reduce"."user_id_seq"'),'188512914254173.htm',0,'null','北京') ; INSERT INTO "JobPosition" ("UserId","Name","Address","Title","Salary","Description")
                          VALUES(currval('"hero_reduce"."user_id_seq"'),'188512914254173.htm','北京','高级软件工程师','','岗位描述：  1.根据产品需求对Android 客户端产品开发测试工具和自动测试框架、自动测试脚本，进行自动化测试   2.为开发组开发和维护高效的持续集成、单元测试框架和工具，提高开发写代码和定位问题的效率，并参与代码评审   3.根据产品需求测试Android 客户端，协助开发定位问题   4.根据项目过程中的体验对产品提出改进建议以建立极致的用户感受，对项目过程提出改进建议以提高项目整体效率   5.学习和研究新技术以提高自动测试的效率和质量，满足质量保证的需求     岗位要求：  1.本科或以上学历，计算机软件、通讯相关专业优先   2.精通 Android SDK, Java, JSON开发，两年以上Android手机/平板/嵌入式设备产品研发或自动测试/测试工具开发经验   3.熟悉android自动化测试工具的使用和编写，如junit、appium, instrumentation、robotium、monkey、monkeyrunner等   4.熟悉linux使用，有shell编程经验者优先   5.有android 市场上架作品或相关作品者优先   6.精通Internet基本协议（如TCP/IP、HTTP等）内容及相关应用   7.学习能力强，有较强分析和解决问题的能力，具有较强逻辑思维能力和表达能力   8.工作积极主动，有强烈责任心和严谨工作作风，积极思考，不断创新,良好的协作沟通能力和团队合作精神  注:谢绝虚假简历，公司有严格的流程将对求职者做详尽的背景调查                                                                            职位联系方式') ;
COMMIT;
INSERT INTO "User" ("Name","UserType","CreatedDatetime","UpdatedDatetime","Enabled")
                              VALUES ('574741721250077.htm',4,clock_timestamp(),clock_timestamp(),'t') ;
INSERT INTO "ZhilianUser" ("UserId","NickName","Type","Sex","City" ) VALUES(currval('"hero_reduce"."user_id_seq"'),'574741721250077.htm',0,'null','北京') ; INSERT INTO "JobPosition" ("UserId","Name","Address","Title","Salary","Description")
                          VALUES(currval('"hero_reduce"."user_id_seq"'),'574741721250077.htm','北京','高级软件工程师','','职位描述： 1.负责android 软件的架构分析、设计和核心代码的编写（从底层到应用）；2.负责相关技术的评审把关，控制设计质量；3.负责android 软件问题公关，问题解决；4.负责单元测试用例编写和代码重构； 5.主导系统优化工作并形成统一的技术规范并推动在产品中的落实。 职位需求： 1.计算机相关专业本科学历； 2.扎实的java基础，具有2年以上java开发经验，至少3年以上Android实际开发经验（培训和学习阶段忽略）； 3.计算机基础扎实、精通java，对面向对象设计模式开发有深入理解，能独立开发高性能的andriod应用； 4.精通Android性能和内存优化，善于解决系统崩溃，内存溢出和兼容性问题； 5.熟悉andriod OS 系统体系结构、framework、以及底层库、熟悉多线程； 6.熟悉andriod下的数据库、数据存储、网络通信机制； 7.开发基础良好，理解设计模式，在项目或产品中有很好的设计实践   对新技术新知识敏感、有较强的学习和吸收能力、良好的沟通能力和协调能力，具有团队合作精神； 8.有Android 游戏平台软件开发经验者优先考虑。                                                                           职位联系方式                                                      公司名称：北京云点联动科技发展有限公司公司地址：北京市东城区东直门外小街甲2号正东国际大厦B座北门10层1001室                                                          查看职位地图') ;
COMMIT;
INSERT INTO "User" ("Name","UserType","CreatedDatetime","UpdatedDatetime","Enabled")
                              VALUES ('000608608253263.htm',4,clock_timestamp(),clock_timestamp(),'t') ;
INSERT INTO "ZhilianUser" ("UserId","NickName","Type","Sex","City" ) VALUES(currval('"hero_reduce"."user_id_seq"'),'000608608253263.htm',0,'null','北京-朝阳区') ; INSERT INTO "JobPosition" ("UserId","Name","Address","Title","Salary","Description")
                          VALUES(currval('"hero_reduce"."user_id_seq"'),'000608608253263.htm','北京-朝阳区','互联网软件工程师','','岗位职责： 1、负责Android平台下游戏社区应用开发； 2、负责Android平台下手机支付应用开发； 3、负责Android平台开发管理工作。 任职要求： 1、5年以上软件研发从业经验，2年以上Android平台APP开发经验；具有研发管理经验者从优； 2、熟悉Android系统体系结构，熟悉Android开发平台及框架原理，熟练使用Android SDK及相关开发工具； 3、熟悉Android下网络通信机制，对Socket通信、TCP/IP和http有深刻理解和开发经验，熟悉Android平台下的多线程；4、熟悉Android平台UI设计，熟悉常用布局；5、精通java语言，熟练掌握java开发技术，具备扎实的编程基础和良好的编程习惯。   公司福利：五险一金+补充医疗、各项福利补助、法定年假等                                                                           职位联系方式                                                       公司名称：香港TOM集团 公司地址：北京市朝阳区酒仙桥路20号颐堤港一座20层  传真：85181206 公司主页：http://www.tomgroup.com                                                          查看职位地图') ;
COMMIT;
INSERT INTO "User" ("Name","UserType","CreatedDatetime","UpdatedDatetime","Enabled")
                              VALUES ('647196021250102.htm',4,clock_timestamp(),clock_timestamp(),'t') ;
INSERT INTO "ZhilianUser" ("UserId","NickName","Type","Sex","City" ) VALUES(currval('"hero_reduce"."user_id_seq"'),'647196021250102.htm',0,'null','北京-朝阳区') ; INSERT INTO "JobPosition" ("UserId","Name","Address","Title","Salary","Description")
                          VALUES(currval('"hero_reduce"."user_id_seq"'),'647196021250102.htm','北京-朝阳区','高级软件工程师','15001-25000','岗位职责：  1、参于业务需求设计讨论，基于Android平台进行应用程序开发；  2、负责移动平台软件框架的研究，设计和实现、关键技术验证和选型等工作；   3、带领并指导开发工程师、程序员进行代码开发/单元测试等工作；   4、参与移动规范制订、技术文档编写。     任职条件：  1、3年以上Android平台开发经验，能独立完成设计和编码，有作为主力工程师完整开发过一个以上Android应用；  2、精通Android UI布局，精通不同分辨率适配，熟悉多线程、SQLite数据库等操作；  3、精通HTTP 通讯协议，有Restful API使用经验；  4、熟悉Android内存管理机制，有大量图片缓存处理优化经验；  5、熟悉Android的各种开源组件和Android界面设计规范。                                                                            职位联系方式                                                      公司名称：香港龙冠国际集团有限公司大连办事处公司地址：大连市中山区时代广场 传真：公司主页：null') ;
COMMIT;
INSERT INTO "User" ("Name","UserType","CreatedDatetime","UpdatedDatetime","Enabled")
                              VALUES ('120479732250086.htm',4,clock_timestamp(),clock_timestamp(),'t') ;
INSERT INTO "ZhilianUser" ("UserId","NickName","Type","Sex","City" ) VALUES(currval('"hero_reduce"."user_id_seq"'),'120479732250086.htm',0,'null','北京-海淀区') ; INSERT INTO "JobPosition" ("UserId","Name","Address","Title","Salary","Description")
                          VALUES(currval('"hero_reduce"."user_id_seq"'),'120479732250086.htm','北京-海淀区','软件工程师','','岗位职责：1、负责Android应用软件研发2、在有特殊需求情况下，修改android的framework 任职要求：1、3年以上Java开发经验，熟悉设计模式，良好设计能力；2、至少1年Android平台的应用开发对Android的基本组件使用有一定程度了解3、在熟悉Android开发架构和API调用的情况下能够修改android的framework4、熟练掌握Java语言；熟悉Eclipse开发环境                                                                           职位联系方式                                                          公司名称：北京赛科世纪数码科技有限公司 公司地址：北京市海淀区花园路东路11号泰兴大厦4层、5层  联系电话：86-010-57625005-0 公司主页：www.cyclecentury.com                                                          查看职位地图') ;
COMMIT;
INSERT INTO "User" ("Name","UserType","CreatedDatetime","UpdatedDatetime","Enabled")
                              VALUES ('410689325250016.htm',4,clock_timestamp(),clock_timestamp(),'t') ;
INSERT INTO "ZhilianUser" ("UserId","NickName","Type","Sex","City" ) VALUES(currval('"hero_reduce"."user_id_seq"'),'410689325250016.htm',0,'null','北京-海淀区') ; INSERT INTO "JobPosition" ("UserId","Name","Address","Title","Salary","Description")
                          VALUES(currval('"hero_reduce"."user_id_seq"'),'410689325250016.htm','北京-海淀区','游戏设计/开发','','岗位描述: 1、根据产品需求说明书，开发相关的移动产品2、对代码进行模块测试，保证代码质量3、修正测试中发现的问题，特别是用户体验式问题岗位要求： 1、计算机、通信、电子、软件相关专业，本科及以上在读学生2、每周最少实习4天，持续3到6个月，可转正签三方 3、JAVA基础扎实，有一年以上智能手机APP开发经验； 4、对面向对象的开发设计有深入的理解； 5、熟悉网络应用开发； 6、有Cocos2d-x相关开发经验者优先；                                                                           职位联系方式                                                       公司名称：创新工场-同趣游戏 公司地址：北京市海淀区中关村大街3号鼎好电子商城写字楼A座10层  公司主页：www.tongqutongqu.cn') ;
COMMIT;
INSERT INTO "User" ("Name","UserType","CreatedDatetime","UpdatedDatetime","Enabled")
                              VALUES ('410689325250015.htm',4,clock_timestamp(),clock_timestamp(),'t') ;
INSERT INTO "ZhilianUser" ("UserId","NickName","Type","Sex","City" ) VALUES(currval('"hero_reduce"."user_id_seq"'),'410689325250015.htm',0,'null','北京-海淀区') ; INSERT INTO "JobPosition" ("UserId","Name","Address","Title","Salary","Description")
                          VALUES(currval('"hero_reduce"."user_id_seq"'),'410689325250015.htm','北京-海淀区','游戏设计/开发','','岗位职责： 1、根据产品需求说明书，开发相关的移动产品 2、对代码进行模块测试，保证代码质量 3、修正测试中发现的问题，特别是用户体验式问题   岗位要求： 1、JAVA基础扎实，有一年以上智能手机APP开发经验； 2、对面向对象的开发设计有深入的理解； 3、熟悉网络应用开发； 4、有Cocos2d-x或相关开发经验者优先；                                                                           职位联系方式                                                       公司名称：创新工场-同趣游戏 公司地址：北京市海淀区中关村大街3号鼎好电子商城写字楼A座10层  公司主页：www.tongqutongqu.cn') ;
COMMIT;
INSERT INTO "User" ("Name","UserType","CreatedDatetime","UpdatedDatetime","Enabled")
                              VALUES ('433911327250821.htm',4,clock_timestamp(),clock_timestamp(),'t') ;
INSERT INTO "ZhilianUser" ("UserId","NickName","Type","Sex","City" ) VALUES(currval('"hero_reduce"."user_id_seq"'),'433911327250821.htm',0,'null','北京') ; INSERT INTO "JobPosition" ("UserId","Name","Address","Title","Salary","Description")
                          VALUES(currval('"hero_reduce"."user_id_seq"'),'433911327250821.htm','北京','软件工程师','','岗位职责简述：1.负责公司产品在Android平台应用软件的设计、开发、更新;2.根据产品需求开发相关的移动产品;3.编写相关技术文档；4.完成模块代码编写、单元测试、代码维护工作； 岗位任职要求：1.2年以上Android应用程序或底层开发经验；2.熟练掌握Java/J2EE编程,熟悉XML、JSON，熟悉API、SDK等相关技术；3.精通基于Android SDK的应用程序开发，熟悉Android系统架构、框架及相关技术；4.熟练掌握Android，掌握其中界面绘制，后台运行，数据存储的原理，熟悉UI；5.思路清晰，思维敏捷，快速的学习能力；6.能承担较大工作压力，具备良好的沟通能力和团队合作精神。                                                                           职位联系方式                                                       公司名称：汉唐教育集团 公司地址：北京市海淀区花园桥北国际财经中心大厦D座7层  公司主页：www.hentane.com                                                          查看职位地图') ;
COMMIT;
INSERT INTO "User" ("Name","UserType","CreatedDatetime","UpdatedDatetime","Enabled")
                              VALUES ('279817414250099.htm',4,clock_timestamp(),clock_timestamp(),'t') ;
INSERT INTO "ZhilianUser" ("UserId","NickName","Type","Sex","City" ) VALUES(currval('"hero_reduce"."user_id_seq"'),'279817414250099.htm',0,'null','北京') ; INSERT INTO "JobPosition" ("UserId","Name","Address","Title","Salary","Description")
                          VALUES(currval('"hero_reduce"."user_id_seq"'),'279817414250099.htm','北京','手机软件开发工程师','','岗位职责1.负责依照产品设计完成Android环境下对应的的APP开发、调试、发布和升级；2.参与与所开发APP相关的系统联调;3.协助测试工程师完成APP相关的测试; 任职要求 1、三年以上研发工作经验，其中两年以上Android平台开发经验，熟练掌握Android平台框架结构，能够熟练运用Android SDK；2、有完整的Android手机产品开发经验，良好的编程规范，良好的文档习惯;3、熟悉Android平台人机界面设计原则，具备丰富的Android应用界面开发技巧；4、熟悉Android应用在不同手机机型间的适配技巧；5、熟悉国内主流Android应用市场APP上线流程；6、具备优秀的学习能力和良好的工作沟通技巧, 具有良好的团队协作精神；7、有国内主流Android应用市场上线作品者优先；                                                                           职位联系方式                                                       公司名称：北京达美盛软件股份有限公司 公司地址：北京市海淀区上地三街9号嘉华大厦B座201室  传真： 公司主页：www.dms365.com                                                          查看职位地图') ;
COMMIT;
INSERT INTO "User" ("Name","UserType","CreatedDatetime","UpdatedDatetime","Enabled")
                              VALUES ('000378372251421.htm',4,clock_timestamp(),clock_timestamp(),'t') ;
INSERT INTO "ZhilianUser" ("UserId","NickName","Type","Sex","City" ) VALUES(currval('"hero_reduce"."user_id_seq"'),'000378372251421.htm',0,'null','北京-海淀区') ; INSERT INTO "JobPosition" ("UserId","Name","Address","Title","Salary","Description")
                          VALUES(currval('"hero_reduce"."user_id_seq"'),'000378372251421.htm','北京-海淀区','软件工程师','','岗位职责:1）负责移动终端的中间件开发。2）负责移动终端上的软件UI开发。            任职资格： 1) 3年以上开发经验,含1年以上Android开发经验；           2）精通语言包括java、C、C++;3）必须有linux开发经验，另有windows开发经验者优先；4) 有信息安全行业经验，或有意进入此行业者优先。   简历可发送至：zhaopin@ftsafe.com                                                                            职位联系方式                                                       公司名称：飞天诚信科技股份有限公司 公司地址：北京市海淀区学清路9号 汇智大厦B座17层  传真：62304477 公司主页：http:// www.ftsafe.com.cn                                                          查看职位地图') ;
COMMIT;
INSERT INTO "User" ("Name","UserType","CreatedDatetime","UpdatedDatetime","Enabled")
                              VALUES ('000378372251656.htm',4,clock_timestamp(),clock_timestamp(),'t') ;
INSERT INTO "ZhilianUser" ("UserId","NickName","Type","Sex","City" ) VALUES(currval('"hero_reduce"."user_id_seq"'),'000378372251656.htm',0,'null','北京') ; INSERT INTO "JobPosition" ("UserId","Name","Address","Title","Salary","Description")
                          VALUES(currval('"hero_reduce"."user_id_seq"'),'000378372251656.htm','北京','软件工程师','','岗位职责： 负责Java相关系统的功能模块、业务处理的设计与开发。  任职资格： 1、两年以上的Java实际开发经验，熟练掌握Java开发语言；2、熟悉J2EE技术体系框架，熟练掌握Struts、Hibernate/ibatis、Spring等技术，熟练使用MVC设计模式开发；3、熟练掌握JSP、JavaScript、HTML等技术，熟悉并能够应用Jquery等Ajax框架；4、熟练掌握SQL，熟悉Oracle、SQLServer、MySQL等主流数据库，并至少有其中一个以上的数据库相关开发经验。 经验要求： 1、了解WebServices、SOAP、JMS等技术的优先；2、有良好的WEB前台处理技术者优先；3、有Android手机开发经验的优先。                                                                            职位联系方式                                                       公司名称：飞天诚信科技股份有限公司 公司地址：北京市海淀区学清路9号 汇智大厦B楼17层  传真：62304477 公司主页：http:// www.ftsafe.com.cn                                                          查看职位地图') ;
COMMIT;
INSERT INTO "User" ("Name","UserType","CreatedDatetime","UpdatedDatetime","Enabled")
                              VALUES ('152131121250520.htm',4,clock_timestamp(),clock_timestamp(),'t') ;
INSERT INTO "ZhilianUser" ("UserId","NickName","Type","Sex","City" ) VALUES(currval('"hero_reduce"."user_id_seq"'),'152131121250520.htm',0,'null','北京-昌平区') ; INSERT INTO "JobPosition" ("UserId","Name","Address","Title","Salary","Description")
                          VALUES(currval('"hero_reduce"."user_id_seq"'),'152131121250520.htm','北京-昌平区','软件工程师','1000-50000','任职资格：  1、计算机及相关专业本科以上学历，良好的JAVA技术功底； 2、良好的英语文档阅读能力； 3、熟悉Android系统架构，精通Android平台的应用开发； 4、擅长UI设计及编程，熟悉Android界面开发及其相关技术； 5、能够采用TDD进行业务开发，熟悉SVN等版本控制系统； 6、有实际Android项目经验者优先，在Android Market发布过产品者优先。                                                                           职位联系方式                                                       公司名称：博奥生物有限公司 公司地址：北京市昌平区生命科学园路18号  传真： 公司主页：www.capitalbio.com                                                          查看职位地图') ;
COMMIT;
INSERT INTO "User" ("Name","UserType","CreatedDatetime","UpdatedDatetime","Enabled")
                              VALUES ('120103904251311.htm',4,clock_timestamp(),clock_timestamp(),'t') ;
INSERT INTO "ZhilianUser" ("UserId","NickName","Type","Sex","City" ) VALUES(currval('"hero_reduce"."user_id_seq"'),'120103904251311.htm',0,'null','北京') ; INSERT INTO "JobPosition" ("UserId","Name","Address","Title","Salary","Description")
                          VALUES(currval('"hero_reduce"."user_id_seq"'),'120103904251311.htm','北京','手机软件开发工程师','','岗位职责：  1、根据业务需求，基于android平台进行应用程序开发；   2、参与移动平台软件框架的研究，设计和实现、关键技术验证和选型等工作；   3、带领并指导开发工程师、程序员进行代码开发工作；   4、参与移动规范制订、技术文档编写。  岗位要求： 1、统招本科及以上学历，二年以上客户端开发经验，精通android平台下的高性能编程及性能调优；   2、熟悉掌握至少一种主流手机平台编程语言（C，C++或Java等），有Java相关开发经验不少于2年；  3、开发基础良好，理解设计模式，在项目或产品中有很好的设计实践；  4、有强烈的责任心和团队精神，善于沟通和合作，能独立完成设计和编码；   5、对Android的UI控件有实际使用和优化经验者优先，有前端开发经验者优先。                                                                           职位联系方式                                                         公司名称：北京搜房科技发展有限公司 公司地址：北京市丰台区南四环西路186号四区汉威国际广场5号楼  传真： 公司主页：http://fang.com/') ;
COMMIT;
INSERT INTO "User" ("Name","UserType","CreatedDatetime","UpdatedDatetime","Enabled")
                              VALUES ('604741026250009.htm',4,clock_timestamp(),clock_timestamp(),'t') ;
INSERT INTO "ZhilianUser" ("UserId","NickName","Type","Sex","City" ) VALUES(currval('"hero_reduce"."user_id_seq"'),'604741026250009.htm',0,'null','北京') ; INSERT INTO "JobPosition" ("UserId","Name","Address","Title","Salary","Description")
                          VALUES(currval('"hero_reduce"."user_id_seq"'),'604741026250009.htm','北京','软件工程师','','做的事： 1. Android App的设计和开发； 找的人：  1. 计算机及相关专业学士及以上学历； 2. 一年以上Android应用开发经验 ； 3. 熟练使用Java ； 4. 熟练使用Android的常用组件 ； 5. 具有良好的沟通与团队合作 ； 6. 对技术充满热情，勇于尝试，勇于创新； 7. 良好的发现、分析和解决技术问题的能力； 8. 良好的编程能力，具备良好的编程习惯；                                                                           职位联系方式                                                       公司名称：北京乾和晟云电子商务有限公司 公司地址：北京市朝阳区高碑店东五环和两广路延长线的交汇处润坤大厦10层  传真： 公司主页：null                                                          查看职位地图') ;
COMMIT;
INSERT INTO "User" ("Name","UserType","CreatedDatetime","UpdatedDatetime","Enabled")
                              VALUES ('696300927250009.htm',4,clock_timestamp(),clock_timestamp(),'t') ;
INSERT INTO "ZhilianUser" ("UserId","NickName","Type","Sex","City" ) VALUES(currval('"hero_reduce"."user_id_seq"'),'696300927250009.htm',0,'null','北京') ; INSERT INTO "JobPosition" ("UserId","Name","Address","Title","Salary","Description")
                          VALUES(currval('"hero_reduce"."user_id_seq"'),'696300927250009.htm','北京','高级软件工程师','','岗位职责：1. 负责Android平台应用软件开发；2. 负责产品的框架设计；3. 解决疑难技术问题。 任职要求：1. 计算机或相关专业本科及以上学历，具备良好的团队协作能力；2. 熟悉互联网相关技术，对开发具有挑战性产品有强烈的热情；3. 扎实的Java技术基础，精通常用数据结构与算法；4. 三年以上Android平台应用软件开发经验；5. 熟悉Android应用软件常见优化手段，要求有架构设计经验；6. 熟悉Android常见控件技术，并能够根据项目需要进行扩展；7. 熟悉TCP/IP、HTTP协议，能够灵活熟练运用网络编程技术；8. 熟悉C++、JNI技术者优先；9. 有多个成功项目或偏底层项目经验者优先。                                                                           职位联系方式                                                       公司名称：金山-西山居移动娱乐业务公司地址：北京市海淀区知春路48号盈都大厦D座3层') ;
COMMIT;
INSERT INTO "User" ("Name","UserType","CreatedDatetime","UpdatedDatetime","Enabled")
                              VALUES ('191169822250024.htm',4,clock_timestamp(),clock_timestamp(),'t') ;
INSERT INTO "ZhilianUser" ("UserId","NickName","Type","Sex","City" ) VALUES(currval('"hero_reduce"."user_id_seq"'),'191169822250024.htm',0,'null','北京-海淀区') ; INSERT INTO "JobPosition" ("UserId","Name","Address","Title","Salary","Description")
                          VALUES(currval('"hero_reduce"."user_id_seq"'),'191169822250024.htm','北京-海淀区','软件工程师','','完成基于移动终端上App的设计、编码、测试等工作 1、精通Android系统开发平台及框架，2年以上实际开发经验、能独立完成项目开发； 2、熟练掌握Android GUI程序开发，具有自定义GUI控件的技能，包括2d绘制； 3、熟悉移动终端特性和开发特点，了解3G/WiFi等技术； 4、熟练掌握xcode/eclipse工具优先； 5、熟悉C,C++,Java编程语言，具有Object-C开发经验，有实际开发经验或作品优先； 6、掌握Objective-C及Cocoa Touch，熟悉iOS SDK 、 良好的编码风格； 7、计算机、软件工程或数学相关专业背景。                                                                            职位联系方式                                                        公司名称：北京丰瑞祥信息技术有限公司 公司地址：北京市海淀区中关村软件园8号楼华夏科技大厦204  传真： 公司主页：http://www.fullrich.com') ;
COMMIT;
INSERT INTO "User" ("Name","UserType","CreatedDatetime","UpdatedDatetime","Enabled")
                              VALUES ('120821247250499.htm',4,clock_timestamp(),clock_timestamp(),'t') ;
INSERT INTO "ZhilianUser" ("UserId","NickName","Type","Sex","City" ) VALUES(currval('"hero_reduce"."user_id_seq"'),'120821247250499.htm',0,'null','北京-海淀区') ; INSERT INTO "JobPosition" ("UserId","Name","Address","Title","Salary","Description")
                          VALUES(currval('"hero_reduce"."user_id_seq"'),'120821247250499.htm','北京-海淀区','软件工程师','','职位描述： 开发基于android平台上的手机应用软件 任职要求： 1.计算机相关专业，大学本科以上学历；2.2年以上Java开发经验，具备扎实的编程基础和良好的编程习惯； 3.有Android平台应用实际开发经验；4.理解面向对象设计的基本原则； 5.具备良好的沟通能力，具有一定的学习能力；6.对工作负责任，积极主动。                                                                            职位联系方式                                                      公司名称：北京多元思维信息科技有限公司公司地址：北京市海淀区上地10街1号院辉煌国际大厦6#330 传真：86-10-62974029公司主页：www.mdtit.com                                                          查看职位地图') ;
COMMIT;
INSERT INTO "User" ("Name","UserType","CreatedDatetime","UpdatedDatetime","Enabled")
                              VALUES ('486409629250002.htm',4,clock_timestamp(),clock_timestamp(),'t') ;
INSERT INTO "ZhilianUser" ("UserId","NickName","Type","Sex","City" ) VALUES(currval('"hero_reduce"."user_id_seq"'),'486409629250002.htm',0,'null','北京-海淀区') ; INSERT INTO "JobPosition" ("UserId","Name","Address","Title","Salary","Description")
                          VALUES(currval('"hero_reduce"."user_id_seq"'),'486409629250002.htm','北京-海淀区','软件研发工程师','','岗位职责： 1. 移动互联网系统/应用设计/开发 ;2. 智能家居方面的系统架构设计和客户端软件设计/开发 ;3. TCP/IP、UDP等通信协议/socket通信/蓝牙/wifi管理/相关逻 辑设计和开发; 4. 软件跨平台架构设计 ;5. 视频、图片、流媒体等多媒体高级应用开发; 6. 参与产品需求的沟通、讨论和协调 ;7. 协调和带领其它开发人员完善应用的开发;8. 负责相关技术文档编写工作.9. 参与界面及用户体验设计，实现产品优化、用户体验的提升、机型适配等工作; .任职资格： 1. 计算机、软件、电子、信息、自动化等相关专业； 2. 2年以上的移动互联网从业经验,3年以上android应用开发经验； 3. 熟知编程规范并熟悉软件开发流程，有框架设计的开发经验； 4. 熟练掌握android、JAVA程序开发，熟悉NDK，掌握JNI运用； 5. 熟悉数据结构、和常用算法； 面向对象设计，熟悉设计模式； 6. 熟悉Android UI设计，熟练掌握Android下Activity、 Service，线程/进程的通信 和同步等机制； 7. 熟悉wifi、蓝牙、网络编程、数据存储与IO开发者优先； 8. 熟练使用C/C++开发者优先； 9.有智能家居、物联网相关产品开发经验者优先； 10.有过媒体播放器开发经验者优先； 11.能够正常查阅英文技术文档.                                                                           职位联系方式                                                       公司名称：浙江生辉照明有限公司北京分公司 公司地址：北京市海淀区王庄路1号清华同方科技广场B座20层2006室  传真：82378820 公司主页：www.sengled.com 简历投递：                                                          查看职位地图') ;
COMMIT;
INSERT INTO "User" ("Name","UserType","CreatedDatetime","UpdatedDatetime","Enabled")
                              VALUES ('554793124250022.htm',4,clock_timestamp(),clock_timestamp(),'t') ;
INSERT INTO "ZhilianUser" ("UserId","NickName","Type","Sex","City" ) VALUES(currval('"hero_reduce"."user_id_seq"'),'554793124250022.htm',0,'null','北京-朝阳区') ; INSERT INTO "JobPosition" ("UserId","Name","Address","Title","Salary","Description")
                          VALUES(currval('"hero_reduce"."user_id_seq"'),'554793124250022.htm','北京-朝阳区','游戏设计/开发','','1. 本科或以上学历，两年以上c++开发经验，对java有一定了解2. 熟练掌握C/C++/Shell；3. 熟悉Linux系统、Android ndk开发、Android jni结构；4. 熟悉Makefile/GCC/GDB5. 有良好沟通能力和学习能力6. 热爱游戏，有网络游戏开发经验优先                                                                            职位联系方式                                                      公司名称：北京梦想航道网络科技有限公司公司地址：北京市朝阳区东区国际3号楼A619电    话：010-85916110简历                                                          查看职位地图') ;
COMMIT;
INSERT INTO "User" ("Name","UserType","CreatedDatetime","UpdatedDatetime","Enabled")
                              VALUES ('621819627250029.htm',4,clock_timestamp(),clock_timestamp(),'t') ;
INSERT INTO "ZhilianUser" ("UserId","NickName","Type","Sex","City" ) VALUES(currval('"hero_reduce"."user_id_seq"'),'621819627250029.htm',0,'null','北京-东城区') ; INSERT INTO "JobPosition" ("UserId","Name","Address","Title","Salary","Description")
                          VALUES(currval('"hero_reduce"."user_id_seq"'),'621819627250029.htm','北京-东城区','手机软件开发工程师','','职位描述1、负责Android产品客户端的开发；2、参与客户端产品的需求分析与设计；3、负责产品后续迭代版本开发，不断优化优化相关产品的质量、性能、用户体验。岗位职责1、本科以上学历，计算机相关专业；2、扎实的java基础，具有3年以上java开发经验，至少2年以上Android实际开发经验（培训和学习阶段忽略）3、熟悉主要系统控件及自定义控件、事件和手势操作，能够针对应用熟练的选择解决方案4、熟悉Android各组件生命周期，并能在周期中合理的分配资源5、精通Android性能和内存优化，善于解决系统崩溃，内存溢出和兼容性问题6、熟悉Android下网络通信机制，对Socket通信、TCP/IP和httptps有一定理解和经验7、对viewpager fragment及android的性能优化有深刻的研究8、能够独立完成项目者，查看过Android源码者优先。                                                                            职位联系方式                                                      公司名称：北京邦您家投资管理有限公司公司地址：北京市东城区安定门东大街28号雍和大厦 传真：公司主页：www.bangninjia.com') ;
COMMIT;
INSERT INTO "User" ("Name","UserType","CreatedDatetime","UpdatedDatetime","Enabled")
                              VALUES ('618942522250005.htm',4,clock_timestamp(),clock_timestamp(),'t') ;
INSERT INTO "ZhilianUser" ("UserId","NickName","Type","Sex","City" ) VALUES(currval('"hero_reduce"."user_id_seq"'),'618942522250005.htm',0,'null','北京-朝阳区') ; INSERT INTO "JobPosition" ("UserId","Name","Address","Title","Salary","Description")
                          VALUES(currval('"hero_reduce"."user_id_seq"'),'618942522250005.htm','北京-朝阳区','手机软件开发工程师','','1、负责Android平台App架构的搭建和核心功能的实现； 2、完成系统软件设计、编码和单元测试工作； 3、能按照项目计划，按时提交高质量的代码，完成开发任务； 4、负责产品技术创新，特性研究及性能优化；  任职要求 1、2~3年以上Android平台产品开发经验； 2、熟悉Android平台下UI框架、WebService调用及数据库开发，能独立开发高性能的Android应用； 3、富有激情，具备良好的沟通能力和后台团队协作能力，能承担高负荷工作压力； 4、有多个完整Android项目开发经验优先；                                                                            职位联系方式                                                       公司名称：北京华映传媒广告有限公司 公司地址：北京市朝阳区姚家园路公园大道生活广场B1 传真： 公司主页：') ;
COMMIT;
INSERT INTO "User" ("Name","UserType","CreatedDatetime","UpdatedDatetime","Enabled")
                              VALUES ('137954942251833.htm',4,clock_timestamp(),clock_timestamp(),'t') ;
INSERT INTO "ZhilianUser" ("UserId","NickName","Type","Sex","City" ) VALUES(currval('"hero_reduce"."user_id_seq"'),'137954942251833.htm',0,'null','北京-朝阳区') ; INSERT INTO "JobPosition" ("UserId","Name","Address","Title","Salary","Description")
                          VALUES(currval('"hero_reduce"."user_id_seq"'),'137954942251833.htm','北京-朝阳区','移动互联网开发','','【岗位职责】  1、负责Android手机、平板终端软件的产品开发与维护；  2、独立完成Android软件开发，验证和修正测试中发现的问题；  3、基于产品设计，根据策划提出的需求进行应用的实现，按时提交高质量的代码，完成开发任务； 4、学习和研究新技术以满足产品的需求,根据开发过程中的体验对产品提出改进建议； 5、规范和文档的编写、维护。  【任职要求】  1、2年以上软件开发工作经验，1年以上Android应用开发经验；  2、有扎实的Java/C++语言基础；  3、精通网络编程、多线程、熟悉 TCP/UDP、HTTP 协议； 5、有一定的独立设计、完成编码及成品其测试的能力，注重代码质量； 6、有快速学习的能力，对新技术，新知识能快速学习、掌握并应用； 7、有良好的团队合作能力，善于沟通，热爱开发事业； 8、有Android Market线上作品者优先。                                                                           职位联系方式                                                       公司名称：北京迪信通商贸股份有限公司 公司地址：集团总部：北京市海淀区北洼路西里颐安商务楼 传真：68733869 公司主页：www.dixintong.com') ;
COMMIT;
INSERT INTO "User" ("Name","UserType","CreatedDatetime","UpdatedDatetime","Enabled")
                              VALUES ('347063118250442.htm',4,clock_timestamp(),clock_timestamp(),'t') ;
INSERT INTO "ZhilianUser" ("UserId","NickName","Type","Sex","City" ) VALUES(currval('"hero_reduce"."user_id_seq"'),'347063118250442.htm',0,'null','北京') ; INSERT INTO "JobPosition" ("UserId","Name","Address","Title","Salary","Description")
                          VALUES(currval('"hero_reduce"."user_id_seq"'),'347063118250442.htm','北京','手机软件开发工程师','','岗位职责: 1.负责监控宝相关Android端产品功能设计、开发和实现。 任职要求：1.熟练掌握Java移动端应用开发； 2.有2-3年Android原生开发经验； 3.熟悉网络编程,理解http协议及scoket通信等网络编程技术； 4.开发过图表及报表应用者优先； 5.开发过消息推送应用者优先； 6.有修改过Android系统源代码经验者优先； 7.具有良好的沟通能力和团队合作精神。                                                                           职位联系方式                                                       公司名称：云智慧(北京)科技有限公司 公司地址：北京市海淀区中关村南大街9号理工科技大厦六层  公司主页：http://www.jiankongbao.com                                                          查看职位地图') ;
COMMIT;
INSERT INTO "User" ("Name","UserType","CreatedDatetime","UpdatedDatetime","Enabled")
                              VALUES ('209329510250615.htm',4,clock_timestamp(),clock_timestamp(),'t') ;
INSERT INTO "ZhilianUser" ("UserId","NickName","Type","Sex","City" ) VALUES(currval('"hero_reduce"."user_id_seq"'),'209329510250615.htm',0,'null','北京-西城区') ; INSERT INTO "JobPosition" ("UserId","Name","Address","Title","Salary","Description")
                          VALUES(currval('"hero_reduce"."user_id_seq"'),'209329510250615.htm','北京-西城区','移动互联网开发','','1、负责Android平台应用软件的设计、开发和调试;   2、参与Android产品的需求分析、系统设计;    3、熟悉Java语言，android SDK和NDK。熟悉Android平台体系结构，了解各版本 Android SDK之间的差异； 4、熟练掌握Android界面和交互开发，并能够熟练使用调试工具，熟悉HTTP协议。                                                                           职位联系方式                                                       公司名称：九合天下(北京)科技有限公司 公司地址：北京市西城区车公庄  传真： 公司主页：http://www.9Hgame.com                                                          查看职位地图') ;
COMMIT;
INSERT INTO "User" ("Name","UserType","CreatedDatetime","UpdatedDatetime","Enabled")
                              VALUES ('146094499250280.htm',4,clock_timestamp(),clock_timestamp(),'t') ;
INSERT INTO "ZhilianUser" ("UserId","NickName","Type","Sex","City" ) VALUES(currval('"hero_reduce"."user_id_seq"'),'146094499250280.htm',0,'null','北京-海淀区') ; INSERT INTO "JobPosition" ("UserId","Name","Address","Title","Salary","Description")
                          VALUES(currval('"hero_reduce"."user_id_seq"'),'146094499250280.htm','北京-海淀区','手机软件开发工程师','','1.统招大学本科及以上学历，计算机相关专业；2.参与Android手机平台软件开发（至少有两年以上开发经验）；3.按软件需求完成界面、逻辑功能、网络通信等设计；4.配合其他开发人员、测试人员，完成产品设计和发布；5.编写相关开发文档、技术资料等；6.具有优秀的沟通能力，团队合作精神，爱好软件编程工作；7.能承担一定的工作压力。                                                                           职位联系方式                                                       公司名称：北京神州泰岳信息工程技术有限公司 公司地址：北京海淀区中关村南大街甲12号寰太大厦702室  传真： 公司主页：www.ultrasoft.com.cn                                                          查看职位地图') ;
COMMIT;
INSERT INTO "User" ("Name","UserType","CreatedDatetime","UpdatedDatetime","Enabled")
                              VALUES ('584439522250022.htm',4,clock_timestamp(),clock_timestamp(),'t') ;
INSERT INTO "ZhilianUser" ("UserId","NickName","Type","Sex","City" ) VALUES(currval('"hero_reduce"."user_id_seq"'),'584439522250022.htm',0,'null','北京') ; INSERT INTO "JobPosition" ("UserId","Name","Address","Title","Salary","Description")
                          VALUES(currval('"hero_reduce"."user_id_seq"'),'584439522250022.htm','北京','手机软件开发工程师','6000-15000','1. 参与客户端代码的设计及具体实现工作，按项目经理的要求按时提交代码; 2. 能自行完成部分单元测试，保证质量。与产品及负责人保持良好的沟通，确保产品向正确的方向发展，减少返工损耗; 3. 能独立完成android app 的开发与bug的调试，对于兼容适配等问题有比较深厚的经验; 4. 对于优化ui交互有一定的心得，能够很好的与他人沟通，保质保量的完成产品研发工作 5、熟悉Android系统架构及相关技术,有1年以上Android SDK和JAVA开发经验，有NDK，JIN开发经验优先；6、精通Android平台上的应用开发,熟练应用网络API，熟悉Socket/HTTP、Android线程、进程通信机制；7、熟悉现有Android设备，有适配经验，熟悉移动设备的开发特点，性能调优；8、良好的团队协作精神，较强的主动性，勇于承担任务，具有良好的沟通能力；9、学习能力强，有较强分析和解决问题的能力，工作积极主动，良好的责任感和严谨工作作风，对移动产品有浓厚兴趣。10、一年以上工作经验，有成功项目案例。                                                                             职位联系方式                                                      公司名称：北京一雄信息科技有限公司公司地址：北京市丰台区科学城中核路1号03号楼 传真：83890373公司主页：                                                          查看职位地图') ;
COMMIT;
INSERT INTO "User" ("Name","UserType","CreatedDatetime","UpdatedDatetime","Enabled")
                              VALUES ('380645113250356.htm',4,clock_timestamp(),clock_timestamp(),'t') ;
INSERT INTO "ZhilianUser" ("UserId","NickName","Type","Sex","City" ) VALUES(currval('"hero_reduce"."user_id_seq"'),'380645113250356.htm',0,'null','北京-朝阳区') ; INSERT INTO "JobPosition" ("UserId","Name","Address","Title","Salary","Description")
                          VALUES(currval('"hero_reduce"."user_id_seq"'),'380645113250356.htm','北京-朝阳区','软件工程师','8000-20000','岗位描述：     1、 负责公司业务系统手机端的开发；   2、参与公司业务系统的需求分析、系统设计、接口定义；  3、负责公司业务系统数据库结构；  4、负责协助开发的测试工作；  5、全力配合公司的项目管理相关工作；  6、参与系统核心技术研究和攻关以满足需求；  7、配合项目经理完成相关任务目标；     任职资格：     1.       一年以上Android平台开发经验；     2.       熟练掌握java技术，熟悉面向对象编程设计，具备扎实的编程基础；     3．熟悉Android应用开发框架及Activity生命周期、熟练进行Android UI/Framework开发；     技能、熟练使用Android SDK、熟练使用SQLite数据库；    4．熟悉Android各种widget组件，能根据项目要求开发自定义控件；    5．熟悉Android下网络通信机制，对Socket通信、TCPIP、http和Xmpp有一定理解和经验；        优先考虑：  1、有电子商务系统开发经验；  2、有ERP等项目经验；                                                                                职位联系方式                                                      公司名称：北京微尘大业科技有限公司公司地址：北京市朝阳区绿色家园媒体村天畅园C7-804 传真：84827066公司主页：www.vvme.com') ;
COMMIT;
INSERT INTO "User" ("Name","UserType","CreatedDatetime","UpdatedDatetime","Enabled")
                              VALUES ('380645113250374.htm',4,clock_timestamp(),clock_timestamp(),'t') ;
INSERT INTO "ZhilianUser" ("UserId","NickName","Type","Sex","City" ) VALUES(currval('"hero_reduce"."user_id_seq"'),'380645113250374.htm',0,'null','北京-朝阳区') ; INSERT INTO "JobPosition" ("UserId","Name","Address","Title","Salary","Description")
                          VALUES(currval('"hero_reduce"."user_id_seq"'),'380645113250374.htm','北京-朝阳区','高级软件工程师','8000-20000','岗位描述：     1、 负责公司业务系统手机端的开发；   2、参与公司业务系统的需求分析、系统设计、接口定义；  3、负责公司业务系统数据库结构；  4、负责协助开发的测试工作；  5、全力配合公司的项目管理相关工作；  6、参与系统核心技术研究和攻关以满足需求；  7、配合项目经理完成相关任务目标；     任职资格：     1.       一年以上Android平台开发经验；     2.       熟练掌握java技术，熟悉面向对象编程设计，具备扎实的编程基础；     3．熟悉Android应用开发框架及Activity生命周期、熟练进行Android UI/Framework开发；     技能、熟练使用Android SDK、熟练使用SQLite数据库；    4．熟悉Android各种widget组件，能根据项目要求开发自定义控件；    5．熟悉Android下网络通信机制，对Socket通信、TCPIP、http和Xmpp有一定理解和经验；        优先考虑：  1、有电子商务系统开发经验；  2、有ERP等项目经验；     3、要求有后台开发经验；                                                                              职位联系方式                                                      公司名称：北京微尘大业科技有限公司公司地址：北京市朝阳区绿色家园媒体村天畅园C7-804 传真：84827066公司主页：www.vvme.com') ;
COMMIT;
INSERT INTO "User" ("Name","UserType","CreatedDatetime","UpdatedDatetime","Enabled")
                              VALUES ('121040956252137.htm',4,clock_timestamp(),clock_timestamp(),'t') ;
INSERT INTO "ZhilianUser" ("UserId","NickName","Type","Sex","City" ) VALUES(currval('"hero_reduce"."user_id_seq"'),'121040956252137.htm',0,'null','北京') ; INSERT INTO "JobPosition" ("UserId","Name","Address","Title","Salary","Description")
                          VALUES(currval('"hero_reduce"."user_id_seq"'),'121040956252137.htm','北京','培训师/讲师','5000-10000','技术要求：1、 熟悉Java语言，熟练使用Java技术实现B/S网站制作技术2、 熟悉SQLServer数据库，能使用T-SQL语句能完成基本的数据库操，同时熟悉Oracle10g软件和P-SQL者优先。3、 熟练使用HTML、JavaScript制作网页，了解JQuery、ExtJS、Ajax框架者优先。4、 熟练使用JDBC、JSP、Servlet、JavaBean实现MVC开发5、 了解C#语言和VS2010平台者优先。6、 了解Linux系统者优先。7、 了解SSH框架者优先。8、 具备1到2年的实际开发经验者优先9、 有实际的项目经验者优先。任职要求：1、 计算机及相关专业毕业，本科以上学历，师范类院校优先，两年以上实际开发经验，且沟通，表达能力优秀者可放宽至专科2、 具有良好的沟通、表达能力，普通话标准，有亲和力，擅长与学员沟通交流，能够深入浅出，充分调动学员的积极性3、 敬业有责任心，热爱IT教育培训事业，从软件开发的热爱者变为软件开发热爱者的导师，更能提升个人价值4、只要你具备良好的沟通表达能力，乐于把自己的学识，经验与我们的学员共同分享，都可尝试联系我们，不用担心没有实际授课经验，我们会提供系统培训5、作为讲师，不用再为加班敲代码而烦恼，不用每天只是对着电脑，我们有很多时间可以练技术，同时我们还有一只非常专业有经验的团队，提供一个良好的技术交流平台，综合提升自己的沟通表达和管理能力6、给自己的未来多一个选择的机会，期待你的加入！                                                                            职位联系方式                                                      公司名称：北京北清远帆信息技术有限公司公司地址：北京市宣武区广安门内大街315号IT信息大厦B座4-5层公司主页：http://www.accpbj.com/                                                          查看职位地图') ;
COMMIT;
INSERT INTO "User" ("Name","UserType","CreatedDatetime","UpdatedDatetime","Enabled")
                              VALUES ('196603924251977.htm',4,clock_timestamp(),clock_timestamp(),'t') ;
INSERT INTO "ZhilianUser" ("UserId","NickName","Type","Sex","City" ) VALUES(currval('"hero_reduce"."user_id_seq"'),'196603924251977.htm',0,'null','北京') ; INSERT INTO "JobPosition" ("UserId","Name","Address","Title","Salary","Description")
                          VALUES(currval('"hero_reduce"."user_id_seq"'),'196603924251977.htm','北京','手机软件开发工程师','','职位职能: Android计费SDK开发工程师   岗位职责：1、根据业务需求，基于Android平台进行计费SDK开发；2、根据产品功能模块设计，编码实现各模块功能，并确保开发质量；3、参与移动平台软件框架的研究，设计和实现关键技术验证等工作。任职要求：1.两年以上Java开发经验，两年以上Android开发经验；2.深入了解Java设计模式、Android系统框架和SDK等；3.智能手机爱好者和使用者，爱玩手机；4.对软件产品有强烈的责任心，具备良好的沟通能力和优秀的团队协作能力；5.对手机软件性能优化、内存优化有一定经验；6.能独立开发App，有成功发布App者优先。                                                                           职位联系方式                                                       公司名称：中期集团有限公司 公司地址：北京市朝阳区光华路16号中期大厦A座15层  公司主页：www.icifco.com') ;
COMMIT;
INSERT INTO "User" ("Name","UserType","CreatedDatetime","UpdatedDatetime","Enabled")
                              VALUES ('374435819250054.htm',4,clock_timestamp(),clock_timestamp(),'t') ;
INSERT INTO "ZhilianUser" ("UserId","NickName","Type","Sex","City" ) VALUES(currval('"hero_reduce"."user_id_seq"'),'374435819250054.htm',0,'null','北京-海淀区') ; INSERT INTO "JobPosition" ("UserId","Name","Address","Title","Salary","Description")
                          VALUES(currval('"hero_reduce"."user_id_seq"'),'374435819250054.htm','北京-海淀区','互联网软件工程师','','岗位工作职责描述; 1、负责Android客户端的开发。 2、解决开发过程中出现的各种问题。包括后期维护版本升级。 职位要求： 1、2年以上的android研发工作经验，有良好的编码习惯。 2、熟练使用代码方式布局，掌握WebView以及js与java交互。 3、熟练Http等网络协议，JSON解析，XML解析等。 4、有较好的解决问题能力，沟通能力，自学能力，态度积极主动。 5、熟练Android的基本组件使用，熟悉各种动画场景和当前比较流行的开源控件的运用。 6、有做过蓝牙4.0开发或者有XMPP协议开发经验优先，有做过rom开发优先，有带领过团队经验的优先。 7、有实际项目经历者请带演示产品。                                                                           职位联系方式                                                       公司名称：北京新华瑞德电子阅读技术有限公司 公司地址：北京市海淀区永丰工业园永嘉北路6号  传真： 公司主页：www.xinhuapinmei.com                                                          查看职位地图') ;
COMMIT;
INSERT INTO "User" ("Name","UserType","CreatedDatetime","UpdatedDatetime","Enabled")
                              VALUES ('457558816250415.htm',4,clock_timestamp(),clock_timestamp(),'t') ;
INSERT INTO "ZhilianUser" ("UserId","NickName","Type","Sex","City" ) VALUES(currval('"hero_reduce"."user_id_seq"'),'457558816250415.htm',0,'null','北京') ; INSERT INTO "JobPosition" ("UserId","Name","Address","Title","Salary","Description")
                          VALUES(currval('"hero_reduce"."user_id_seq"'),'457558816250415.htm','北京','移动互联网开发','','汇报对象技术经理关键考核指标1、编写相应模块的设计文档，独立完成编码及单元测试；；       2、与项目团队沟通配合，按需求完成软件产品；        3、负责Android、IOS等移动系统平台的应用产品研发工作；       4、研究项目技术细节，完成项目初始至终结的全部技术开发和技术协调工作；       5、根据公司要求规范，编写相应的技术文档。  任职要求共同价值观：    来吧，在医疗健康与移动互联网相结合的创业浪潮中，我们携手共创 O2O模式的福瑞汇智慧医疗品牌！实现我们共同的理想，一起分享我们事业的成功和财富！专业能力：       1、本科以上学历，计算机相关专业毕业；        2、熟悉Objective-C、C/C++、java、HTML5编程；熟悉Android SDK、ADT开发环境，精通Cocoa开发框架和Xcode开发工具；     3、2年以上相关经验；有QQ、微信、微博、陌陌、春雨医生、杏树林等公司工作经验尤佳。     4、熟悉至少一种jQueryMobile、Titanium、PhoneGap等技术框架，并有实际开发经验优先。开放与合作：有良好的沟通、合作能力，习惯愉快坦率的沟通方式；高度的工作热情、良好的职业道德；有与团队成员积极开放的合作态度                                                                            职位联系方式') ;
COMMIT;
INSERT INTO "User" ("Name","UserType","CreatedDatetime","UpdatedDatetime","Enabled")
                              VALUES ('643547323250028.htm',4,clock_timestamp(),clock_timestamp(),'t') ;
INSERT INTO "ZhilianUser" ("UserId","NickName","Type","Sex","City" ) VALUES(currval('"hero_reduce"."user_id_seq"'),'643547323250028.htm',0,'null','北京') ; INSERT INTO "JobPosition" ("UserId","Name","Address","Title","Salary","Description")
                          VALUES(currval('"hero_reduce"."user_id_seq"'),'643547323250028.htm','北京','互联网软件工程师','','岗位职责:     负责公司开放平台Android软件的设计和开发； 相关领域产品功能设计与实现技术跟踪与预研, 产品架构设计，技术的选型，技术路线的选择。  岗位要求：    专科或以上学历，两年以上Android开发工作经验，五年以上 Java或C/C++开发经验  精通Java, 并熟悉至少一种主流脚本语言包括Python,JavaScript,Ruby等  熟悉各种算法与数据结构，多线程编程, 精通Android SDK中的UI，网络，存储，XML/JSON解析等开发技巧；   熟悉各种主流手机特性，深刻理解手机客户端软件及服务端开发特点；        熟悉OOA/OOD/OOP 理念以及设计模式，熟悉UML及建模工具。         优先考虑    有游戏开发经验，熟悉Unity3D/Cocos2D/Cocos2DX等主流游戏引擎者  对互联网业界开放平台SDK（如Twitter、Facebook、百度、腾讯、新浪等）有深入了解，有开放平台SDK设计、开发经验者优先。  有敏捷开发流程的经验, 熟悉持续集成, DevOps 理念和实施方法。  有领导力和创新精神者                                                                                职位联系方式                                                      公司名称：北京盟游网络科技有限公司公司地址：北京市朝阳区朝阳门外大街乙6号，朝外SOHO B座920室 传真：公司主页：null') ;
COMMIT;
INSERT INTO "User" ("Name","UserType","CreatedDatetime","UpdatedDatetime","Enabled")
                              VALUES ('672985627250013.htm',4,clock_timestamp(),clock_timestamp(),'t') ;
INSERT INTO "ZhilianUser" ("UserId","NickName","Type","Sex","City" ) VALUES(currval('"hero_reduce"."user_id_seq"'),'672985627250013.htm',0,'null','北京') ; INSERT INTO "JobPosition" ("UserId","Name","Address","Title","Salary","Description")
                          VALUES(currval('"hero_reduce"."user_id_seq"'),'672985627250013.htm','北京','软件工程师','','岗位职责：1、 参与公司Android手机软件开发；2、 按产品需求完成功能、界面和接口等设计、开发；3、 配合其他开发人员、测试人员，完成产品的发布和优化；4、 编写相关开发文档、技术资料等。任职资格：1、本科以上学历，计算机相关专业；2、精通JAVA语言，2年以上android开发经验；3、 熟悉Android OS系统体系结构、framework、以及底层库；4、熟悉C/S应用结构；5、熟悉Android下网络通信机制http/https有较深刻的理解和经验；6、熟悉Android平台UI设计，熟悉常用布局；7、熟悉Android系统架构及相关技术，必须具备实际Android平台开发经验；8、熟悉android性能优化和图片处理技术，各品牌手机的兼容性适配；9、 熟悉C语言，有过JNI的开发经验优先；10、 思路清晰，思维敏捷，能承担较大工作压力，具备良好的沟通能力。                                                                            职位联系方式                                                      公司名称：北京指游无限科技有限公司公司地址：北京市朝阳区东三环弘燕路10号德元九和大厦 传真：') ;
COMMIT;
INSERT INTO "User" ("Name","UserType","CreatedDatetime","UpdatedDatetime","Enabled")
                              VALUES ('400848720250008.htm',4,clock_timestamp(),clock_timestamp(),'t') ;
INSERT INTO "ZhilianUser" ("UserId","NickName","Type","Sex","City" ) VALUES(currval('"hero_reduce"."user_id_seq"'),'400848720250008.htm',0,'null','北京-丰台区') ; INSERT INTO "JobPosition" ("UserId","Name","Address","Title","Salary","Description")
                          VALUES(currval('"hero_reduce"."user_id_seq"'),'400848720250008.htm','北京-丰台区','软件工程师','10001-15000','岗位职责：负责Android手机客户端业务的软件设计与开发，进行软件需求分析及可行性分析；与项目相关人员配合共同完成手机应用软件的开发设计工作；遵循软件开发流程，独立的进行应用及人机界面软件模块的设计和实现；第三方软件的评估及整合；完成与工作相关的文档编写及参加相关的技术评审与培训。岗位要求：1、1年以上的android客户端开发经验，有成功案例或产品。2、精通android应用开发框架，能独立开发高性能的Android应用3、熟悉Android下网络通信机制，熟悉socket和http网络接口编程。4、精通Android性能和内存优化，善于解决系统崩溃，内存溢出和兼容性问题5、熟悉主要系统控件及自定义控件、事件和手势操作，能够针对应用熟练的选择解决方案6、对ViewPager Fragment及Android的性能优化有深刻的研究7、有独立钻研移动领域新技术的热情和能力                                                                            职位联系方式                                                      电话：4000123645') ;
COMMIT;
INSERT INTO "User" ("Name","UserType","CreatedDatetime","UpdatedDatetime","Enabled")
                              VALUES ('467717611252205.htm',4,clock_timestamp(),clock_timestamp(),'t') ;
INSERT INTO "ZhilianUser" ("UserId","NickName","Type","Sex","City" ) VALUES(currval('"hero_reduce"."user_id_seq"'),'467717611252205.htm',0,'null','北京') ; INSERT INTO "JobPosition" ("UserId","Name","Address","Title","Salary","Description")
                          VALUES(currval('"hero_reduce"."user_id_seq"'),'467717611252205.htm','北京','软件研发工程师','','岗位职责:1.重点负责移动搜索Android系统客户端产品研发；2.优化Android客户端软件的模块结构和流程逻辑；3.跟进Android的新技术发展，对新技术进行学习、研究和应用；4.参与产品的设计和改进。任职要求:1.深入理解Android平台架构，至少3年以上的实际android平台开发经验；2.对android系统有全面的了解，包括UI、网络等方面，能根据产品设计独立进行应用程序开发；3.有扎实的C++和Java语言基础，了解操作系统原理，对数据结构有深入的理解，了解常用设计模  式,有好的编程习惯；4.本科以上学历，有创新精神, 对移动端技术有浓厚兴趣，有不断提升自己的学习意识，逻辑思  维能力强；5.良好的沟通能力和团队协作精神，严谨的工作态度与高质量意识，良好的抗压能力。                                                                            职位联系方式                                                      公司名称：北京奇虎科技有限公司公司地址：电子城国际电子总部 北京市朝阳区酒仙桥路6号院（电子城•国际电子总部）传真：公司主页：http://www.360.cn                                                          查看职位地图') ;
COMMIT;
INSERT INTO "User" ("Name","UserType","CreatedDatetime","UpdatedDatetime","Enabled")
                              VALUES ('610927122250227.htm',4,clock_timestamp(),clock_timestamp(),'t') ;
INSERT INTO "ZhilianUser" ("UserId","NickName","Type","Sex","City" ) VALUES(currval('"hero_reduce"."user_id_seq"'),'610927122250227.htm',0,'null','北京-朝阳区') ; INSERT INTO "JobPosition" ("UserId","Name","Address","Title","Salary","Description")
                          VALUES(currval('"hero_reduce"."user_id_seq"'),'610927122250227.htm','北京-朝阳区','移动互联网开发','','岗位职责：1、负责公司Android平台项目程序架构搭建，程序功能模块的划分及详细设计；2、根据产品需求，独立完成项目的迭代开发；3、注重产品用户体验，主动持续地优化产品性能及用户体验；4、组织开发小组完成技术预研，解决技术难点攻关；5、与团队成员充分合作、高效沟通，能够指导培养新人；  任职资格：1、计算机软件相关专业，本科以上学历，有2年以上Android平台开发经验；2、熟练掌握Android的API，熟悉Android平台框架原理，对android系统有全面的了解；3、熟练掌握java语言，对数据结构有深入的理解；对多线程、产品性能优化有深入的了解；4、有多个完整的项目经验，能够独立开发完成项目；5、有音视频多媒体类项目经验者优先；6、有商业级上线产品开发经验者优先；7、学习能力强，强烈的责任心,具有较强的沟通能力及团队合作精神；                                                                           职位联系方式                                                       公司名称：上海锋之行汽车金融信息服务有限公司 公司地址：北京市朝阳区八里庄东里1号莱锦文化创意产业园  电话：010-57378119 公司主页：www.chedai.com') ;
COMMIT;
INSERT INTO "User" ("Name","UserType","CreatedDatetime","UpdatedDatetime","Enabled")
                              VALUES ('614668523250045.htm',4,clock_timestamp(),clock_timestamp(),'t') ;
INSERT INTO "ZhilianUser" ("UserId","NickName","Type","Sex","City" ) VALUES(currval('"hero_reduce"."user_id_seq"'),'614668523250045.htm',0,'null','北京') ; INSERT INTO "JobPosition" ("UserId","Name","Address","Title","Salary","Description")
                          VALUES(currval('"hero_reduce"."user_id_seq"'),'614668523250045.htm','北京','高级软件工程师','','要求：计算机或相关专业本科以上学历，2年以上工作经验。熟悉Android OS系统体系结构，至少有1年以上ANDROID平台开发经验至少2年以上JAVA开发经验熟悉XML、JSON、HTML、WEBSERVICE、RESTFUL等知识熟悉操作系统原理、算法、数据结构等基本知识熟悉网络编程，有基于多线程、SOCKET、HTTP等方面编程经验者优先。熟悉软件开发过程及面向对象设计方法，有良好的流程规范遵守意识思维开阔，创新意识强，承受能力强，有较好的职业道德和团队精神（有作品演示更佳）                                                                           职位联系方式                                                       公司名称：北京九五一九零信息技术有限公司 公司地址：北京市海淀区中关村南大街32号中关村科技发展大厦A座16层  传真： 公司主页：                                                          查看职位地图') ;
COMMIT;
INSERT INTO "User" ("Name","UserType","CreatedDatetime","UpdatedDatetime","Enabled")
                              VALUES ('627350528250022.htm',4,clock_timestamp(),clock_timestamp(),'t') ;
INSERT INTO "ZhilianUser" ("UserId","NickName","Type","Sex","City" ) VALUES(currval('"hero_reduce"."user_id_seq"'),'627350528250022.htm',0,'null','北京') ; INSERT INTO "JobPosition" ("UserId","Name","Address","Title","Salary","Description")
                          VALUES(currval('"hero_reduce"."user_id_seq"'),'627350528250022.htm','北京','手机软件开发工程师','','岗位职责 a)Android平台应用软件开发； b)Androidapp的java代码优化，内存使用、线程使用优化，app性能优化，电池续航时间的优化。岗位要求1、2年以上Java软件开发经验，1年以上Android软件开发经验； 2、能够独立完成Android应用的开发工作； 3、对工作能够保持专注与热情，能够适应较强的工作压力； 4、精通Java语言； 5、熟练使用Eclipse或Android Studio开发环境； 6、熟悉Android SDK、Android平台整体结构和开发流程； 7、熟悉Android应用的发布流程； 8、对Android平台的界面风格和用户交互流程设计有独到见解者优先。简历需附以下信息： 1.已完成 App 简介及下载链接、以及自己在对应项目中所承担的角色； 2.Github 或 类似代码托管平台个人页面链接(可选)； 3.个人博客以及社交账号个人资料页链接(可选)。                                                                           职位联系方式                                                       公司名称：北京奇诺时光科技有限公司 公司地址：北京市海淀区知春路27号量子芯座1805  公司电话：010-53669251 公司主页：www.gamecino.com                                                          查看职位地图') ;
COMMIT;
INSERT INTO "User" ("Name","UserType","CreatedDatetime","UpdatedDatetime","Enabled")
                              VALUES ('400848720250000.htm',4,clock_timestamp(),clock_timestamp(),'t') ;
INSERT INTO "ZhilianUser" ("UserId","NickName","Type","Sex","City" ) VALUES(currval('"hero_reduce"."user_id_seq"'),'400848720250000.htm',0,'null','北京-丰台区') ; INSERT INTO "JobPosition" ("UserId","Name","Address","Title","Salary","Description")
                          VALUES(currval('"hero_reduce"."user_id_seq"'),'400848720250000.htm','北京-丰台区','软件工程师','10001-15000','岗位职责：负责Android手机客户端业务的软件设计与开发，进行软件需求分析及可行性分析；与项目相关人员配合共同完成手机应用软件的开发设计工作；遵循软件开发流程，独立的进行应用及人机界面软件模块的设计和实现；第三方软件的评估及整合；完成与工作相关的文档编写及参加相关的技术评审与培训。岗位要求：1、1年以上的android客户端开发经验，有成功案例或产品。2、精通android应用开发框架，能独立开发高性能的Android应用3、熟悉Android下网络通信机制，熟悉socket和http网络接口编程。4、精通Android性能和内存优化，善于解决系统崩溃，内存溢出和兼容性问题5、熟悉主要系统控件及自定义控件、事件和手势操作，能够针对应用熟练的选择解决方案6、对ViewPager Fragment及Android的性能优化有深刻的研究7、有独立钻研移动领域新技术的热情和能力                                                                            职位联系方式                                                      公司名称：北京锋锐傲世科技发展有限公司公司地址：北京市丰台区科学城外环西路26号院7-01号楼 电话：4000123645') ;
COMMIT;
INSERT INTO "User" ("Name","UserType","CreatedDatetime","UpdatedDatetime","Enabled")
                              VALUES ('627350528250024.htm',4,clock_timestamp(),clock_timestamp(),'t') ;
INSERT INTO "ZhilianUser" ("UserId","NickName","Type","Sex","City" ) VALUES(currval('"hero_reduce"."user_id_seq"'),'627350528250024.htm',0,'null','北京') ; INSERT INTO "JobPosition" ("UserId","Name","Address","Title","Salary","Description")
                          VALUES(currval('"hero_reduce"."user_id_seq"'),'627350528250024.htm','北京','手机软件开发工程师','','岗位职责 a)Android平台应用软件开发； b)Androidapp的java代码优化，内存使用、线程使用优化，app性能优化，电池续航时间的优化。 岗位要求： a)具备扎实的java编程基础； b)30周岁以下，有2年以上Android开发经验，熟悉Android SDK，并且开发过1~2款成熟产品； c)熟悉Android下电话、信息、数据库等运行原理，对JNI/NDK有研究者优先； d)熟悉Android下网络通信机制，对Socket通信、TCP/IP和HTTP有较深刻的理解和经验，有网络编程经验； e)具备良好的沟通能力和优秀的团队协作能力。                                                                           职位联系方式                                                       公司名称：北京奇诺时光科技有限公司 公司地址：北京市海淀区知春路27号量子芯座1805  公司主页：www.gamecino.com                                                          查看职位地图') ;
COMMIT;
INSERT INTO "User" ("Name","UserType","CreatedDatetime","UpdatedDatetime","Enabled")
                              VALUES ('146232554251593.htm',4,clock_timestamp(),clock_timestamp(),'t') ;
INSERT INTO "ZhilianUser" ("UserId","NickName","Type","Sex","City" ) VALUES(currval('"hero_reduce"."user_id_seq"'),'146232554251593.htm',0,'null','北京-通州区') ; INSERT INTO "JobPosition" ("UserId","Name","Address","Title","Salary","Description")
                          VALUES(currval('"hero_reduce"."user_id_seq"'),'146232554251593.htm','北京-通州区','移动互联网开发','','职位描述： -从事Android平台的客户端软件开发； -从事Android智能手机平台应用软件的分析、设计、编码和测试； -从事与智能手机应用相关的技术研究； 岗位要求：  1、计算机、通信、电子等相关专业本科以上学历； 2、3年以上Android平台开发经验； 3、5年以上Java开发经验； 4、手机视频拍摄与传输开发经验；5、精通Android手机软件架构，熟悉Android平台软件开发和API调用； 6、熟悉基本软件开发流程，了解Clear Case/Clear Quest/UML等开发工具； 7、熟悉HTTP、TCP/IP通讯协议；熟悉视频和3G技术； 8、熟悉面向对象编程，图形界面开发； 9、具有良好的沟通能力、团队合作精神、能承担工作压力；                                                                           职位联系方式                                                       公司名称：北京世纪睿科系统技术有限公司 公司地址：北京市通州区次渠 光机电一体化产业基地 嘉创路10号 枢密院 (公交站名：北神树西口，公司提供通勤班车）  传真： 公司主页：http://www.css-group.net/') ;
COMMIT;
INSERT INTO "User" ("Name","UserType","CreatedDatetime","UpdatedDatetime","Enabled")
                              VALUES ('134672962251892.htm',4,clock_timestamp(),clock_timestamp(),'t') ;
INSERT INTO "ZhilianUser" ("UserId","NickName","Type","Sex","City" ) VALUES(currval('"hero_reduce"."user_id_seq"'),'134672962251892.htm',0,'null','北京-海淀区') ; INSERT INTO "JobPosition" ("UserId","Name","Address","Title","Salary","Description")
                          VALUES(currval('"hero_reduce"."user_id_seq"'),'134672962251892.htm','北京-海淀区','互联网软件工程师','','开发和维护公司Android手机项目源代码，满足软件产品需求，并持续保持更新和升级  工作内容：1、基于Android平台开发； 2、负责Android平台代码编写与维护； 3、按要求提交可执行文件、源代码、设计文档； 4、产品的代码质量负责；5、app 上线和维护更新。  任职条件：1、计算机或相关专业本科以上学历；2、具备扎实的编程基础，良好的编程习惯；3、熟悉JAVA，C/C++，熟练阅读Android 技术资料；4、熟练使用eclipse；5、有1年以上Android开发经验，熟悉Android SDK，并且独立开发过1-2款成熟产品；6、了解Android后台服务，可开发各类消息通知类应用；7、熟悉Map API，可开发LBS相关应用；8、熟悉Android下网络通信机制，对Socket通信、TCP/IP和HTTP有较深刻的理解和经验，有网络编程经验（有开发网络私有协议经验者优先）；9、具有较丰富的Android程序调试经验，有独立分析和解决问题的能力；10、了解Android各个市场发布流程，可协助发布Android应用程序；11、具备高度的责任心、工作态度认真、踏实的工作作风、愿意授受挑战性工作，能够高效及时完成工作；12、具备良好的沟通能力和优秀的团队协作能力。                                                                           职位联系方式                                                       公司名称：英才网联（北京）科技有限公司 公司地址：北京市海淀区中关村南大街12号  传真：010-62111188 公司主页：www.800hr.com                                                          查看职位地图') ;
COMMIT;
INSERT INTO "User" ("Name","UserType","CreatedDatetime","UpdatedDatetime","Enabled")
                              VALUES ('647960625250002.htm',4,clock_timestamp(),clock_timestamp(),'t') ;
INSERT INTO "ZhilianUser" ("UserId","NickName","Type","Sex","City" ) VALUES(currval('"hero_reduce"."user_id_seq"'),'647960625250002.htm',0,'null','北京') ; INSERT INTO "JobPosition" ("UserId","Name","Address","Title","Salary","Description")
                          VALUES(currval('"hero_reduce"."user_id_seq"'),'647960625250002.htm','北京','手机软件开发工程师','','公司提供有竞争力的薪酬待遇和完善的社会保障体系。弹性工作时间和人性化的管理理念是我公司一直坚持的经营原则。 岗位职责：1、负责LED照明，智能家居系统中控制界面的设计、开发、测试等；控制设备包括安卓手机/平板电脑，苹果手机/平板电脑等；2.根据产品需求完成需求分析、应用架构设计、模块设计、编码、真机测试工作3.能按照项目计划，按时提交高质量的代码，完成开发任务4.改善软件的易用性，提升用户使用体验5.按照开发规范及计划日程要求完成项目的代码实现以及必须的单元测试6、负责产品技术资料的整理，协助说明书的制作；7、协同智能系统中其它部门共同开发、调试。 职位要求：1.扎实的JAVA基础，精通JAVA语言开发，1年以上android开发经验，独立开发过android下的应用程序并上线者优先，熟悉流媒体、XMPP优先2.熟悉Android程序设计，熟练掌握常用Android API，了解Android系统体系结构3.熟悉Android网络通信机制，对Socket通信、TCP/IP和HTTP/HTTPS协议、Sqlite数据库有一定的理解和经验4.了解基本数据层传输协议5.熟悉HTTP JSON GPS 等的应用经验6.良好的编码习惯，擅于技术文档撰写，良好的沟通能力及团队合作精神7.较强的自学能力和独立解决难题的能力，工作态度积极主动，责任心强 8.拥有智能家居相关经验者优先                                                                           职位联系方式') ;
COMMIT;
INSERT INTO "User" ("Name","UserType","CreatedDatetime","UpdatedDatetime","Enabled")
                              VALUES ('140434596250229.htm',4,clock_timestamp(),clock_timestamp(),'t') ;
INSERT INTO "ZhilianUser" ("UserId","NickName","Type","Sex","City" ) VALUES(currval('"hero_reduce"."user_id_seq"'),'140434596250229.htm',0,'null','北京-海淀区') ; INSERT INTO "JobPosition" ("UserId","Name","Address","Title","Salary","Description")
                          VALUES(currval('"hero_reduce"."user_id_seq"'),'140434596250229.htm','北京-海淀区','软件工程师','','岗位职责： 1、负责Android智能终端领域应用研发； 2、撰写技术实现文档，参与技术方案验证； 3、配合设计和测试团队完成软件用户体验、运行及通信速度、功能等方面的改进及提升； 4、验证并修复测试中发现的问题； 5、学习研究新技术以满足产品的需求； 6、配合市场等其他部门，提供产品相关技术支持；岗位要求： 1、三年以上工作经验，了解常用算法、数据结构和设计模式； 2、两年Android产品开发经验,熟悉相应架构,有扎实的Java语言基础； 3、熟悉Android开发技术，能独立开发高性能的Android应用； 4、熟悉Android开发工具和相关开发测试工具的使用； 5、有成功的Android产品经验并发布过应用者优先；6、熟悉android图形图像开发，有OpenGL开发经验者优先。 7、有C语言开发经验者，对android交叉编译，jni调用编写等有实际经验者优先。8、熟悉Android平台架构，有Android源码二次开发经验者优先；9、有C/C++开发经验者优先；有OpenGL开发经验者优先；10、学习能力强，有创造性思维能力，有较强分析和解决问题的能力；工作积极主动、敬业，有较强责任感；对移动互联网产业有浓厚的兴趣。                                                                           职位联系方式                                                       公司名称：北京远航通信息技术有限公司 公司地址：北京市海淀区上地三街9号金隅嘉华B座607  传真：82345136 公司主页：http://www.aero-com.cn                                                          查看职位地图') ;
COMMIT;
INSERT INTO "User" ("Name","UserType","CreatedDatetime","UpdatedDatetime","Enabled")
                              VALUES ('229077718258207.htm',4,clock_timestamp(),clock_timestamp(),'t') ;
INSERT INTO "ZhilianUser" ("UserId","NickName","Type","Sex","City" ) VALUES(currval('"hero_reduce"."user_id_seq"'),'229077718258207.htm',0,'null','北京') ; INSERT INTO "JobPosition" ("UserId","Name","Address","Title","Salary","Description")
                          VALUES(currval('"hero_reduce"."user_id_seq"'),'229077718258207.htm','北京','软件研发工程师','','岗位职责:1.	负责软件系统架构分析、完成Android产品研发；2.	按照规范的软件开发流程，完成Android平台手机软件的需求、设计、编码和测试工作；3.	参与制定设计及实现规范；4.	负责与产品经理、运营人员的沟通协调；  任职资格:1.	精通Android程序设计，熟悉SDK开发环境及相关开发工具，3年以上相关开发经验；2.	对新技术感兴趣，具备严格的项目时间观念，主动工作的工作意识；一定的自学能力，以及较好的逻辑思维分析和表达能力；3.	熟悉无线网络应用开发，精通Socket和Http网络接口编程；熟悉网络基本协议（如TCP/IP、HTTP等）内容及相关应用；4.	有社交、商城、团购App开发经验者优先考虑；5.	思路清晰，思维敏捷，快速的学习能力，良好的英文资料阅读能力；6.	能承担较大的工作压力，具备良好的沟通能力和团队合作精神；                                                                           职位联系方式                                                                                                                查看职位地图') ;
COMMIT;
INSERT INTO "User" ("Name","UserType","CreatedDatetime","UpdatedDatetime","Enabled")
                              VALUES ('196911813252783.htm',4,clock_timestamp(),clock_timestamp(),'t') ;
INSERT INTO "ZhilianUser" ("UserId","NickName","Type","Sex","City" ) VALUES(currval('"hero_reduce"."user_id_seq"'),'196911813252783.htm',0,'null','北京-通州区') ; INSERT INTO "JobPosition" ("UserId","Name","Address","Title","Salary","Description")
                          VALUES(currval('"hero_reduce"."user_id_seq"'),'196911813252783.htm','北京-通州区','高级软件工程师','','Android开发工程师岗位职责：1. 3年以上Android应用开发经验2. 负责Android手机、平板终端软件的产品开发与维护3. 独立完成Android软件开发，验证和修正测试中发现的问题4. 基于产品设计，根据策划提出的需求进行应用的实现，按时提交高质量的代码，完成开发任务                                                                           职位联系方式                                                       公司名称：北京腾信软创科技有限公司 公司地址：北京市海淀区苏州街79号金洲大厦4层  传真： 公司主页：www.suntray.com') ;
COMMIT;
INSERT INTO "User" ("Name","UserType","CreatedDatetime","UpdatedDatetime","Enabled")
                              VALUES ('350293611250041.htm',4,clock_timestamp(),clock_timestamp(),'t') ;
INSERT INTO "ZhilianUser" ("UserId","NickName","Type","Sex","City" ) VALUES(currval('"hero_reduce"."user_id_seq"'),'350293611250041.htm',0,'null','北京-朝阳区') ; INSERT INTO "JobPosition" ("UserId","Name","Address","Title","Salary","Description")
                          VALUES(currval('"hero_reduce"."user_id_seq"'),'350293611250041.htm','北京-朝阳区','游戏设计/开发','','岗位职责：1、负责 Android产品线的 设计，开发；2、负责优化客户端软件的模块结构和流程逻辑；3、负责优化客户端软件相关产品适配，升级；4、参与与其他团队的沟通协调。任职资格：1、大学本科毕业，计算机相关专业，二年以上Android产品研发经验；2、熟悉Android OS系统体系结构，对Android应用结构有深刻的认识，熟悉Android平台UI设计，熟悉常用布局；3、有扎实的Java语言基础，熟悉Android开发技术，开发工具；4、熟悉TCP/IP、HTTP等协议，能熟练进行多线程环境下网络和数据库编程；5、熟悉面向对象的软件设计方法及模式，具备良好的代码编程习惯及较强的文档编写能力6、备良好的沟通能力和优秀的团队协作能力；诚恳、踏实、谨慎细致，对工作充满热情，优秀的学习能力，具有良好的自律意识和上进心；7、有实际的Android项目开发经验，至少参加过一个完整的商业级手机应用开发项目。                                                                            职位联系方式                                                       公司名称：北京芝兰玉树科技有限公司公司地址：北京市朝阳区北四环东路133号嘉华大厦 公司主页：www.slanissue.com                                                          查看职位地图') ;
COMMIT;
INSERT INTO "User" ("Name","UserType","CreatedDatetime","UpdatedDatetime","Enabled")
                              VALUES ('65697992590250013000.htm',4,clock_timestamp(),clock_timestamp(),'t') ;
INSERT INTO "ZhilianUser" ("UserId","NickName","Type","Sex","City" ) VALUES(currval('"hero_reduce"."user_id_seq"'),'65697992590250013000.htm',0,'null','北京-海淀区') ; INSERT INTO "JobPosition" ("UserId","Name","Address","Title","Salary","Description")
                          VALUES(currval('"hero_reduce"."user_id_seq"'),'65697992590250013000.htm','北京-海淀区','手机软件开发工程师','','我们是一个优秀的团队，欢迎每一位有梦想的人员加入！加入我们，看见你的光芒！职位描述： 1. 负责Android手机、平板终端软件的产品开发与维护； 2. 有浏览器/AR/手机资源/下载/内容、应用分发经验优先; 3. 参与产品需求分析并参与技术实施方案设计； 4. 编写相应模块的设计文档，独立完成编码及单元测试； 5. 能够深度关注和理解业务，推动产品经理、运营等各业务方对产品和业 务的持续提升和突破，参与其中的决策和判断。 职位要求： 1. 大专及以上学历，计算机、通信、电子类相关专业毕业。 2. 两年以上基于Android平台应用软件开发经验或者多个项目经验，能独 立承担开发任务。 3. 了解项目相关的开发，测试，实施等流程和文档标准；良好的技术知识 和背景； 4. 学习能力强，沟通，有团队合作精神；                                                                            职位联系方式                                                      公司名称：北京龙校联盟教育科技有限公司公司地址：北京市海淀区海淀南路30号 传真：公司主页：http://cmshtml.at.juren.com/longxiao/                                                          查看职位地图') ;
COMMIT;
INSERT INTO "User" ("Name","UserType","CreatedDatetime","UpdatedDatetime","Enabled")
                              VALUES ('567357526250317.htm',4,clock_timestamp(),clock_timestamp(),'t') ;
INSERT INTO "ZhilianUser" ("UserId","NickName","Type","Sex","City" ) VALUES(currval('"hero_reduce"."user_id_seq"'),'567357526250317.htm',0,'null','北京') ; INSERT INTO "JobPosition" ("UserId","Name","Address","Title","Salary","Description")
                          VALUES(currval('"hero_reduce"."user_id_seq"'),'567357526250317.htm','北京','软件工程师','','岗位职责：1、开发和维护移动设备客户端，基于android系统的智能手机和平板电脑设备的应用；2、验证和修改测试中发现的问题；3、学习和研究新技术以满足产品的需求；4、负责Android 平台的软件产品的设计与开发，能独立承担相关APP的开发。任职要求:1、二年以上计算机互联网工作经验；2、一年以上Android平台开发经验，良好的Java技术功底，3、熟悉Android系统体系结构、应用开发框架、底层库及Android SDK，能独立开发Android应用；4、有手机终端软件设计和规划能力；5、熟悉Android开发技术，包括UI、布局、通信机制、多线程、JSON、XML等；6、具备良好的编程习惯，有较强独立解决问题的能力，有一定的文档撰写能力。九点动力为您提供：1、极具竞争力的薪酬标准体系：高起点基本薪资+高额提成+绩效薪资+奖金+报销补助2、完备的社会保险、保障福利：医疗、养老、失业、工伤、生育保险及住房公积金，带薪年假，法定假日，不定期员工活动；3、规范的人才培养、培训计划：岗位培训、日常培训、专业培训；4、开放的薪酬、职位提升制度：科学开放的薪酬提升时间办法、职位提升空间。期待你的加入！                                                                            职位联系方式                                                      公司名称：北京九点动力网络技术有限公司公司地址：北京市海淀区苏州街长远天地B2座16F 传真：公司主页：www.jiudiandongli.com') ;
COMMIT;
INSERT INTO "User" ("Name","UserType","CreatedDatetime","UpdatedDatetime","Enabled")
                              VALUES ('564664322250026.htm',4,clock_timestamp(),clock_timestamp(),'t') ;
INSERT INTO "ZhilianUser" ("UserId","NickName","Type","Sex","City" ) VALUES(currval('"hero_reduce"."user_id_seq"'),'564664322250026.htm',0,'null','北京') ; INSERT INTO "JobPosition" ("UserId","Name","Address","Title","Salary","Description")
                          VALUES(currval('"hero_reduce"."user_id_seq"'),'564664322250026.htm','北京','高级软件工程师','15001-25000','1、两年以上Android平台开发经验，精通Android开发平台及框架原理，有比较丰富的android手机适配经验； 2、了解操作系统原理，掌握常见的数据结构和算法，熟练掌握java语言，对数据结构有深入的理解，有好的编程习惯； 3、精通多线程，android下网络通信机制，对Socket通信，TCP/IP和HTTP有较深刻理解和经验； 4、理解面向对象设计的基本原则，熟悉常用的设计模式； 5、有一定C、C++开发经验者优先；6、需要有独立开发的软件案例演示；7、学习能力强，思维敏捷,喜欢钻研、工作认真踏实、有责任心，沟通能力强，具有良好的团队合作精神；8、面试请携带书面简历和可以展示的作品或DEMO。                                                                           职位联系方式                                                      公司主页：http://www.tan8.com/  公司名称：北京趣乐科技有限公司  公司地址：北京朝阳区瑞普大厦C座1606  乘车路线：地铁5号线北苑路北站下车，B口出向北走200米到十字路口右转，向东步行500米即到（百度导航地图，搜索“瑞普大厦”）                                                          查看职位地图') ;
COMMIT;
INSERT INTO "User" ("Name","UserType","CreatedDatetime","UpdatedDatetime","Enabled")
                              VALUES ('597311429250017.htm',4,clock_timestamp(),clock_timestamp(),'t') ;
INSERT INTO "ZhilianUser" ("UserId","NickName","Type","Sex","City" ) VALUES(currval('"hero_reduce"."user_id_seq"'),'597311429250017.htm',0,'null','北京-朝阳区') ; INSERT INTO "JobPosition" ("UserId","Name","Address","Title","Salary","Description")
                          VALUES(currval('"hero_reduce"."user_id_seq"'),'597311429250017.htm','北京-朝阳区','手机软件开发工程师','','职位：Android手机客户端开发职位要求：1. 2年以上Android平台开发经验2. 3年以上的Java平台开发经验；3. 精通Java语言，熟练使用eclipse及ADT；4. 了解Android应用系统架构；5. 了解常用设计模式；6. 有Android应用程序项目经验7. 精通linux与C/C++开发者优先考虑                                                                             职位联系方式                                                      公司名称：北京中电浩威科技有限公司公司地址：朝阳区北苑路13号领地office C座702室 传真：公司主页：http://www.broadpower.cn                                                          查看职位地图') ;
COMMIT;
INSERT INTO "User" ("Name","UserType","CreatedDatetime","UpdatedDatetime","Enabled")
                              VALUES ('641807827250146.htm',4,clock_timestamp(),clock_timestamp(),'t') ;
INSERT INTO "ZhilianUser" ("UserId","NickName","Type","Sex","City" ) VALUES(currval('"hero_reduce"."user_id_seq"'),'641807827250146.htm',0,'null','北京-朝阳区') ; INSERT INTO "JobPosition" ("UserId","Name","Address","Title","Salary","Description")
                          VALUES(currval('"hero_reduce"."user_id_seq"'),'641807827250146.htm','北京-朝阳区','移动互联网开发','','任职资格：1、2年以上Android开发经验；2、精通Android开发，精通Java，精通面向对象设计；3、熟悉Android软件开发、测试及分发流程；4、熟悉Unix/Linux操作系统原理、常用工具；5、全面的软件知识结构（操作系统、软件工程、设计模式、数据结构、数据库系统、网络安全）；6、具备良好的分析解决问题能力，能独立承担任务和有系统进度把控能力；7、具备创业热情，抗压能力强。现在加入友友租车，你将获得：1、个人能力的提升：完善的培训体系、国内优秀人士组建的团队满足你自我成长的需求。在这里你的业务能力、领导能力、创业能力都将得到全面的发展和提升。2、自我价值的实现：无论职位大小、高低，只要有才华，有干劲，就有机会成为专业大拿，或者成为部门leader进而走进高级管理层。3、有竞争力的薪酬：高于业内平均水平的工资，丰厚的奖金以及完成逆袭的骨干员工股份期权。4、诱人的员工福利：专属的生日派对、节日礼物，我们共同祝贺你的快乐和幸福。5、舒适的办公环境：简洁明亮的办公环境，舒适柔软的皮质沙发，工作累了还可以在沙发上小憩。6、平等的沟通环境：轻松平等的沟通环境，CEO和你一起探讨工作、分享生活。                                                                            职位联系方式                                                      公司名称：友友租车公司地址：朝阳区十里堡 传真：公司主页：') ;
COMMIT;
INSERT INTO "User" ("Name","UserType","CreatedDatetime","UpdatedDatetime","Enabled")
                              VALUES ('678015129250011.htm',4,clock_timestamp(),clock_timestamp(),'t') ;
INSERT INTO "ZhilianUser" ("UserId","NickName","Type","Sex","City" ) VALUES(currval('"hero_reduce"."user_id_seq"'),'678015129250011.htm',0,'null','北京-朝阳区') ; INSERT INTO "JobPosition" ("UserId","Name","Address","Title","Salary","Description")
                          VALUES(currval('"hero_reduce"."user_id_seq"'),'678015129250011.htm','北京-朝阳区','软件工程师','10001-15000','必备：- 至少完整经历过一个Android应用产品的开发- 熟悉Android系统以及SDK，具备完备基础知识- 熟悉 Unix / Linux 环境- 熟悉至少一种数据库- 有独立钻研移动领域新技术的热情和能力 加分：- 玩过 Python / node.js / Go / Ruby / R 其中一种- 开源项目参与者 ##简历投递 - hr@kuaikuaiyu.com- 烦请附上 Github / Blog 链接                                                                           职位联系方式                                                       公司名称：乐享在线科技(北京)有限公司 公司地址：朝阳区朝阳路8号朗廷大厦2单元12层1219  传真： 公司主页：http://www.kuaikuaiyu.com/index.html                                                          查看职位地图') ;
COMMIT;
INSERT INTO "User" ("Name","UserType","CreatedDatetime","UpdatedDatetime","Enabled")
                              VALUES ('000016520263928.htm',4,clock_timestamp(),clock_timestamp(),'t') ;
INSERT INTO "ZhilianUser" ("UserId","NickName","Type","Sex","City" ) VALUES(currval('"hero_reduce"."user_id_seq"'),'000016520263928.htm',0,'null','北京') ; INSERT INTO "JobPosition" ("UserId","Name","Address","Title","Salary","Description")
                          VALUES(currval('"hero_reduce"."user_id_seq"'),'000016520263928.htm','北京','手机软件开发工程师','','岗位职责:1.重点负责移动广告Android产品研发；2.优化和迭代已有产品软件的模块结构和流程逻辑；3.跟进Android的新技术发展，对新技术进行学习、研究和应用；4.参与产品的设计和改进；5.配合项目经理完成相关任务目标。  任职资格:1.一年以上Android平台开发经验；2.熟练掌握java技术，熟悉面向对象编程设计，具备扎实的编程基础；3.熟悉Android应用开发框架及Activity生命周期、熟悉Android UI/Framework开发，熟练使用Android SDK、熟练使用SQLite数据库；4.熟悉Android各种widget组件，能根据项目要求开发自定义控件；5.熟悉Android下网络通信机制，对Socket通信、TCPIP、http和Xmpp有一定理解和经验；6.工作积极主动，有较强责任感和严谨工作作风；7. 能快速学习使用新技术，有创造性思维能力。') ;
COMMIT;
INSERT INTO "User" ("Name","UserType","CreatedDatetime","UpdatedDatetime","Enabled")
                              VALUES ('575891224250083.htm',4,clock_timestamp(),clock_timestamp(),'t') ;
INSERT INTO "ZhilianUser" ("UserId","NickName","Type","Sex","City" ) VALUES(currval('"hero_reduce"."user_id_seq"'),'575891224250083.htm',0,'null','北京-朝阳区') ; INSERT INTO "JobPosition" ("UserId","Name","Address","Title","Salary","Description")
                          VALUES(currval('"hero_reduce"."user_id_seq"'),'575891224250083.htm','北京-朝阳区','手机软件开发工程师','','工作职责：	1、依据产品需求独立完成Android移动应用开发	2、能独立进行Android应用功能的开发、调试、发布	3、参与项目实施和维护过程中的相关支持工作任职要求：	1、计算机及相关专业本科以上学历，具备1年以上Android开发经验	2、熟悉Android体系结构，并精通Android开发平台及框架原理，熟练掌握Eclipse或IntelliJ等IDE	3、对Socket通信和HTTP通信有较深刻的理解，具有网络编程经验	4、熟悉TCP/UDP/HTTP/SOCKET等网络协议，以及xml/json等数据传输格式	5、精通常用软件架构模式，UML熟悉各种算法与数据结构，多线程，网络编程（Socket，HTTP/Webservice）等	6、熟悉JAVA的多线程编程，熟悉Android下线程与线程，进程与进程间的通信机制	7、能够按照美工效果图实现UI界面开发	8、至少有1-2个上线产品正式运行                                                                            职位联系方式                                                      公司名称：蓝凌(北京)科技有限公司公司地址：北京市朝阳区朝阳路财满街财经中心67号9号楼2单元1103室 传真：公司主页：http://www.bloveambition.com/                                                          查看职位地图') ;
COMMIT;
INSERT INTO "User" ("Name","UserType","CreatedDatetime","UpdatedDatetime","Enabled")
                              VALUES ('199013411252276.htm',4,clock_timestamp(),clock_timestamp(),'t') ;
INSERT INTO "ZhilianUser" ("UserId","NickName","Type","Sex","City" ) VALUES(currval('"hero_reduce"."user_id_seq"'),'199013411252276.htm',0,'null','北京') ; INSERT INTO "JobPosition" ("UserId","Name","Address","Title","Salary","Description")
                          VALUES(currval('"hero_reduce"."user_id_seq"'),'199013411252276.htm','北京','互联网软件工程师','','能力要求： 1. 有扎实的JAVA基础，精通Android sdk； 2、熟悉Android开发平台及框架原理，三年以上Android实际开发经验； 3、有实际的基于Android的项目开发经验及管理经验，能独立开发高性能的Android应用； 4、熟悉Android程序设计，了解Android sdk及相关开发工具的使用；   职责范围： 主要负责公司APP产品的统计SDK Android版本开发和测试 配合移动部门完成嵌入统计SDK，添加统计签的工作，以及后续统计签测试和数据校验工作。                                                                             职位联系方式                                                                                                                 查看职位地图') ;
COMMIT;
INSERT INTO "User" ("Name","UserType","CreatedDatetime","UpdatedDatetime","Enabled")
                              VALUES ('607991625250043.htm',4,clock_timestamp(),clock_timestamp(),'t') ;
INSERT INTO "ZhilianUser" ("UserId","NickName","Type","Sex","City" ) VALUES(currval('"hero_reduce"."user_id_seq"'),'607991625250043.htm',0,'null','北京') ; INSERT INTO "JobPosition" ("UserId","Name","Address","Title","Salary","Description")
                          VALUES(currval('"hero_reduce"."user_id_seq"'),'607991625250043.htm','北京','移动互联网开发','','工作职责：负责产品客户端的开发工作；负责客户端程序结构的总体设计和概要设计工作；任职要求：有智能客户端开发经验，精通java；精通android手机应用开发，能独立完成设计和编码；熟练使用sqlite数据库；有基于位置的APP研发经验和设计地图类应用的开发经验优先；了解SVN，敏捷开发等质量管理工具和管理方法；具有良好的沟通内，工作认真负责，有团队合作精神。                                                                            职位联系方式                                                      公司名称：北京蓝犀牛信息技术有限公司公司地址：北京市朝阳区西大望路17号八王坟客运中心阿尔萨办公楼 传真：公司主页：http://www.lanxiniu.cn/') ;
COMMIT;
INSERT INTO "User" ("Name","UserType","CreatedDatetime","UpdatedDatetime","Enabled")
                              VALUES ('201850025250817.htm',4,clock_timestamp(),clock_timestamp(),'t') ;
INSERT INTO "ZhilianUser" ("UserId","NickName","Type","Sex","City" ) VALUES(currval('"hero_reduce"."user_id_seq"'),'201850025250817.htm',0,'null','北京-东城区') ; INSERT INTO "JobPosition" ("UserId","Name","Address","Title","Salary","Description")
                          VALUES(currval('"hero_reduce"."user_id_seq"'),'201850025250817.htm','北京-东城区','高级软件工程师','','工作职责：1.负责Android客户端各功能模块开发；2.负责优化客户端软件的模块结构和流程逻辑；3.解决开发过程中的问题或难点；4.验证和修正测试中发现的问题；5.技术预研；6.产品上线后的迭代和维护；任职要求：1.精通c/c++,java语言;扎实的java语言基础；2.专科以上学历,3年以上Android平台软件开发经验(有游戏经验优先)；3.良好的内存管理能力,良好的逻辑处理能力；4.具有良好的表达、交流和沟通能力，有团队合作意识；5.学习能力强，具有良好的分析问题和解决问题的能力，勇于面对挑战性问题；6.能独立承担项目。                                                                            职位联系方式                                                      公司名称：机锋网公司地址：北京市东城区朝阳门内大街 朝阳门SOHO 12层 传真：85197387公司主页：http://www.gfan.com                                                          查看职位地图') ;
COMMIT;
INSERT INTO "User" ("Name","UserType","CreatedDatetime","UpdatedDatetime","Enabled")
                              VALUES ('356672214250861.htm',4,clock_timestamp(),clock_timestamp(),'t') ;
INSERT INTO "ZhilianUser" ("UserId","NickName","Type","Sex","City" ) VALUES(currval('"hero_reduce"."user_id_seq"'),'356672214250861.htm',0,'null','北京-朝阳区') ; INSERT INTO "JobPosition" ("UserId","Name","Address","Title","Salary","Description")
                          VALUES(currval('"hero_reduce"."user_id_seq"'),'356672214250861.htm','北京-朝阳区','证券分析/金融研究','','岗位职责：1、 负责公司各类基金项目相关资料的搜集及基金产品的方案设计；2、对项目进行包装，设计产品，撰写推介材料和《基金募集说明书》等；3、参与投资项目的调研和评价，根据调研及分析结果撰写可行性投资报告及《商业计划书》；4、负责论证基金产品投资策略、业务方案的可行性；5、完成领导安排的其他事项。 任职条件：1、25-35本科以上学历，硕士优先考虑，经济、金融、法律、中文、项目管理等相关专业；2、具有2年以上金融及投资行业工作经验，有基金、券商、信托、投行工作经验者优先；3、熟悉PE股权投资及基金管理相关知识，熟悉国家金融政策、法规及有关理财产品知识；4、熟悉基金设立流程及相关文件，对市场及各类金融产品有深入了解；5、具有较强的团队协调、合作能力，工作有条理性、细致、认真、有责任心。                                                                           职位联系方式                                                       公司名称：北京吉磊创业投资有限公司 公司地址：北京市朝阳区东三环中路1号环球金融中心办公楼西楼5层4-5号单元  传真：010-56767790 公司主页：http//:www.jileivc.com') ;
COMMIT;
INSERT INTO "User" ("Name","UserType","CreatedDatetime","UpdatedDatetime","Enabled")
                              VALUES ('308482517250158.htm',4,clock_timestamp(),clock_timestamp(),'t') ;
INSERT INTO "ZhilianUser" ("UserId","NickName","Type","Sex","City" ) VALUES(currval('"hero_reduce"."user_id_seq"'),'308482517250158.htm',0,'null','北京-朝阳区') ; INSERT INTO "JobPosition" ("UserId","Name","Address","Title","Salary","Description")
                          VALUES(currval('"hero_reduce"."user_id_seq"'),'308482517250158.htm','北京-朝阳区','其他','','1、本科及以上学历，有金融、经济、财务管理或理工类相关专业的教育背景；2、具有丰富的证券业务知识及实践经验，具备较强的证券分析能力、操盘能力和风险管理能力，历史业绩良好（管理的资金规模不低于1亿元）；3、熟悉股票市场及运作特点，投资思路清晰；具有深厚的行业与公司投资研究经验，具备扎实的理论功底和较强的财务分析能力，具有敏锐的市场洞察力和信息编辑能力，文笔流畅；4、具有良好的职业操守，诚实正直，有较强的执行力、沟通能力、团队协调能力以及保密意识；5、具备证劵投资分析从业资格；6、大机构从业经验者优先。l 岗位职责：1、全面负责证券投资日常管理工作，建立和完善证券投资流程；2、关注并跟踪宏观经济重大事件、行业政策、上市公司经营动态并对其特征进行分析，提出投资策略，实现投资目标； 3、负责公司的证券投资研究，对公司的股票池进行日常维护、更新，组织投资研讨会；4、对目标上市公司进行调研，为投资决策提供支持；5、根据目前投资状况，结合即时的金融信息做出精确的分析和判断；6、对公司未来的中长线投资做出合理规划。                                                                           职位联系方式                                                       公司名称：北京华茂瑞成投资管理有限公司 公司地址：朝阳区双井乐成中心A座27层  传真： 公司主页：                                                          查看职位地图') ;
COMMIT;
INSERT INTO "User" ("Name","UserType","CreatedDatetime","UpdatedDatetime","Enabled")
                              VALUES ('649699228254111.htm',4,clock_timestamp(),clock_timestamp(),'t') ;
INSERT INTO "ZhilianUser" ("UserId","NickName","Type","Sex","City" ) VALUES(currval('"hero_reduce"."user_id_seq"'),'649699228254111.htm',0,'null','北京-东城区') ; INSERT INTO "JobPosition" ("UserId","Name","Address","Title","Salary","Description")
                          VALUES(currval('"hero_reduce"."user_id_seq"'),'649699228254111.htm','北京-东城区','证券分析/金融研究','10000-15000','【职位描述】 交易——游走在投资与投机之间，徜徉于现实与理想之巅，融汇于艺术与技术之湾，它是人类社会对于资金和心理博弈的最直接体现，完美的展现了灵长类之魂创造与行动的宣言，是你实现人生理想的最后一环。 你是否对交易存在浓厚兴趣呢？是否苦于徘徊在交易之河的彼岸而寻不见前路呢？现在机会来到了你的面前 -- 北京融控资本管理有限公司愿意提供免费的培训，带你横越财务自由的天堑，来到人生梦想的顶端。我们有专业的交易团队手把手带你走进交易市场。希望对金融行业有兴趣的你积极与我们电话或邮件联系，了解公司情况，招聘情况及与工作有关的相关问题。 注   无需外出寻找客户，只需操作公司账户即可        【职位要求】  1、年龄20～50之间、性别不限  2、中专以上学历（包括中专学历）,培训期间有大量的空余时间，对金融知识感兴趣；  3、有很强的执行力和自制力，日常生活作息规律；  4、有较强的学习能力，对于新知识有较强的接受能力；  5、心理稳定，耐心细致，有责任心，具有保密意识； 6、对于基础薄弱或无经验者有专业的入职培训。（有交易经验者可直接联系面谈）        【岗位职责】 1、正式成为公司的员工之后，负责公司指定账户的资金运作，在稳定盈利的基础之上会逐步增加操作资金。 2、以稳定且合理的交易方式为前提，及时交易，每月完成公司规定的盈利目标，并在此基础上创造更多的盈利，以求盈利的最大化。 3、定期上交交易报告，报告时间每月一次。      【薪酬待遇】 理财规划师：10000底薪  + 提成30% + 五险一金 + 节假日福利 + 年终奖 资深理财规划师：15000底薪 + 提成40% + 五险一金 + 节假日福利 + 年终奖   联系人：莫经理    联系电话：13501391731  简历投递邮箱 ahr@rongkongziben.com    【注】  1、请各位求职者仔细、详细的阅读您投递的职位要求，公司将统一进行审核、通知，谢绝重复投递和未经预约的来访。 2、录用人员，公司将统一、全面的给予员工提供为期10天的、免费的、专业的、系统的岗前培训，培训时间（9：30--17:00）(周六、日休息)。  3、公司将全资为盘手提供资金支持，承担风险，同时也将为盘手提供明亮、优雅、舒适的工作环境，提升您的交易心情。节假日公司会不定期的组织外出活动及娱乐活动（费用公司全报销）培训期间公司会组织模拟比赛，在模拟练习期间为做的成绩优秀的学生给予物质奖励。 4、只需操作公司账户，无需外出寻找客户。                                                                           职位联系方式                                                      公司名称：融控(北京)资本管理有限公司  公司地址：北京市东城区建国门南大街7号万豪国际中心写字楼A座9层910号  公司网站：www.rongkongziben.com                                                          查看职位地图') ;
COMMIT;
INSERT INTO "User" ("Name","UserType","CreatedDatetime","UpdatedDatetime","Enabled")
                              VALUES ('190868816253252.htm',4,clock_timestamp(),clock_timestamp(),'t') ;
INSERT INTO "ZhilianUser" ("UserId","NickName","Type","Sex","City" ) VALUES(currval('"hero_reduce"."user_id_seq"'),'190868816253252.htm',0,'null','北京-朝阳区') ; INSERT INTO "JobPosition" ("UserId","Name","Address","Title","Salary","Description")
                          VALUES(currval('"hero_reduce"."user_id_seq"'),'190868816253252.htm','北京-朝阳区','证券分析/金融研究','','1、研究生（含）以上学历，金融相关专业，对统计分析精通；2、年龄30-40岁；3、英语口语熟练；4、有海外市场证券投资操盘3年以上经验，熟练美国、加拿大、日本、香港股市操盘；5、擅长股市基本面、技术面分析；符合以上条件的，可投递简历，不符合任意一条者，请勿投简历。                                                                           职位联系方式                                                       公司名称：加拿大希尔威金属矿业中国有限公司 公司地址：北京市朝阳区工人体育场东路甲2号中国红街大厦1号楼6层  传真： 公司主页：http://www.silvercorp.cn') ;
COMMIT;
INSERT INTO "User" ("Name","UserType","CreatedDatetime","UpdatedDatetime","Enabled")
                              VALUES ('466617419255931.htm',4,clock_timestamp(),clock_timestamp(),'t') ;
INSERT INTO "ZhilianUser" ("UserId","NickName","Type","Sex","City" ) VALUES(currval('"hero_reduce"."user_id_seq"'),'466617419255931.htm',0,'null','北京') ; INSERT INTO "JobPosition" ("UserId","Name","Address","Title","Salary","Description")
                          VALUES(currval('"hero_reduce"."user_id_seq"'),'466617419255931.htm','北京','股票/期货操盘手','6001-8000','工作内容：1.接受公司培训(带薪).(有经验者可不接受培训，详情面谈.)  2.部分初级交易员需要参加交易员晋级培训。每月一次。3.盯盘频率：每日交易时间至少5小时。4.高执行力：关注每次交易系统给出的进场，出场信号，并按照信号指示进行建仓，平仓操作。（交易系统会在培训期间给予指导。）5.交易报告：报告时间，每星期一。交易员需要在每个星期一上交一份交易报告，对上星期的盈利，亏损情况做错总结。如有大额（20%以上）的盈利或亏损，需要与其所在交易团队经理进行面谈。6.亏损总结：总结时间，每星期一次，要与交易报告一同上交。总结内容：对上星期所有亏损的交易作出客观总结。如因交易系统漏洞亏损为正常。如因个人情绪不稳定导致亏损，需要与其所在交易部经理进行面谈。 职位要求：年龄：20岁-40岁之间。性别：不限。学历：大专以上（包括大专），有交易经验者面谈。工作经验：不限。（70%的求职者均会得到面试的机会，面试通过后公司会予安排培训。）其它素质：1.对于金融行业有极高的兴趣。2.性格沉稳，情绪不易产生较大波动。3.有极强的时间观念。（交易员的工作性质对于时间和空间上没有要求，相对自由，需要自我约束。）4.对资金流动有较强的驾驭能力。5.能够尽量客观的看待事物的发展。 什么是操盘手：操盘——其实是一件非常具有艺术性的工作，它是市场的参与者基于对市场的认知、判断而进行的资金、心理博弈。操盘手中，大多性格沉稳，思维独立富有主见，言语缜密。这种性格很多并不是他们的本性，只不过是因为选择了这一职业的原因。守口如瓶是一个职业操盘手最起码的素质。由于动辄就要操纵上亿元的资金，一直以来，外界总有一种误解：成功的操盘手都是那些拥有高学位的名牌大学高材生，交易者必须绞尽脑汁才能获利。其实，操盘绝不是学术研究。  跟一般人想象的不同，操盘手每天的生活既不紧张也不神秘，更多的是需要细心，然后剩下的就是枯燥了，因为操作时整天都要盯着走势图。当然压力也很大，因为委托方不仅要求达到每个项目的利润最大化，还要求做到每个阶段利润的最大化。 对于没有交易经验，却对金融衍生品操作职位有兴趣者。公司愿意提供免费的培训。有专业的交易团队手把手带你走进交易市场。我们的培训交易团队有绝对的信心让你在培训期后，有自己的交易系统与理论，让你找到自己在交易市场的立足点。成为我公司的优秀交易员。希望对金融行业有兴趣的应聘者积极与我们的HR联系，了解公司情况，招聘情况及与工作有关的相关问题。 初级操盘手：    1.接受免费统一的学习培训和模拟训练；    2.成绩优秀的操盘手将逐步晋升为中级、高级操盘手；    3.级别越高，机会越多，收入越高。    4.有较强的学习能力、分析能力、风险控制能力。    5.年龄20至50之间，大专以上学历，有经验者优先。    6.爱岗敬业，诚实负责者优先录用。 待遇 : 3500 底薪 + 提成(20%-30%) + 节假日福利 + 年终奖 月薪可达4500元以上   中级操盘手：    1.有强烈的以交易为生，希望成为交易高手的意愿；    2.可承受较大心里压力，有很强的自我调控能力，纪律严格；    3.对公司资高度负责，严格执行安全控制；    4.以稳定盈利为最高目标。    5.热衷于金融行业的有经验人士，有意与国际经济及货币交易的最新理念保持一致水准，并关注全球外汇实时走势    6.敢于迎接挑战、能独立承受压力、完成公司交赋的工作任务    7.有很强的分析能力，擅长并酷爱操盘工作   8.具有自信、冷静、理智、果断、坚定、胆识等操盘手所要求具备的各项品质。待遇 : 8000 底薪 + 提成(20%-30%) + 节假日福利 + 年终奖 + 五险一金 月薪可达到8000-10000元   高级操盘手：      1.负责公司指定客户账户或配资账户的资金运作     2.分析行情，做出每日交易计划。     3.配合培训讲师完成新入司员工的实盘交易辅导。     4.把握市场机会，及时交易，确保账户达到稳定盈利，尽可能的达到利益最大化。     5.专业不限，经济类、理工类专业优先。     6.人品端正，谦虚好学，自信果敢。     7.有很强的数据运算能力及宏观经济数据分析能力。    8.熟悉双边市场，至少三年以上股票交易经验或一年以上双边市场交易经验。待遇 : 12000底薪 + 提成(20%-30%) + 节假日福利 + 年终奖 + 五险一金 月薪可达到2-3万元。 晋升步骤： 免费培训—评估—初级操盘手—中级操盘手—高级操盘手—培训讲师—交易经理—交易总监 职位优势:  本职位无工作时间、地点限制,能做网上交易即可，可在家操盘。灵活的晋升体系和广阔的发展空间，可兼职。  实习员工：  前期培训期视为实习，实习期满可成为公司正式员工，可开实习证明，培训期为连续十个工作日，周末双休，每日培训时间：早晨9:30至下午3:30。公司在培训期提供每日餐补及路费补助，并在第一个月的薪资里统一发放。 【注】： 1、请各位求职者仔细、详细的阅读您投递的职位要求，公司将统一进行审核、通知，谢绝重复投递。 2、操作资金均由公司提供，交易员不需承担风险。 录用人员，公司将统一、全面的给予员工提供为期10天的、免费的、专业的、系统的岗前带薪培训，培训时间（9：30--15：30）周六、日休息。正式入职后，培训薪资计入首月工资。 3、公司将全资为盘手提供资金支持，承担风险，同时也将为盘手提供明亮、优雅、舒适的工作环境，提升您的交易心情。节假日公司会不定期的组织外出活动及娱乐活动（费用公司全报销）培训期间公司会组织模拟比赛，在模拟练习期间为做的成绩优秀的学生给予物质奖励。     4、希望对金融行业有兴趣的应聘者积极与我们的HR联系，了解公司情况，招聘情况及与工作有关的相关问题。北京亿汇投资管理有限公司（诚聘，不产生任何费用）公司主页：WWW.BJ-YHTZ.COM公司地址：北京市朝阳区东三环中路25号住总大厦 1608 室。乘车路线：地铁10号线金台夕照站。人事主管：田经理联系电话：010-57473229（对职位有疑问或有兴趣者，请积极与HR联系）企业账户：kangmin@bj-yhtz.com                                                                           职位联系方式                                                      公司主页：WWW.BJ-YHTZ.COM公司地址：北京市朝阳区东三环中路25号住总大厦 1608 室。乘车路线：地铁10号线金台夕照站。人事主管：田经理联系电话：010-57473229（对职位有疑问或有兴趣者，请积极与HR联系）企业账户：') ;
COMMIT;
INSERT INTO "User" ("Name","UserType","CreatedDatetime","UpdatedDatetime","Enabled")
                              VALUES ('55004532290251722000.htm',4,clock_timestamp(),clock_timestamp(),'t') ;
INSERT INTO "ZhilianUser" ("UserId","NickName","Type","Sex","City" ) VALUES(currval('"hero_reduce"."user_id_seq"'),'55004532290251722000.htm',0,'null','北京-朝阳区') ; INSERT INTO "JobPosition" ("UserId","Name","Address","Title","Salary","Description")
                          VALUES(currval('"hero_reduce"."user_id_seq"'),'55004532290251722000.htm','北京-朝阳区','证券分析/金融研究','8001-10000','岗位职责： 1. 为公司的账户进行交易盈利； 2、每个月进行交易总结，即时准确汇报公司各项账户信息；3、时刻关注公司账户操作品种的价格变动和相关重要资讯；4、严格执行公司各项制度，，并定期整理交易数据，向上级领导账户分析结果；5、按照部门主管的要求进行技术和基本面规律的分析，进行数据的搜集或整理；6、配合其他部门有关工作；7、遵守公司的各项管理制度，承办领导交办的任务 任职资格： 无经验者，入职前接受公司专业岗前培训 1.中专及以上学历,金融专业优先2热爱交易、对金融经济知识感兴趣；3.有很强的执行力，自制力强；日常生活有规律、有计划；4.有较强的学习能力，新知识的接受能力；5.有较强的抗压能力；6.耐心细致，有责任心，具有保密意识； 工作时间： AM: 9:30  -- 12:00 PM: 13:30-- 17:50 薪资待遇与员工福利福利： 初级交易员：5000底薪 + 盈利提成20%  + 年终奖 中级交易员：10000底薪+ 提成30%+五险一金+年终奖  高级交易员：15000底薪+ 提成40%+五险一金+年终奖   1、面试通过者,公司给予员工为期10个工作日、免费的、专业的、系统的岗前培训，培训时间（9：30--15:00）周六、日休息。正式入职后，培训薪资计入首月工资。2.公司将全资为盘手提供资金支持（无需交付任何保证金），承担风险，同时也将为盘手提供明亮、优雅、舒适的工作环境，让您更快乐的工作。 对于没有任何金融从业经验的人员，在入职以后公司会有专业的岗前培训，以及会有前辈手把手教你如何熟悉工作。 希望对金融行业有兴趣的应聘者积极与我们的HR联系，了解公司情况，招聘情况及与工作有关的相关问题                                                                             职位联系方式                                                        公司名称：深圳市龙阳商务咨询有限公司北京第一分公司 公司地址：北京市朝阳区时间国际A座2601、2609室 公司主页：http://www.bj-lyjt.com 人事部电话：18210369802') ;
COMMIT;
INSERT INTO "User" ("Name","UserType","CreatedDatetime","UpdatedDatetime","Enabled")
                              VALUES ('675733624250129.htm',4,clock_timestamp(),clock_timestamp(),'t') ;
INSERT INTO "ZhilianUser" ("UserId","NickName","Type","Sex","City" ) VALUES(currval('"hero_reduce"."user_id_seq"'),'675733624250129.htm',0,'null','北京') ; INSERT INTO "JobPosition" ("UserId","Name","Address","Title","Salary","Description")
                          VALUES(currval('"hero_reduce"."user_id_seq"'),'675733624250129.htm','北京','证券分析/金融研究','','岗位职责： 1、熟悉金融市场，具备基本的金融知识和分析技巧。 2、负责为客户提供各种理财咨询、建议服务； 3、学习金融、经济新闻事件，了解市场行情的不断变化。 4、完成部门每天要求的学习任务以及工作任务。     任职要求： 1、18-25岁、五官端正，性格开朗，大专以上学历； 2、对金融行业有浓厚兴趣，金融、国际贸易，市场营销、工商管理等相关专业优先； 3、有良好的沟通能力，很好的亲和力和较强的人际交往能力； 4、守纪侓和行业规范，能接受严格专业培训，具有敬业精神及团队合作意识； 5、谦虚好学，思维敏捷、具有良好的心里素质。         联系方式 公司名称：北京金慧通投资管理有限公司 公司地址：北京市朝阳区建国路88号soho现代城A座2606 公司电话：010-53399075  公司邮箱：jht-hr@hotmail.com                                                                               职位联系方式                                                                                                                查看职位地图') ;
COMMIT;
INSERT INTO "User" ("Name","UserType","CreatedDatetime","UpdatedDatetime","Enabled")
                              VALUES ('675733624250131.htm',4,clock_timestamp(),clock_timestamp(),'t') ;
INSERT INTO "ZhilianUser" ("UserId","NickName","Type","Sex","City" ) VALUES(currval('"hero_reduce"."user_id_seq"'),'675733624250131.htm',0,'null','北京') ; INSERT INTO "JobPosition" ("UserId","Name","Address","Title","Salary","Description")
                          VALUES(currval('"hero_reduce"."user_id_seq"'),'675733624250131.htm','北京','证券分析/金融研究','','岗位职责 1、熟悉国际及国内金融市场，分析相关的行业信息数据,为客户提供投资建议 2、较强的行情把握能力和投资分析能力。 3、熟悉金融衍生品市场,能及时把握各方面信息,有敏锐的视角,独特的见解 4、为客户提供金融投资咨询，以及全球市场行情和评论，提供专业的投资分析报告； 5、接受客户咨询，辅导客户进行投资理财。 6、为投资者进行金融投资培训和操作指导及其他日常服务。   任职要求 1：18-30岁海外留学生、硕士以上学历 2：五官端正、性格开朗、思维敏捷、有良好的沟通与表达能力 3：熟悉国际金融交易体系、了解国际金融衍生品市场 4：金融、经济学或数学专业、有国际金融衍生品交易经验者优先； 5：热爱并喜欢从事金融行业，勤奋踏实，有远见卓识，并致力于伴随国内的金融市场逐渐发展。         联系方式 公司名称：北京金慧通投资管理有限公司 公司地址：北京市朝阳区建国路88号soho现代城A座2606 公司电话：010-53399075  公司邮箱：jht-hr@hotmail.com                                                                               职位联系方式                                                                                                                查看职位地图') ;
COMMIT;
INSERT INTO "User" ("Name","UserType","CreatedDatetime","UpdatedDatetime","Enabled")
                              VALUES ('675733624250132.htm',4,clock_timestamp(),clock_timestamp(),'t') ;
INSERT INTO "ZhilianUser" ("UserId","NickName","Type","Sex","City" ) VALUES(currval('"hero_reduce"."user_id_seq"'),'675733624250132.htm',0,'null','北京') ; INSERT INTO "JobPosition" ("UserId","Name","Address","Title","Salary","Description")
                          VALUES(currval('"hero_reduce"."user_id_seq"'),'675733624250132.htm','北京','股票/期货操盘手','','岗位职责： 1.负责公司指定客户账户或配资账户的资金运作。 2.具有丰富的市场分析能力，做出每日交易计划，熟练掌握各种分析工具。 3.配合培训讲师完成新入公司员工的实盘交易辅导。 4.把握市场机会，及时交易，确保账户达到持续稳定盈利，尽可能的达到利益最大化。     岗位要求： 1、热爱金融行业，对国内金融市场有独到的观点，良好的逻辑思路能力。 2、专业不限，经济类、理工类，或有相关培训经历、工作经验的优先。 3、人品端正，谦虚好学，自信果敢。 4、有很强的数据运算能力及宏观经济数据分析能力。 5、有稳定的盈利能力、专业的分析能力，熟悉基本面，技术面的各方面的知识。       联系方式 公司名称：北京金慧通投资管理有限公司 公司地址：北京市朝阳区建国路88号soho现代城A座2606 公司电话：010-53399075  公司邮箱：jht-hr@hotmail.com                                                                                职位联系方式                                                          公司名称：北京金慧通投资管理有限公司 公司地址：北京市朝阳区建国路88号soho现代城A座2606 公司电话：010-53399075  公司                                                            查看职位地图') ;
COMMIT;
INSERT INTO "User" ("Name","UserType","CreatedDatetime","UpdatedDatetime","Enabled")
                              VALUES ('649699228254113.htm',4,clock_timestamp(),clock_timestamp(),'t') ;
INSERT INTO "ZhilianUser" ("UserId","NickName","Type","Sex","City" ) VALUES(currval('"hero_reduce"."user_id_seq"'),'649699228254113.htm',0,'null','北京-东城区') ; INSERT INTO "JobPosition" ("UserId","Name","Address","Title","Salary","Description")
                          VALUES(currval('"hero_reduce"."user_id_seq"'),'649699228254113.htm','北京-东城区','证券分析/金融研究','6001-8000','乔治.索罗斯说：“你可以生于贫穷，但绝不能死于贫穷”祝贺所有关心金融市场的投资者，因为你们拥有一个不同于过去的投资时代！在这个世界上，有一群人，他们靠思考，靠信息，靠一个机会就获得终身的财富自由。他们相信：任何的财富，任何的创造，任何的奇迹都起源于一个观念，他们相信好的观念才能带来财富，财富的自由流动才能带来更大的财富。他们相信，唯有让财富进入互助圈，开始涌流，才能带来更加丰饶的财富。他们不用很努力，不用很辛苦，不用特别勤劳，关键是要懂得世界上最伟大的财富增长法则，那就是以互助的，多赢的，游戏的心态让财富流动，财富才会s裂变般的巨增，这就是交易员。【任职要求】1、热爱金融行业，有强烈的意愿进入金融投资领域，渴望成为金融职场中的精英一族；2、具有良好的自我学习能力与团队合作精神；3、具有良好的职业操守，有强烈的责任感；4、敢于挑战自我，勇于凭自己的努力和本领获得高收益。 【工作内容】1、为公司的账户进行交易盈利；2、每个月进行交易总结，即时准确汇报公司各项账户信息；3、时刻关注公司账户操作品种的价格变动和相关重要资讯；4、严格执行公司各项制度，并定期整理交易数据，向上级领导账户分析结果；5、按照部门主管的要求进行技术和基本面规律的分析，进行数据的搜集或整理；6、配合其他部门有关工作；7、遵守公司的各项管理制度，承办领导交办的其他工作。 【素质要求】1、大专以上学历,金融专业，培训期间有大量的空余时间；2、热爱交易、对金融经济知识感兴趣；3、有很强的执行力，自制力强；日常生活有规律、有计划；4、有较强的学习能力，新知识的接受能力；5、抗压能力；6、耐心细致，有责任心，具有保密意识；7、对于基础薄弱或者无经验者有专业的入职培训。8、公司提供良好的晋升机制，表现优异者每三个月进行登记评定。 【职位待遇】初级交易员：5000 底薪 + 提成20% + 节假日福利 + 年终奖中级交易员：10000底薪+ 提成30%+五险一金+节假日福利+年终奖高级交易员：15000底薪+ 提成50%+五险一金+节假日福利+年终奖加入盛业永信的五大理由:    1、你将掌握最专业的投资理念，扩充你的知识体系，提升你的个人综合能力，你的世界因你而不同；    2、你将拥有高效的、超强的沟通能力，尽显你的语言魅力；    3、你将提升你人脉圈的层次和质量，拓宽自己的眼界和格局；    4、We are one!年轻而富有朝气的团队，完善而优厚的福利待遇，在快乐工作的同时结识更多与你志同道合并肩作战的小伙伴！    5、当这一切都拥有时，你会感谢如此拼搏的自己-----你的月薪=别人的年薪联系人：莫经理联系电话：                                                                            职位联系方式                                                      公司名称：融控(北京)资本管理有限公司公司地址：北京东城建国门南大街7号万豪国际中心9层910号联系人：莫经理联系电话：') ;
COMMIT;
INSERT INTO "User" ("Name","UserType","CreatedDatetime","UpdatedDatetime","Enabled")
                              VALUES ('135038057250576.htm',4,clock_timestamp(),clock_timestamp(),'t') ;
INSERT INTO "ZhilianUser" ("UserId","NickName","Type","Sex","City" ) VALUES(currval('"hero_reduce"."user_id_seq"'),'135038057250576.htm',0,'null','北京-朝阳区') ; INSERT INTO "JobPosition" ("UserId","Name","Address","Title","Salary","Description")
                          VALUES(currval('"hero_reduce"."user_id_seq"'),'135038057250576.htm','北京-朝阳区','证券分析/金融研究','6001-8000','致求职者的话： 首先要恭喜您在打开此页面的同时，您内心的睿智选择已经引领您向金融领域中的高收入职业迈出了幸运并且前景无限的第一步。如果您有意加入到我们操盘手的交易团队当中，公司的交易团队和讲师会引导您坚实而踏实的走好日后职业发展的每一步。请您在相信您自己内心选择的基础上相信公司的团队，认真努力的和我们一路走下去，未来三到五年内在北京相对中心的位置拥有一套属于自己的安身立命之所，绝不是太难的事情。相信您自己的选择，更要相信您自身的能力，加入到我们阳光的交易团队当中，为您今后梦想与人生的启航做好坚实的经济铺垫。   乔治.索罗斯说：“你可以生于贫穷，但绝不能死于贫穷”祝贺所有关心金融市场的投资者，因为你们拥有一个不同于过去的投资时代！   工作内容1.接受公司培训（带薪）。（有经验者可不接受培训，详情面谈。）2.部分初级交易员需要参加交易员晋级培训。每月一次。3.高执行力：关注每次交易系统给出的进场，出场信号，并按照信号指示进行建仓，平仓操作。（交易系统会在培训期间给予指导。）4、严格执行公司各项制度，，并定期整理交易数据，向上级领导账户分析结果；5、按照部门主管的要求进行技术和基本面规律的分析，进行数据的搜集或整理；6、配合其他部门有关工作；7、遵守公司的各项管理制度，承办领导交办的其他工作。素质要求：1、大专以上学历,金融专业优先，培训期间有大量的空余时间；2、热爱交易、对金融经济知识感兴趣；3、有很强的执行力，自制力强；日常生活有规律、有计划；4、有较强的学习能力，新知识的接受能力；5、抗压能力；6、耐心细致，有责任心，具有保密意识；7、对于基础薄弱或者无经验者有专业的入职培训。8、公司提供良好的晋升机制：薪资待遇： 初级薪资待遇：5000底薪 +  提成20%--40%  +  五险一金 + 节假日福利 + 季度奖  月薪可达7000元以上中级薪资待遇：10000底薪 + 提成20%--40% +  五险一金 +  节假日福利 + 季度奖   月薪可达15000元以上高级薪资待遇：15000底薪 + 提成20%--40% +  五险一金 +  节假日福利 + 季度奖   月薪达2-3万元以上 职位要求：年龄：20岁-50岁之间。学历：大专以上（包括大专），有交易经验者面谈。其它素质： 1.对于金融行业有极高的兴趣。2.性格沉稳，情绪不易产生较大波动。3.有极强的时间观念。（交易员的工作性质对于时间和空间上没有要求，相对自由，需要自我约束。）4.对资金流动有较强的驾驭能力。5.能够尽量客观的看待事物的发展。 面试要求： 不提供视频或者电话面试，只能到北京参加一对一面试，无复试，无笔试，不能来北京者请勿投递，面试通过后培训可做延期。实习员工： 前期培训期视为实习，实习期满可成为公司正式员工，可开实习证明，培训期为连续十个工作日，周末双休，每日培训时间：早晨9:30至下午3:30。公司在培训期提供每日餐补及路费补助，并在第一个月的薪资里统一发放。其他福利：五险一金 季度奖+年终奖  带薪免费旅游   公司对于没有交易经验，却对金融衍生品操作有兴趣者，提供正规统一的免费培训。有专业的交易团队手把手带你走进交易市场。我们的交易团队有绝对的信心让你在培训期后，有属于自己的交易系统与理念，让你找到自己在交易市场的立足点。成为我公司的优秀员工，对于成绩优秀学员公司提供交易账户帮助学员完成自我晋升。希望对金融行业有兴趣的应聘者积极与我们联系，了解公司情况，招聘情况及与工作相关的问题。公司承诺将对每位学员认真负责，最大限度发掘每一位学员的交易潜力。      联系电话：010-57349909  15811512051公司地址：北京市朝阳区时间国际大厦A座2601室公司名称：深圳市龙阳商务咨询有限公司北京第一分公司                                                                           职位联系方式                                                        人事经理：陈经理公司网址：http://www.bj-lyjt.com 联系电话：010-57349909  13366412049公司地址：北京市朝阳区时间国际大厦A座2601室公司名称：深圳市龙阳商务咨询有限公司北京第一分公司  各求职者请注意可把简历发至公司                                                           查看职位地图') ;
COMMIT;
INSERT INTO "User" ("Name","UserType","CreatedDatetime","UpdatedDatetime","Enabled")
                              VALUES ('509271327250040.htm',4,clock_timestamp(),clock_timestamp(),'t') ;
INSERT INTO "ZhilianUser" ("UserId","NickName","Type","Sex","City" ) VALUES(currval('"hero_reduce"."user_id_seq"'),'509271327250040.htm',0,'null','北京-朝阳区') ; INSERT INTO "JobPosition" ("UserId","Name","Address","Title","Salary","Description")
                          VALUES(currval('"hero_reduce"."user_id_seq"'),'509271327250040.htm','北京-朝阳区','证券分析/金融研究','','岗位职责：1、负责公司销售部门早晚盘贵金属产品行情分析；2、负责分析公司的培训需求，组织制定公司各类岗位人员的培训计划并具体实施；3、负责培训课程的教学实施，参与培训课程的设计；4、协助培训体系的建立，对相关人员进行相关课程培训；5、完善及研发培训课程，并能够讲授销售方面的课程。任职要求：1、25～40岁，本科以上学历；2、至少2年以上金融行业工作经验，1年以上金融行业相关培训授课经验；3、了解培训工作和企业培训体系构建并熟悉培训工作的相关流程；4、卓越的语言表达能力和客户沟通能力，感染力强，具有较好的现场号召力。 投递时请注意招聘的职位是讲师，应聘分析师的请慎投！                                                                           职位联系方式                                                       公司名称：天津圣百雅贵金属经营有限公司北京分公司 公司地址：北京市朝阳区建国路126号瑞赛大厦15A层  公司主页：http://www.win9999.com.cn                                                          查看职位地图') ;
COMMIT;
INSERT INTO "User" ("Name","UserType","CreatedDatetime","UpdatedDatetime","Enabled")
                              VALUES ('207802416260322.htm',4,clock_timestamp(),clock_timestamp(),'t') ;
INSERT INTO "ZhilianUser" ("UserId","NickName","Type","Sex","City" ) VALUES(currval('"hero_reduce"."user_id_seq"'),'207802416260322.htm',0,'null','北京') ; INSERT INTO "JobPosition" ("UserId","Name","Address","Title","Salary","Description")
                          VALUES(currval('"hero_reduce"."user_id_seq"'),'207802416260322.htm','北京','证券分析/金融研究','','岗位职责描述负责公司统计工作，定期向地方、行业、集团上报各类统计报表；负责公司经济运行情况分析工作，定期向集团公司上报经济运行分析报告；负责组织公司季度生产经营例会等 任职资格要求需求专业:统计学、财务管理、企业管理、工商管理、经济学学历要求:大学本科及以上学历工作经验要求:2年以上工作经验其他任职要求:年龄45周岁以下，责任心强，具备一定的组织能力、良好的沟通协调能力、语言及文字表达能力，身体健康，有统计与经济运行分析等相关工作经验者优先。 邮箱：ghfzb_cnpe@163.com') ;
COMMIT;
INSERT INTO "User" ("Name","UserType","CreatedDatetime","UpdatedDatetime","Enabled")
                              VALUES ('663606924250843.htm',4,clock_timestamp(),clock_timestamp(),'t') ;
INSERT INTO "ZhilianUser" ("UserId","NickName","Type","Sex","City" ) VALUES(currval('"hero_reduce"."user_id_seq"'),'663606924250843.htm',0,'null','北京-朝阳区') ; INSERT INTO "JobPosition" ("UserId","Name","Address","Title","Salary","Description")
                          VALUES(currval('"hero_reduce"."user_id_seq"'),'663606924250843.htm','北京-朝阳区','证券分析/金融研究','4001-6000','(投递简历前，请确定您近期可以参加本公司面试，投递简历后经过筛选会有工作人员给您电话预约面试，请将电话保持开机状态)     金融市场是一个高挑战的行业，也是众所周知的高收入行业，最终资金的曲线，能否盈利，足以证明你的成就和能力。我们不看重与交易无关的因素。我们需要的是专业人才，或正在努力成为专业人才的人。如果你是，请联系我们，相信我们不会令你失望。    【岗位描述】 1、热爱金融行业，有强烈的意愿进入金融投资领域，渴望成为金融职场中的精英。 2、具有良好的自我学习能力与团队合作精神。 3、具有良好的职业操守，有强烈的责任感。 4、无论你之前从事什么行业、学历如何，在这个行业里只要你敢于挑战自我，勇于探索并发现自己的潜力，高收益不是梦想。 5、公司内部气氛融洽，共同发展，有灵活的晋体系和广阔的前景。 6、提供免费的专业岗前培训，为您提供广阔的职业发展机会。  【岗位职责】 1、负责公司指定客户账户或配资账户的资金运作。 2、 配合培训讲师完成新入公司员工的实盘交易辅导。 3、业不限，经济类、理工类专业优先。 4、人品端正，谦虚好学，自信果敢。 5、有很强的数据运算能力及宏观经济数据分析能力。 6、公司提供完善的免费提高培训。     底薪（3000）+高提成+五险+带薪培训+定期旅游、聚餐+年终奖+终身免费晋升培训，收入上不封顶  【福利待遇】 1、条件符合者，公司将统一安排专业职业技能培训； 2、签订全日制固定期限劳动合同、五险一金、底薪+奖金+补贴+绩效+团队业绩奖励；周末双休、法定节假日，圣诞、万圣、Bank Holiday休息 3、做五休二、OFFICE作息时间，无需加班； 4、正式员工享受带薪培训、带薪年假、定期体检，一年四次旅游，每月多聚餐游 5、完善成熟的晋升渠道，专业的职业生涯规划，助你成为金融行业精英     工作时间：朝九晚五  周一到周五   让我们一起成长，嘉城基业欢迎您的加入！！！                                                                                职位联系方式                                                       公司名称：嘉城基业投资咨询(北京)有限公司公司地址：北京市朝阳区朝外大街3号山水广场B座804室(地铁六号线东大桥A口出向西走200米) 联系人：张经理 联系电话：01058413985  公司主页：www.jiachengjiye.com                                                          查看职位地图') ;
COMMIT;
INSERT INTO "User" ("Name","UserType","CreatedDatetime","UpdatedDatetime","Enabled")
                              VALUES ('383641926250121.htm',4,clock_timestamp(),clock_timestamp(),'t') ;
INSERT INTO "ZhilianUser" ("UserId","NickName","Type","Sex","City" ) VALUES(currval('"hero_reduce"."user_id_seq"'),'383641926250121.htm',0,'null','北京-海淀区') ; INSERT INTO "JobPosition" ("UserId","Name","Address","Title","Salary","Description")
                          VALUES(currval('"hero_reduce"."user_id_seq"'),'383641926250121.htm','北京-海淀区','证券分析/金融研究','','职责：1. 金融数据分析：数据整理、维护、清洗、建模；2. 统计研究、市场研究、交易策略维护及研究；3. 撰写，维护定期报告；4. 工作平台：Bloomberg，R，Excel； 要求：1. 统计、数学相关专业研究生；2. 对金融研究工作有热情，可以独立开展研究；3. 吃苦耐劳，抗压能力强；4. 团队意识强；5. 英语读写优秀；                                                                            职位联系方式                                                      公司名称：北京德信广达国际贸易有限公司公司地址：北京市海淀区西四环北路125号德润科技大厦一层北侧办公区 传真：公司主页：                                                          查看职位地图') ;
COMMIT;
INSERT INTO "User" ("Name","UserType","CreatedDatetime","UpdatedDatetime","Enabled")
                              VALUES ('178806528251786.htm',4,clock_timestamp(),clock_timestamp(),'t') ;
INSERT INTO "ZhilianUser" ("UserId","NickName","Type","Sex","City" ) VALUES(currval('"hero_reduce"."user_id_seq"'),'178806528251786.htm',0,'null','北京') ; INSERT INTO "JobPosition" ("UserId","Name","Address","Title","Salary","Description")
                          VALUES(currval('"hero_reduce"."user_id_seq"'),'178806528251786.htm','北京','股票/期货操盘手','5000-10000','薪酬回报：初级分析师：5000 底薪 + 提成20%+ 节假日福利 + 年终奖 月薪可达8000元以上中级分析师：10000底薪+ 提成30%+五险一金+节假日福利+年终奖  月薪可达15000元以上高级分析师：15000底薪+ 提成40%+五险一金+节假日福利+年终奖 月薪可达20000至30000元以上职位描述:操盘手就是在金融市场做投机，低买高卖赚取金融产品差价。投机一词在中国人眼里是贬义词，及投机倒把或者投机取巧，其实投机词是中性词，真正的含义是利用智慧来赚钱。金融市场的投机是这样的：公众们都认为投机是一种预知未来，去知晓那些无法知晓的游戏。他们错了，其实这是运用成功的投资策略抓住你身边的机会并去实现它的一种游戏。低买高卖这个大家都知道。金融产品包括：股票、期货、黄金、白银、外汇等产品。岗位职责职位描述：1、接受公司培训（带薪）,有经验者可不接受培训，详情面谈。2. 公司出资，为公司的账户进行交易盈利；3、每个月进行交易总结，即时准确汇报公司各项账户信息；4、时刻关注公司账户操作品种的价格变动和相关重要资讯；任职资格：1、热爱交易、对金融经济知识感兴趣；2、有很强的执行力，自制力强；3、有较强的学习能力，新知识的接受能力4、学历：大专以上【包含大专】5、年龄：20岁--40岁之间 6、工作经验： 不限；升至空间：1、清晰明确的晋升空间：初级交易员—中级交易员－高级交易员—交易辅导员—交易经理－交易总监；2、针对高级管理岗位公司采用内部提拔方式，不采用空降或外部招聘等方式，给内部优秀的员工提供了良好的晋升通道。联系方式公司名称：江西亿汇投资有限公司北京投资管理分公司公司地址：北京市朝阳区东三环中路25号住总大厦地铁十号线金台夕照站D口往南100米公司主页：www.bj-yhtz.com联系人：孙经理联系电话：18811003112                                                                           职位联系方式                                                                                                                查看职位地图') ;
COMMIT;
INSERT INTO "User" ("Name","UserType","CreatedDatetime","UpdatedDatetime","Enabled")
                              VALUES ('649699228254117.htm',4,clock_timestamp(),clock_timestamp(),'t') ;
INSERT INTO "ZhilianUser" ("UserId","NickName","Type","Sex","City" ) VALUES(currval('"hero_reduce"."user_id_seq"'),'649699228254117.htm',0,'null','北京-东城区') ; INSERT INTO "JobPosition" ("UserId","Name","Address","Title","Salary","Description")
                          VALUES(currval('"hero_reduce"."user_id_seq"'),'649699228254117.htm','北京-东城区','证券分析/金融研究','5000-15000','【职位描述】交易——游走在投资与投机之间，徜徉于现实与理想之巅，融汇于艺术与技术之湾，它是人类社会对于资金和心理博弈的最直接体现，完美的展现了灵长类之魂创造与行动的宣言，是你实现人生理想的最后一环。你是否对交易存在浓厚兴趣呢？是否苦于徘徊在交易之河的彼岸而寻不见前路呢？现在机会来到了你的面前 -- 北京融控资本管理有限公司愿意提供免费的培训，带你横越财务自由的天堑，来到人生梦想的顶端。我们有专业的交易团队手把手带你走进交易市场。希望对金融行业有兴趣的你积极与我们电话或邮件联系，了解公司情况，招聘情况及与工作有关的相关问题。注   无需交易员外出寻找客户，只需操作公司账户即可      【职位要求】 1、年龄20～50之间、性别不限 2、中专以上学历（包括中专学历）,培训期间有大量的空余时间，对金融知识感兴趣； 3、有很强的执行力和自制力，日常生活作息规律； 4、有较强的学习能力，对于新知识有较强的接受能力； 5、心理稳定，耐心细致，有责任心，具有保密意识；6、对于基础薄弱或无经验者有专业的入职培训。（有交易经验者可直接联系面谈）      【岗位职责】1、正式成为公司的员工之后，负责公司指定账户的资金运作，在稳定盈利的基础之上会逐步增加操作资金。2、以稳定且合理的交易方式为前提，及时交易，每月完成公司规定的盈利目标，并在此基础上创造更多的盈利，以求盈利的最大化。3、定期上交交易报告，报告时间每月一次。     【薪酬待遇】初级交易员：5500底薪 + 提成20% + 节假日福利 + 年终奖中级交易员：10000底薪  + 提成30% + 五险一金 + 节假日福利 + 年终奖高级交易员：15000底薪 + 提成40% + 五险一金 + 节假日福利 + 年终奖 联系人：莫经理    联系电话：13501391731 简历投递邮箱 ahr@rongkongziben.com    【注】 1、请各位求职者仔细、详细的阅读您投递的职位要求，公司将统一进行审核、通知，谢绝重复投递和未经预约的来访。2、录用人员，公司将统一、全面的给予员工提供为期10天的、免费的、专业的、系统的岗前培训，培训时间（9：30--17:00）(周六、日休息)。                                                                              3、公司将全资为盘手提供资金支持，承担风险，同时也将为盘手提供明亮、优雅、舒适的工作环境，提升您的交易心情。节假日公司会不定期 的组织外出活动及娱乐活动（费用公司全报销）培训期间公司会组织模拟比赛，在模拟练习期间为做的成绩优秀的学生给予物质奖励。4、交易员只需操作公司账户，无需外出寻找客户。                                                                            职位联系方式                                                      公司名称：融控(北京)资本管理有限公司公司地址：北京市东城区建国门南大街7号万豪国际中心写字楼A座9层910号 公司网站：www.rongkongziben.com                                                          查看职位地图') ;
COMMIT;
INSERT INTO "User" ("Name","UserType","CreatedDatetime","UpdatedDatetime","Enabled")
                              VALUES ('55004532290251727000.htm',4,clock_timestamp(),clock_timestamp(),'t') ;
INSERT INTO "ZhilianUser" ("UserId","NickName","Type","Sex","City" ) VALUES(currval('"hero_reduce"."user_id_seq"'),'55004532290251727000.htm',0,'null','北京-朝阳区') ; INSERT INTO "JobPosition" ("UserId","Name","Address","Title","Salary","Description")
                          VALUES(currval('"hero_reduce"."user_id_seq"'),'55004532290251727000.htm','北京-朝阳区','证券分析/金融研究','8001-10000','岗位职责： 1. 为公司的账户进行交易盈利； 2、每个月进行交易总结，即时准确汇报公司各项账户信息；3、时刻关注公司账户操作品种的价格变动和相关重要资讯；4、严格执行公司各项制度，，并定期整理交易数据，向上级领导账户分析结果；5、按照部门主管的要求进行技术和基本面规律的分析，进行数据的搜集或整理；6、配合其他部门有关工作；7、遵守公司的各项管理制度，承办领导交办的任务 任职资格： 无经验者，入职前接受公司专业岗前培训 1.中专及以上学历,金融专业优先2热爱交易、对金融经济知识感兴趣；3.有很强的执行力，自制力强；日常生活有规律、有计划；4.有较强的学习能力，新知识的接受能力；5.有较强的抗压能力；6.耐心细致，有责任心，具有保密意识； 工作时间： AM: 9:30  -- 12:00 PM: 13:30-- 17:50 薪资待遇与员工福利福利： 初级交易员：5000底薪 + 盈利提成20%  + 年终奖 中级交易员：10000底薪+ 提成30%+五险一金+年终奖  高级交易员：15000底薪+ 提成40%+五险一金+年终奖   1、面试通过者,公司给予员工为期10个工作日、免费的、专业的、系统的岗前培训，培训时间（9：30--15:00）周六、日休息。正式入职后，培训薪资计入首月工资。2.公司将全资为盘手提供资金支持（无需交付任何保证金），承担风险，同时也将为盘手提供明亮、优雅、舒适的工作环境，让您更快乐的工作。 对于没有任何金融从业经验的人员，在入职以后公司会有专业的岗前培训，以及会有前辈手把手教你如何熟悉工作。 希望对金融行业有兴趣的应聘者积极与我们的HR联系，了解公司情况，招聘情况及与工作有关的相关问题                                                                             职位联系方式                                                        公司名称：深圳市龙阳商务咨询有限公司北京第一分公司 公司地址：北京市朝阳区时间国际A座2601、2609室 公司主页：http://www.bj-lyjt.com 人事部电话：18210369802') ;
COMMIT;
INSERT INTO "User" ("Name","UserType","CreatedDatetime","UpdatedDatetime","Enabled")
                              VALUES ('000580276250180.htm',4,clock_timestamp(),clock_timestamp(),'t') ;
INSERT INTO "ZhilianUser" ("UserId","NickName","Type","Sex","City" ) VALUES(currval('"hero_reduce"."user_id_seq"'),'000580276250180.htm',0,'null','北京-朝阳区') ; INSERT INTO "JobPosition" ("UserId","Name","Address","Title","Salary","Description")
                          VALUES(currval('"hero_reduce"."user_id_seq"'),'000580276250180.htm','北京-朝阳区','证券分析/金融研究','','职位要求：•具有金融或数量经济学、统计学、金融工程相关专业硕士及以上学历，  或具有经济、管理学博士学历；•具备经济学、财务、金融等相关学历或知识，同时具备一定的数理知识、懂编程、会VBA语言；•自信、沉稳、有责任心；•具备较强的团队协作能力和组织协调能力，能够承担工作压力；•具有良好的沟通能力、优秀的研究分析能力和文字表达能力；•英语水平较高，具有专业文献翻译能力；•具有资产证券化业务相关的金融机构工作经验或相关研究经验者优先考虑。结构融资部职位描述：1、从事资产支持证券及相关衍生产品的评级工作；2、撰写行业与专题研究报告；3、根据公司的统一安排，接受监管部门、投资者等就其负责的评级项目的评级结果和有关事宜的询问，并进行解释和说明；4、完成公司分配的其他工作。注：会根据应聘者情况调配应聘职位，如不服从调配，请在简历中注明。                                                                            职位联系方式                                                       公司名称：联合资信评估有限公司 公司地址：北京市朝阳区建国门外大街2号北京银泰中心B座17层  传真： 公司主页：www.lianheratings.com.cn') ;
COMMIT;
INSERT INTO "User" ("Name","UserType","CreatedDatetime","UpdatedDatetime","Enabled")
                              VALUES ('000580276250179.htm',4,clock_timestamp(),clock_timestamp(),'t') ;
INSERT INTO "ZhilianUser" ("UserId","NickName","Type","Sex","City" ) VALUES(currval('"hero_reduce"."user_id_seq"'),'000580276250179.htm',0,'null','北京-朝阳区') ; INSERT INTO "JobPosition" ("UserId","Name","Address","Title","Salary","Description")
                          VALUES(currval('"hero_reduce"."user_id_seq"'),'000580276250179.htm','北京-朝阳区','证券分析/金融研究','','职位要求：•全日制院校财经、金融专业毕业生,具有硕士学位（含优秀本科生）；•熟悉宏观经济、行业和公司财务分析的基本思路和方法；•具有市场拓展潜质,有较强的沟通能力和组织协调能力； •工作热情高、责任心强，勇于承受工作压力，能适应经常性出差； •具有政府、银行、证券、保险、投资，或具有证券从业资格、CPA资格、CFA资格、律师资格者优先。市场研发部职位描述:1、市场研发部是公司信用评级核心业务的前端服务部门，与人民银行、发改委、证券会等监管部门以及商业银行、证券公司、保险公司等金融机构有密切的业务联系；2、服务对象主要是有条件进入资本市场融资的国内大型企业，含中央企业、地方国有企业、大型民企、上市公司等优质客户；3、主要职责是研究债券市场，营销评级项目，维护客户关系；4、具体工作包括对债券市场和政策动态信息搜集整理研究、潜在客户发行债券的可行性研究、对客户进行业务沟通、业务方案设计、项目承揽以及客户服务等。注：会根据应聘者情况调配应聘职位，如不服从调配，请在简历中注明。                                                                           职位联系方式                                                       公司名称：联合资信评估有限公司 公司地址：北京市朝阳区建国门外大街2号北京银泰中心B座17层  传真： 公司主页：www.lianheratings.com.cn') ;
COMMIT;
INSERT INTO "User" ("Name","UserType","CreatedDatetime","UpdatedDatetime","Enabled")
                              VALUES ('000580276250070.htm',4,clock_timestamp(),clock_timestamp(),'t') ;
INSERT INTO "ZhilianUser" ("UserId","NickName","Type","Sex","City" ) VALUES(currval('"hero_reduce"."user_id_seq"'),'000580276250070.htm',0,'null','北京-朝阳区') ; INSERT INTO "JobPosition" ("UserId","Name","Address","Title","Salary","Description")
                          VALUES(currval('"hero_reduce"."user_id_seq"'),'000580276250070.htm','北京-朝阳区','证券分析/金融研究','','职位要求：•年龄30岁左右，具有金融相关专业的硕士及以上学历，博士学历优先考虑•具有2年以上金融行业工作经验；•具有良好的沟通能力、优秀的研究分析能力和文字表达能力；•英语水平较高，具有专业文献翻译能力；•具有证券从业资格、CPA资格、CFA资格、对宏观经济、信用评级有深入研究者优先考虑。 职位描述：1、研究、制定信用政策，监督信用政策、评级方法的执行情况，对评级一致性、连续性方面提出专业意见；2、研究企业及市场评级体系的迁徙及转换，及时发现问题，指出解决问题的可能方式，为业务部门工作开展提供参考；3、完成公司交办的其他工作。   注：公司会根据简历情况调配应聘职位，如不同意调配请注明。                                                                           职位联系方式                                                       公司名称：联合资信评估有限公司 公司地址：北京市朝阳区建国门外大街2号北京银泰中心B座17层  传真： 公司主页：www.lianheratings.com.cn') ;
COMMIT;
INSERT INTO "User" ("Name","UserType","CreatedDatetime","UpdatedDatetime","Enabled")
                              VALUES ('000580276250229.htm',4,clock_timestamp(),clock_timestamp(),'t') ;
INSERT INTO "ZhilianUser" ("UserId","NickName","Type","Sex","City" ) VALUES(currval('"hero_reduce"."user_id_seq"'),'000580276250229.htm',0,'null','北京') ; INSERT INTO "JobPosition" ("UserId","Name","Address","Title","Salary","Description")
                          VALUES(currval('"hero_reduce"."user_id_seq"'),'000580276250229.htm','北京','资产评估','','职位要求：•具有经济、金融和财务等专业背景；•熟悉公司财务分析和行业分析的基本方法，研究分析能力和写作能力强；•具有良好的综合素质和沟通能力；•具备较强的团队协作能力和组织协调能力，能够承担工作压力；能够经常性出差；•具有证券从业资格、CPA资格、CFA资格、对宏观经济、信用评级有深入研究者优先考虑。 职位描述：1、进行评级项目的前期准备、现场调查和访谈工作、资料的收集、整理和分析工作，并对收集资料的真实性、准确性和完整性进行核查和验证；2、组织评级分析和报告编写；3、对行业进行分析研究，形成有价值的行业分析报告；4、根据公司的统一安排，接受监管部门、投资者等就其负责的评级项目的评级结果和有关事宜的询问，并进行解释和说明；5、完成公司交办的其他工作。                                                                           职位联系方式                                                       公司名称：联合资信评估有限公司 公司地址：北京市朝阳区建国门外大街2号北京银泰中心B座17层  传真： 公司主页：www.lianheratings.com.cn') ;
COMMIT;
INSERT INTO "User" ("Name","UserType","CreatedDatetime","UpdatedDatetime","Enabled")
                              VALUES ('000580276250225.htm',4,clock_timestamp(),clock_timestamp(),'t') ;
INSERT INTO "ZhilianUser" ("UserId","NickName","Type","Sex","City" ) VALUES(currval('"hero_reduce"."user_id_seq"'),'000580276250225.htm',0,'null','北京-朝阳区') ; INSERT INTO "JobPosition" ("UserId","Name","Address","Title","Salary","Description")
                          VALUES(currval('"hero_reduce"."user_id_seq"'),'000580276250225.htm','北京-朝阳区','证券分析/金融研究','','职位要求：•具有金融相关专业的硕士及以上学历，博士优先考虑；•具有两年以上金融行业工作经验；•自信、沉稳、有责任心；•具备较强的团队协作能力和组织协调能力，能够承担工作压力；•具有良好的沟通能力、优秀的研究分析能力和文字表达能力；•英语水平较高，具有专业文献翻译能力；•具有证券从业资格、CPA资格、CFA资格、对宏观经济、信用评级有深入研究者优先考虑。 职位描述：1、负责拟写利差分析、评级市场情况等定期分析报告；2、负责完成对热点问题及自拟课题的研究报告；3、负责完成监管要求的课题项目；4、拟写国家主权报告；5、完成公司交办的其他事项。                                                                           职位联系方式                                                       公司名称：联合资信评估有限公司 公司地址：北京市朝阳区建国门外大街2号北京银泰中心B座17层  传真： 公司主页：www.lianheratings.com.cn') ;
COMMIT;
INSERT INTO "User" ("Name","UserType","CreatedDatetime","UpdatedDatetime","Enabled")
                              VALUES ('000580276250224.htm',4,clock_timestamp(),clock_timestamp(),'t') ;
INSERT INTO "ZhilianUser" ("UserId","NickName","Type","Sex","City" ) VALUES(currval('"hero_reduce"."user_id_seq"'),'000580276250224.htm',0,'null','北京-朝阳区') ; INSERT INTO "JobPosition" ("UserId","Name","Address","Title","Salary","Description")
                          VALUES(currval('"hero_reduce"."user_id_seq"'),'000580276250224.htm','北京-朝阳区','证券分析/金融研究','','职位要求：•具有金融相关专业的硕士及以上学历；•具有2年以上金融行业工作经验；•自信、沉稳、有责任心；•具备较强的团队协作能力和组织协调能力，能够承担工作压力；•具有良好的沟通能力、优秀的研究分析能力和文字表达能力；•英语水平较高，具有专业文献翻译能力；•具有证券从业资格、CPA资格、CFA资格、对宏观经济、信用评级有深入研究者优先考虑。 职位描述：1、完成金融机构信用评级工作，包括尽职调查、收集评级资料，撰写信用评级报告等；2、持续跟踪金融机构与金融发展情况，及时完成跟踪评级工作，并维护好客户关系；3、整理信用评级资料，维护和更新公司信用评级数据库信息；4、撰写行业与专题研究报告；5、根据公司的统一安排，接受监管部门、投资者等就其负责的评级项目的评级结果和有关事宜的询问，并进行解释和说明；6、完成公司分配的其他工作。   注：公司会根据简历情况调配应聘职位，如不同意调配请注明。                                                                           职位联系方式                                                       公司名称：联合资信评估有限公司 公司地址：北京市朝阳区建国门外大街2号北京银泰中心B座17层  传真： 公司主页：www.lianheratings.com.cn') ;
COMMIT;
INSERT INTO "User" ("Name","UserType","CreatedDatetime","UpdatedDatetime","Enabled")
                              VALUES ('466625418250021.htm',4,clock_timestamp(),clock_timestamp(),'t') ;
INSERT INTO "ZhilianUser" ("UserId","NickName","Type","Sex","City" ) VALUES(currval('"hero_reduce"."user_id_seq"'),'466625418250021.htm',0,'null','北京-朝阳区') ; INSERT INTO "JobPosition" ("UserId","Name","Address","Title","Salary","Description")
                          VALUES(currval('"hero_reduce"."user_id_seq"'),'466625418250021.htm','北京-朝阳区','投资银行业务','','职位描述：1. 针对中国互联网各子行业的潜在交易机会进行行业及公司分析，并出具报告；2. 分析投资意向合作书, 参与投资组合公司的支持工作，并与其他风险投资公司建立联系；3. 完成项目的尽职调查工作，全面详细了解项目情况，为投资决策提供可靠依据；4. 参与制定投资集团投资战略，并匹配年度投资预算财务模型构建、估值及回报分析；5. 参与对项目进行投资可行性分析，完成项目分析报告；6. 审核、撰写、修改商业计划书，参与项目的可行性分析，并完成投资分析报告；7. 协助执行合伙人完成投资交易，包括：重要文件起草、拟定投资方案、制定投资协议、项目投资谈判、签约和投资实施等；8. 协助执行合伙人对已投资项目的跟踪管理，对投资项目全过程进行风险监控，及时解决存在的问题。任职要求：1. 本科及以上学历，四大及知名咨询公司、投资银行优先，互联网及投资行业优先；2. 2年以上互联网投资相关行业从业经验，精通英语，熟练掌握PPT；3. 对互联网投资行业有浓厚兴趣，善于分析思考，有志在互联网投资行业长期发展；4. 具有较强的观察、分析能力，能迅速捕捉市场动态，有独立的工作意识，创新能力强；5. 诚实守信、工作细致，具有较强的学习能力和团队合作精神； 6. 认真，有责任心，有创业精神； 7. 自信，能承受较大的工作压力，遇到困难不轻易放弃，具有很强工作责任心。                                                                           职位联系方式                                                       公司名称：北京斗牛士网络科技有限公司 公司地址：北京市媒体村天畅园2号楼底商一层  公司主页：www.donews.com                                                           查看职位地图') ;
COMMIT;
INSERT INTO "User" ("Name","UserType","CreatedDatetime","UpdatedDatetime","Enabled")
                              VALUES ('649699228254118.htm',4,clock_timestamp(),clock_timestamp(),'t') ;
INSERT INTO "ZhilianUser" ("UserId","NickName","Type","Sex","City" ) VALUES(currval('"hero_reduce"."user_id_seq"'),'649699228254118.htm',0,'null','北京-东城区') ; INSERT INTO "JobPosition" ("UserId","Name","Address","Title","Salary","Description")
                          VALUES(currval('"hero_reduce"."user_id_seq"'),'649699228254118.htm','北京-东城区','证券分析/金融研究','6001-8000','乔治.索罗斯说：“你可以生于贫穷，但绝不能死于贫穷”祝贺所有关心金融市场的投资者，因为你们拥有一个不同于过去的投资时代！在这个世界上，有一群人，他们靠思考，靠信息，靠一个机会就获得终身的财富自由。他们相信：任何的财富，任何的创造，任何的奇迹都起源于一个观念，他们相信好的观念才能带来财富，财富的自由流动才能带来更大的财富。他们相信，唯有让财富进入互助圈，开始涌流，才能带来更加丰饶的财富。他们不用很努力，不用很辛苦，不用特别勤劳，关键是要懂得世界上最伟大的财富增长法则，那就是以互助的，多赢的，游戏的心态让财富流动，财富才会s裂变般的巨增，这就是交易员。【任职要求】1、热爱金融行业，有强烈的意愿进入金融投资领域，渴望成为金融职场中的精英一族；2、具有良好的自我学习能力与团队合作精神；3、具有良好的职业操守，有强烈的责任感；4、敢于挑战自我，勇于凭自己的努力和本领获得高收益。 【工作内容】1、为公司的账户进行交易盈利；2、每个月进行交易总结，即时准确汇报公司各项账户信息；3、时刻关注公司账户操作品种的价格变动和相关重要资讯；4、严格执行公司各项制度，并定期整理交易数据，向上级领导账户分析结果；5、按照部门主管的要求进行技术和基本面规律的分析，进行数据的搜集或整理；6、配合其他部门有关工作；7、遵守公司的各项管理制度，承办领导交办的其他工作。 【素质要求】1、大专以上学历,金融专业，培训期间有大量的空余时间；2、热爱交易、对金融经济知识感兴趣；3、有很强的执行力，自制力强；日常生活有规律、有计划；4、有较强的学习能力，新知识的接受能力；5、抗压能力；6、耐心细致，有责任心，具有保密意识；7、对于基础薄弱或者无经验者有专业的入职培训。8、公司提供良好的晋升机制，表现优异者每三个月进行登记评定。 【职位待遇】初级交易员：5000 底薪 + 提成20% + 节假日福利 + 年终奖中级交易员：10000底薪+ 提成30%+五险一金+节假日福利+年终奖高级交易员：15000底薪+ 提成50%+五险一金+节假日福利+年终奖加入盛业永信的五大理由:    1、你将掌握最专业的投资理念，扩充你的知识体系，提升你的个人综合能力，你的世界因你而不同；    2、你将拥有高效的、超强的沟通能力，尽显你的语言魅力；    3、你将提升你人脉圈的层次和质量，拓宽自己的眼界和格局；    4、We are one!年轻而富有朝气的团队，完善而优厚的福利待遇，在快乐工作的同时结识更多与你志同道合并肩作战的小伙伴！    5、当这一切都拥有时，你会感谢如此拼搏的自己-----你的月薪=别人的年薪联系人：莫经理联系电话：                                                                            职位联系方式                                                      公司名称：融控(北京)资本管理有限公司公司地址：北京东城建国门南大街7号万豪国际中心9层910号联系人：莫经理联系电话：') ;
COMMIT;
INSERT INTO "User" ("Name","UserType","CreatedDatetime","UpdatedDatetime","Enabled")
                              VALUES ('632971627250413.htm',4,clock_timestamp(),clock_timestamp(),'t') ;
INSERT INTO "ZhilianUser" ("UserId","NickName","Type","Sex","City" ) VALUES(currval('"hero_reduce"."user_id_seq"'),'632971627250413.htm',0,'null','北京-朝阳区') ; INSERT INTO "JobPosition" ("UserId","Name","Address","Title","Salary","Description")
                          VALUES(currval('"hero_reduce"."user_id_seq"'),'632971627250413.htm','北京-朝阳区','证券分析/金融研究','4001-6000','【岗位职责】1.热爱金融行业，有励志于长期发展这个行业的意愿；2.投融资项目尽职调查，可行性研究，风险评估和控制；3.负责筛选、编辑制作研究报告；4.对客户进行回访咨询服务工作；5.投融资方案和产品的设计和创新；6.负责对行情的分析及喊单；7.编写专业性文稿；8.宏观经济和行业研究；【任职资格】1、掌握经济学理论，有较强的信息搜集能力和数据处理能力，以及独立的行情研究和判断能力； 2、富有激情，较强的亲和力和感染力、良好的文字和语言表达能力、沟通能力，思维敏捷；3、能独立开展调查研究和专题研究工作，熟悉贵金属产业链，能独立撰写研发；4、熟悉双边市场，至少三年以上股票交易经验或一年以上双边市场交易经验。5、具有较强的行情把握能力和投资分析能力和客户沟通能力； 6、能持续性支持培训潜在客户或现有客户； 7、能够吃苦耐劳，有耐心！对于之前没有交易经验，但对金融交易方面产生浓厚兴趣的人才，公司会提供为期两周的免费带薪培训！大学生公司可提供实习或兼职机会！底薪（5000）+高提成+五险+带薪培训+定期旅游、聚餐+年终奖+终身免费晋升培训，收入上不封顶【福利待遇】1、条件符合者，公司将统一安排专业职业技能培训；2、签订全日制固定期限劳动合同、五险一金、底薪+奖金+补贴+绩效+团队业绩奖励；2、周末双休、法定节假日，圣诞、万圣、Bank Holiday休息3、做五休二、OFFICE作息时间，无需加班；4、正式员工享受带薪培训、带薪年假、定期体检，一年四次旅游，每月多聚餐游5、完善成熟的晋升渠道，专业的职业生涯规划，助你成为金融行业精英所述人员一经录用，公司提供完善的在职培训，并有广阔的个人发展空间。 公司名称：嘉城基业投资咨询(北京)有限公司公司地址：北京市朝阳区朝外大街3号山水广场B座804室(地铁六号线东大桥A口出向西走200米) 联系电话：18513315770 周经理公司主页：www.jiachengjiye.com                                                                           职位联系方式                                                       公司名称：嘉城基业投资咨询(北京)有限公司 公司地址：北京市朝阳区朝外大街3号山水广场B座804室(地铁六号线东大桥A口出向西走200米)  联系电话：18513315770 周经理 公司主页：www.jiachengjiye.com                                                          查看职位地图') ;
COMMIT;
INSERT INTO "User" ("Name","UserType","CreatedDatetime","UpdatedDatetime","Enabled")
                              VALUES ('663606924250844.htm',4,clock_timestamp(),clock_timestamp(),'t') ;
INSERT INTO "ZhilianUser" ("UserId","NickName","Type","Sex","City" ) VALUES(currval('"hero_reduce"."user_id_seq"'),'663606924250844.htm',0,'null','北京-朝阳区') ; INSERT INTO "JobPosition" ("UserId","Name","Address","Title","Salary","Description")
                          VALUES(currval('"hero_reduce"."user_id_seq"'),'663606924250844.htm','北京-朝阳区','股票/期货操盘手','10001-15000','(投递简历前，请确定您近期可以参加本公司面试，投递简历后经过筛选会有工作人员给您电话预约面试，请将电话保持开机状态)      操盘———其实是一件非常具有艺术性的工作，因为金融市场并不存在诸如物理与数学之类的真理，交易的艺术成分远远超过科学。由于动辄就要操纵上亿元的资金，一直以来，外界总有一种误解：成功的交易员都是那些拥有高学位的名牌大学高材生，交易者必须绞尽脑汁才能获利。其实，操盘绝不是学术研究。 跟一般人想象的不同，交易员每天的生活既不紧张也不神秘，更多的是需要细心。当然压力也很大，因为委托方不仅要求达到每个项目的利润最大化，还要求做到每个阶段利润的最大化。 【岗位职责】 （初级交易员）1.接受免费统一的学习培训和模拟训练；2.成绩优秀的学员将逐步晋升为中级、高级交易员；3.级别越高，机会越多，收入越高。4 谦虚好学，积极进取，严格遵守公司规章制度及课程安排。 （中级交易员）1.有强烈的以交易为生，希望成为交易高手的意愿；2.可承受较大心理压力，有很强的自控能力；3.对公司资金高度负责，严格执行风险控制；4.以稳定盈利为最高目标。5.热衷于金融行业的有经验人士，有意与国际经济及货币交易的最新理念保持一致 水准，并关注全球外汇实时走势。 （高级交易员）1.负责公司指定客户账户或配资账户的资金运作。3.配合培训讲师完成新入司员工的实盘交易辅导。4.确保账户达到稳定盈利。5.熟悉双边市场，至少一年以上双边市场交易经验。6 具有自信、冷静、理智、果断、坚定、胆识及高度责任感等交易员所必备品质。  【薪资待遇】 （初级交易员）：5000底薪+ 提成(50%) +节假日福利+年终奖月薪可达8000元以上 （中级交易员）：10000底薪+提成(50%)+节假日福利+年终奖+五险一金月薪可达到1万5元以上 （高级交易员）：15000底薪+提成(50%)+节假日福利+年终奖+五险一金月薪可达到2-3万元 【福利待遇】1、条件符合者，公司将统一安排专业职业技能培训；2、签订全日制固定期限劳动合同、五险一金、底薪+奖金+补贴+绩效+团队业绩奖励；2、周末双休、法定节假日，圣诞、万圣、Bank Holiday休息3、做五休二、OFFICE作息时间，无需加班；4、正式员工享受带薪培训、带薪年假、定期体检，一年四次旅游，每月多聚餐5、完善成熟的晋升渠道，专业的职业生涯规划，助你成为金融行业精英       对于没有交易经验，却对金融衍生品操作职位有兴趣者，公司提供免费培训。有专业的交易团队手把手带你走进交易市场。   工作时间：朝九晚五  周一到周五 让我们一起成长，嘉城基业欢迎您的加入！！！                                                                             职位联系方式                                                       公司名称：嘉城基业投资咨询(北京)有限公司公司地址：北京市朝阳区朝外大街3号山水广场B座804室(地铁六号线东大桥A口出向西走200米) 联系人：张经理 联系电话：13366799904  公司主页：www.jiachengjiye.com                                                          查看职位地图') ;
COMMIT;
INSERT INTO "User" ("Name","UserType","CreatedDatetime","UpdatedDatetime","Enabled")
                              VALUES ('178806528251787.htm',4,clock_timestamp(),clock_timestamp(),'t') ;
INSERT INTO "ZhilianUser" ("UserId","NickName","Type","Sex","City" ) VALUES(currval('"hero_reduce"."user_id_seq"'),'178806528251787.htm',0,'null','北京') ; INSERT INTO "JobPosition" ("UserId","Name","Address","Title","Salary","Description")
                          VALUES(currval('"hero_reduce"."user_id_seq"'),'178806528251787.htm','北京','证券/期货/外汇经纪人','5000-10000','薪酬回报：初级分析师：5000 底薪 + 提成20%+ 节假日福利 + 年终奖 月薪可达8000元以上中级分析师：10000底薪+ 提成30%+五险一金+节假日福利+年终奖  月薪可达15000元以上高级分析师：15000底薪+ 提成40%+五险一金+节假日福利+年终奖 月薪可达20000至30000元以上职位描述:操盘手就是在金融市场做投机，低买高卖赚取金融产品差价。投机一词在中国人眼里是贬义词，及投机倒把或者投机取巧，其实投机词是中性词，真正的含义是利用智慧来赚钱。金融市场的投机是这样的：公众们都认为投机是一种预知未来，去知晓那些无法知晓的游戏。他们错了，其实这是运用成功的投资策略抓住你身边的机会并去实现它的一种游戏。低买高卖这个大家都知道。金融产品包括：股票、期货、黄金、白银、外汇等产品。岗位职责职位描述：1、接受公司培训（带薪）,有经验者可不接受培训，详情面谈。2. 公司出资，为公司的账户进行交易盈利；3、每个月进行交易总结，即时准确汇报公司各项账户信息；4、时刻关注公司账户操作品种的价格变动和相关重要资讯；任职资格：1、热爱交易、对金融经济知识感兴趣；2、有很强的执行力，自制力强；3、有较强的学习能力，新知识的接受能力4、学历：大专以上【包含大专】5、年龄：20岁--40岁之间 6、工作经验： 不限；升至空间：1、清晰明确的晋升空间：初级交易员—中级交易员－高级交易员—交易辅导员—交易经理－交易总监；2、针对高级管理岗位公司采用内部提拔方式，不采用空降或外部招聘等方式，给内部优秀的员工提供了良好的晋升通道。联系方式公司名称：江西亿汇投资有限公司北京投资管理分公司公司地址：北京市朝阳区东三环中路25号住总大厦地铁十号线金台夕照站D口往南100米公司主页：www.bj-yhtz.com联系人：孙经理联系电话：18811003112                                                                           职位联系方式                                                                                                                查看职位地图') ;
COMMIT;
INSERT INTO "User" ("Name","UserType","CreatedDatetime","UpdatedDatetime","Enabled")
                              VALUES ('466617419255936.htm',4,clock_timestamp(),clock_timestamp(),'t') ;
INSERT INTO "ZhilianUser" ("UserId","NickName","Type","Sex","City" ) VALUES(currval('"hero_reduce"."user_id_seq"'),'466617419255936.htm',0,'null','北京') ; INSERT INTO "JobPosition" ("UserId","Name","Address","Title","Salary","Description")
                          VALUES(currval('"hero_reduce"."user_id_seq"'),'466617419255936.htm','北京','证券分析/金融研究','8001-10000','其实操盘手的工作很简单！！！ 一台接入互联网的电脑，一张书桌，一把椅子！ 设想一下这样的场景： 1、 任何时候，当你有想赚钱的想法时； 2、 打开电脑，确认互联网接入服务正常； 3、 打开交易程序，进入交易平台界面； 4、 交易； 5、 然后，锁定收益…… 怎么样，是不是很简单？没错，赚钱就这么容易！这就是操盘手职业的魅力所在！ 因公司需求，现招聘培养操盘手 职位要求：热爱金融行业，有财富自由、财务自主的愿望。积极乐观、诚实自信。面试通过者接受免费统一的专业培训和老师一对一的针对指导。 职位描述 交易员----对金融市场盘面把握的良好，能够结合即时信息和个人技术掌握开仓平仓的时机，熟练掌握建立和处理仓位的技巧，耐心等待交易机会，细心发现盘面上每个微小的变化，从而规避或减少风险的发生，继而达到持续稳定盈利。 职业特点: （一）收入可观，优秀的操盘手年薪均过百万，名利双收 （二）工作自由，没有时间地点的限制，有互联网即可完成交易 （三）挑战性强，给不甘平庸，渴望挑战的人士一个充分施展才华的空间。 一、初级交易员  1、对金融行业有较强的兴趣，立志成为交易市场内的一员。 2、有较强的学习能力、分析能力、风险控制能力。 3、面对风险有较强的心理承受能力和冷静的心态分析。 4、对数字及图形有较强的反应。 5、能够独立操作公司账户，完成公司要求的业绩。 6、有较强的执行力和责任心。 7、把握市场机会，及时交易，确保账户达到稳定盈利，尽可能的达到利益最大化。  二、中级交易师 1、对金融市场交易有一定的认识和操作经验，能够分析市场价格整体趋势。 2、有很强的分析能力，擅长并酷爱操盘工作，有意愿成为交易高手。 3、对公司资金高度负责，严格执行风险控制，把握时机及时进行交易。 4、对市场走势准确判断，对待市场价格变化能够冷静、自信的分析。 5、敢于迎接挑战、能独立承受压力、完成公司交赋的业绩。  三、高级操盘团队 1、负责大资金账户的操作。 2、有很强的数据运算能力及宏观经济数据分析能力。  3、交易风格固定，能承受较强的心理压力，能独立完成大资金账户操作，有稳定盈利交易记录者优先； 4、对世界整体金融动向有较强的分析能力，可以较好的分析运用基本面、技术面，对市场价格变化反应快。 5、热衷于金融行业，关注全球金融走势，有交易的最新理念保持一致水准并有较高实操经验人士优先  职位优势:  公司晋升考核周期为半年，也就是说悟性高且勤奋，2年以后将会进入高级操盘团队，有机会跟国内顶级交易大师交流、切磋，并且有可能直接进入他们的交易团队。  薪资待遇： 初级盘手：底薪5000 + 盈利20%提成 + 年终奖金 月薪可达8000以上 中级盘手：底薪10000+ 盈利30%提成 + 年终奖金 + 五险一金 月薪可达12000以上 高级盘手：底薪15000+ 盈利40%提成 + 年终奖金 + 五险一金 月薪可达2-3万 三、享受待遇： 1、 接受免费统一的学习培训和模拟训练； 2、 稳定赢利初、中级盘手可以晋升为高级盘手； 3、 级别越高，机会越多，收入越高。 4、 交易稳定赢利后，工作时间和地点可以自由支配。 晋升步骤：免费带薪培训—评估—交易员—高级操盘手—特级交易师—技术总监   相关福利： 带薪培训，每天一百元补助，入职后第同第一个月工资发放；五险一金；培训后未达到公司要求者，公司根据学员自身素质，可分配其他工作岗位。 注： 交易员只操作公司账户，不需外出寻找客户！     北京亿汇投资管理有限公司（诚聘，不产生任何费用）  公司主页：WWW.BJ-YHTZ.COM  公司地址：北京市朝阳区东三环中路25号住总大厦 1608 室。  乘车路线：地铁10号线金台夕照站。  人事主管：田经理  联系电话：010-57473229（对职位有疑问或有兴趣者，请积极与HR联系）  企业账户：kangmin@bj-yhtz.com                                                                           职位联系方式                                                      公司主页：WWW.BJ-YHTZ.COM公司地址：北京市朝阳区东三环中路25号住总大厦 1608 室。乘车路线：地铁10号线金台夕照站。人事主管：田经理 联系电话：010-57473229（对职位有疑问或有兴趣者，请积极与HR联系）') ;
COMMIT;
INSERT INTO "User" ("Name","UserType","CreatedDatetime","UpdatedDatetime","Enabled")
                              VALUES ('678554923252616.htm',4,clock_timestamp(),clock_timestamp(),'t') ;
INSERT INTO "ZhilianUser" ("UserId","NickName","Type","Sex","City" ) VALUES(currval('"hero_reduce"."user_id_seq"'),'678554923252616.htm',0,'null','北京') ; INSERT INTO "JobPosition" ("UserId","Name","Address","Title","Salary","Description")
                          VALUES(currval('"hero_reduce"."user_id_seq"'),'678554923252616.htm','北京','证券分析/金融研究','4001-6000','职业描述： 1：负责公司指定客户账户或公司账户的资金运作； 2：把握市场机会，严格风控，使账户达到稳定盈利； 3：分析国际现货黄金、外汇市场走势，进行操作； 4：高效完成部门经理交给的各种工作计划和任务。 职业要求： 1：热爱金融行业，在金融行业有长期发展意愿； 2：有较强的学习能力、分析能力、风险控制能力； 3：年龄20-26之间，大专以上学历，有股票、期货、理财经验者优先考虑； 4：成绩优秀的将正式成为公司的分析师或者团队经理； 5：操盘是一项很刺激金钱游戏，有强烈的意愿进入金融投资领域，渴望成为金融精英； 6：对金融市场有浓厚的兴趣，应届毕业生优先考虑。 福利待遇： 1：底薪+提成+补助+专业实盘讲师培训+晋升机会； 2：交易手法和操作系统稳定后工作时间可以灵活； 3：完善和持续的晋升培训机制，丰富多彩的员工活动，良好的工作环境； 4：上班时间：早9:30~晚5：00，周六日双休，法定节假日休息； 5：实习生一周最少上岗4天，实习期至少2个月以上，公司提供实习证明。 注：简历请勿重复投递，否则不给予面试机会，谢谢合作。                                                                           职位联系方式') ;
COMMIT;
INSERT INTO "User" ("Name","UserType","CreatedDatetime","UpdatedDatetime","Enabled")
                              VALUES ('615221324264921.htm',4,clock_timestamp(),clock_timestamp(),'t') ;
INSERT INTO "ZhilianUser" ("UserId","NickName","Type","Sex","City" ) VALUES(currval('"hero_reduce"."user_id_seq"'),'615221324264921.htm',0,'null','北京') ; INSERT INTO "JobPosition" ("UserId","Name","Address","Title","Salary","Description")
                          VALUES(currval('"hero_reduce"."user_id_seq"'),'615221324264921.htm','北京','证券总监/部门经理','10001-15000','薪酬待遇: 初级交易员：基本工资5000元+ 岗位补贴 600+ 提成20% + 年终奖 +五险（月收入大约10000--15000)中级交易员：基本工资10000元 + 岗位补贴600 + 提成30% + 年终奖 +五险（月收入大约15000-25000）高级交易员：基本工资15000元 + 岗位补贴600 + 提成50% + 年终奖+五险（月收入大约25000--45000）   培养方式 对于没有交易经验零基础学员，却对金融衍生品操作职位有兴趣者。公司愿意提供免费的培训。有专业的交易团队手把手带你走进交易市场。我们的培训交易团队有绝对的信心让你在培训期后，有自己的交易系统与理论，让你找到自己在交易市场的立足点，为公司和你个人创造更大的利益。   任职要求： 1、中专以上学历,金融专业优先，培训期间有大量的空余时间；2、热爱交易、对金融经济知识感兴趣；3、有很强的执行力，自制力强；日常生活有规律、有计划；4、有较强的学习能力，新知识的接受能力；5、抗压能力；6、耐心细致，有责任心，具有保密意识；7、对于基础薄弱或者无经验者有专业的入职培训；8、公司提供良好的晋升机制； 9.年龄在20--68周岁均可；  ​ 职位描述： 一、初级操盘手 1、无风险操作公司提供的资金帐户 2、把握市场机会，及时交易，确保账户达到稳定盈利，尽可能的达到利益最大化。   二、中级操盘手 1、无风险操作公司提供的资金帐户 2、有很强的分析能力，擅长并酷爱交易工作。 3、具有丰富的市场分析能力，做出每日交易计划，熟练掌握各种分析工具。 4、把握市场机会，及时交易，确保账户达到稳定盈利，尽可能的达到利益最大化。成为业内精英人才。   三、高级操盘手 1、负责公司指定大资金账户的无风险操作。 2、有很强的数据运算能力及宏观经济数据分析能力。  3、交易风格多样化，能承受较强的心理压力，能独立完成大资金账户操作，有稳定盈利交易记录者优先； 4、热衷于金融行业，关注全球金融走势，有交易的最新理念保持一致水准并有较高实操经验人士优先   职位优势:  本职位无工作时间、地点限制,能做网上交易即可，可在家操盘。灵活的晋升体系和广阔的发展空间，可兼职。   联系电话：15810986897 联系  人：毛经理 咨询 qq: 349719370                                                                              职位联系方式                                                       公司名称：北京盛业永信资产管理有限公司   公司地址：北京市朝阳区朝外大街乙6号朝外SOHOA座2502室    联系人：毛经理   联系电话：15810986897   咨询QQ：349719370（注明应聘咨询）') ;
COMMIT;
INSERT INTO "User" ("Name","UserType","CreatedDatetime","UpdatedDatetime","Enabled")
                              VALUES ('553909420261234.htm',4,clock_timestamp(),clock_timestamp(),'t') ;
INSERT INTO "ZhilianUser" ("UserId","NickName","Type","Sex","City" ) VALUES(currval('"hero_reduce"."user_id_seq"'),'553909420261234.htm',0,'null','北京-朝阳区') ; INSERT INTO "JobPosition" ("UserId","Name","Address","Title","Salary","Description")
                          VALUES(currval('"hero_reduce"."user_id_seq"'),'553909420261234.htm','北京-朝阳区','证券/期货/外汇经纪人','10001-15000','岗位要求： 一、初级交易员： 1.接受免费统一的专业学习培训和模拟训练。 2.成绩优秀的交易员将逐步晋升为中级、高级交易员。3.认同公司的发展理念， 愿意与公司共同拓展业务。4.具有很强的工作责任心和团队合作精神。岗位待遇：5500 底薪 + 提成20% + 节假日福利 + 年终奖 二、中级交易员： 1.可承受较大心里压力，有很强的自我调控能力，纪律严格。 2.对公司资高度负责，严格执行安全控制。 3.以持续稳定盈利为最高目标，成为业内精英人才。4.热衷于金融行业的有经验人士，有意与国际经济及货币交易的最新理念保持一致水准，并关注全球外汇实时走势。5.敢于迎接挑战，能独立承受压力、完成公司交赋的工作任务。 6.有很强的分析能力，擅长并酷爱交易工作。 7.具有自信、冷静、理智、果断、坚定、胆识等交易员所要求具备的各项品质。 岗位待遇：10000 底薪 + 提成20% + 节假日福利 + 年终奖 + 五险一金三、高级交易员： 1.负责公司指定客户账户或配资账户的资金运作。 2.具有丰富的市场分析能力，做出每日交易计划，熟练掌握各种分析工具。3.配合培训讲师完成新入公司员工的实盘交易辅导。 4.把握市场机会，及时交易，确保账户达到持续稳定盈利，尽可能的达到利益最大化。 5.专业不限，经济类，理工类专业优先。 6.人品端正，谦虚好学，自信果敢。 7.有很强的数据运算能力及宏观经济数据分析能力。 8.熟悉双边市场，至少三年以上股票交易经验或两年以上双边市场交易经验。 9.公司提供完善的免费提高培训。 岗位待遇：15000 底薪 + 提成20% + 节假日福利 + 年终奖 + 五险一金注： 交易员只操作公司账户，不需外出寻找客户！ 业绩考核：1.是否依照计划目标将任务完成，使其质量达到要求的标准； 2.任务完成的过程或结果是否正确，是否达到标准的要求。 能力考核 1.业务所需要的业务知识、相关知识的掌握程度； 2.是否熟练掌握本岗位技能； 3.在执行任务时，是否能从容应对出现的变化。 态度考核 1.能自觉地尽职尽责的工作，能自始至终的表现出负责的态度；2.在职权范围内，能进行自我管理，能自主、自立、自信地处理业务。北京巨源时代投资管理有限公司（JUYUAN era Investment Management Co., Ltd.）创立于2010年,作为国内的新锐资本机构，巨源投资坐拥北京CBD核心区，公司团队由来自海外或有多年金融投资经验的专业精英组成，巨源投资立志缔造企业品牌价值，以客户服务为主导。为员工、客户及投资者创富增值。公司诚邀您加入我们的团队，创造财富不是梦想。考核内容：初级交易员连续稳定盈利3个月晋升中级交易员 中级交易员连续稳定盈利3个月晋升高级交易                                                                           职位联系方式                                                      公司名称：巨源时代投资管理有限公司 联系人  ：张经理 电话    ：18611860837') ;
COMMIT;
INSERT INTO "User" ("Name","UserType","CreatedDatetime","UpdatedDatetime","Enabled")
                              VALUES ('649699228254119.htm',4,clock_timestamp(),clock_timestamp(),'t') ;
INSERT INTO "ZhilianUser" ("UserId","NickName","Type","Sex","City" ) VALUES(currval('"hero_reduce"."user_id_seq"'),'649699228254119.htm',0,'null','北京-东城区') ; INSERT INTO "JobPosition" ("UserId","Name","Address","Title","Salary","Description")
                          VALUES(currval('"hero_reduce"."user_id_seq"'),'649699228254119.htm','北京-东城区','证券分析/金融研究','5000-15000','【职位描述】交易——游走在投资与投机之间，徜徉于现实与理想之巅，融汇于艺术与技术之湾，它是人类社会对于资金和心理博弈的最直接体现，完美的展现了灵长类之魂创造与行动的宣言，是你实现人生理想的最后一环。你是否对交易存在浓厚兴趣呢？是否苦于徘徊在交易之河的彼岸而寻不见前路呢？现在机会来到了你的面前 -- 北京融控资本管理有限公司愿意提供免费的培训，带你横越财务自由的天堑，来到人生梦想的顶端。我们有专业的交易团队手把手带你走进交易市场。希望对金融行业有兴趣的你积极与我们电话或邮件联系，了解公司情况，招聘情况及与工作有关的相关问题。注   无需交易员外出寻找客户，只需操作公司账户即可      【职位要求】 1、年龄20～50之间、性别不限 2、中专以上学历（包括中专学历）,培训期间有大量的空余时间，对金融知识感兴趣； 3、有很强的执行力和自制力，日常生活作息规律； 4、有较强的学习能力，对于新知识有较强的接受能力； 5、心理稳定，耐心细致，有责任心，具有保密意识；6、对于基础薄弱或无经验者有专业的入职培训。（有交易经验者可直接联系面谈）      【岗位职责】1、正式成为公司的员工之后，负责公司指定账户的资金运作，在稳定盈利的基础之上会逐步增加操作资金。2、以稳定且合理的交易方式为前提，及时交易，每月完成公司规定的盈利目标，并在此基础上创造更多的盈利，以求盈利的最大化。3、定期上交交易报告，报告时间每月一次。     【薪酬待遇】初级交易员：5500底薪 + 提成20% + 节假日福利 + 年终奖中级交易员：10000底薪  + 提成30% + 五险一金 + 节假日福利 + 年终奖高级交易员：15000底薪 + 提成40% + 五险一金 + 节假日福利 + 年终奖 联系人：莫经理    联系电话：13501391731 简历投递邮箱 ahr@rongkongziben.com    【注】 1、请各位求职者仔细、详细的阅读您投递的职位要求，公司将统一进行审核、通知，谢绝重复投递和未经预约的来访。2、录用人员，公司将统一、全面的给予员工提供为期10天的、免费的、专业的、系统的岗前培训，培训时间（9：30--17:00）(周六、日休息)。                                                                              3、公司将全资为盘手提供资金支持，承担风险，同时也将为盘手提供明亮、优雅、舒适的工作环境，提升您的交易心情。节假日公司会不定期 的组织外出活动及娱乐活动（费用公司全报销）培训期间公司会组织模拟比赛，在模拟练习期间为做的成绩优秀的学生给予物质奖励。4、交易员只需操作公司账户，无需外出寻找客户。                                                                            职位联系方式                                                      公司名称：融控(北京)资本管理有限公司公司地址：北京市东城区建国门南大街7号万豪国际中心写字楼A座9层910号 公司网站：www.rongkongziben.com                                                          查看职位地图') ;
COMMIT;
INSERT INTO "User" ("Name","UserType","CreatedDatetime","UpdatedDatetime","Enabled")
                              VALUES ('178806528251788.htm',4,clock_timestamp(),clock_timestamp(),'t') ;
INSERT INTO "ZhilianUser" ("UserId","NickName","Type","Sex","City" ) VALUES(currval('"hero_reduce"."user_id_seq"'),'178806528251788.htm',0,'null','北京') ; INSERT INTO "JobPosition" ("UserId","Name","Address","Title","Salary","Description")
                          VALUES(currval('"hero_reduce"."user_id_seq"'),'178806528251788.htm','北京','证券分析/金融研究','5000-10000','薪酬回报：初级分析师：5000 底薪 + 提成20%+ 节假日福利 + 年终奖 月薪可达8000元以上中级分析师：10000底薪+ 提成30%+五险一金+节假日福利+年终奖  月薪可达15000元以上高级分析师：15000底薪+ 提成40%+五险一金+节假日福利+年终奖 月薪可达20000至30000元以上职位描述:操盘手就是在金融市场做投机，低买高卖赚取金融产品差价。投机一词在中国人眼里是贬义词，及投机倒把或者投机取巧，其实投机词是中性词，真正的含义是利用智慧来赚钱。金融市场的投机是这样的：公众们都认为投机是一种预知未来，去知晓那些无法知晓的游戏。他们错了，其实这是运用成功的投资策略抓住你身边的机会并去实现它的一种游戏。低买高卖这个大家都知道。金融产品包括：股票、期货、黄金、白银、外汇等产品。岗位职责职位描述：1、接受公司培训（带薪）,有经验者可不接受培训，详情面谈。2. 公司出资，为公司的账户进行交易盈利；3、每个月进行交易总结，即时准确汇报公司各项账户信息；4、时刻关注公司账户操作品种的价格变动和相关重要资讯；任职资格：1、热爱交易、对金融经济知识感兴趣；2、有很强的执行力，自制力强；3、有较强的学习能力，新知识的接受能力4、学历：大专以上【包含大专】5、年龄：20岁--40岁之间 6、工作经验： 不限；升至空间：1、清晰明确的晋升空间：初级交易员—中级交易员－高级交易员—交易辅导员—交易经理－交易总监；2、针对高级管理岗位公司采用内部提拔方式，不采用空降或外部招聘等方式，给内部优秀的员工提供了良好的晋升通道。联系方式公司名称：江西亿汇投资有限公司北京投资管理分公司公司地址：北京市朝阳区东三环中路25号住总大厦地铁十号线金台夕照站D口往南100米公司主页：www.bj-yhtz.com联系人：孙经理联系电话：18811003112                                                                           职位联系方式                                                                                                                查看职位地图') ;
COMMIT;
INSERT INTO "User" ("Name","UserType","CreatedDatetime","UpdatedDatetime","Enabled")
                              VALUES ('402669116257168.htm',4,clock_timestamp(),clock_timestamp(),'t') ;
INSERT INTO "ZhilianUser" ("UserId","NickName","Type","Sex","City" ) VALUES(currval('"hero_reduce"."user_id_seq"'),'402669116257168.htm',0,'null','北京-朝阳区') ; INSERT INTO "JobPosition" ("UserId","Name","Address","Title","Salary","Description")
                          VALUES(currval('"hero_reduce"."user_id_seq"'),'402669116257168.htm','北京-朝阳区','房地产中介/交易','10001-15000','职位要求：1.对于金融行业有极高的兴趣。2.性格沉稳，情绪不易产生较大波动。3.有极强的时间观念。（交易员的工作性质对于时间和空间上没有要求，相对自由，需要自我约束。）4.对资金流动有较强的驾驭能力。5.能够尽量客观的看待事物的发展。 工作内容：1.接受公司培训。（有经验者可不接受培训，详情面谈。带薪培训）2.部分初级交易员需要参加交易员晋级培训。每月一次。3.盯盘频率：至少每15分钟一次。每日交易时间至少6小时。4.高执行力：关注每次交易系统给出的进场，出场信号，并按照信号指示进行建仓，平仓操作。（交易系统会在培训期间给予指导。）5.交易报告：报告时间，每星期一。交易员需要在每个星期一上交一份交易报告，对上星期的盈利，亏损情况做错总结。如有大额（20%以上）的盈利或亏损，需要与其所在交易团队经理进行面谈。6.亏损总结：总结时间，每星期一次，要与交易报告一同上交。总结内容：对上星期所有亏损的交易作出客观总结。如因交易系统漏洞亏损为正常。如因个人情绪不稳定导致亏损，需要与其所在交易部经理进行面谈。 相关待遇：薪资待遇:初级操盘手：待遇 : 5000 底薪 + 提成20% + 节假日福利 + 年终奖 月薪可达7000元以上 中级操盘手：待遇 : 10000 底薪 + 提成30%+ 节假日福利 + 年终奖 + 五险一金 月薪可达到1.2-1.8万元以上高级操盘手：待遇：15000底薪 + 提成40% + 节假日福利 + 年终奖 + 五险一金 月薪可达到2-3万元公司福利：保险，公积金，年终奖，奖金提成，全勤奖，节日福利，双休，8小时工作制，带薪年假，公费培训，通讯补贴，交通补贴，公费旅游 初级操盘手：   1.接受免费统一的学习培训和模拟训练；    2.成绩优秀的操盘手将逐步晋升为中级、高级操盘手；    3.级别越高，机会越多，收入越高；    4.有较强的学习能力、分析能力、风险控制能力；   5.年龄20至50之间，大专以上学历，有经验者优先；   6.爱岗敬业，诚实负责者优先录用；待遇 : 5000 底薪 + 提成20% + 节假日福利 + 年终奖 月薪可达7000元以上 。中级操盘手：    1.有强烈的以交易为生，希望成为交易高手的意愿；    2.可承受较大心里压力，有很强的自我调控能力，纪律严格；    3.对公司资高度负责，严格执行安全控制；    4.以稳定盈利为最高目标；    5.热衷于金融行业的有经验人士，有意与国际经济及货币交易的最新理念保持一致水准，并关注全球外汇实时走势 ；   6.敢于迎接挑战、能独立承受压力、完成公司交赋的工作任务 ；  7.有很强的分析能力，擅长并酷爱操盘工作 ；   8.具有自信、冷静、理智、果断、坚定、胆识等操盘手所要求具备的各项品质；待遇 : 10000 底薪 + 提成30% + 节假日福利 + 年终奖 + 五险一金 月薪可达到1.2-1.8万元以上。高级操盘手：       1.负责公司指定客户账户或配资账户的资金运作 ；   2.分析行情，做出每日交易计划；     3.配合培训讲师完成新入司员工的实盘交易辅导；    4.把握市场机会，及时交易，确保账户达到稳定盈利，尽可能的达到利益最大化；5.专业不限，经济类、理工类专业优先； 6.人品端正，谦虚好学，自信果敢；7.有很强的数据运算能力及宏观经济数据分析能力；  8.熟悉双边市场，至少三年以上股票交易经验或一年以上双边市场交易经验；待遇 : 15000底薪 + 提成40% + 节假日福利 + 年终奖 + 五险一金 月薪可达到2-3万元。 北京亿汇投资管理有限公司（诚聘，不产生任何费用）对于没有工作经验的人员提供免费全面的交易培训课程，培训后由交易团队带领锻炼交易及分析能力。注：公司承诺不收取任何费用，被正式录用的员工补发培训期间相关费用。 公司主页：WWW.BJ-YHTZ.COM公司地址：北京市朝阳区东三环中路25号住总大厦 1608 室乘车路线：地铁10号线金台夕照站D口人事主管：王经理（18310813739）（对职位有疑问或有兴趣者，请积极与HR联系）                                                                           职位联系方式                                                        公司主页：WWW.BJ-YHTZ.COM  公司地址：北京市朝阳区东三环中路25号住总大厦 1608 室。  乘车路线：地铁10号线金台夕照站D口。  人事主管：王经理（18310813739）（对职位有疑问或有兴趣者，请积极与HR联系）') ;
COMMIT;
INSERT INTO "User" ("Name","UserType","CreatedDatetime","UpdatedDatetime","Enabled")
                              VALUES ('603807121250111.htm',4,clock_timestamp(),clock_timestamp(),'t') ;
INSERT INTO "ZhilianUser" ("UserId","NickName","Type","Sex","City" ) VALUES(currval('"hero_reduce"."user_id_seq"'),'603807121250111.htm',0,'null','北京-朝阳区') ; INSERT INTO "JobPosition" ("UserId","Name","Address","Title","Salary","Description")
                          VALUES(currval('"hero_reduce"."user_id_seq"'),'603807121250111.htm','北京-朝阳区','证券分析/金融研究','','1.通过信息、数据的搜集分析以及调研进行对医药的行业研究和趋势分析；2.参与编写行业相关的报告，并制作演讲文档；3.参与公司指定的研究或咨询项目；4.负责与客户企业的沟通，以及解答客户针对研究或者报告的问题。任职资格：1.3-5年工作经验，有大型医药企业工作经验者或知名金融企业任职经验优先考虑；2.本科及以上学历，不限专业（医疗、统计、管理类专业优先）；3.较强的组织协调能力，良好的团队意识；4.熟悉各种研究方法、数据处理分析能力（统计研究）突出者优先；5.较强的逻辑分析能力，掌握数据分析方法，良好文字写作能力；6.熟悉医药、有财务和金融基础知识；7.良好的口头表达、沟通、理解能力；8.熟练应用熟练使用Windows Office等办公软件；9.有责任心、较强的抗压能力、出色的学习能力； 10.形象好气质佳； 11.办公地点国贸附近，紧邻地铁口，交通便利，办公环境优越。                                                                           职位联系方式                                                       公司名称：北京中金智融投资基金管理有限公司 公司地址：北京市朝阳区东三环中路20号乐成中心B座20层  传真： 公司主页：http://www.zjzrfund.com/                                                          查看职位地图') ;
COMMIT;
INSERT INTO "User" ("Name","UserType","CreatedDatetime","UpdatedDatetime","Enabled")
                              VALUES ('135038057250577.htm',4,clock_timestamp(),clock_timestamp(),'t') ;
INSERT INTO "ZhilianUser" ("UserId","NickName","Type","Sex","City" ) VALUES(currval('"hero_reduce"."user_id_seq"'),'135038057250577.htm',0,'null','北京-朝阳区') ; INSERT INTO "JobPosition" ("UserId","Name","Address","Title","Salary","Description")
                          VALUES(currval('"hero_reduce"."user_id_seq"'),'135038057250577.htm','北京-朝阳区','证券分析/金融研究','6001-8000','致求职者的话： 首先要恭喜您在打开此页面的同时，您内心的睿智选择已经引领您向金融领域中的高收入职业迈出了幸运并且前景无限的第一步。如果您有意加入到我们操盘手的交易团队当中，公司的交易团队和讲师会引导您坚实而踏实的走好日后职业发展的每一步。请您在相信您自己内心选择的基础上相信公司的团队，认真努力的和我们一路走下去，未来三到五年内在北京相对中心的位置拥有一套属于自己的安身立命之所，绝不是太难的事情。相信您自己的选择，更要相信您自身的能力，加入到我们阳光的交易团队当中，为您今后梦想与人生的启航做好坚实的经济铺垫。   乔治.索罗斯说：“你可以生于贫穷，但绝不能死于贫穷”祝贺所有关心金融市场的投资者，因为你们拥有一个不同于过去的投资时代！   工作内容1.接受公司培训（带薪）。（有经验者可不接受培训，详情面谈。）2.部分初级交易员需要参加交易员晋级培训。每月一次。3.高执行力：关注每次交易系统给出的进场，出场信号，并按照信号指示进行建仓，平仓操作。（交易系统会在培训期间给予指导。）4、严格执行公司各项制度，，并定期整理交易数据，向上级领导账户分析结果；5、按照部门主管的要求进行技术和基本面规律的分析，进行数据的搜集或整理；6、配合其他部门有关工作；7、遵守公司的各项管理制度，承办领导交办的其他工作。素质要求：1、大专以上学历,金融专业优先，培训期间有大量的空余时间；2、热爱交易、对金融经济知识感兴趣；3、有很强的执行力，自制力强；日常生活有规律、有计划；4、有较强的学习能力，新知识的接受能力；5、抗压能力；6、耐心细致，有责任心，具有保密意识；7、对于基础薄弱或者无经验者有专业的入职培训。8、公司提供良好的晋升机制：薪资待遇： 初级薪资待遇：5000底薪 +  提成20%--40%  +  五险一金 + 节假日福利 + 季度奖  月薪可达7000元以上中级薪资待遇：10000底薪 + 提成20%--40% +  五险一金 +  节假日福利 + 季度奖   月薪可达15000元以上高级薪资待遇：15000底薪 + 提成20%--40% +  五险一金 +  节假日福利 + 季度奖   月薪达2-3万元以上 职位要求：年龄：20岁-50岁之间。学历：大专以上（包括大专），有交易经验者面谈。其它素质： 1.对于金融行业有极高的兴趣。2.性格沉稳，情绪不易产生较大波动。3.有极强的时间观念。（交易员的工作性质对于时间和空间上没有要求，相对自由，需要自我约束。）4.对资金流动有较强的驾驭能力。5.能够尽量客观的看待事物的发展。 面试要求： 不提供视频或者电话面试，只能到北京参加一对一面试，无复试，无笔试，不能来北京者请勿投递，面试通过后培训可做延期。实习员工： 前期培训期视为实习，实习期满可成为公司正式员工，可开实习证明，培训期为连续十个工作日，周末双休，每日培训时间：早晨9:30至下午3:30。公司在培训期提供每日餐补及路费补助，并在第一个月的薪资里统一发放。其他福利：五险一金 季度奖+年终奖  带薪免费旅游   公司对于没有交易经验，却对金融衍生品操作有兴趣者，提供正规统一的免费培训。有专业的交易团队手把手带你走进交易市场。我们的交易团队有绝对的信心让你在培训期后，有属于自己的交易系统与理念，让你找到自己在交易市场的立足点。成为我公司的优秀员工，对于成绩优秀学员公司提供交易账户帮助学员完成自我晋升。希望对金融行业有兴趣的应聘者积极与我们联系，了解公司情况，招聘情况及与工作相关的问题。公司承诺将对每位学员认真负责，最大限度发掘每一位学员的交易潜力。      联系电话：010-57349909  15811512051公司地址：北京市朝阳区时间国际大厦A座2601室公司名称：深圳市龙阳商务咨询有限公司北京第一分公司                                                                           职位联系方式                                                        人事经理：陈经理公司网址：http://www.bj-lyjt.com 联系电话：010-57349909  13366412049公司地址：北京市朝阳区时间国际大厦A座2601室公司名称：深圳市龙阳商务咨询有限公司北京第一分公司  各求职者请注意可把简历发至公司                                                           查看职位地图') ;
COMMIT;
INSERT INTO "User" ("Name","UserType","CreatedDatetime","UpdatedDatetime","Enabled")
                              VALUES ('369050315252602.htm',4,clock_timestamp(),clock_timestamp(),'t') ;
INSERT INTO "ZhilianUser" ("UserId","NickName","Type","Sex","City" ) VALUES(currval('"hero_reduce"."user_id_seq"'),'369050315252602.htm',0,'null','北京-海淀区') ; INSERT INTO "JobPosition" ("UserId","Name","Address","Title","Salary","Description")
                          VALUES(currval('"hero_reduce"."user_id_seq"'),'369050315252602.htm','北京-海淀区','证券分析/金融研究','','因公司发展要求，现招聘培养资产运作交易员职位要求： 热爱金融行业，有财富自由、财务自主的愿望。 具有积极乐观、诚实自信、冷静、理智、果断、坚定、胆识等操盘手所要求具备的各项品质。 可承受较大心里压力，有很强的自我调控能力，纪律严格； 对公司资金高度负责，严格执行安全控制； 以稳定盈利为最高目标； 关注全球外汇实时走势； 有很强的分析能力，擅长并酷爱操盘工作； 为坚实自己的交易团队，公司为操盘手提供优厚的待遇和优质的工作环境。 对于没有工作经验的人员录用后，提供带薪的交易培训课程和导师一对一的针对指导，培训后由交易团队带领锻炼交易及分析能力。 初级操盘手： 1.接受免费统一的学习培训和模拟训练； 2.成绩优秀的操盘手将逐步晋升为中级、高级操盘手； 3.级别越高，机会越多，收入越高。 4.有较强的学习能力、分析能力、风险控制能力。 5.年龄20至50之间，大专以上学历，有经验者优先。 6.爱岗敬业，诚实负责者优先录用。 职位待遇：基本工资5000 + 提成20%-30% + 节假日福利 + 年终奖 +五险一金 （月收入大约大约8000--15000） 中级操盘手： 1.有强烈的以交易为生，希望成为交易高手的意愿； 2.可承受较大心里压力，有很强的自我调控能力，纪律严格； 3.对公司资高度负责，严格执行安全控制； 4.以稳定盈利为最高目标。 5.热衷于金融行业的有经验人士，有意与国际经济及货币交易的最新理念保持一致水准，并关注全球外汇实时走势 6.敢于迎接挑战、能独立承受压力、完成公司交赋的工作任务 7.有很强的分析能力，擅长并酷爱操盘工作 8.具有自信、冷静、理智、果断、坚定、胆识等操盘手所要求具备的各项品质。 职位待遇：基本工资10000 + 提成30%-40% + 节假日福利 + 年终奖 +五险一金 （月收入大约大约15000--30000） 高级操盘手： 1.负责公司指定客户账户或配资账户的资金运作 2.分析行情，做出每日交易计划。 3.配合培训讲师完成新入司员工的实盘交易辅导。 4.把握市场机会，及时交易，确保账户达到稳定盈利，尽可能的达到利益最大化。 5.专业不限，经济类、理工类专业优先。 6.人品端正，谦虚好学，自信果敢。 7.有很强的数据运算能力及宏观经济数据分析能力。 8.熟悉双边市场，至少三年以上股票交易经验或一年以上双边市场交易经验。 职位待遇：基本工资15000 + 提成40%-50% + 节假日福利 + 年终奖 +五险一金 （月收入大约20000--50000） 晋升步骤： 免费培训—评估—初级操盘手—中级操盘手—高级操盘手—培训讲师—交易经理—交易总监 职位优势: 本职位无工作时间、地点限制,能做网上交易即可，可在家操盘。灵活的晋升体系和广阔的发展空间，可兼职。 实习员工： 前期培训期视为实习，实习期满可成为公司正式员工，可开实习证明，培训期为连续十个工作日，周末双休，每日培训时间：早晨9:30至下午3:30。公司在培训期提供每日餐补及 路费补助，并在第一个月的薪资里统一发放。 【注】： 1、请各位求职者仔细、详细的阅读您投递的职位要求，公司将统一进行审核、通知，谢绝重复投递。 2、操作资金均由公司提供，交易员不需承担风险。 录用人员，公司将统一、全面的给予员工提供为期10天的、免费的、专业的、系统的岗前带薪培训，培训时间（9：30--15：30 ）周六、日休息。正式入职后，培训薪资计入首月工资。  3、公司将全资为盘手提供资金支持，承担风险，同时也将为盘手提供明亮、优雅、舒适的工作环境，提升您的交易心情。节假日公司会不定期的组织外出活动及娱乐活动（费用 公司全报销）培训期间公司会组织模拟比赛，在模拟练习期间为做的成绩优秀的学生给予物质奖励。  4、希望对金融行业有兴趣的应聘者积极与我们的HR联系，了解公司情况，招聘情况及与工作有关的相关问题。  公司地址：北京市朝阳区时间国际A座2601、2609室 乘车路线：地铁10号线三元桥站D口出（地铁门口有标识牌）或A口出（经过凤凰汇购物商业街左转即是时间国际），机场线B口出向西100米   职位联系方式：公司名称：深圳市龙阳商务咨询有限公司北京第一分公司公司地址：北京市朝阳区三元桥时间国际A座2601室地铁10号线三元桥站D口出（地铁门口有标识牌）或A口出 经过凤凰汇购物商业街左转即是时间国际 ，机场线B口出向西100米  联系经理：金经理联系电话：010-57283204 18210662298联系QQ:114342060公司网站：www.bj-lyjt.com简历邮箱：kimhr@bj-lyjt.com                                                                            职位联系方式                                                       职位联系方式：公司名称：深圳市龙阳商务咨询有限公司北京第一分公司公司地址：北京市朝阳区三元桥时间国际A座2601室（三元桥10号线地铁直达D口出）联系经理：金经理联系电话：010-57283204 18210662298联系QQ:114342060公司网站：www.bj-lyjt.com简历                                                          查看职位地图') ;
COMMIT;
INSERT INTO "User" ("Name","UserType","CreatedDatetime","UpdatedDatetime","Enabled")
                              VALUES ('553909420261236.htm',4,clock_timestamp(),clock_timestamp(),'t') ;
INSERT INTO "ZhilianUser" ("UserId","NickName","Type","Sex","City" ) VALUES(currval('"hero_reduce"."user_id_seq"'),'553909420261236.htm',0,'null','北京-朝阳区') ; INSERT INTO "JobPosition" ("UserId","Name","Address","Title","Salary","Description")
                          VALUES(currval('"hero_reduce"."user_id_seq"'),'553909420261236.htm','北京-朝阳区','证券/期货/外汇经纪人','10001-15000','岗位要求： 一、初级交易员： 1.接受免费统一的专业学习培训和模拟训练。 2.成绩优秀的交易员将逐步晋升为中级、高级交易员。3.认同公司的发展理念， 愿意与公司共同拓展业务。4.具有很强的工作责任心和团队合作精神。岗位待遇：5500 底薪 + 提成20% + 节假日福利 + 年终奖 二、中级交易员： 1.可承受较大心里压力，有很强的自我调控能力，纪律严格。 2.对公司资高度负责，严格执行安全控制。 3.以持续稳定盈利为最高目标，成为业内精英人才。4.热衷于金融行业的有经验人士，有意与国际经济及货币交易的最新理念保持一致水准，并关注全球外汇实时走势。5.敢于迎接挑战，能独立承受压力、完成公司交赋的工作任务。 6.有很强的分析能力，擅长并酷爱交易工作。 7.具有自信、冷静、理智、果断、坚定、胆识等交易员所要求具备的各项品质。 岗位待遇：10000 底薪 + 提成20% + 节假日福利 + 年终奖 + 五险一金三、高级交易员： 1.负责公司指定客户账户或配资账户的资金运作。 2.具有丰富的市场分析能力，做出每日交易计划，熟练掌握各种分析工具。3.配合培训讲师完成新入公司员工的实盘交易辅导。 4.把握市场机会，及时交易，确保账户达到持续稳定盈利，尽可能的达到利益最大化。 5.专业不限，经济类，理工类专业优先。 6.人品端正，谦虚好学，自信果敢。 7.有很强的数据运算能力及宏观经济数据分析能力。 8.熟悉双边市场，至少三年以上股票交易经验或两年以上双边市场交易经验。 9.公司提供完善的免费提高培训。 岗位待遇：15000 底薪 + 提成20% + 节假日福利 + 年终奖 + 五险一金注： 交易员只操作公司账户，不需外出寻找客户！ 业绩考核：1.是否依照计划目标将任务完成，使其质量达到要求的标准； 2.任务完成的过程或结果是否正确，是否达到标准的要求。 能力考核 1.业务所需要的业务知识、相关知识的掌握程度； 2.是否熟练掌握本岗位技能； 3.在执行任务时，是否能从容应对出现的变化。 态度考核 1.能自觉地尽职尽责的工作，能自始至终的表现出负责的态度；2.在职权范围内，能进行自我管理，能自主、自立、自信地处理业务。北京巨源时代投资管理有限公司（JUYUAN era Investment Management Co., Ltd.）创立于2010年,作为国内的新锐资本机构，巨源投资坐拥北京CBD核心区，公司团队由来自海外或有多年金融投资经验的专业精英组成，巨源投资立志缔造企业品牌价值，以客户服务为主导。为员工、客户及投资者创富增值。公司诚邀您加入我们的团队，创造财富不是梦想。考核内容：初级交易员连续稳定盈利3个月晋升中级交易员 中级交易员连续稳定盈利3个月晋升高级交易                                                                           职位联系方式                                                      公司名称：巨源时代投资管理有限公司 联系人  ：张经理 电话    ：18611860837') ;
COMMIT;
INSERT INTO "User" ("Name","UserType","CreatedDatetime","UpdatedDatetime","Enabled")
                              VALUES ('632971627250414.htm',4,clock_timestamp(),clock_timestamp(),'t') ;
INSERT INTO "ZhilianUser" ("UserId","NickName","Type","Sex","City" ) VALUES(currval('"hero_reduce"."user_id_seq"'),'632971627250414.htm',0,'null','北京-朝阳区') ; INSERT INTO "JobPosition" ("UserId","Name","Address","Title","Salary","Description")
                          VALUES(currval('"hero_reduce"."user_id_seq"'),'632971627250414.htm','北京-朝阳区','证券分析/金融研究','4001-6000','【岗位职责】1.热爱金融行业，有励志于长期发展这个行业的意愿；2.投融资项目尽职调查，可行性研究，风险评估和控制；3.负责筛选、编辑制作研究报告；4.对客户进行回访咨询服务工作；5.投融资方案和产品的设计和创新；6.负责对行情的分析及喊单；7.编写专业性文稿；8.宏观经济和行业研究；【任职资格】1、掌握经济学理论，有较强的信息搜集能力和数据处理能力，以及独立的行情研究和判断能力； 2、富有激情，较强的亲和力和感染力、良好的文字和语言表达能力、沟通能力，思维敏捷；3、能独立开展调查研究和专题研究工作，熟悉贵金属产业链，能独立撰写研发；4、熟悉双边市场，至少三年以上股票交易经验或一年以上双边市场交易经验。5、具有较强的行情把握能力和投资分析能力和客户沟通能力； 6、能持续性支持培训潜在客户或现有客户； 7、能够吃苦耐劳，有耐心！对于之前没有交易经验，但对金融交易方面产生浓厚兴趣的人才，公司会提供为期两周的免费带薪培训！大学生公司可提供实习或兼职机会！底薪（5000）+高提成+五险+带薪培训+定期旅游、聚餐+年终奖+终身免费晋升培训，收入上不封顶【福利待遇】1、条件符合者，公司将统一安排专业职业技能培训；2、签订全日制固定期限劳动合同、五险一金、底薪+奖金+补贴+绩效+团队业绩奖励；2、周末双休、法定节假日，圣诞、万圣、Bank Holiday休息3、做五休二、OFFICE作息时间，无需加班；4、正式员工享受带薪培训、带薪年假、定期体检，一年四次旅游，每月多聚餐游5、完善成熟的晋升渠道，专业的职业生涯规划，助你成为金融行业精英所述人员一经录用，公司提供完善的在职培训，并有广阔的个人发展空间。 公司名称：嘉城基业投资咨询(北京)有限公司公司地址：北京市朝阳区朝外大街3号山水广场B座804室(地铁六号线东大桥A口出向西走200米) 联系电话：18513315770 周经理公司主页：www.jiachengjiye.com                                                                           职位联系方式                                                       公司名称：嘉城基业投资咨询(北京)有限公司 公司地址：北京市朝阳区朝外大街3号山水广场B座804室(地铁六号线东大桥A口出向西走200米)  联系电话：18513315770 周经理 公司主页：www.jiachengjiye.com                                                          查看职位地图') ;
COMMIT;
INSERT INTO "User" ("Name","UserType","CreatedDatetime","UpdatedDatetime","Enabled")
                              VALUES ('452640527252352.htm',4,clock_timestamp(),clock_timestamp(),'t') ;
INSERT INTO "ZhilianUser" ("UserId","NickName","Type","Sex","City" ) VALUES(currval('"hero_reduce"."user_id_seq"'),'452640527252352.htm',0,'null','北京-东城区') ; INSERT INTO "JobPosition" ("UserId","Name","Address","Title","Salary","Description")
                          VALUES(currval('"hero_reduce"."user_id_seq"'),'452640527252352.htm','北京-东城区','证券分析/金融研究','8001-10000','岗位职责：1. 负责研究工作，内容包括股权投资领域及相关泛金融领域、二级市场及产业的研究；2. 定制研究项目执行工作；3. 根据实际情况负责其他类型研究咨询业务的执行。 任职资格:1. 三年及以上研究分析的工作经验，本科以上学历，经济学、金融专业背景优先；2. 分析师、研究员、财经记者背景；3. 有较强沟通能力及团队合作能力；4. 对研究工作具有深厚的兴趣。                                                                           职位联系方式                                                       公司名称：chinaventure 投资中国 公司地址：北京市东城区东直门南大街11号中汇广场A座7层 上海市南京西路1266号恒隆广场1座1201室；深圳福田区金田路3037号金中环商务大厦3302室；成都市博瑞创意成都写字楼A座6层  传真： 公司主页：www.chinaventuregroup.com.cn                                                          查看职位地图') ;
COMMIT;
INSERT INTO "User" ("Name","UserType","CreatedDatetime","UpdatedDatetime","Enabled")
                              VALUES ('000333830250830.htm',4,clock_timestamp(),clock_timestamp(),'t') ;
INSERT INTO "ZhilianUser" ("UserId","NickName","Type","Sex","City" ) VALUES(currval('"hero_reduce"."user_id_seq"'),'000333830250830.htm',0,'null','北京-东城区') ; INSERT INTO "JobPosition" ("UserId","Name","Address","Title","Salary","Description")
                          VALUES(currval('"hero_reduce"."user_id_seq"'),'000333830250830.htm','北京-东城区','证券分析/金融研究','6001-8000','任职资格： 1、 个人形象优秀、良好信用记录、良好职业记录； 2、 本科以上学历，35岁以下，且已经取得证券投资咨询执业资格； 3、 有较强的语言表达能力和写作能力，有较强的人际交往能力，富有工作热情； 4、 掌握财务管理基本知识，具备良好的财务分析能力； 5、有两年以上的客户服务经验或营销经验；  6、具有良好的沟通、协调、分析能力，开拓能力，良好的写作能力，电脑操作能力，善于与人合作；   7、 具有银行证券，期货，基金，外汇，黄金投资经验者优先  待遇说明： 1、岗位薪酬（基本工资+岗位工资）+绩效提成+服务签约净增净佣金25%+社会保险+地区补贴+假日奖金+ +年终分红+企业年金计划； 2、完善的培训体系，良好的晋升机制；                                                                              职位联系方式                                                       公司名称：光大证券北京东中街证券营业部 公司地址：北京市东城区东中街29号东环广场B座二层 公司网站：www.ebscn.com') ;
COMMIT;
INSERT INTO "User" ("Name","UserType","CreatedDatetime","UpdatedDatetime","Enabled")
                              VALUES ('356672214250863.htm',4,clock_timestamp(),clock_timestamp(),'t') ;
INSERT INTO "ZhilianUser" ("UserId","NickName","Type","Sex","City" ) VALUES(currval('"hero_reduce"."user_id_seq"'),'356672214250863.htm',0,'null','北京-朝阳区') ; INSERT INTO "JobPosition" ("UserId","Name","Address","Title","Salary","Description")
                          VALUES(currval('"hero_reduce"."user_id_seq"'),'356672214250863.htm','北京-朝阳区','证券分析/金融研究','','岗位职责：1、配合项目经理完成项目可行性报告的编写；2、配合项目经理与其他部门的协调工作；3、配合项目经理完成金融产品的设计及项目退出机制的设计等工作；4、配合项目经理完成金融产品的路演工作；5、领导交办的其他工作。 任职要求：1、本科以上学历，经济、金融相关专业；2、较强的文字表达能力；3、具有团队协作能力可以接受加班和出差；4、逻辑思维清晰；5、精通计算机相关软件。                                                                           职位联系方式                                                       公司名称：北京吉磊创业投资有限公司 公司地址：北京市朝阳区东三环中路1号环球金融中心办公楼西楼5层4-5号单元  传真：010-56767790 公司主页：http//:www.jileivc.com') ;
COMMIT;
INSERT INTO "User" ("Name","UserType","CreatedDatetime","UpdatedDatetime","Enabled")
                              VALUES ('649699228254096.htm',4,clock_timestamp(),clock_timestamp(),'t') ;
INSERT INTO "ZhilianUser" ("UserId","NickName","Type","Sex","City" ) VALUES(currval('"hero_reduce"."user_id_seq"'),'649699228254096.htm',0,'null','北京-东城区') ; INSERT INTO "JobPosition" ("UserId","Name","Address","Title","Salary","Description")
                          VALUES(currval('"hero_reduce"."user_id_seq"'),'649699228254096.htm','北京-东城区','证券分析/金融研究','5000-15000','【职位描述】交易——游走在投资与投机之间，徜徉于现实与理想之巅，融汇于艺术与技术之湾，它是人类社会对于资金和心理博弈的最直接体现，完美的展现了灵长类之魂创造与行动的宣言，是你实现人生理想的最后一环。你是否对交易存在浓厚兴趣呢？是否苦于徘徊在交易之河的彼岸而寻不见前路呢？现在机会来到了你的面前 -- 北京融控资本管理有限公司愿意提供免费的培训，带你横越财务自由的天堑，来到人生梦想的顶端。我们有专业的交易团队手把手带你走进交易市场。希望对金融行业有兴趣的你积极与我们电话或邮件联系，了解公司情况，招聘情况及与工作有关的相关问题。注   无需交易员外出寻找客户，只需操作公司账户即可      【职位要求】 1、年龄20～50之间、性别不限 2、中专以上学历（包括中专学历）,培训期间有大量的空余时间，对金融知识感兴趣； 3、有很强的执行力和自制力，日常生活作息规律； 4、有较强的学习能力，对于新知识有较强的接受能力； 5、心理稳定，耐心细致，有责任心，具有保密意识；6、对于基础薄弱或无经验者有专业的入职培训。（有交易经验者可直接联系面谈）      【岗位职责】1、正式成为公司的员工之后，负责公司指定账户的资金运作，在稳定盈利的基础之上会逐步增加操作资金。2、以稳定且合理的交易方式为前提，及时交易，每月完成公司规定的盈利目标，并在此基础上创造更多的盈利，以求盈利的最大化。3、定期上交交易报告，报告时间每月一次。     【薪酬待遇】初级交易员：5500底薪 + 提成20% + 节假日福利 + 年终奖中级交易员：10000底薪  + 提成30% + 五险一金 + 节假日福利 + 年终奖高级交易员：15000底薪 + 提成40% + 五险一金 + 节假日福利 + 年终奖 联系人：莫经理    联系电话：13501391731 简历投递邮箱 ahr@rongkongziben.com    【注】 1、请各位求职者仔细、详细的阅读您投递的职位要求，公司将统一进行审核、通知，谢绝重复投递和未经预约的来访。2、录用人员，公司将统一、全面的给予员工提供为期10天的、免费的、专业的、系统的岗前培训，培训时间（9：30--17:00）(周六、日休息)。                                                                              3、公司将全资为盘手提供资金支持，承担风险，同时也将为盘手提供明亮、优雅、舒适的工作环境，提升您的交易心情。节假日公司会不定期 的组织外出活动及娱乐活动（费用公司全报销）培训期间公司会组织模拟比赛，在模拟练习期间为做的成绩优秀的学生给予物质奖励。4、交易员只需操作公司账户，无需外出寻找客户。                                                                            职位联系方式                                                      公司名称：融控(北京)资本管理有限公司公司地址：北京市东城区建国门南大街7号万豪国际中心写字楼A座9层910号 公司网站：www.rongkongziben.com                                                          查看职位地图') ;
COMMIT;
INSERT INTO "User" ("Name","UserType","CreatedDatetime","UpdatedDatetime","Enabled")
                              VALUES ('264570618250007.htm',4,clock_timestamp(),clock_timestamp(),'t') ;
INSERT INTO "ZhilianUser" ("UserId","NickName","Type","Sex","City" ) VALUES(currval('"hero_reduce"."user_id_seq"'),'264570618250007.htm',0,'null','北京-西城区') ; INSERT INTO "JobPosition" ("UserId","Name","Address","Title","Salary","Description")
                          VALUES(currval('"hero_reduce"."user_id_seq"'),'264570618250007.htm','北京-西城区','股票/期货操盘手','','岗位职责描述：1.有五年以上从事金融行业的工作经验，懂经济指标，会基本面面分析，技术面分析，熟悉金融体系。2.具有深厚的黄金、外汇、期货、股票等金融产品专业知识。3.具备金融市场的信息搜集、跟踪报道、研究分析、投资分析产品的研究分析能力。4.能够独立撰写行情预判、投资分析报告。5.具有较强的风险控制能力。招聘要求：1、金融、经济及相关专业专科以上学历。2、具有5年以上实盘经验者优先。3、具备较强的逻辑分析能力和语言表达能力，良好的沟通能力。4、具备较强的责任心，有良好的团队合作精神。5、具有较强的客户沟通能力。                                                                            职位联系方式                                                      公司名称：北京信德基业投资管理有限公司公司地址：北京市西城区黄寺大街23号阳光丽景7号楼1602公司电话：56214638                                                           查看职位地图') ;
COMMIT;
INSERT INTO "User" ("Name","UserType","CreatedDatetime","UpdatedDatetime","Enabled")
                              VALUES ('466332617250119.htm',4,clock_timestamp(),clock_timestamp(),'t') ;
INSERT INTO "ZhilianUser" ("UserId","NickName","Type","Sex","City" ) VALUES(currval('"hero_reduce"."user_id_seq"'),'466332617250119.htm',0,'null','北京-朝阳区') ; INSERT INTO "JobPosition" ("UserId","Name","Address","Title","Salary","Description")
                          VALUES(currval('"hero_reduce"."user_id_seq"'),'466332617250119.htm','北京-朝阳区','证券分析/金融研究','5000-10000','岗位主要职责：1、收集整理信息，证券分析、研究；跟踪行业动向及行业指数变化，深入挖掘行业及个股投资机会；2、协助参与公司其他部门的投资项目的跟进运行；3、建立并保持与合作伙伴的良好关系。 能力要求：1、本科及以上学历，金融、法律、经济等相关专业；2、具有金融证券及投资理财的基础知识（无需精通）；3、具备很强的资料搜集，分析能力,文字功底扎实，思维清晰;4、擅长人际交往。  特别说明： 欢迎应届毕业生，本公司提供十分有竞争力的薪资待遇，但要求个人素质较高，工作踏实认真，有在行业和公司内长期发展打算的优秀人士。优异者半年后将有机会提升为部门主管。                                                                            职位联系方式                                                       公司名称：易金投资管理有限公司 公司地址：北京市朝阳区建外SoHO西区16号楼1903室  公司主页：www.yijintouzi.com                                                          查看职位地图') ;
COMMIT;
INSERT INTO "User" ("Name","UserType","CreatedDatetime","UpdatedDatetime","Enabled")
                              VALUES ('600058023250424.htm',4,clock_timestamp(),clock_timestamp(),'t') ;
INSERT INTO "ZhilianUser" ("UserId","NickName","Type","Sex","City" ) VALUES(currval('"hero_reduce"."user_id_seq"'),'600058023250424.htm',0,'null','北京') ; INSERT INTO "JobPosition" ("UserId","Name","Address","Title","Salary","Description")
                          VALUES(currval('"hero_reduce"."user_id_seq"'),'600058023250424.htm','北京','企业培训师/讲师','','岗位职责：  1.研发包含金融投资领域最新资讯路演课件，提升发行部发行量的达成率；  2.根据路演反馈，及时调整讲授风格及内容，配合发行部工作；3.协助分公司，负责进行新员工入司岗前培训及在职员工的阶段培训。     任职资格： 1.一年以上金融投资研究及讲师相关工作经验；2.具有良好的人际沟通及协调能力，对会场有足够的掌控力；3.熟悉相关办公软件，能独立研发课件； 4.掌握金融投资基本知识，熟悉公司投资项目；5.具有较强的学习能力及理解分析能力，具有团队合作精神。                                                                            职位联系方式                                                      公司名称：北京瀚亚世纪资产管理有限公司公司地址：北京朝阳区东三环北路38号院2号楼民生大厦17层 传真：公司主页：') ;
COMMIT;
INSERT INTO "User" ("Name","UserType","CreatedDatetime","UpdatedDatetime","Enabled")
                              VALUES ('386181918252063.htm',4,clock_timestamp(),clock_timestamp(),'t') ;
INSERT INTO "ZhilianUser" ("UserId","NickName","Type","Sex","City" ) VALUES(currval('"hero_reduce"."user_id_seq"'),'386181918252063.htm',0,'null','北京') ; INSERT INTO "JobPosition" ("UserId","Name","Address","Title","Salary","Description")
                          VALUES(currval('"hero_reduce"."user_id_seq"'),'386181918252063.htm','北京','证券分析/金融研究','','部门：	研究部	任职地点：	北京海淀区直接汇报领导：	研究部总监	空缺人数：	4-5人职位描述和职责：1、根据各研究院的科研专项情况，独立完成所分配行业、领域的研究报告（数据采集，分析，报告）；2、发掘所关注行业、领域的投资机会；3、跟踪相关行业、领域的国内外主要企业的动态，形成定期报告；任职要求：基本要求：1、具备完善的数据采集渠道、分析框架、研究方法；2、具有缜密的思维和较强的逻辑分析能力；3、熟悉相关行业领域国内外、产业链上下游相关企业情况，能够迅速建立起研究、跟踪体系；4、具备两年以上券商卖方分析师工作经历者优先；5、有相关行业内企业人脉资源者更佳；、专业技术背景：1.具有理工科背景，能够对于相关技术领域的研究方向进行很好的理解和分析；2.复合教育背景优先，具有注册会计师资质者尤佳；                                                                            职位联系方式                                                      公司名称：工道控股有限公司公司地址：北京市海淀区成府路298号方正大厦304室 传真：公司主页：http://www.goodoing.com') ;
COMMIT;
INSERT INTO "User" ("Name","UserType","CreatedDatetime","UpdatedDatetime","Enabled")
                              VALUES ('634234221250016.htm',4,clock_timestamp(),clock_timestamp(),'t') ;
INSERT INTO "ZhilianUser" ("UserId","NickName","Type","Sex","City" ) VALUES(currval('"hero_reduce"."user_id_seq"'),'634234221250016.htm',0,'null','北京-朝阳区') ; INSERT INTO "JobPosition" ("UserId","Name","Address","Title","Salary","Description")
                          VALUES(currval('"hero_reduce"."user_id_seq"'),'634234221250016.htm','北京-朝阳区','证券分析/金融研究','','职位描述：1.负责项目资料的整理、查询及审核；2.参与公司项目交易结构设计；3.协助所属部门完成尽调；4.完成基金总监交办的其他工作。   任职要求：1.财务、经济类专业，本科以上学历；2.具有一年以上基金、证券、信托行业工作经验；3.具有较强的人际交往、沟通能力、较强的理解力和综合分析能力。                                                                           职位联系方式                                                       公司名称：正佑金元(北京)投资基金管理有限公司 公司地址：朝阳区建国路56号天洋运河壹号F2-F3栋  座    机：010-85742366') ;
COMMIT;
INSERT INTO "User" ("Name","UserType","CreatedDatetime","UpdatedDatetime","Enabled")
                              VALUES ('655962827250063.htm',4,clock_timestamp(),clock_timestamp(),'t') ;
INSERT INTO "ZhilianUser" ("UserId","NickName","Type","Sex","City" ) VALUES(currval('"hero_reduce"."user_id_seq"'),'655962827250063.htm',0,'null','北京-海淀区') ; INSERT INTO "JobPosition" ("UserId","Name","Address","Title","Salary","Description")
                          VALUES(currval('"hero_reduce"."user_id_seq"'),'655962827250063.htm','北京-海淀区','证券分析/金融研究','','岗位要求：1、对拟投资项目进行分析、论证、评估、选择、谈判等相关工作环节，撰写项目可行性分析报告或投资建议书,有较强的文字功底；2、负责对正式立项的项目组织开展尽职调查、财务审计、资产评估，提出资产定价建议，制订、优化投资方案，并参与投资谈判、合同或协议起草、修订，完成项目交割；3、对投资项目的实施过程进行监控、分析并提出改进意见；4、负责公司投资项目的投后管理、投资退出等工作；5、有私募股权基金投资经验者优先，有良好的募资渠道； 6、熟悉教育行业、医疗行业深度分析及研究任职要求：1、大学本科及以上学历，金融、财会、经济类等相关专业；2、3年以上相关行业工作经验，有产业工作经验+投行工作经验＋并购工作经验者优先；3、具有清晰的职业规划，了解并喜欢投资行业；4、具备敏锐的观察能力，良好的财务分析能力，较强的逻辑分析能力；5、熟悉投资项目的运作流程与要求；6、为人踏实勤奋，正直诚恳，有团队合作精神，责任心强，有较好的沟通能力与项目执行能力；7、有相关事务所实习或工作者优先。                                                                           职位联系方式                                                       公司名称：北京金佰瑞产业投资有限公司 公司地址：海淀区中关村鼎好大厦A座  传真： 公司主页：www.kingberry.com                                                          查看职位地图') ;
COMMIT;
INSERT INTO "User" ("Name","UserType","CreatedDatetime","UpdatedDatetime","Enabled")
                              VALUES ('649699228254098.htm',4,clock_timestamp(),clock_timestamp(),'t') ;
INSERT INTO "ZhilianUser" ("UserId","NickName","Type","Sex","City" ) VALUES(currval('"hero_reduce"."user_id_seq"'),'649699228254098.htm',0,'null','北京-东城区') ; INSERT INTO "JobPosition" ("UserId","Name","Address","Title","Salary","Description")
                          VALUES(currval('"hero_reduce"."user_id_seq"'),'649699228254098.htm','北京-东城区','证券分析/金融研究','6001-8000','乔治.索罗斯说：“你可以生于贫穷，但绝不能死于贫穷”祝贺所有关心金融市场的投资者，因为你们拥有一个不同于过去的投资时代！在这个世界上，有一群人，他们靠思考，靠信息，靠一个机会就获得终身的财富自由。他们相信：任何的财富，任何的创造，任何的奇迹都起源于一个观念，他们相信好的观念才能带来财富，财富的自由流动才能带来更大的财富。他们相信，唯有让财富进入互助圈，开始涌流，才能带来更加丰饶的财富。他们不用很努力，不用很辛苦，不用特别勤劳，关键是要懂得世界上最伟大的财富增长法则，那就是以互助的，多赢的，游戏的心态让财富流动，财富才会s裂变般的巨增，这就是交易员。【任职要求】1、热爱金融行业，有强烈的意愿进入金融投资领域，渴望成为金融职场中的精英一族；2、具有良好的自我学习能力与团队合作精神；3、具有良好的职业操守，有强烈的责任感；4、敢于挑战自我，勇于凭自己的努力和本领获得高收益。 【工作内容】1、为公司的账户进行交易盈利；2、每个月进行交易总结，即时准确汇报公司各项账户信息；3、时刻关注公司账户操作品种的价格变动和相关重要资讯；4、严格执行公司各项制度，并定期整理交易数据，向上级领导账户分析结果；5、按照部门主管的要求进行技术和基本面规律的分析，进行数据的搜集或整理；6、配合其他部门有关工作；7、遵守公司的各项管理制度，承办领导交办的其他工作。 【素质要求】1、大专以上学历,金融专业，培训期间有大量的空余时间；2、热爱交易、对金融经济知识感兴趣；3、有很强的执行力，自制力强；日常生活有规律、有计划；4、有较强的学习能力，新知识的接受能力；5、抗压能力；6、耐心细致，有责任心，具有保密意识；7、对于基础薄弱或者无经验者有专业的入职培训。8、公司提供良好的晋升机制，表现优异者每三个月进行登记评定。 【职位待遇】初级交易员：5000 底薪 + 提成20% + 节假日福利 + 年终奖中级交易员：10000底薪+ 提成30%+五险一金+节假日福利+年终奖高级交易员：15000底薪+ 提成50%+五险一金+节假日福利+年终奖加入盛业永信的五大理由:    1、你将掌握最专业的投资理念，扩充你的知识体系，提升你的个人综合能力，你的世界因你而不同；    2、你将拥有高效的、超强的沟通能力，尽显你的语言魅力；    3、你将提升你人脉圈的层次和质量，拓宽自己的眼界和格局；    4、We are one!年轻而富有朝气的团队，完善而优厚的福利待遇，在快乐工作的同时结识更多与你志同道合并肩作战的小伙伴！    5、当这一切都拥有时，你会感谢如此拼搏的自己-----你的月薪=别人的年薪联系人：莫经理联系电话：                                                                            职位联系方式                                                      公司名称：融控(北京)资本管理有限公司公司地址：北京东城建国门南大街7号万豪国际中心9层910号联系人：莫经理联系电话：') ;
COMMIT;
INSERT INTO "User" ("Name","UserType","CreatedDatetime","UpdatedDatetime","Enabled")
                              VALUES ('579956926250675.htm',4,clock_timestamp(),clock_timestamp(),'t') ;
INSERT INTO "ZhilianUser" ("UserId","NickName","Type","Sex","City" ) VALUES(currval('"hero_reduce"."user_id_seq"'),'579956926250675.htm',0,'null','北京-东城区') ; INSERT INTO "JobPosition" ("UserId","Name","Address","Title","Salary","Description")
                          VALUES(currval('"hero_reduce"."user_id_seq"'),'579956926250675.htm','北京-东城区','投资/理财服务','4001-6000','4.理财顾问： 岗位要求: 1、根据公司产品特点，以电话拜访、商超活动、展会等形式开发新客户；2、根据业务要求，定期进行客户回访，做好新老客户的维护；3、完成销售经理制定的销售目标；4、根据销售经理的要求按时保质完成销售报告；5、 根据一线客户反馈信息，向公司提出产品及流程优化建议。任职资格：1、金融、财经、营销类专业专科以上学历；2、至少1年以上金融从业经验，有银行个人理财产品经验者优先考虑;3、具有良好的沟通技巧、人际交往、维护客户关系的能力；4、诚实守信，勤奋努力，具有高度的团队合作精神和工作热情；5、认同企业经营理念和价值观，愿意与公司共同成长。                                                                             职位联系方式                                                                                                                查看职位地图') ;
COMMIT;
INSERT INTO "User" ("Name","UserType","CreatedDatetime","UpdatedDatetime","Enabled")
                              VALUES ('369050315252587.htm',4,clock_timestamp(),clock_timestamp(),'t') ;
INSERT INTO "ZhilianUser" ("UserId","NickName","Type","Sex","City" ) VALUES(currval('"hero_reduce"."user_id_seq"'),'369050315252587.htm',0,'null','北京-朝阳区') ; INSERT INTO "JobPosition" ("UserId","Name","Address","Title","Salary","Description")
                          VALUES(currval('"hero_reduce"."user_id_seq"'),'369050315252587.htm','北京-朝阳区','股票/期货操盘手','5000-15000','龙阳集团 北京投资第一分公司   因公司发展要求，现招聘培养交易员、操盘手     任职要求： 1、热爱金融行业有意在金融交易行业崭露头角，有远大抱负，想成为优秀的交易员。2、品格端正，具备执行力强、勇敢、果断、冷静等特点。3、公司氛围融洽，自由的岗位，轻松的挣钱，团结一心，共同发展，且有灵活的晋升体系和广阔的前景。 工作内容：工作自由:全球24小时均可交易，工作时间和地点自己选择。 工作职责:耐心等待属于自己的交易信号，严格按照交易流程执行操作。    1、资金均由公司提供，不需承担风险。 录用人员，公司将统一、全面的给予员工提供免费的、专业的、系统的岗前带薪培训，培训时间（9：30--16:00）周六、日休息。2、公司将全资提供资金支持，交易员所使用交易账户也是公司提供。 注：龙阳集团公司 郑重声明:面试不收取任何费用。正式入职后，培训补助计入首月工资。   薪资待遇：一、初级：底薪5000  + 五险一金+20%提成+福利（收入一般在6000-7000）二、中级：底薪10000 + 五险一金+30%提成+福利（收入一般在12000-15000）三、高级：底薪15000 + 五险一金+40%提成+福利（收入一般在18000-20000） 提成方案： 底薪 + 提成+福利，无封顶。想了解公司更多信息，请与我们HR联系或将您的简历投递到网站，公司期待您的加入。     职位联系方式：公司名称：深圳市龙阳商务咨询有限公司北京第一分公司公司地址：北京市朝阳区三元桥时间国际A座2601室（三元桥10号线地铁直达D口出）联系经理：金经理联系电话：010-57283204 18210662298联系QQ:114342060公司网站：www.bj-lyjt.com简历邮箱：kimhr@bj-lyjt.com                                                                           职位联系方式                                                      职位联系方式：公司名称：深圳市龙阳商务咨询有限公司北京第一分公司公司地址：北京市朝阳区三元桥时间国际A座2601室（三元桥10号线地铁直达D口出）联系经理：金经理联系电话：010-57283204 18210662298联系QQ:114342060公司网站：www.bj-lyjt.com简历                                                          查看职位地图') ;
COMMIT;
INSERT INTO "User" ("Name","UserType","CreatedDatetime","UpdatedDatetime","Enabled")
                              VALUES ('369050315252588.htm',4,clock_timestamp(),clock_timestamp(),'t') ;
INSERT INTO "ZhilianUser" ("UserId","NickName","Type","Sex","City" ) VALUES(currval('"hero_reduce"."user_id_seq"'),'369050315252588.htm',0,'null','北京-朝阳区') ; INSERT INTO "JobPosition" ("UserId","Name","Address","Title","Salary","Description")
                          VALUES(currval('"hero_reduce"."user_id_seq"'),'369050315252588.htm','北京-朝阳区','证券分析/金融研究','15001-25000','龙阳集团 北京投资第一分公司 因公司发展要求，现招聘优秀交易员、操盘手（要有一套自己应对市场的系统）  任职要求：1、热爱金融行业有意在金融交易行业崭露头角，有远大抱负，想成为优秀的交易员。2、品格端正，具备执行力强、勇敢、果断、冷静等特点。3、公司氛围融洽，自由的岗位，轻松的挣钱，团结一心，共同发展，且有灵活的晋升体系和广阔的前景。工作内容：工作自由:全球24小时均可交易，工作时间和地点自己选择。工作职责:耐心等待属于自己的交易信号，严格按照交易流程执行操作。  1、资金均由公司提供，不需承担风险。 录用人员，公司将统一、全面的给予员工提供免费的、专业的、系统的岗前带薪培训，培训时间（9：30--16:00）周六、日休息。2、公司将全资提供资金支持，交易员所使用交易账户也是公司提供。注：龙阳集团公司 郑重声明:面试不收取任何费用。正式入职后，培训补助计入首月工资。 薪资待遇：一、初级：底薪5000  + 五险一金+20%提成+福利（收入一般在6000-7000）二、中级：底薪10000 + 五险一金+30%提成+福利（收入一般在12000-15000）三、高级：底薪15000 + 五险一金+40%提成+福利（收入一般在18000-20000） 提成方案： 底薪 + 提成+福利，无封顶。想了解公司更多信息，请与我们HR联系或将您的简历投递到网站，公司期待您的加入。  职位联系方式：公司名称：深圳市龙阳商务咨询有限公司北京第一分公司公司地址：北京市朝阳区三元桥时间国际A座2601室（三元桥10号线地铁直达D口出）联系经理：金经理联系电话：010-57283204 18210662298联系QQ:114342060公司网站：www.bj-lyjt.com简历邮箱：kimhr@bj-lyjt.com                                                                            职位联系方式                                                      职位联系方式：公司名称：深圳市龙阳商务咨询有限公司北京第一分公司公司地址：北京市朝阳区三元桥时间国际A座2601室（三元桥10号线地铁直达D口出）联系经理：金经理联系电话：010-57283204 18210662298联系QQ:114342060公司网站：www.bj-lyjt.com简历                                                          查看职位地图') ;
COMMIT;
INSERT INTO "User" ("Name","UserType","CreatedDatetime","UpdatedDatetime","Enabled")
                              VALUES ('135038057250571.htm',4,clock_timestamp(),clock_timestamp(),'t') ;
INSERT INTO "ZhilianUser" ("UserId","NickName","Type","Sex","City" ) VALUES(currval('"hero_reduce"."user_id_seq"'),'135038057250571.htm',0,'null','北京-朝阳区') ; INSERT INTO "JobPosition" ("UserId","Name","Address","Title","Salary","Description")
                          VALUES(currval('"hero_reduce"."user_id_seq"'),'135038057250571.htm','北京-朝阳区','证券分析/金融研究','6001-8000','致求职者的话： 首先要恭喜您在打开此页面的同时，您内心的睿智选择已经引领您向金融领域中的高收入职业迈出了幸运并且前景无限的第一步。如果您有意加入到我们操盘手的交易团队当中，公司的交易团队和讲师会引导您坚实而踏实的走好日后职业发展的每一步。请您在相信您自己内心选择的基础上相信公司的团队，认真努力的和我们一路走下去，未来三到五年内在北京相对中心的位置拥有一套属于自己的安身立命之所，绝不是太难的事情。相信您自己的选择，更要相信您自身的能力，加入到我们阳光的交易团队当中，为您今后梦想与人生的启航做好坚实的经济铺垫。   乔治.索罗斯说：“你可以生于贫穷，但绝不能死于贫穷”祝贺所有关心金融市场的投资者，因为你们拥有一个不同于过去的投资时代！   工作内容1.接受公司培训（带薪）。（有经验者可不接受培训，详情面谈。）2.部分初级交易员需要参加交易员晋级培训。每月一次。3.高执行力：关注每次交易系统给出的进场，出场信号，并按照信号指示进行建仓，平仓操作。（交易系统会在培训期间给予指导。）4、严格执行公司各项制度，，并定期整理交易数据，向上级领导账户分析结果；5、按照部门主管的要求进行技术和基本面规律的分析，进行数据的搜集或整理；6、配合其他部门有关工作；7、遵守公司的各项管理制度，承办领导交办的其他工作。素质要求：1、大专以上学历,金融专业优先，培训期间有大量的空余时间；2、热爱交易、对金融经济知识感兴趣；3、有很强的执行力，自制力强；日常生活有规律、有计划；4、有较强的学习能力，新知识的接受能力；5、抗压能力；6、耐心细致，有责任心，具有保密意识；7、对于基础薄弱或者无经验者有专业的入职培训。8、公司提供良好的晋升机制：薪资待遇： 初级薪资待遇：5000底薪 +  提成20%--40%  +  五险一金 + 节假日福利 + 季度奖  月薪可达7000元以上中级薪资待遇：10000底薪 + 提成20%--40% +  五险一金 +  节假日福利 + 季度奖   月薪可达15000元以上高级薪资待遇：15000底薪 + 提成20%--40% +  五险一金 +  节假日福利 + 季度奖   月薪达2-3万元以上 职位要求：年龄：20岁-50岁之间。学历：大专以上（包括大专），有交易经验者面谈。其它素质： 1.对于金融行业有极高的兴趣。2.性格沉稳，情绪不易产生较大波动。3.有极强的时间观念。（交易员的工作性质对于时间和空间上没有要求，相对自由，需要自我约束。）4.对资金流动有较强的驾驭能力。5.能够尽量客观的看待事物的发展。 面试要求： 不提供视频或者电话面试，只能到北京参加一对一面试，无复试，无笔试，不能来北京者请勿投递，面试通过后培训可做延期。实习员工： 前期培训期视为实习，实习期满可成为公司正式员工，可开实习证明，培训期为连续十个工作日，周末双休，每日培训时间：早晨9:30至下午3:30。公司在培训期提供每日餐补及路费补助，并在第一个月的薪资里统一发放。其他福利：五险一金 季度奖+年终奖  带薪免费旅游   公司对于没有交易经验，却对金融衍生品操作有兴趣者，提供正规统一的免费培训。有专业的交易团队手把手带你走进交易市场。我们的交易团队有绝对的信心让你在培训期后，有属于自己的交易系统与理念，让你找到自己在交易市场的立足点。成为我公司的优秀员工，对于成绩优秀学员公司提供交易账户帮助学员完成自我晋升。希望对金融行业有兴趣的应聘者积极与我们联系，了解公司情况，招聘情况及与工作相关的问题。公司承诺将对每位学员认真负责，最大限度发掘每一位学员的交易潜力。      联系电话：010-57349909  15811512051公司地址：北京市朝阳区时间国际大厦A座2601室公司名称：深圳市龙阳商务咨询有限公司北京第一分公司                                                                           职位联系方式                                                        人事经理：陈经理公司网址：http://www.bj-lyjt.com 联系电话：010-57349909  13366412049公司地址：北京市朝阳区时间国际大厦A座2601室公司名称：深圳市龙阳商务咨询有限公司北京第一分公司  各求职者请注意可把简历发至公司                                                           查看职位地图') ;
COMMIT;
INSERT INTO "User" ("Name","UserType","CreatedDatetime","UpdatedDatetime","Enabled")
                              VALUES ('635949521253565.htm',4,clock_timestamp(),clock_timestamp(),'t') ;
INSERT INTO "ZhilianUser" ("UserId","NickName","Type","Sex","City" ) VALUES(currval('"hero_reduce"."user_id_seq"'),'635949521253565.htm',0,'null','北京') ; INSERT INTO "JobPosition" ("UserId","Name","Address","Title","Salary","Description")
                          VALUES(currval('"hero_reduce"."user_id_seq"'),'635949521253565.htm','北京','证券/期货/外汇经纪人','5000-15000','南盛资本是一家专注于为个人和家庭提供理财服务的公司，为国内投资者提供金融讲座和投资咨询的企业。也是具有国家人力资源部和社会保障部联合授权《国家贵金属交易师》北京市招生培训资质的投资管理公司。   入职待遇: 初级交易员:底薪5000 + 车补、饭补、通讯补助500 + 盈利30%提成 + 年终奖金 中级交易员:底薪12000 + 车补、饭补、通讯补助500 + 盈利40%提成 + 年终奖金 + 五险一金 高级交易员:底薪18000 + 车补、饭补、通讯补助500 + 盈利50%提成 + 年终奖金 + 五险一金 中、高级交易员如成绩优异者可申请加入公司技术团队，与公司交易部团队协作把公司利益最大化。 初级、中级交易员连续3个月完成公司业绩晋升一级，中、高级交易员连续三个月完成公司业绩公司可直接申请《国家贵金属交易师》资格证培训考试，并有国家人力资源部和社会保障部联合颁发。   岗位描述： 1、热爱交易、对金融经济知识感兴趣,对金融市场有浓厚的兴趣，立志在金融领域长期发展并有一翻建树的有志之士。  2、具有良好的学习能力与团队精神，果断、自信、接受新鲜事物能力强。   3、敢于挑战自我，勇于凭自己的努力和本领获得高收益。 4、无论你之前从事什么行业、学历如何，在这个行业里只要你敢于挑战自我，勇于探索并发现自己的潜力，高收益不是梦想。 5、理想的工作环境且公司内部气氛融洽，有灵活的晋升体系和广阔的前景。 6、提供免费的专业岗前培训，为您提供绝佳的职业发展机会。   初级交易员： 1.接受免费统一的专业学习培训和模拟训练。 2.成绩优秀的交易员将逐步晋升为中级、高级交易员。 3.认同公司的发展理念，愿意与公司共同拓展业务。 4.具有很强的工作责任心和团队合作精神。 岗位待遇：底薪5000  + 车补、饭补、通讯补助 + 30%（美金）提成 + 节假日福利 + 年终奖金  中级交易员：  1、可承受较大心里压力，有很强的自我调控能力，纪律操作严格； 2、对公司资金高度负责，严格执行安全控制；  3、有很强的分析能力，擅长并酷爱交易工作。 4、热衷于金融行业的有经验人士，有意与国际经济及货币交易的最新理念保持一致水准，并关注全球外汇实时走势。  5、敢于迎接挑战、能独立承受压力、完成公司交赋的工作任务。  6、具有自信、冷静、理智、果断、坚定、胆识等交易员所要求具备的各项品质。  岗位待遇：底薪12000 + 车补、饭补、通讯补助 + 40%（美金）提成 + 节假日福利 + 年终奖金 + 五险一金  高级交易员： 1.负责公司指定客户账户或配资账户的资金运作。 2.具有丰富的市场分析能力，做出每日交易计划，熟练掌握各种分析工具。 3.配合培训讲师完成新入公司员工的实盘交易辅导。 4.把握市场机会，及时交易，确保账户达到持续稳定盈利，尽可能的达到利益最大化。 5.专业不限，经济类、理工类专业优先。 6.人品端正，谦虚好学，自信果敢。 7.有很强的数据运算能力及宏观经济数据分析能力。 8.熟悉双边市场，至少三年以上股票交易经验或两年以上双边市场交易经验。 岗位待遇：底薪18000 + 车补、饭补、通讯补助 + 50%（美金）提成 + 节假日福利 + 年终奖金 + 五险一金  注：工作时间朝十晚四 ，交易员只操作公司账户，不需外出寻找客户！                                                                                 职位联系方式                                                      联 系 人：刘经理 (联系时请说在智联网上看到的)  联系电话： 13501127200 工作地点：朝阳东大桥东三环北路工体20号百富国际大厦A座') ;
COMMIT;
INSERT INTO "User" ("Name","UserType","CreatedDatetime","UpdatedDatetime","Enabled")
                              VALUES ('133695437252573.htm',4,clock_timestamp(),clock_timestamp(),'t') ;
INSERT INTO "ZhilianUser" ("UserId","NickName","Type","Sex","City" ) VALUES(currval('"hero_reduce"."user_id_seq"'),'133695437252573.htm',0,'null','北京-朝阳区') ; INSERT INTO "JobPosition" ("UserId","Name","Address","Title","Salary","Description")
                          VALUES(currval('"hero_reduce"."user_id_seq"'),'133695437252573.htm','北京-朝阳区','证券分析/金融研究','8001-10000','中高端客户财务分析师财富管理主要功能是帮助客户制定及达成财务目标。这些目标可以是债务重整，可以是子女教育经费，可以是购买汽车或房屋，也可以是退休以后的生活保障。通过财富管理，不单止可以增加客户的投资收入，而且更可以累积更多的财富，提供更大保障，以求达到保存、创造财富等目的。 合格的财富管家一般要在金融机构工作2年以上，拥有财会、金融、经济学、法律大学本科以上学历，至少要精通两个领域，比如说基金和保险，必须具备综合金融知识、出色的沟通技巧和优秀的职业道德，以及接受过专业培训，包括财务报表分析、保险计划、投资计划、税务计划、风险管理、营销策略等六大核心课程。具备金融投资和产品知识，并且具备实务操作能力，客户沟通能力，营销技巧等能力。 财富管理范围包括:现金储蓄及管理、债务管理、个人风险管理、保险计划、投资组合管理、退休计划及遗产安排。 工作职责 1、服务于公司VIP客户及京城高价值个人客户，为高价值个人客户提供全方面金融理财服务； 2、通过与客户沟通，了解客户在家庭财务方面存在的问题以及理财方面的需求； 3、根据客户的资产规模、生活目标、预期收益目标和风险承受能力进行需求分析，出具专业的理财计划方案，推荐合适的理财产品； 4、通过调整存款、股票、债券、基金、保险等各种金融产品的理财产品比重达到资产的合理配置，使客户的资产在安全、稳健的基础上保值升值； 5、协助客户开立帐户及一系列后期服务； 6、定期与客户联系，报告理财产品的收益情况，向客户介绍新的金融服务、理财产品及金融市场动向，维护良好的信任关系。 招聘要求 1、25岁以上，本科以上学历（专业不限，金融优先） 2、具有证券、银行、保险、信托、期货、投资公司（其中之一）工作经历，有管理运作大资金经历； 3、具有扎实的经济、金融、投资等领域的相关理论知识，深厚的行业与公司研究能力，敏锐快捷的市场反应能力和较强的风险控制意识； 4、善于对宏观经济形势和股票市场进行深入分析，为客户提出行业配置以及投资策略建议； 5、具有严密的逻辑思维和分析判断能力，良好的公众演讲能力和沟通能力； 6、取得金融业专业资格认证者优先（CFA CFP RFC CWM等）                                                                           职位联系方式                                                      公司名称：平安综合理财(北京)有限公司公司地址：北京市朝阳区新源里南路1-3号平安国际金融中心B座五层（东三环燕莎桥西昆仑饭店对面）联系电话：58468256联系人：人力资源部 袁蕊                                                          查看职位地图') ;
COMMIT;
INSERT INTO "User" ("Name","UserType","CreatedDatetime","UpdatedDatetime","Enabled")
                              VALUES ('615221324264866.htm',4,clock_timestamp(),clock_timestamp(),'t') ;
INSERT INTO "ZhilianUser" ("UserId","NickName","Type","Sex","City" ) VALUES(currval('"hero_reduce"."user_id_seq"'),'615221324264866.htm',0,'null','北京') ; INSERT INTO "JobPosition" ("UserId","Name","Address","Title","Salary","Description")
                          VALUES(currval('"hero_reduce"."user_id_seq"'),'615221324264866.htm','北京','证券分析/金融研究','8001-10000','薪酬待遇: 初级交易员：基本工资5000元+ 岗位补贴 600+ 提成20% + 年终奖 +五险（月收入大约10000--15000)中级交易员：基本工资10000元 + 岗位补贴600 + 提成30% + 年终奖 +五险（月收入大约15000-25000）高级交易员：基本工资15000元 + 岗位补贴600 + 提成50% + 年终奖+五险（月收入大约25000--45000）   培养方式 对于没有交易经验零基础学员，却对金融衍生品操作职位有兴趣者。公司愿意提供免费的培训。有专业的交易团队手把手带你走进交易市场。我们的培训交易团队有绝对的信心让你在培训期后，有自己的交易系统与理论，让你找到自己在交易市场的立足点，为公司和你个人创造更大的利益。   任职要求： 1、中专以上学历,金融专业优先，培训期间有大量的空余时间；2、热爱交易、对金融经济知识感兴趣；3、有很强的执行力，自制力强；日常生活有规律、有计划；4、有较强的学习能力，新知识的接受能力；5、抗压能力；6、耐心细致，有责任心，具有保密意识；7、对于基础薄弱或者无经验者有专业的入职培训。8、公司提供良好的晋升机制； 9.年龄在20--68周岁均可；  ​ 职位描述： 一、初级操盘手 1、无风险操作公司提供的资金帐户 2、把握市场机会，及时交易，确保账户达到稳定盈利，尽可能的达到利益最大化。   二、中级操盘手 1、无风险操作公司提供的资金帐户 2、有很强的分析能力，擅长并酷爱交易工作。 3、具有丰富的市场分析能力，做出每日交易计划，熟练掌握各种分析工具。 4、把握市场机会，及时交易，确保账户达到稳定盈利，尽可能的达到利益最大化。成为业内精英人才。   三、高级操盘手 1、负责公司指定大资金账户的无风险操作。 2、有很强的数据运算能力及宏观经济数据分析能力。  3、交易风格多样化，能承受较强的心理压力，能独立完成大资金账户操作，有稳定盈利交易记录者优先； 4、热衷于金融行业，关注全球金融走势，有交易的最新理念保持一致水准并有较高实操经验人士优先   职位优势:  本职位无工作时间、地点限制,能做网上交易即可，可在家操盘。灵活的晋升体系和广阔的发展空间，可兼职。   联系电话：15810986897 联系  人：毛经理 咨询 qq: 349719370                                                                              职位联系方式                                                       公司名称：北京盛业永信资产管理有限公司   公司地址：北京市朝阳区朝外大街乙6号朝外SOHOA座2502室    联系人：毛经理   联系电话：15810986897   咨询QQ：349719370（注明应聘咨询）') ;
COMMIT;
INSERT INTO "User" ("Name","UserType","CreatedDatetime","UpdatedDatetime","Enabled")
                              VALUES ('413648926252436.htm',4,clock_timestamp(),clock_timestamp(),'t') ;
INSERT INTO "ZhilianUser" ("UserId","NickName","Type","Sex","City" ) VALUES(currval('"hero_reduce"."user_id_seq"'),'413648926252436.htm',0,'null','北京-朝阳区') ; INSERT INTO "JobPosition" ("UserId","Name","Address","Title","Salary","Description")
                          VALUES(currval('"hero_reduce"."user_id_seq"'),'413648926252436.htm','北京-朝阳区','证券分析/金融研究','8001-10000','乔治.索罗斯说:“你可以生于贫穷,但绝不能死于贫穷”基于其本人当初明智的职业选择，完成了他的财富梦想！也正是因为其1992年对英镑的一笔狙击，获利30多亿美金，一跃成为当年华尔街首富！这就是操盘手创造的财富传奇！其实操盘手的工作很简单！！！一台接入互联网的电脑，一张书桌，一把椅子！设想一下这样的场景：1、 任何时候，当你有想赚钱的想法时；2、 打开电脑，确认互联网接入服务正常；3、 打开交易程序，进入交易平台界面；4、 交易；5、 “捡钱”，放进口袋！怎么样，是不是很简单？没错，赚钱就这么容易！这就是操盘手职业的魅力所在！因公司发展需求，现招聘培养操盘手：岗位描述：1:对金融行业和理财投资有浓厚的兴趣及意愿，致力于把金融行业作为事业发展方向；渴望成为金融职场中的精英一族。2:人品端正，谦虚好学，自信果敢，有较强的学历能力，具有团队合作精神。3:有较强的分析能力、风险控制能力、思路清晰、心态端正、擅于把握市场机会，及时完成交易确保账户利益最大化。4:公司内部气氛融洽，共同发展，有灵活的晋升体系和广阔的前景。一、 初级交易员1、接受免费统一的学习培训和模拟训练。2、成绩优秀的操盘手将逐步晋升为中级、高级操盘手。3、级别越高，机会越多，收入越高。4、以稳定盈利为最高目标。5、认同公司的发展理念，愿意与公司共同拓展业务。初级交易员职位待遇：基本工资5000 + 提成20% + 五险一金 + 满勤奖 + 优秀员工奖;（月收入大约8000以上） 二、 中级交易员：1、具有自信、冷静、理智、果断、坚定、胆识等操盘手所要求具备的各项品质。2、配合培训讲师完成新入司员工的实盘交易辅导。3、有很强的分析能力，擅长并酷爱交易工作。4、敢于迎接挑战、能独立承受压力、完成公司交赋的工作任务。5、以持续稳定盈利为最高目标，成为业内精英人才。6、热衷于金融行业的有经验人士，有意与国际经济及货币交易的最新理念保持一致水准，并关注全球交易市场实时走势。中级操盘手职位待遇： 基本工资8000 + 提成20% + 五险一金 + 满勤奖 + 优秀员工奖;（月收入大约12000以上）三、 高级交易员：1、人品端正，谦虚好学，自信果敢。2、具有丰富的市场分析能力，做出每日交易计划，熟练掌握各种分析工具。3、分析行情，做出每日交易计划。4、负责公司指定客户账户或配资账户的资金运作。5、有很强的数据运算能力及宏观经济数据分析能力。6、把握市场机会，及时交易，确保账户达到稳定盈利，尽可能的达到利益最大化。7、公司免费提供完善培训。8、熟悉双边市场，至少三年以上股票交易经验或一年以上双边市场交易经验。高级操盘手职位待遇：基本工资12000 + 提成20% + 五险一金 + 满勤奖 + 优秀员工奖;（月收入大约18000以上）工作时间：周一到周五9：00-17：00 (中间休息一个半小时)周六日休息无需加班北京盛世鑫业投资发展有限公司公司网址：http://www.shengshixinye.com/公司地址：北京市朝阳区东大桥路8号尚都国际7层708室乘车路线：地铁6号线东大桥下A口出左走300米联  系  人：朱经理联系电话：15600563309咨询邮箱：mrzhushaohui@163.com（注明应聘咨询）工作地点：北京市朝阳区东大桥路8号尚都国际7层708室                                                                            职位联系方式                                                      联系人：朱经理联系电话：15600563309公司地址：朝阳区东大桥尚都国际中心7层708室乘车路线：地铁六号线东大桥站下车，A口出左行150米尚都国际中心7层708室') ;
COMMIT;
INSERT INTO "User" ("Name","UserType","CreatedDatetime","UpdatedDatetime","Enabled")
                              VALUES ('135038057250573.htm',4,clock_timestamp(),clock_timestamp(),'t') ;
INSERT INTO "ZhilianUser" ("UserId","NickName","Type","Sex","City" ) VALUES(currval('"hero_reduce"."user_id_seq"'),'135038057250573.htm',0,'null','北京-朝阳区') ; INSERT INTO "JobPosition" ("UserId","Name","Address","Title","Salary","Description")
                          VALUES(currval('"hero_reduce"."user_id_seq"'),'135038057250573.htm','北京-朝阳区','证券分析/金融研究','6001-8000','致求职者的话： 首先要恭喜您在打开此页面的同时，您内心的睿智选择已经引领您向金融领域中的高收入职业迈出了幸运并且前景无限的第一步。如果您有意加入到我们操盘手的交易团队当中，公司的交易团队和讲师会引导您坚实而踏实的走好日后职业发展的每一步。请您在相信您自己内心选择的基础上相信公司的团队，认真努力的和我们一路走下去，未来三到五年内在北京相对中心的位置拥有一套属于自己的安身立命之所，绝不是太难的事情。相信您自己的选择，更要相信您自身的能力，加入到我们阳光的交易团队当中，为您今后梦想与人生的启航做好坚实的经济铺垫。   乔治.索罗斯说：“你可以生于贫穷，但绝不能死于贫穷”祝贺所有关心金融市场的投资者，因为你们拥有一个不同于过去的投资时代！   工作内容1.接受公司培训（带薪）。（有经验者可不接受培训，详情面谈。）2.部分初级交易员需要参加交易员晋级培训。每月一次。3.高执行力：关注每次交易系统给出的进场，出场信号，并按照信号指示进行建仓，平仓操作。（交易系统会在培训期间给予指导。）4、严格执行公司各项制度，，并定期整理交易数据，向上级领导账户分析结果；5、按照部门主管的要求进行技术和基本面规律的分析，进行数据的搜集或整理；6、配合其他部门有关工作；7、遵守公司的各项管理制度，承办领导交办的其他工作。素质要求：1、大专以上学历,金融专业优先，培训期间有大量的空余时间；2、热爱交易、对金融经济知识感兴趣；3、有很强的执行力，自制力强；日常生活有规律、有计划；4、有较强的学习能力，新知识的接受能力；5、抗压能力；6、耐心细致，有责任心，具有保密意识；7、对于基础薄弱或者无经验者有专业的入职培训。8、公司提供良好的晋升机制：薪资待遇： 初级薪资待遇：5000底薪 +  提成20%--40%  +  五险一金 + 节假日福利 + 季度奖  月薪可达7000元以上中级薪资待遇：10000底薪 + 提成20%--40% +  五险一金 +  节假日福利 + 季度奖   月薪可达15000元以上高级薪资待遇：15000底薪 + 提成20%--40% +  五险一金 +  节假日福利 + 季度奖   月薪达2-3万元以上 职位要求：年龄：20岁-50岁之间。学历：大专以上（包括大专），有交易经验者面谈。其它素质： 1.对于金融行业有极高的兴趣。2.性格沉稳，情绪不易产生较大波动。3.有极强的时间观念。（交易员的工作性质对于时间和空间上没有要求，相对自由，需要自我约束。）4.对资金流动有较强的驾驭能力。5.能够尽量客观的看待事物的发展。 面试要求： 不提供视频或者电话面试，只能到北京参加一对一面试，无复试，无笔试，不能来北京者请勿投递，面试通过后培训可做延期。实习员工： 前期培训期视为实习，实习期满可成为公司正式员工，可开实习证明，培训期为连续十个工作日，周末双休，每日培训时间：早晨9:30至下午3:30。公司在培训期提供每日餐补及路费补助，并在第一个月的薪资里统一发放。其他福利：五险一金 季度奖+年终奖  带薪免费旅游   公司对于没有交易经验，却对金融衍生品操作有兴趣者，提供正规统一的免费培训。有专业的交易团队手把手带你走进交易市场。我们的交易团队有绝对的信心让你在培训期后，有属于自己的交易系统与理念，让你找到自己在交易市场的立足点。成为我公司的优秀员工，对于成绩优秀学员公司提供交易账户帮助学员完成自我晋升。希望对金融行业有兴趣的应聘者积极与我们联系，了解公司情况，招聘情况及与工作相关的问题。公司承诺将对每位学员认真负责，最大限度发掘每一位学员的交易潜力。      联系电话：010-57349909  15811512051公司地址：北京市朝阳区时间国际大厦A座2601室公司名称：深圳市龙阳商务咨询有限公司北京第一分公司                                                                           职位联系方式                                                        人事经理：陈经理公司网址：http://www.bj-lyjt.com 联系电话：010-57349909  13366412049公司地址：北京市朝阳区时间国际大厦A座2601室公司名称：深圳市龙阳商务咨询有限公司北京第一分公司  各求职者请注意可把简历发至公司                                                           查看职位地图') ;
COMMIT;
INSERT INTO "User" ("Name","UserType","CreatedDatetime","UpdatedDatetime","Enabled")
                              VALUES ('135038057250574.htm',4,clock_timestamp(),clock_timestamp(),'t') ;
INSERT INTO "ZhilianUser" ("UserId","NickName","Type","Sex","City" ) VALUES(currval('"hero_reduce"."user_id_seq"'),'135038057250574.htm',0,'null','北京-朝阳区') ; INSERT INTO "JobPosition" ("UserId","Name","Address","Title","Salary","Description")
                          VALUES(currval('"hero_reduce"."user_id_seq"'),'135038057250574.htm','北京-朝阳区','股票/期货操盘手','6001-8000','股神巴菲特这样说过：一生能够积累多少财富，不取决于你能够赚多少钱，而取决于你如何投资理财，钱找人胜过人找钱，要懂得钱为你工作，而不是你为钱工作。 什么是交易员：  交易员是个新词，它是随着股市的开启而走进中国人生活的。它的诞生标志着中国经济的变化。 建仓，吸筹，拔高，回档，出货，清仓———是一个交易员的日常工作。 交易——游走在投资与投机之间，徜徉于现实与理想之巅，融汇于艺术与技术之湾，它是人类社会对于资金和心理博弈的最直接体现，完美的展现了灵长类之魂创造与行动的宣言，是你实现人生理想的最后一环。 你是否对交易存在浓厚兴趣呢？是否苦于徘徊在交易之河的彼岸而寻不见前路呢？现在机会来到了你的面前 -- 北京融控资本管理有限公司愿意提供免费的培训，带你横越财务自由的天堑，来到人生梦想的顶端。我们有专业的交易团队手把手带你走进交易市场。希望对金融行业有兴趣的你积极与我们电话或邮件联系，了解公司情况，招聘情况及与工作有关的相关问题。 注   无需交易员外出寻找客户，只需操作公司账户即可   交易员的3个特质 1.要有一点精神。人如果没有一股劲，一股气，就什么事情也做不成。在期货投资上就得有一种愚公精神，傻子精神。所谓愚公精神，就是一种不达目的不罢休，自信能成功，不惟书本、不惟专家，只惟实际的精神。所谓傻子精神，就是我不吃亏谁吃亏，我不下地狱谁下地狱的精神。从不斤斤计较，因小失大。傻子精神还体现在对规矩对原则的坚持上，只见义不惟利，不患得患失。傻子精神，就是一种勇往直前的拼劲，对认准的事，绝不犹犹豫豫、畏首畏尾，言必行、行必果的敢担当精神。敢不敢下决断是失败的投资人和优秀交易员的分水岭。  2.要讲一点方法。学贵得法，有勇还须得有谋。金融投资不是蛮干，关键要反思、要总结、要学习。人们来期货市场投资，目的是赚钱。为了赚钱，就得思考为什么会赔钱？什么情况下赔小钱？什么情况下赔大钱？什么情况下反复赔钱？如果能把这些问题琢磨透了，就一定能够找到期货市场中最基本、最核心的不赔钱规律。也只有不赔钱了，赚钱才能成为惟一的选项。从本质上讲，优秀交易员的过人之处表现在稳健和谨慎上。  3.炼金术就是炼心术。世上无难事，只怕有心人。对一个优秀交易员来说，如何控制“心”的能力，其重要性远远超过如何运用“脑”的能力。如果交易员被期价的大幅波动所影响，不由自主地产生一种不按计划操作的冲动，让价格牵着鼻子走。优秀的交易员是该买就买，不该买绝不买，该买多少就买多少，赚了不过喜，赔了不过悲，赚得明白，赔得清楚，心平气和，处之泰然。  对于没有交易经验，却对金融衍生品操作职位有兴趣者，公司愿意提供免费的培训，有专业的交易团队手把手带你走进交易市场，我们的培训交易团队有绝对的信心让你在培训期后，有自己的交易系统与理论，让你找到自己在交易市场的立足点。成为我公司的优秀交易员。 初级交易员职位要求(可实习） 1、负责公司指定客户账户或配资账户的资金运作。 2、把握市场机会，及时交易，使账户达到稳定盈利。 3、专业不限，金融专业优先。 4、人品端正，谦虚好学，自信果敢。 5、对金融市场有浓厚的兴趣，有股票、期货等投资经验者优先。 6、公司提供完善免费的交易培训。 工资待遇：5000 底薪 + 提成20%--40% + 培训补助 + 年终奖 月薪可达7000元以上  中级交易员职位要求 1、有强烈的以交易为生，希望成为交易高手的意愿。 2、可承受较大心理压力，有很强的自我调控能力，纪律严格。 3、对公司资高度负责，严格执行安全控制。 4、以稳定盈利为最高目标。 工资待遇：10000 底薪 + 提成20%--40% + 培训补助 + 五险一金 + 年终奖 月薪可达到12000-15000元。 高级交易员职位要求 1、负责公司指定客户账户或配资账户的资金运作。 2、分析行情，做出每日交易计划。 3、配合培训讲师完成新入司员工的实盘交易辅导。 4、把握市场机会，及时交易，确保账户达到稳定盈利，尽可能的达到利益最大化。 5、专业不限，经济类、理工类专业优先。 6、人品端正，谦虚好学，自信果敢。 7、有很强的数据运算能力及宏观经济数据分析能力。 8、熟悉双边市场，至少三年以上股票交易经验或一年以上双边市场交易经验。 9、公司提供完善的交易培训.。 工资待遇：15000底薪 + 提成20%--40% + 培训补助 + 五险一金 + 年终奖 月薪可达到2-3万元。  没有经验渴望成为精英一族的  任职要求： 1、热爱金融行业，有强烈的意愿进入金融投资领域，渴望成为金融职场中的精英一族。 2、具有良好的自我学习能力与团队合作精神。 3、具有良好的职业操守，有强烈的责任感。 4、敢于挑战自我，勇于凭自己的努力和本领获得高收益。 享受待遇： 1、 接受免费统一的学习培训和模拟训练。 2、 成绩优秀的操盘手将逐步晋升为中级、高级交易员。 3、 级别越高，机会越多，收入越高。 (本职位无工作时间，地点限制，能做网上交易即可，可在家操作）                                                                            职位联系方式                                                       人事经理：陈经理公司网址：http://www.bj-lyjt.com 联系电话：010-57349909  15811512051公司地址：北京市朝阳区时间国际大厦A座2601室公司名称：深圳市龙阳商务咨询有限公司北京第一分公司 各求职者请注意可把简历发至公司                                                          查看职位地图') ;
COMMIT;
INSERT INTO "User" ("Name","UserType","CreatedDatetime","UpdatedDatetime","Enabled")
                              VALUES ('553909420261206.htm',4,clock_timestamp(),clock_timestamp(),'t') ;
INSERT INTO "ZhilianUser" ("UserId","NickName","Type","Sex","City" ) VALUES(currval('"hero_reduce"."user_id_seq"'),'553909420261206.htm',0,'null','北京-朝阳区') ; INSERT INTO "JobPosition" ("UserId","Name","Address","Title","Salary","Description")
                          VALUES(currval('"hero_reduce"."user_id_seq"'),'553909420261206.htm','北京-朝阳区','证券分析/金融研究','10001-15000','岗位要求： 一、初级交易员： 1.接受免费统一的专业学习培训和模拟训练。 2.成绩优秀的交易员将逐步晋升为中级、高级交易员。3.认同公司的发展理念， 愿意与公司共同拓展业务。4.具有很强的工作责任心和团队合作精神。岗位待遇：5500 底薪 + 提成20% + 节假日福利 + 年终奖 二、中级交易员： 1.可承受较大心里压力，有很强的自我调控能力，纪律严格。 2.对公司资高度负责，严格执行安全控制。 3.以持续稳定盈利为最高目标，成为业内精英人才。4.热衷于金融行业的有经验人士，有意与国际经济及货币交易的最新理念保持一致水准，并关注全球外汇实时走势。5.敢于迎接挑战，能独立承受压力、完成公司交赋的工作任务。 6.有很强的分析能力，擅长并酷爱交易工作。 7.具有自信、冷静、理智、果断、坚定、胆识等交易员所要求具备的各项品质。 岗位待遇：10000 底薪 + 提成20% + 节假日福利 + 年终奖 + 五险一金三、高级交易员： 1.负责公司指定客户账户或配资账户的资金运作。 2.具有丰富的市场分析能力，做出每日交易计划，熟练掌握各种分析工具。3.配合培训讲师完成新入公司员工的实盘交易辅导。 4.把握市场机会，及时交易，确保账户达到持续稳定盈利，尽可能的达到利益最大化。 5.专业不限，经济类，理工类专业优先。 6.人品端正，谦虚好学，自信果敢。 7.有很强的数据运算能力及宏观经济数据分析能力。 8.熟悉双边市场，至少三年以上股票交易经验或两年以上双边市场交易经验。 9.公司提供完善的免费提高培训。 岗位待遇：15000 底薪 + 提成20% + 节假日福利 + 年终奖 + 五险一金注： 交易员只操作公司账户，不需外出寻找客户！ 业绩考核：1.是否依照计划目标将任务完成，使其质量达到要求的标准； 2.任务完成的过程或结果是否正确，是否达到标准的要求。 能力考核 1.业务所需要的业务知识、相关知识的掌握程度； 2.是否熟练掌握本岗位技能； 3.在执行任务时，是否能从容应对出现的变化。 态度考核 1.能自觉地尽职尽责的工作，能自始至终的表现出负责的态度；2.在职权范围内，能进行自我管理，能自主、自立、自信地处理业务。北京巨源时代投资管理有限公司（JUYUAN era Investment Management Co., Ltd.）创立于2010年,作为国内的新锐资本机构，巨源投资坐拥北京CBD核心区，公司团队由来自海外或有多年金融投资经验的专业精英组成，巨源投资立志缔造企业品牌价值，以客户服务为主导。为员工、客户及投资者创富增值。公司诚邀您加入我们的团队，创造财富不是梦想。考核内容：初级交易员连续稳定盈利3个月晋升中级交易员 中级交易员连续稳定盈利3个月晋升高级交易                                                                           职位联系方式                                                      公司名称：巨源时代投资管理有限公司 联系人  ：张经理 电话    ：18611860837') ;
COMMIT;
INSERT INTO "User" ("Name","UserType","CreatedDatetime","UpdatedDatetime","Enabled")
                              VALUES ('635949521253568.htm',4,clock_timestamp(),clock_timestamp(),'t') ;
INSERT INTO "ZhilianUser" ("UserId","NickName","Type","Sex","City" ) VALUES(currval('"hero_reduce"."user_id_seq"'),'635949521253568.htm',0,'null','北京') ; INSERT INTO "JobPosition" ("UserId","Name","Address","Title","Salary","Description")
                          VALUES(currval('"hero_reduce"."user_id_seq"'),'635949521253568.htm','北京','证券分析/金融研究','5000-15000','南盛资本是一家专注于为个人和家庭提供理财服务的公司，为国内投资者提供金融讲座和投资咨询的企业。也是具有国家人力资源部和社会保障部联合授权《国家贵金属交易师》北京市招生培训资质的投资管理公司。  岗位描述： 1、热爱交易、对金融经济知识感兴趣,对金融市场有浓厚的兴趣，立志在金融领域长期发展并有一翻建树的有志之士。  2、具有良好的学习能力与团队精神，果断、自信、接受新鲜事物能力强。   3、敢于挑战自我，勇于凭自己的努力和本领获得高收益。 4、无论你之前从事什么行业、学历如何，在这个行业里只要你敢于挑战自我，勇于探索并发现自己的潜力，高收益不是梦想。 5、理想的工作环境且公司内部气氛融洽，有灵活的晋升体系和广阔的前景。 6、提供免费的专业岗前培训，为您提供绝佳的职业发展机会。   初级交易员： 1.接受免费统一的专业学习培训和模拟训练。 2.成绩优秀的交易员将逐步晋升为中级、高级交易员。 3.认同公司的发展理念，愿意与公司共同拓展业务。 4.具有很强的工作责任心和团队合作精神。 岗位待遇：底薪5000  + 车补、饭补、通讯补助 + 20%（美金）提成 + 节假日福利 + 年终奖金  中级交易员：  1、可承受较大心里压力，有很强的自我调控能力，纪律操作严格； 2、对公司资金高度负责，严格执行安全控制；  3、有很强的分析能力，擅长并酷爱交易工作。 4、热衷于金融行业的有经验人士，有意与国际经济及货币交易的最新理念保持一致水准，并关注全球外汇实时走势。  5、敢于迎接挑战、能独立承受压力、完成公司交赋的工作任务。  6、具有自信、冷静、理智、果断、坚定、胆识等交易员所要求具备的各项品质。  岗位待遇：底薪8000 + 车补、饭补、通讯补助 + 20%（美金）提成 + 节假日福利 + 年终奖金 + 五险一金  高级交易员： 1.负责公司指定客户账户或配资账户的资金运作。 2.具有丰富的市场分析能力，做出每日交易计划，熟练掌握各种分析工具。 3.配合培训讲师完成新入公司员工的实盘交易辅导。 4.把握市场机会，及时交易，确保账户达到持续稳定盈利，尽可能的达到利益最大化。 5.专业不限，经济类、理工类专业优先。 6.人品端正，谦虚好学，自信果敢。 7.有很强的数据运算能力及宏观经济数据分析能力。 8.熟悉双边市场，至少三年以上股票交易经验或两年以上双边市场交易经验。 岗位待遇：底薪12000 + 车补、饭补、通讯补助 + 20%（美金）提成 + 节假日福利 + 年终奖金 + 五险一金  注：工作时间朝十晚四 ，交易员只操作公司账户，不需外出寻找客户！  入职待遇: 初级交易员:底薪5000 + 车补、饭补、通讯补助500 + 盈利20%提成 + 年终奖金 中级交易员:底薪8000 + 车补、饭补、通讯补助500 + 盈利20%提成 + 年终奖金 + 五险一金 高级交易员:底薪12000 + 车补、饭补、通讯补助500 + 盈利20%提成 + 年终奖金 + 五险一金 中、高级交易员如成绩优异者可申请加入公司技术团队，与公司交易部团队协作把公司利益最大化。 初级、中级交易员连续3个月完成公司业绩晋升一级，中、高级交易员连续三个月完成公司业绩公司可直接申请《国家贵金属交易师》资格证培训考试，并有国家人力资源部和社会保障部联合颁发。  金融市场中风云变幻，充斥着未知与变数。投资理财更有如大海行船，危机重重。怎样才能把握机会，赢取财富？ 机会和财富，从来就不是上天的恩赐。众所周知，机会只属于有准备的人。而财富——则属于其中的智者。 南盛资本，带您尽情博览此起彼伏的金融浪潮，帮您立于不动如山的安泰之地。 财富为智者掌控                                                                             职位联系方式                                                       联 系 人：刘经理 (联系时请说在智联网上看到的)  联系电话： 13501127200 工作地点：朝阳东大桥东三环北路工体20号百富国际大厦A座') ;
COMMIT;
INSERT INTO "User" ("Name","UserType","CreatedDatetime","UpdatedDatetime","Enabled")
                              VALUES ('649699228254103.htm',4,clock_timestamp(),clock_timestamp(),'t') ;
INSERT INTO "ZhilianUser" ("UserId","NickName","Type","Sex","City" ) VALUES(currval('"hero_reduce"."user_id_seq"'),'649699228254103.htm',0,'null','北京-东城区') ; INSERT INTO "JobPosition" ("UserId","Name","Address","Title","Salary","Description")
                          VALUES(currval('"hero_reduce"."user_id_seq"'),'649699228254103.htm','北京-东城区','证券分析/金融研究','5000-15000','【职位描述】 交易——游走在投资与投机之间，徜徉于现实与理想之巅，融汇于艺术与技术之湾，它是人类社会对于资金和心理博弈的最直接体现，完美的展现了灵长类之魂创造与行动的宣言，是你实现人生理想的最后一环。 你是否对交易存在浓厚兴趣呢？是否苦于徘徊在交易之河的彼岸而寻不见前路呢？现在机会来到了你的面前 -- 北京融控资本管理有限公司愿意提供免费的培训，带你横越财务自由的天堑，来到人生梦想的顶端。我们有专业的交易团队手把手带你走进交易市场。希望对金融行业有兴趣的你积极与我们电话或邮件联系，了解公司情况，招聘情况及与工作有关的相关问题。 注   无需交易员外出寻找客户，只需操作公司账户即可        【职位要求】  1、年龄20～50之间、性别不限  2、中专以上学历（包括中专学历）,培训期间有大量的空余时间，对金融知识感兴趣；  3、有很强的执行力和自制力，日常生活作息规律；  4、有较强的学习能力，对于新知识有较强的接受能力；  5、心理稳定，耐心细致，有责任心，具有保密意识； 6、对于基础薄弱或无经验者有专业的入职培训。（有交易经验者可直接联系面谈）        【岗位职责】 1、正式成为公司的员工之后，负责公司指定账户的资金运作，在稳定盈利的基础之上会逐步增加操作资金。 2、以稳定且合理的交易方式为前提，及时交易，每月完成公司规定的盈利目标，并在此基础上创造更多的盈利，以求盈利的最大化。 3、定期上交交易报告，报告时间每月一次。      【薪酬待遇】 初级交易员：5500底薪 + 提成20% + 节假日福利 + 年终奖 中级交易员：10000底薪  + 提成30% + 五险一金 + 节假日福利 + 年终奖 高级交易员：15000底薪 + 提成40% + 五险一金 + 节假日福利 + 年终奖   联系人：莫经理    联系电话：13501391731  简历投递邮箱 ahr@rongkongziben.com    【注】  1、请各位求职者仔细、详细的阅读您投递的职位要求，公司将统一进行审核、通知，谢绝重复投递和未经预约的来访。 2、录用人员，公司将统一、全面的给予员工提供为期10天的、免费的、专业的、系统的岗前培训，培训时间（9：30--17:00）(周六、日休息)。  3、公司将全资为盘手提供资金支持，承担风险，同时也将为盘手提供明亮、优雅、舒适的工作环境，提升您的交易心情。节假日公司会不定期的组织外出活动及娱乐活动（费用公司全报销）培训期间公司会组织模拟比赛，在模拟练习期间为做的成绩优秀的学生给予物质奖励。 4、交易员只需操作公司账户，无需外出寻找客户。                                                                           职位联系方式                                                      公司名称：融控(北京)资本管理有限公司  公司地址：北京市东城区建国门南大街7号万豪国际中心写字楼A座9层910号  公司网站：www.rongkongziben.com                                                          查看职位地图') ;
COMMIT;
INSERT INTO "User" ("Name","UserType","CreatedDatetime","UpdatedDatetime","Enabled")
                              VALUES ('178806528251785.htm',4,clock_timestamp(),clock_timestamp(),'t') ;
INSERT INTO "ZhilianUser" ("UserId","NickName","Type","Sex","City" ) VALUES(currval('"hero_reduce"."user_id_seq"'),'178806528251785.htm',0,'null','北京') ; INSERT INTO "JobPosition" ("UserId","Name","Address","Title","Salary","Description")
                          VALUES(currval('"hero_reduce"."user_id_seq"'),'178806528251785.htm','北京','证券分析/金融研究','5000-10000','薪酬回报：初级分析师：5000 底薪 + 提成20%+ 节假日福利 + 年终奖 月薪可达8000元以上中级分析师：10000底薪+ 提成30%+五险一金+节假日福利+年终奖  月薪可达15000元以上高级分析师：15000底薪+ 提成40%+五险一金+节假日福利+年终奖 月薪可达20000至30000元以上职位描述:操盘手就是在金融市场做投机，低买高卖赚取金融产品差价。投机一词在中国人眼里是贬义词，及投机倒把或者投机取巧，其实投机词是中性词，真正的含义是利用智慧来赚钱。金融市场的投机是这样的：公众们都认为投机是一种预知未来，去知晓那些无法知晓的游戏。他们错了，其实这是运用成功的投资策略抓住你身边的机会并去实现它的一种游戏。低买高卖这个大家都知道。金融产品包括：股票、期货、黄金、白银、外汇等产品。岗位职责职位描述：1、接受公司培训（带薪）,有经验者可不接受培训，详情面谈。2. 公司出资，为公司的账户进行交易盈利；3、每个月进行交易总结，即时准确汇报公司各项账户信息；4、时刻关注公司账户操作品种的价格变动和相关重要资讯；任职资格：1、热爱交易、对金融经济知识感兴趣；2、有很强的执行力，自制力强；3、有较强的学习能力，新知识的接受能力4、学历：大专以上【包含大专】5、年龄：20岁--40岁之间 6、工作经验： 不限；升至空间：1、清晰明确的晋升空间：初级交易员—中级交易员－高级交易员—交易辅导员—交易经理－交易总监；2、针对高级管理岗位公司采用内部提拔方式，不采用空降或外部招聘等方式，给内部优秀的员工提供了良好的晋升通道。联系方式公司名称：江西亿汇投资有限公司北京投资管理分公司公司地址：北京市朝阳区东三环中路25号住总大厦地铁十号线金台夕照站D口往南100米公司主页：www.bj-yhtz.com联系人：孙经理联系电话：18811003112                                                                           职位联系方式                                                                                                                查看职位地图') ;
COMMIT;
INSERT INTO "User" ("Name","UserType","CreatedDatetime","UpdatedDatetime","Enabled")
                              VALUES ('553909420261222.htm',4,clock_timestamp(),clock_timestamp(),'t') ;
INSERT INTO "ZhilianUser" ("UserId","NickName","Type","Sex","City" ) VALUES(currval('"hero_reduce"."user_id_seq"'),'553909420261222.htm',0,'null','北京-朝阳区') ; INSERT INTO "JobPosition" ("UserId","Name","Address","Title","Salary","Description")
                          VALUES(currval('"hero_reduce"."user_id_seq"'),'553909420261222.htm','北京-朝阳区','证券分析/金融研究','8001-10000','乔治.索罗斯说:“你可以生于贫穷,但绝不能死于贫穷”基于其本人当初明智的职业选择，完成了他的财富梦想！也正是因为其1992年对英镑的一笔狙击，获利30多亿美金，一跃成为当年华尔街首富！这就是操盘手创造的财富传奇！其实操盘手的工作很简单！！！一台接入互联网的电脑，一张书桌，一把椅子！设想一下这样的场景：1、 任何时候，当你有想赚钱的想法时；2、 打开电脑，确认互联网接入服务正常；3、 打开交易程序，进入交易平台界面；4、 交易；5、 “捡钱”，放进口袋！怎么样，是不是很简单？没错，赚钱就这么容易！这就是操盘手职业的魅力所在！因公司规模扩大，现招聘培养操盘手：职位要求：热爱金融行业，有财富自由、财务自主的愿望。积极乐观、诚实自信。面试通过者接受免费统一的专业培训和导师一对一的针对指导。薪酬待遇: 初级操盘手：基本工资5500元 + 岗位补贴 + 提成 + 年终奖 中级操盘手：基本工资10000元 + 岗位补贴 + 提成 + 年终奖 + 五险一金 高级操盘手：基本工资15000元 + 岗位补贴 + 提成 + 年终奖 + 五险一金 .职位描述：一、初级操盘手1、无风险操作公司提供的资金帐户2、把握市场机会，及时交易，确保账户达到稳定盈利，尽可能的达到利益最大化。二、中级操盘手1、无风险操作公司提供的资金帐户2、有很强的分析能力，擅长并酷爱交易工作。3、具有丰富的市场分析能力，做出每日交易计划，熟练掌握各种分析工具。4、把握市场机会，及时交易，确保账户达到稳定盈利，尽可能的达到利益最大化。成为业内精英人才.三、高级操盘手1、负责公司指定大资金账户的无风险操作。2、有很强的数据运算能力及宏观经济数据分析能力。 3、交易风格多样化，能承受较强的心理压力，能独立完成大资金账户操作，有稳定盈利交易记 录者优先；4、热衷于金融行业，关注全球金融走势，有交易的最新理念保持一致水准并有较高实操经验人士优先 职位优势: 本职位无工作时间、地点限制,能做网上交易即可，可在家操盘。灵活的晋升体系和广阔的发展空间，可兼职。晋升空间：免费培训—评估—初级操盘手—中级操盘手—高级操盘手—交易经理—交易总监如果您想尝试更回报的行业，体现您的能力，可以投递简历，我们的HR收到您的简历会及时回复联系您。操盘手、交易员的职位可实习，可兼职，工作时间地点随意。不需要外出寻找客户，安心的通过您自主的分析进行交易买卖即可。欢迎有识之士加入公司，共创辉煌。职位联系方式公司名称：北京巨源时代投资管理有限公司公司地址：北京市朝阳区国贸建外soho东区B座806联 系 人： 莫经理  13910170543                                                                           职位联系方式                                                      职位联系方式公司名称：北京巨源时代投资管理有限公司公司地址：北京市朝阳区国贸建外soho东区B座806联 系 人： 莫经理 13910170543') ;
COMMIT;
INSERT INTO "User" ("Name","UserType","CreatedDatetime","UpdatedDatetime","Enabled")
                              VALUES ('55004532290251718000.htm',4,clock_timestamp(),clock_timestamp(),'t') ;
INSERT INTO "ZhilianUser" ("UserId","NickName","Type","Sex","City" ) VALUES(currval('"hero_reduce"."user_id_seq"'),'55004532290251718000.htm',0,'null','北京-朝阳区') ; INSERT INTO "JobPosition" ("UserId","Name","Address","Title","Salary","Description")
                          VALUES(currval('"hero_reduce"."user_id_seq"'),'55004532290251718000.htm','北京-朝阳区','证券分析/金融研究','8001-10000','岗位职责： 1. 为公司的账户进行交易盈利； 2、每个月进行交易总结，即时准确汇报公司各项账户信息；3、时刻关注公司账户操作品种的价格变动和相关重要资讯；4、严格执行公司各项制度，，并定期整理交易数据，向上级领导账户分析结果；5、按照部门主管的要求进行技术和基本面规律的分析，进行数据的搜集或整理；6、配合其他部门有关工作；7、遵守公司的各项管理制度，承办领导交办的任务 任职资格： 无经验者，入职前接受公司专业岗前培训 1.中专及以上学历,金融专业优先2热爱交易、对金融经济知识感兴趣；3.有很强的执行力，自制力强；日常生活有规律、有计划；4.有较强的学习能力，新知识的接受能力；5.有较强的抗压能力；6.耐心细致，有责任心，具有保密意识； 工作时间： AM: 9:30  -- 12:00 PM: 13:30-- 17:50 薪资待遇与员工福利福利： 初级交易员：5000底薪 + 盈利提成20%  + 年终奖 中级交易员：10000底薪+ 提成30%+五险一金+年终奖  高级交易员：15000底薪+ 提成40%+五险一金+年终奖   1、面试通过者,公司给予员工为期10个工作日、免费的、专业的、系统的岗前培训，培训时间（9：30--15:00）周六、日休息。正式入职后，培训薪资计入首月工资。2.公司将全资为盘手提供资金支持（无需交付任何保证金），承担风险，同时也将为盘手提供明亮、优雅、舒适的工作环境，让您更快乐的工作。 对于没有任何金融从业经验的人员，在入职以后公司会有专业的岗前培训，以及会有前辈手把手教你如何熟悉工作。 希望对金融行业有兴趣的应聘者积极与我们的HR联系，了解公司情况，招聘情况及与工作有关的相关问题                                                                             职位联系方式                                                        公司名称：深圳市龙阳商务咨询有限公司北京第一分公司 公司地址：北京市朝阳区时间国际A座2601、2609室 公司主页：http://www.bj-lyjt.com 人事部电话：18210369802') ;
COMMIT;
INSERT INTO "User" ("Name","UserType","CreatedDatetime","UpdatedDatetime","Enabled")
                              VALUES ('369050315252596.htm',4,clock_timestamp(),clock_timestamp(),'t') ;
INSERT INTO "ZhilianUser" ("UserId","NickName","Type","Sex","City" ) VALUES(currval('"hero_reduce"."user_id_seq"'),'369050315252596.htm',0,'null','北京-朝阳区') ; INSERT INTO "JobPosition" ("UserId","Name","Address","Title","Salary","Description")
                          VALUES(currval('"hero_reduce"."user_id_seq"'),'369050315252596.htm','北京-朝阳区','股票/期货操盘手','5000-15000','龙阳集团 北京投资第一分公司   因公司发展要求，现招聘培养交易员、操盘手     任职要求： 1、热爱金融行业有意在金融交易行业崭露头角，有远大抱负，想成为优秀的交易员。2、品格端正，具备执行力强、勇敢、果断、冷静等特点。3、公司氛围融洽，自由的岗位，轻松的挣钱，团结一心，共同发展，且有灵活的晋升体系和广阔的前景。 工作内容：工作自由:全球24小时均可交易，工作时间和地点自己选择。 工作职责:耐心等待属于自己的交易信号，严格按照交易流程执行操作。    1、资金均由公司提供，不需承担风险。 录用人员，公司将统一、全面的给予员工提供免费的、专业的、系统的岗前带薪培训，培训时间（9：30--16:00）周六、日休息。2、公司将全资提供资金支持，交易员所使用交易账户也是公司提供。 注：龙阳集团公司 郑重声明:面试不收取任何费用。正式入职后，培训补助计入首月工资。   薪资待遇：一、初级：底薪5000  + 五险一金+20%提成+福利（收入一般在6000-7000）二、中级：底薪10000 + 五险一金+30%提成+福利（收入一般在12000-15000）三、高级：底薪15000 + 五险一金+40%提成+福利（收入一般在18000-20000） 提成方案： 底薪 + 提成+福利，无封顶。想了解公司更多信息，请与我们HR联系或将您的简历投递到网站，公司期待您的加入。     职位联系方式：公司名称：深圳市龙阳商务咨询有限公司北京第一分公司公司地址：北京市朝阳区三元桥时间国际A座2601室（三元桥10号线地铁直达D口出）联系经理：金经理联系电话：010-57283204 18210662298联系QQ:114342060公司网站：www.bj-lyjt.com简历邮箱：kimhr@bj-lyjt.com                                                                           职位联系方式                                                      职位联系方式：公司名称：深圳市龙阳商务咨询有限公司北京第一分公司公司地址：北京市朝阳区三元桥时间国际A座2601室（三元桥10号线地铁直达D口出）联系经理：金经理联系电话：010-57283204 18210662298联系QQ:114342060公司网站：www.bj-lyjt.com简历                                                          查看职位地图') ;
COMMIT;
INSERT INTO "User" ("Name","UserType","CreatedDatetime","UpdatedDatetime","Enabled")
                              VALUES ('135038057250575.htm',4,clock_timestamp(),clock_timestamp(),'t') ;
INSERT INTO "ZhilianUser" ("UserId","NickName","Type","Sex","City" ) VALUES(currval('"hero_reduce"."user_id_seq"'),'135038057250575.htm',0,'null','北京-朝阳区') ; INSERT INTO "JobPosition" ("UserId","Name","Address","Title","Salary","Description")
                          VALUES(currval('"hero_reduce"."user_id_seq"'),'135038057250575.htm','北京-朝阳区','证券分析/金融研究','6001-8000','致求职者的话： 首先要恭喜您在打开此页面的同时，您内心的睿智选择已经引领您向金融领域中的高收入职业迈出了幸运并且前景无限的第一步。如果您有意加入到我们操盘手的交易团队当中，公司的交易团队和讲师会引导您坚实而踏实的走好日后职业发展的每一步。请您在相信您自己内心选择的基础上相信公司的团队，认真努力的和我们一路走下去，未来三到五年内在北京相对中心的位置拥有一套属于自己的安身立命之所，绝不是太难的事情。相信您自己的选择，更要相信您自身的能力，加入到我们阳光的交易团队当中，为您今后梦想与人生的启航做好坚实的经济铺垫。   乔治.索罗斯说：“你可以生于贫穷，但绝不能死于贫穷”祝贺所有关心金融市场的投资者，因为你们拥有一个不同于过去的投资时代！   工作内容1.接受公司培训（带薪）。（有经验者可不接受培训，详情面谈。）2.部分初级交易员需要参加交易员晋级培训。每月一次。3.高执行力：关注每次交易系统给出的进场，出场信号，并按照信号指示进行建仓，平仓操作。（交易系统会在培训期间给予指导。）4、严格执行公司各项制度，，并定期整理交易数据，向上级领导账户分析结果；5、按照部门主管的要求进行技术和基本面规律的分析，进行数据的搜集或整理；6、配合其他部门有关工作；7、遵守公司的各项管理制度，承办领导交办的其他工作。素质要求：1、大专以上学历,金融专业优先，培训期间有大量的空余时间；2、热爱交易、对金融经济知识感兴趣；3、有很强的执行力，自制力强；日常生活有规律、有计划；4、有较强的学习能力，新知识的接受能力；5、抗压能力；6、耐心细致，有责任心，具有保密意识；7、对于基础薄弱或者无经验者有专业的入职培训。8、公司提供良好的晋升机制：薪资待遇： 初级薪资待遇：5000底薪 +  提成20%--40%  +  五险一金 + 节假日福利 + 季度奖  月薪可达7000元以上中级薪资待遇：10000底薪 + 提成20%--40% +  五险一金 +  节假日福利 + 季度奖   月薪可达15000元以上高级薪资待遇：15000底薪 + 提成20%--40% +  五险一金 +  节假日福利 + 季度奖   月薪达2-3万元以上 职位要求：年龄：20岁-50岁之间。学历：大专以上（包括大专），有交易经验者面谈。其它素质： 1.对于金融行业有极高的兴趣。2.性格沉稳，情绪不易产生较大波动。3.有极强的时间观念。（交易员的工作性质对于时间和空间上没有要求，相对自由，需要自我约束。）4.对资金流动有较强的驾驭能力。5.能够尽量客观的看待事物的发展。 面试要求： 不提供视频或者电话面试，只能到北京参加一对一面试，无复试，无笔试，不能来北京者请勿投递，面试通过后培训可做延期。实习员工： 前期培训期视为实习，实习期满可成为公司正式员工，可开实习证明，培训期为连续十个工作日，周末双休，每日培训时间：早晨9:30至下午3:30。公司在培训期提供每日餐补及路费补助，并在第一个月的薪资里统一发放。其他福利：五险一金 季度奖+年终奖  带薪免费旅游   公司对于没有交易经验，却对金融衍生品操作有兴趣者，提供正规统一的免费培训。有专业的交易团队手把手带你走进交易市场。我们的交易团队有绝对的信心让你在培训期后，有属于自己的交易系统与理念，让你找到自己在交易市场的立足点。成为我公司的优秀员工，对于成绩优秀学员公司提供交易账户帮助学员完成自我晋升。希望对金融行业有兴趣的应聘者积极与我们联系，了解公司情况，招聘情况及与工作相关的问题。公司承诺将对每位学员认真负责，最大限度发掘每一位学员的交易潜力。      联系电话：010-57349909  15811512051公司地址：北京市朝阳区时间国际大厦A座2601室公司名称：深圳市龙阳商务咨询有限公司北京第一分公司                                                                           职位联系方式                                                        人事经理：陈经理公司网址：http://www.bj-lyjt.com 联系电话：010-57349909  13366412049公司地址：北京市朝阳区时间国际大厦A座2601室公司名称：深圳市龙阳商务咨询有限公司北京第一分公司  各求职者请注意可把简历发至公司                                                           查看职位地图') ;
COMMIT;
INSERT INTO "User" ("Name","UserType","CreatedDatetime","UpdatedDatetime","Enabled")
                              VALUES ('147613145251937.htm',4,clock_timestamp(),clock_timestamp(),'t') ;
INSERT INTO "ZhilianUser" ("UserId","NickName","Type","Sex","City" ) VALUES(currval('"hero_reduce"."user_id_seq"'),'147613145251937.htm',0,'null','北京-海淀区') ; INSERT INTO "JobPosition" ("UserId","Name","Address","Title","Salary","Description")
                          VALUES(currval('"hero_reduce"."user_id_seq"'),'147613145251937.htm','北京-海淀区','证券分析/金融研究','','岗位职责：（1）就拟投资项目的背景、行业进行深入研究，整理信息、独立观察；（2）配合参与项目执行，包括尽职调查、第三方协调；（3）深度学习并依据盛景的中小企业经营方法论，进行持续的投后管理；（4）主动参与投资者教育与投资者关系维护。   任职要求：（1）三年以上的VC股权投资操作经验，以及很强的执行力、项目推进能力；（2）具备很强的组织能力、协调管理能力、逻辑能力，以及快速的学习能力、良好的沟通能力；（3）具备相关的法律常识，投融资领域的常识和人脉，具有较好的财务功底；（4）为人正直、细心、负责，具有团队协作精神。                                                                           职位联系方式                                                       公司名称：盛景网联科技股份有限公司 公司地址：北京市海淀区清华科技园科技大厦B座11层  传真： 公司主页：http://www.shengjing360.com') ;
COMMIT;
INSERT INTO "User" ("Name","UserType","CreatedDatetime","UpdatedDatetime","Enabled")
                              VALUES ('615221324264898.htm',4,clock_timestamp(),clock_timestamp(),'t') ;
INSERT INTO "ZhilianUser" ("UserId","NickName","Type","Sex","City" ) VALUES(currval('"hero_reduce"."user_id_seq"'),'615221324264898.htm',0,'null','北京') ; INSERT INTO "JobPosition" ("UserId","Name","Address","Title","Salary","Description")
                          VALUES(currval('"hero_reduce"."user_id_seq"'),'615221324264898.htm','北京','证券分析/金融研究','8001-10000','薪酬待遇: 初级交易员：基本工资5000元+ 岗位补贴 600+ 提成20% + 年终奖 +五险（月收入大约10000--15000)中级交易员：基本工资10000元 + 岗位补贴600 + 提成30% + 年终奖 +五险（月收入大约15000-25000）高级交易员：基本工资15000元 + 岗位补贴600 + 提成50% + 年终奖+五险（月收入大约25000--45000）   培养方式 对于没有交易经验零基础学员，却对金融衍生品操作职位有兴趣者。公司愿意提供免费的培训。有专业的交易团队手把手带你走进交易市场。我们的培训交易团队有绝对的信心让你在培训期后，有自己的交易系统与理论，让你找到自己在交易市场的立足点，为公司和你个人创造更大的利益。   任职要求： 1、中专以上学历,金融专业优先，培训期间有大量的空余时间；2、热爱交易、对金融经济知识感兴趣；3、有很强的执行力，自制力强；日常生活有规律、有计划；4、有较强的学习能力，新知识的接受能力；5、抗压能力；6、耐心细致，有责任心，具有保密意识；7、对于基础薄弱或者无经验者有专业的入职培训。8、公司提供良好的晋升机制； 9.年龄在20--68周岁均可；  ​ 职位描述： 一、初级操盘手 1、无风险操作公司提供的资金帐户 2、把握市场机会，及时交易，确保账户达到稳定盈利，尽可能的达到利益最大化。   二、中级操盘手 1、无风险操作公司提供的资金帐户 2、有很强的分析能力，擅长并酷爱交易工作。 3、具有丰富的市场分析能力，做出每日交易计划，熟练掌握各种分析工具。 4、把握市场机会，及时交易，确保账户达到稳定盈利，尽可能的达到利益最大化。成为业内精英人才。   三、高级操盘手 1、负责公司指定大资金账户的无风险操作。 2、有很强的数据运算能力及宏观经济数据分析能力。  3、交易风格多样化，能承受较强的心理压力，能独立完成大资金账户操作，有稳定盈利交易记录者优先； 4、热衷于金融行业，关注全球金融走势，有交易的最新理念保持一致水准并有较高实操经验人士优先   职位优势:  本职位无工作时间、地点限制,能做网上交易即可，可在家操盘。灵活的晋升体系和广阔的发展空间，可兼职。   联系电话：15810986897 联系  人：毛经理 咨询 qq: 349719370                                                                              职位联系方式                                                       公司名称：北京盛业永信资产管理有限公司   公司地址：北京市朝阳区朝外大街乙6号朝外SOHOA座2502室    联系人：毛经理   联系电话：15810986897   咨询QQ：349719370（注明应聘咨询）') ;
COMMIT;
INSERT INTO "User" ("Name","UserType","CreatedDatetime","UpdatedDatetime","Enabled")
                              VALUES ('291852519253853.htm',4,clock_timestamp(),clock_timestamp(),'t') ;
INSERT INTO "ZhilianUser" ("UserId","NickName","Type","Sex","City" ) VALUES(currval('"hero_reduce"."user_id_seq"'),'291852519253853.htm',0,'null','北京') ; INSERT INTO "JobPosition" ("UserId","Name","Address","Title","Salary","Description")
                          VALUES(currval('"hero_reduce"."user_id_seq"'),'291852519253853.htm','北京','公司业务','','岗位职责:   1、 负责分析金融市场宏观形势、相关的政策法规以及监管制度，并研究提出相关金融产品的创新方向；  2、 根据市场和客户的需求，重点负责债券类金融产品的跟踪和研发工作，负责撰写相关的新产品研究报告，并协同推进新产品测试、试点和宣传推广工作；  3、 负责研究相关金融产品的交易机制、交易规则和交易流程；  4、 完成相关金融产品的数据分析与信息挖掘。     任职资格:  1、年龄在35周岁左右，具有金融、经济、财会、法律等金融、经济类相关专业硕士研究生及以上学历，具备较强的研究创新能力；  2、熟悉金融市场，具有5年以上银行、证券、信托等金融机构行业工作背景，3年以上股权债权投资工作经验；  3、具有较强的沟通意识，有良好的协调能力和团队精神，能够承受较高强度的工作压力；  4、具有CFA、CPA、FRM等专业资格证书持有者优先。                                                                            职位联系方式                                                      公司名称：中泰创展控股有限公司公司地址：北京市朝阳区东三环北路甲26号博瑞大厦8层 传真：公司主页：http://www.ztcz.cn/                                                          查看职位地图') ;
COMMIT;
INSERT INTO "User" ("Name","UserType","CreatedDatetime","UpdatedDatetime","Enabled")
                              VALUES ('648255524250132.htm',4,clock_timestamp(),clock_timestamp(),'t') ;
INSERT INTO "ZhilianUser" ("UserId","NickName","Type","Sex","City" ) VALUES(currval('"hero_reduce"."user_id_seq"'),'648255524250132.htm',0,'null','北京-西城区') ; INSERT INTO "JobPosition" ("UserId","Name","Address","Title","Salary","Description")
                          VALUES(currval('"hero_reduce"."user_id_seq"'),'648255524250132.htm','北京-西城区','证券分析/金融研究','','岗位职责：1、及时进行深入的市场调研，了解客户需求、行业发展状况并及时提出需求方案及可行性建议；2、根据产业相关政策，定期编写行业政策分析报告，为公司战略发展方向提出建议；3、积极有效推进团队建设，选拔培养年轻干部，形成合理梯队建设；4、上级领导交办的其他工作。任职要求：1、本科及以上学历，法律、金融专业毕业优先；2、具备两年以上信用风险管理或法律工作经验及团队管理经验；3、具备较强的纵横向沟通能力，熟悉P2P的业务流程及国家政策；4、较强的文案撰写能力，熟练使用各类办公软件。                                                                            职位联系方式                                                      公司名称：多利国际信用管理(北京)有限公司公司地址：北京市西城区西直门外大街1号西环广场T3楼21层B5 传真：公司主页：null') ;
COMMIT;
INSERT INTO "User" ("Name","UserType","CreatedDatetime","UpdatedDatetime","Enabled")
                              VALUES ('488840929250452.htm',4,clock_timestamp(),clock_timestamp(),'t') ;
INSERT INTO "ZhilianUser" ("UserId","NickName","Type","Sex","City" ) VALUES(currval('"hero_reduce"."user_id_seq"'),'488840929250452.htm',0,'null','北京-通州区') ; INSERT INTO "JobPosition" ("UserId","Name","Address","Title","Salary","Description")
                          VALUES(currval('"hero_reduce"."user_id_seq"'),'488840929250452.htm','北京-通州区','证券分析/金融研究','','任职资格：（全兼职皆可） 1 具有较强的金融理论知识，对金融行业和金融衍生产品有较深刻的认识与理解； 2 独立做过一年以上外汇黄金实盘交易，有自己的交易思路与风控能力； 3 具备较强的讲授能力及系统培训能力； 4 具有较强的工作责任心和团队合作精神； 5 年龄28周岁以上，有大型讲座培训或实盘两年及喊单经验者可优先考虑。岗位职责：1 负责对黄金外汇等产品的走势作出及时而准确的总结、分析和预测；2 负责每日指导实盘客户进行操作，每日指导不少于3次，正确率要求60%以上。 信和赢汇为您提供：1.基本底薪（5000-10000）+提成+奖金+五险一金； 2.国家法定节假日、年休假、带薪假期等3.正式员工（外地）可提供宿舍4.不定期的公司聚餐及带薪旅游活动5 良好的发展机遇和广阔的发展平台诚邀您的加入。联系人：董主管电话：13601246156备注：如从业5年以上，有管理经验能独立运作技术部门，实战经验70%以上可提高薪金及福利待遇。                                                                            职位联系方式                                                                                                                查看职位地图') ;
COMMIT;
INSERT INTO "User" ("Name","UserType","CreatedDatetime","UpdatedDatetime","Enabled")
                              VALUES ('615221324264902.htm',4,clock_timestamp(),clock_timestamp(),'t') ;
INSERT INTO "ZhilianUser" ("UserId","NickName","Type","Sex","City" ) VALUES(currval('"hero_reduce"."user_id_seq"'),'615221324264902.htm',0,'null','北京') ; INSERT INTO "JobPosition" ("UserId","Name","Address","Title","Salary","Description")
                          VALUES(currval('"hero_reduce"."user_id_seq"'),'615221324264902.htm','北京','证券总监/部门经理','10001-15000','薪酬待遇: 初级交易员：基本工资5000元+ 岗位补贴 600+ 提成20% + 年终奖 +五险（月收入大约10000--15000)中级交易员：基本工资10000元 + 岗位补贴600 + 提成30% + 年终奖 +五险（月收入大约15000-25000）高级交易员：基本工资15000元 + 岗位补贴600 + 提成50% + 年终奖+五险（月收入大约25000--45000）   培养方式 对于没有交易经验零基础学员，却对金融衍生品操作职位有兴趣者。公司愿意提供免费的培训。有专业的交易团队手把手带你走进交易市场。我们的培训交易团队有绝对的信心让你在培训期后，有自己的交易系统与理论，让你找到自己在交易市场的立足点，为公司和你个人创造更大的利益。   任职要求： 1、中专以上学历,金融专业优先，培训期间有大量的空余时间；2、热爱交易、对金融经济知识感兴趣；3、有很强的执行力，自制力强；日常生活有规律、有计划；4、有较强的学习能力，新知识的接受能力；5、抗压能力；6、耐心细致，有责任心，具有保密意识；7、对于基础薄弱或者无经验者有专业的入职培训；8、公司提供良好的晋升机制； 9.年龄在20--68周岁均可；  ​ 职位描述： 一、初级操盘手 1、无风险操作公司提供的资金帐户 2、把握市场机会，及时交易，确保账户达到稳定盈利，尽可能的达到利益最大化。   二、中级操盘手 1、无风险操作公司提供的资金帐户 2、有很强的分析能力，擅长并酷爱交易工作。 3、具有丰富的市场分析能力，做出每日交易计划，熟练掌握各种分析工具。 4、把握市场机会，及时交易，确保账户达到稳定盈利，尽可能的达到利益最大化。成为业内精英人才。   三、高级操盘手 1、负责公司指定大资金账户的无风险操作。 2、有很强的数据运算能力及宏观经济数据分析能力。  3、交易风格多样化，能承受较强的心理压力，能独立完成大资金账户操作，有稳定盈利交易记录者优先； 4、热衷于金融行业，关注全球金融走势，有交易的最新理念保持一致水准并有较高实操经验人士优先   职位优势:  本职位无工作时间、地点限制,能做网上交易即可，可在家操盘。灵活的晋升体系和广阔的发展空间，可兼职。   联系电话：15810986897 联系  人：毛经理 咨询 qq: 349719370                                                                              职位联系方式                                                       公司名称：北京盛业永信资产管理有限公司   公司地址：北京市朝阳区朝外大街乙6号朝外SOHOA座2502室    联系人：毛经理   联系电话：15810986897   咨询QQ：349719370（注明应聘咨询）') ;
COMMIT;
INSERT INTO "User" ("Name","UserType","CreatedDatetime","UpdatedDatetime","Enabled")
                              VALUES ('369050315252598.htm',4,clock_timestamp(),clock_timestamp(),'t') ;
INSERT INTO "ZhilianUser" ("UserId","NickName","Type","Sex","City" ) VALUES(currval('"hero_reduce"."user_id_seq"'),'369050315252598.htm',0,'null','北京-朝阳区') ; INSERT INTO "JobPosition" ("UserId","Name","Address","Title","Salary","Description")
                          VALUES(currval('"hero_reduce"."user_id_seq"'),'369050315252598.htm','北京-朝阳区','股票/期货操盘手','5000-15000','龙阳集团 北京投资第一分公司   因公司发展要求，现招聘培养交易员、操盘手     任职要求： 1、热爱金融行业有意在金融交易行业崭露头角，有远大抱负，想成为优秀的交易员。2、品格端正，具备执行力强、勇敢、果断、冷静等特点。3、公司氛围融洽，自由的岗位，轻松的挣钱，团结一心，共同发展，且有灵活的晋升体系和广阔的前景。 工作内容：工作自由:全球24小时均可交易，工作时间和地点自己选择。 工作职责:耐心等待属于自己的交易信号，严格按照交易流程执行操作。    1、资金均由公司提供，不需承担风险。 录用人员，公司将统一、全面的给予员工提供免费的、专业的、系统的岗前带薪培训，培训时间（9：30--16:00）周六、日休息。2、公司将全资提供资金支持，交易员所使用交易账户也是公司提供。 注：龙阳集团公司 郑重声明:面试不收取任何费用。正式入职后，培训补助计入首月工资。   薪资待遇：一、初级：底薪5000  + 五险一金+20%提成+福利（收入一般在6000-7000）二、中级：底薪10000 + 五险一金+30%提成+福利（收入一般在12000-15000）三、高级：底薪15000 + 五险一金+40%提成+福利（收入一般在18000-20000） 提成方案： 底薪 + 提成+福利，无封顶。想了解公司更多信息，请与我们HR联系或将您的简历投递到网站，公司期待您的加入。     职位联系方式：公司名称：深圳市龙阳商务咨询有限公司北京第一分公司公司地址：北京市朝阳区三元桥时间国际A座2601室（三元桥10号线地铁直达D口出）联系经理：金经理联系电话：010-57283204 18210662298联系QQ:114342060公司网站：www.bj-lyjt.com简历邮箱：kimhr@bj-lyjt.com                                                                           职位联系方式                                                      职位联系方式：公司名称：深圳市龙阳商务咨询有限公司北京第一分公司公司地址：北京市朝阳区三元桥时间国际A座2601室（三元桥10号线地铁直达D口出）联系经理：金经理联系电话：010-57283204 18210662298联系QQ:114342060公司网站：www.bj-lyjt.com简历                                                          查看职位地图') ;
COMMIT;
INSERT INTO "User" ("Name","UserType","CreatedDatetime","UpdatedDatetime","Enabled")
                              VALUES ('634619621250662.htm',4,clock_timestamp(),clock_timestamp(),'t') ;
INSERT INTO "ZhilianUser" ("UserId","NickName","Type","Sex","City" ) VALUES(currval('"hero_reduce"."user_id_seq"'),'634619621250662.htm',0,'null','北京') ; INSERT INTO "JobPosition" ("UserId","Name","Address","Title","Salary","Description")
                          VALUES(currval('"hero_reduce"."user_id_seq"'),'634619621250662.htm','北京','证券分析/金融研究','','“品今•今英会”实习计划品今（北京）资产管理有限公司是品今控股集团旗下全资子公司。品今资管旨在为高净值个人、富有家族及机构投资人提供股权投资基金、金融市场投资基金和家族财富管理等多样化资产管理服务。    品今资管是国内领先的资产管理机构，其网络遍布全国。通过严格的产品筛选体系和风险控制体系，品今资管为高端客户提供全能型资产管理服务，实现其资产的保值增值。品今资管现面向在校本科生、研究生推出2014年实习计划，本实习计划着眼于培养中国下一代投资银行家，打造金融业精英的朋友圈。本实习计划的内容包括：金融市场相关领域知识的系统培训，导师带领下的专题研究等，涉及的实习岗位包括行业研究、基金研究、PE投资研究、产品设计、市场营销等。参与本实习计划的要求：国内211大学或同等水平院校在读本科生、研究生。所学专业为金融财经类或理工类，年龄28周岁以下，性别不限。  有意向参与本实习计划者，请于2014年6月30日前将个人简历（附照片）发送至liuxiaodong@pinjinchina.com，请勿以其它方式投递简历。     Pin Jin (Beijing) Asset Management Co., Ltd. is a wholly-owned subsidiary of Pin Jin Holding Group (HK) Co., Ltd. Our company aims to provide diversified asset management services for high-net-worth individuals, wealthy families and institutional investors. Our services include PE funds and investment funds in financial market, family wealth management and so forth.   Our company, a leading domestic asset management institution, has its network all over the country. We provide clients with comprehensive asset management services by strict product screening system and risk control system, with the goal to achieve the maintenance and appreciation of asset value.   Our company plans to launch “2014 Summer Internship Programme”, targeting undergraduates and graduates. The Programme focuses on cultivating the next generation of investment bankers and forming a friend circle of financial elites in China. The content of the Programme include: systematic training of knowledge in financial market, research guided by mentors and so forth. We provide positions like specialists of industry research, funds, PE investment, product design, marketing and so forth.   Requirements for the Programme:   l  Undergraduates and graduates of Peking University, Tsinghua University, Renmin University of China, University of International Business and Economics, Central University of Finance and Economics, or other colleges and universities of the same level.   l  Students major in finance and economics, science and engineering.   l  Age: under 28 years old.  l  All genders.  If you are interested in the Programme, please send your resume (photo attached) to liuxiaodong@pinjinchina.com before June 30, 2014. This is the only way for us to receive your resume.                                                                             职位联系方式                                                      公司名称：品今(北京)资产管理有限公司公司地址：北京市朝阳区东三环北路23号财富三期49层传真：公司主页：') ;
COMMIT;
INSERT INTO "User" ("Name","UserType","CreatedDatetime","UpdatedDatetime","Enabled")
                              VALUES ('120501401250378.htm',4,clock_timestamp(),clock_timestamp(),'t') ;
INSERT INTO "ZhilianUser" ("UserId","NickName","Type","Sex","City" ) VALUES(currval('"hero_reduce"."user_id_seq"'),'120501401250378.htm',0,'null','北京-海淀区') ; INSERT INTO "JobPosition" ("UserId","Name","Address","Title","Salary","Description")
                          VALUES(currval('"hero_reduce"."user_id_seq"'),'120501401250378.htm','北京-海淀区','证券分析/金融研究','','岗位职责：  1. 掌握金融行业相关政策和投资策略，研究金融领域的宏观形势，分析和预测发展趋势，提出相应的策略和预警；  2．负责搜集、整理金融相关数据、信息，建立资料库，整理重要经济数据指标，并结合宏观经济、行业环境和政策法规，进行深层次的剖析和研究，撰写专业的行业动态等金融市场分析报告和各类建议书；  3. 进行交易策略研究，对现有对冲、套利等金融操作策略进行改进和优化；  4. 提供信息咨询，对具体项目的开展、运作进行支持工作。  任职要求：  1.硕士及以上学历，金融工程、金融学等专业，英语六级以上；  2.二年以上相关行业工作经验，优秀毕业生可适当放宽经验要求；  3.具备较强的数据分析能力，数字敏感度高，有较强的数学逻辑思维能力，熟练使用SPSS、SAS、EXCEL等相关软件；  4.良好的逻辑思维能力、独立处理问题的能力及团队合作精神；  5.具备证券分析师执业资格，注册会计师（CPA）、注册金融分析师(CFA)等专业资格者优先考虑。                                                                            职位联系方式                                                      公司名称：中国有色金属工业再生资源有限公司公司地址：北京市海淀区蓟门里北乙11号烟树商务楼 传真：62352111公司主页：http://www.resource.com.cn                                                          查看职位地图') ;
COMMIT;
INSERT INTO "User" ("Name","UserType","CreatedDatetime","UpdatedDatetime","Enabled")
                              VALUES ('120501401250377.htm',4,clock_timestamp(),clock_timestamp(),'t') ;
INSERT INTO "ZhilianUser" ("UserId","NickName","Type","Sex","City" ) VALUES(currval('"hero_reduce"."user_id_seq"'),'120501401250377.htm',0,'null','北京-海淀区') ; INSERT INTO "JobPosition" ("UserId","Name","Address","Title","Salary","Description")
                          VALUES(currval('"hero_reduce"."user_id_seq"'),'120501401250377.htm','北京-海淀区','证券分析/金融研究','','岗位职责：  1.协助投资部总经理进行量化投资策略的设计开发；  2.协助投资部总经理完成日常投资工作及投资风险监控，向投资部总经理提出投资建议；  3.上市公司估值模型、固定收益产品定价模型、衍生品定价模型的研究、优化及程序实现；  4.量化投资策略及指标模型的计算机程序实现；  5.证券市场数据指标、资产管理类产品数据指标统计、处理及更新；  6.维护金融工程研究平台、证券投资数据库及量化交易系统；  7.定期投资报告、交易统计报表、业务台账的编制。  任职要求：  1.全日制硕士及以上学历，具有金融工程、计量经济学、金融学等专业背景；  2.精通1门及以上计算机程序设计语言；  3.熟练使用ORACLE，Sql Server, mysql 等数据库，英语听说读写熟练、学习分析能力强、具有团队协作精神；  4.具有证券投资、企业估值、固定收益、搜索算法、数据挖掘、互联网应用、大型数据库管理等知识背景者优先。                                                                            职位联系方式                                                      公司名称：中国有色金属工业再生资源有限公司公司地址：北京市海淀区蓟门里北乙11号烟树商务楼 传真：62352111公司主页：http://www.resource.com.cn                                                          查看职位地图') ;
COMMIT;
INSERT INTO "User" ("Name","UserType","CreatedDatetime","UpdatedDatetime","Enabled")
                              VALUES ('553909420261239.htm',4,clock_timestamp(),clock_timestamp(),'t') ;
INSERT INTO "ZhilianUser" ("UserId","NickName","Type","Sex","City" ) VALUES(currval('"hero_reduce"."user_id_seq"'),'553909420261239.htm',0,'null','北京-朝阳区') ; INSERT INTO "JobPosition" ("UserId","Name","Address","Title","Salary","Description")
                          VALUES(currval('"hero_reduce"."user_id_seq"'),'553909420261239.htm','北京-朝阳区','证券分析/金融研究','8001-10000','乔治.索罗斯说:“你可以生于贫穷,但绝不能死于贫穷”基于其本人当初明智的职业选择，完成了他的财富梦想！也正是因为其1992年对英镑的一笔狙击，获利30多亿美金，一跃成为当年华尔街首富！这就是操盘手创造的财富传奇！其实操盘手的工作很简单！！！一台接入互联网的电脑，一张书桌，一把椅子！设想一下这样的场景：1、 任何时候，当你有想赚钱的想法时；2、 打开电脑，确认互联网接入服务正常；3、 打开交易程序，进入交易平台界面；4、 交易；5、 “捡钱”，放进口袋！怎么样，是不是很简单？没错，赚钱就这么容易！这就是操盘手职业的魅力所在！因公司规模扩大，现招聘培养操盘手：职位要求：热爱金融行业，有财富自由、财务自主的愿望。积极乐观、诚实自信。面试通过者接受免费统一的专业培训和导师一对一的针对指导。薪酬待遇: 初级操盘手：基本工资5500元 + 岗位补贴 + 提成 + 年终奖 中级操盘手：基本工资10000元 + 岗位补贴 + 提成 + 年终奖 + 五险一金 高级操盘手：基本工资15000元 + 岗位补贴 + 提成 + 年终奖 + 五险一金 .职位描述：一、初级操盘手1、无风险操作公司提供的资金帐户2、把握市场机会，及时交易，确保账户达到稳定盈利，尽可能的达到利益最大化。二、中级操盘手1、无风险操作公司提供的资金帐户2、有很强的分析能力，擅长并酷爱交易工作。3、具有丰富的市场分析能力，做出每日交易计划，熟练掌握各种分析工具。4、把握市场机会，及时交易，确保账户达到稳定盈利，尽可能的达到利益最大化。成为业内精英人才.三、高级操盘手1、负责公司指定大资金账户的无风险操作。2、有很强的数据运算能力及宏观经济数据分析能力。 3、交易风格多样化，能承受较强的心理压力，能独立完成大资金账户操作，有稳定盈利交易记 录者优先；4、热衷于金融行业，关注全球金融走势，有交易的最新理念保持一致水准并有较高实操经验人士优先 职位优势: 本职位无工作时间、地点限制,能做网上交易即可，可在家操盘。灵活的晋升体系和广阔的发展空间，可兼职。晋升空间：免费培训—评估—初级操盘手—中级操盘手—高级操盘手—交易经理—交易总监如果您想尝试更回报的行业，体现您的能力，可以投递简历，我们的HR收到您的简历会及时回复联系您。操盘手、交易员的职位可实习，可兼职，工作时间地点随意。不需要外出寻找客户，安心的通过您自主的分析进行交易买卖即可。欢迎有识之士加入公司，共创辉煌。职位联系方式公司名称：北京巨源时代投资管理有限公司公司地址：北京市朝阳区国贸建外soho东区B座806联 系 人： 莫经理  13910170543                                                                           职位联系方式                                                      职位联系方式公司名称：北京巨源时代投资管理有限公司公司地址：北京市朝阳区国贸建外soho东区B座806联 系 人： 莫经理 13910170543') ;
COMMIT;
INSERT INTO "User" ("Name","UserType","CreatedDatetime","UpdatedDatetime","Enabled")
                              VALUES ('120052009250335.htm',4,clock_timestamp(),clock_timestamp(),'t') ;
INSERT INTO "ZhilianUser" ("UserId","NickName","Type","Sex","City" ) VALUES(currval('"hero_reduce"."user_id_seq"'),'120052009250335.htm',0,'null','北京') ; INSERT INTO "JobPosition" ("UserId","Name","Address","Title","Salary","Description")
                          VALUES(currval('"hero_reduce"."user_id_seq"'),'120052009250335.htm','北京','证券分析/金融研究','','工作职责： 1.量化投资平台、金融数据库的建设与维护；2.既有投资策略的实现、改进；3.量化投资策略的日常自动化跟踪；4.量化投资研究的日常支持性工作。   任职资格： 1）硕士及以上学历，具有金融工程（或数学、计量经济学、统计学、精算、计算机、软件编程等）相关专业； 2）曾参与各类研究课题，熟悉经济金融领域内的各种数学模型和金融模型； 3）有较强的编程能力和数据处理能力，熟练使用MATLAB、C++等编程软件； 4）有较强的研究分析能力、清晰的逻辑分析能力和较好的文字功底； 5）勤奋好学、扎实肯干、对工作有激情，具备良好的团队合作能力和沟通能力； 6）有量化投资系统开发相关经验者优先。                                                                           职位联系方式                                                       公司名称：华勤投资有限公司 公司地址：朝阳区东三环中路9号，富尔大厦2101室  公司主页：http://www.hwachin.cn') ;
COMMIT;
INSERT INTO "User" ("Name","UserType","CreatedDatetime","UpdatedDatetime","Enabled")
                              VALUES ('120052009250412.htm',4,clock_timestamp(),clock_timestamp(),'t') ;
INSERT INTO "ZhilianUser" ("UserId","NickName","Type","Sex","City" ) VALUES(currval('"hero_reduce"."user_id_seq"'),'120052009250412.htm',0,'null','北京-朝阳区') ; INSERT INTO "JobPosition" ("UserId","Name","Address","Title","Salary","Description")
                          VALUES(currval('"hero_reduce"."user_id_seq"'),'120052009250412.htm','北京-朝阳区','投资银行业务','','工作职责：1、对项目的相关资料收集整理，完成对项目的尽调、评估分析等工作，撰写相关的分析报告；2、参与公司项目的实施，起草、制作相关协议、合同及报批文件等，协助、配合相关部门做好项目的发行、推介工作；3、投资项目的管理，搜集项目的报表、项目进展情况等，业务档案归档工作；4、部门的其他工作。任职资格：1、金融、管理、经济、法律硕士学历，从事券商或咨询管理两年以上工作经验；2、逻辑思维能力和文字功底好；3、较强的人际交往能力、沟通协调能力、独立工作能力强；4、诚实信用，有责任感、工作主动性强、有团队合作精神。                                                                             职位联系方式                                                      公司名称：华勤投资有限公司公司地址：北京市朝阳区秀水街1号建国门外外交公寓2-2-41 公司主页：http://www.hwachin.com') ;
COMMIT;
INSERT INTO "User" ("Name","UserType","CreatedDatetime","UpdatedDatetime","Enabled")
                              VALUES ('649699228254123.htm',4,clock_timestamp(),clock_timestamp(),'t') ;
INSERT INTO "ZhilianUser" ("UserId","NickName","Type","Sex","City" ) VALUES(currval('"hero_reduce"."user_id_seq"'),'649699228254123.htm',0,'null','北京-东城区') ; INSERT INTO "JobPosition" ("UserId","Name","Address","Title","Salary","Description")
                          VALUES(currval('"hero_reduce"."user_id_seq"'),'649699228254123.htm','北京-东城区','证券分析/金融研究','10000-15000','【职位描述】 交易——游走在投资与投机之间，徜徉于现实与理想之巅，融汇于艺术与技术之湾，它是人类社会对于资金和心理博弈的最直接体现，完美的展现了灵长类之魂创造与行动的宣言，是你实现人生理想的最后一环。 你是否对交易存在浓厚兴趣呢？是否苦于徘徊在交易之河的彼岸而寻不见前路呢？现在机会来到了你的面前 -- 北京融控资本管理有限公司愿意提供免费的培训，带你横越财务自由的天堑，来到人生梦想的顶端。我们有专业的交易团队手把手带你走进交易市场。希望对金融行业有兴趣的你积极与我们电话或邮件联系，了解公司情况，招聘情况及与工作有关的相关问题。 注   无需外出寻找客户，只需操作公司账户即可        【职位要求】  1、年龄20～50之间、性别不限  2、中专以上学历（包括中专学历）,培训期间有大量的空余时间，对金融知识感兴趣；  3、有很强的执行力和自制力，日常生活作息规律；  4、有较强的学习能力，对于新知识有较强的接受能力；  5、心理稳定，耐心细致，有责任心，具有保密意识； 6、对于基础薄弱或无经验者有专业的入职培训。（有交易经验者可直接联系面谈）        【岗位职责】 1、正式成为公司的员工之后，负责公司指定账户的资金运作，在稳定盈利的基础之上会逐步增加操作资金。 2、以稳定且合理的交易方式为前提，及时交易，每月完成公司规定的盈利目标，并在此基础上创造更多的盈利，以求盈利的最大化。 3、定期上交交易报告，报告时间每月一次。      【薪酬待遇】 理财规划师：10000底薪  + 提成30% + 五险一金 + 节假日福利 + 年终奖 资深理财规划师：15000底薪 + 提成40% + 五险一金 + 节假日福利 + 年终奖   联系人：莫经理    联系电话：13501391731  简历投递邮箱 ahr@rongkongziben.com    【注】  1、请各位求职者仔细、详细的阅读您投递的职位要求，公司将统一进行审核、通知，谢绝重复投递和未经预约的来访。 2、录用人员，公司将统一、全面的给予员工提供为期10天的、免费的、专业的、系统的岗前培训，培训时间（9：30--17:00）(周六、日休息)。  3、公司将全资为盘手提供资金支持，承担风险，同时也将为盘手提供明亮、优雅、舒适的工作环境，提升您的交易心情。节假日公司会不定期的组织外出活动及娱乐活动（费用公司全报销）培训期间公司会组织模拟比赛，在模拟练习期间为做的成绩优秀的学生给予物质奖励。 4、只需操作公司账户，无需外出寻找客户。                                                                           职位联系方式                                                      公司名称：融控(北京)资本管理有限公司  公司地址：北京市东城区建国门南大街7号万豪国际中心写字楼A座9层910号  公司网站：www.rongkongziben.com                                                          查看职位地图') ;
COMMIT;
INSERT INTO "User" ("Name","UserType","CreatedDatetime","UpdatedDatetime","Enabled")
                              VALUES ('661722823250053.htm',4,clock_timestamp(),clock_timestamp(),'t') ;
INSERT INTO "ZhilianUser" ("UserId","NickName","Type","Sex","City" ) VALUES(currval('"hero_reduce"."user_id_seq"'),'661722823250053.htm',0,'null','北京') ; INSERT INTO "JobPosition" ("UserId","Name","Address","Title","Salary","Description")
                          VALUES(currval('"hero_reduce"."user_id_seq"'),'661722823250053.htm','北京','证券分析/金融研究','6000-10000','职位叙述：   金融类相关专业优先；  公司提供免费培训，培训内容包括：初级培训课（图表形态、常用指标解析及交易的周期性等），中级培训课（周点交易法pivots、狙击手交易法Sniper及对冲技巧Hedge等），镜像系统交易培训课；  表现优异者将被公司录用，并享受公司正式员工待遇；  富有团队合作精神和创新精神，有激情，进取心和学习能力，有很强的沟通能力；  公司每年为优秀员工提供澳大利亚学习进修机会。 薪资待遇： 底薪+补助+佣金+政策奖励+保险+各项福利 公司提供良好的晋升空间                                                                           职位联系方式                                                      公司名称：北京汇升投资顾问有限公司公司地址：北京市朝阳区安立路60号润枫德尚B座10层 公司主页：www.hsifc.com') ;
COMMIT;
INSERT INTO "User" ("Name","UserType","CreatedDatetime","UpdatedDatetime","Enabled")
                              VALUES ('194769718252766.htm',4,clock_timestamp(),clock_timestamp(),'t') ;
INSERT INTO "ZhilianUser" ("UserId","NickName","Type","Sex","City" ) VALUES(currval('"hero_reduce"."user_id_seq"'),'194769718252766.htm',0,'null','北京') ; INSERT INTO "JobPosition" ("UserId","Name","Address","Title","Salary","Description")
                          VALUES(currval('"hero_reduce"."user_id_seq"'),'194769718252766.htm','北京','投资银行业务','','岗位职责：  1.投资工作  （1）对行业的分析研究，形成研究报告；  （2）对潜在投资项目的分析与研究，形成研究报告；  （3）协助对已投资项目的投后管理工作；  （4）协助寻找潜在目标公司；  （5）协助投资经理完成投资建议书等投资文件；  （6）协助其他需要的投资相关工作等  2.外部关系联络工作  （1）对关注的行业、同行的必要关系开发和维护；  （2）对政府相关部门、协会等机构的关系开发和维护。  3.通过公共信息和特定信息的搜集和分析，完成对行业和特定公司的初步分析报告。  4.定期与已投资公司进行沟通，撰写投后管理报告。  5.定期、多方面开拓项目，包括利用个人网络、公司资源、专业机构资源等。  6.完成项目尽职调查文件、投资分析、投资建议书等投资文档。  7.为集团其他子公司、部门提供投资专业支持，包括财务模型的建立和测算、资本市场专业意见等。    任职资格的具体描述：  1.正规院校本科及以上学历，硕士优先；  2.至少2年以上创业投资工作经验，对股权投资有深入了解；  3.拥有参与团队完整的项目经历；  4.熟练的英文听说读写能力；  5.较强的沟通能力，快速学习能力和抗压能力。                                                                              职位联系方式                                                      公司名称：中兴能源有限公司公司地址：北京市朝阳区裕民路12号E3座 传真：公司主页：') ;
COMMIT;
INSERT INTO "User" ("Name","UserType","CreatedDatetime","UpdatedDatetime","Enabled")
                              VALUES ('661722823250056.htm',4,clock_timestamp(),clock_timestamp(),'t') ;
INSERT INTO "ZhilianUser" ("UserId","NickName","Type","Sex","City" ) VALUES(currval('"hero_reduce"."user_id_seq"'),'661722823250056.htm',0,'null','北京') ; INSERT INTO "JobPosition" ("UserId","Name","Address","Title","Salary","Description")
                          VALUES(currval('"hero_reduce"."user_id_seq"'),'661722823250056.htm','北京','证券分析/金融研究','3000-8000','职位叙述：   负责处理分析交易的日常工作，并查询总结当日总要消息；  学习相关市场知识，掌握金融技巧。 薪资待遇： 底薪+补助+佣金+政策奖励+保险+各项福利 公司提供良好的晋升空间                                                                           职位联系方式                                                      公司名称：北京汇升投资顾问有限公司公司地址：北京市朝阳区安立路60号润枫德尚B座10层 公司主页：www.hsifc.com') ;
COMMIT;
INSERT INTO "User" ("Name","UserType","CreatedDatetime","UpdatedDatetime","Enabled")
                              VALUES ('661722823250058.htm',4,clock_timestamp(),clock_timestamp(),'t') ;
INSERT INTO "ZhilianUser" ("UserId","NickName","Type","Sex","City" ) VALUES(currval('"hero_reduce"."user_id_seq"'),'661722823250058.htm',0,'null','北京') ; INSERT INTO "JobPosition" ("UserId","Name","Address","Title","Salary","Description")
                          VALUES(currval('"hero_reduce"."user_id_seq"'),'661722823250058.htm','北京','证券分析/金融研究','3000-8000','职位叙述：     接受公司的相关系统培训，培训内容包括：初级培训课（图表形态、常用指标解析及交易的周期性等），中级培训课（周点交易法pivots、狙击手交易法Sniper及对冲技巧Hedge等），镜像系统交易培训课；  在公司系统学习金融理财知识，并通过公司相应考核；  根据每日行情制定交易计划；  公司每年为优秀员工提供澳大利亚学习进修机会。 薪资待遇： 底薪+补助+佣金+政策奖励+保险+各项福利 公司提供良好的晋升空间                                                                           职位联系方式                                                      公司名称：北京汇升投资顾问有限公司公司地址：北京市朝阳区安立路60号润枫德尚B座10层 公司主页：www.hsifc.com') ;
COMMIT;
INSERT INTO "User" ("Name","UserType","CreatedDatetime","UpdatedDatetime","Enabled")
                              VALUES ('661722823250059.htm',4,clock_timestamp(),clock_timestamp(),'t') ;
INSERT INTO "ZhilianUser" ("UserId","NickName","Type","Sex","City" ) VALUES(currval('"hero_reduce"."user_id_seq"'),'661722823250059.htm',0,'null','北京') ; INSERT INTO "JobPosition" ("UserId","Name","Address","Title","Salary","Description")
                          VALUES(currval('"hero_reduce"."user_id_seq"'),'661722823250059.htm','北京','证券分析/金融研究','3000-8000','职位叙述：     热爱金融行业，并具备踏实持续学习金融知识能力，敢于挑战高薪；  有强烈的意愿进入金融投资领域，渴望成为全球职场中最精英的一族；  遵守纪侓和行业规范，能接受严格专业培训，具有敬业精神及团队合作意识；  公司每年为优秀员工提供澳大利亚学习进修机会。 薪资待遇： 底薪+补助+佣金+政策奖励+保险+各项福利 公司提供良好的晋升空间                                                                           职位联系方式                                                      公司名称：北京汇升投资顾问有限公司公司地址：北京市朝阳区安立路60号润枫德尚B座10层 公司主页：www.hsifc.com') ;
COMMIT;
INSERT INTO "User" ("Name","UserType","CreatedDatetime","UpdatedDatetime","Enabled")
                              VALUES ('553909420261254.htm',4,clock_timestamp(),clock_timestamp(),'t') ;
INSERT INTO "ZhilianUser" ("UserId","NickName","Type","Sex","City" ) VALUES(currval('"hero_reduce"."user_id_seq"'),'553909420261254.htm',0,'null','北京-朝阳区') ; INSERT INTO "JobPosition" ("UserId","Name","Address","Title","Salary","Description")
                          VALUES(currval('"hero_reduce"."user_id_seq"'),'553909420261254.htm','北京-朝阳区','证券分析/金融研究','10001-15000','岗位职责：一、初级交易员： 1.接受免费统一的专业学习培训和模拟训练。 2.成绩优秀的交易员将逐步晋升为中级、高级交易员。3.认同公司的发展理念， 愿意与公司共同拓展业务。4.具有很强的工作责任心和团队合作精神。岗位待遇：5500 底薪 + 提成20% + 节假日福利 + 年终奖 二、中级交易员： 1.可承受较大心里压力，有很强的自我调控能力，纪律严格。 2.对公司资高度负责，严格执行安全控制。 3.以持续稳定盈利为最高目标，成为业内精英人才。4.热衷于金融行业的有经验人士，有意与国际经济及货币交易的最新理念保持一致水准，并关注全球外汇实时走势。5.敢于迎接挑战，能独立承受压力、完成公司交赋的工作任务。 6.有很强的分析能力，擅长并酷爱交易工作。 7.具有自信、冷静、理智、果断、坚定、胆识等交易员所要求具备的各项品质。 岗位待遇：10000 底薪 + 提成20% + 节假日福利 + 年终奖 + 五险一金三、高级交易员： 1.负责公司指定客户账户或配资账户的资金运作。 2.具有丰富的市场分析能力，做出每日交易计划，熟练掌握各种分析工具。3.配合培训讲师完成新入公司员工的实盘交易辅导。 4.把握市场机会，及时交易，确保账户达到持续稳定盈利，尽可能的达到利益最大化。 5.专业不限，经济类，理工类专业优先。 6.人品端正，谦虚好学，自信果敢。 7.有很强的数据运算能力及宏观经济数据分析能力。 8.熟悉双边市场，至少三年以上股票交易经验或两年以上双边市场交易经验。 9.公司提供完善的免费提高培训。 岗位待遇：15000 底薪 + 提成20% + 节假日福利 + 年终奖 + 五险一金注： 交易员只操作公司账户，不需外出寻找客户！ 业绩考核：1.是否依照计划目标将任务完成，使其质量达到要求的标准； 2.任务完成的过程或结果是否正确，是否达到标准的要求。 能力考核 1.业务所需要的业务知识、相关知识的掌握程度； 2.是否熟练掌握本岗位技能； 3.在执行任务时，是否能从容应对出现的变化。 态度考核 1.能自觉地尽职尽责的工作，能自始至终的表现出负责的态度；2.在职权范围内，能进行自我管理，能自主、自立、自信地处理业务。北京巨源时代投资管理有限公司（JUYUAN era Investment Management Co., Ltd.）创立于2010年,作为国内的新锐资本机构，巨源投资坐拥北京CBD核心区，公司团队由来自海外或有多年金融投资经验的专业精英组成，巨源投资立志缔造企业品牌价值，以客户服务为主导。为员工、客户及投资者创富增值。公司诚邀您加入我们的团队，创造财富不是梦想。考核内容：初级交易员连续稳定盈利3个月晋升中级交易员 中级交易员连续稳定盈利3个月晋升高级交易                                                                           职位联系方式                                                       公司名称：北京巨源时代投资管理有限公司 公司地址：北京市朝阳区国贸建外soho东区B座806 张经理 ：18611860837') ;
COMMIT;
INSERT INTO "User" ("Name","UserType","CreatedDatetime","UpdatedDatetime","Enabled")
                              VALUES ('617435629250183.htm',4,clock_timestamp(),clock_timestamp(),'t') ;
INSERT INTO "ZhilianUser" ("UserId","NickName","Type","Sex","City" ) VALUES(currval('"hero_reduce"."user_id_seq"'),'617435629250183.htm',0,'null','北京-东城区') ; INSERT INTO "JobPosition" ("UserId","Name","Address","Title","Salary","Description")
                          VALUES(currval('"hero_reduce"."user_id_seq"'),'617435629250183.htm','北京-东城区','股票/期货操盘手','6001-8000','岗位描述： 1:对金融行业和理财投资有浓厚的兴趣及意愿，致力于把金融行业作为事业发展方向；渴望成为金融职场中的精英一族。 2:人品端正，谦虚好学，自信果敢，有较强的学历能力，具有团队合作精神。 3:有较强的分析能力、风险控制能力、思路清晰、心态端正、擅于把握市场机会，及时完成交易确保账户利益最大化。 4:公司内部气氛融洽，共同发展，有灵活的晋升体系和广阔的前景。  述职要求： 1、大专以上学历,金融专业优先，培训期间有大量的空余时间； 2、热爱交易、对金融经济知识感兴趣； 3、有很强的执行力，自制力强；日常生活有规律、有计划； 4、有较强的学习能力，新知识的接受能力； 5、抗压能力； 6、耐心细致，有责任心，具有保密意识； 7、对于基础薄弱或者无经验者有专业的入职培训。    待遇:  1、6000-8000 + 五险一金+手数返佣 月薪可达到15000以上 2、公司提供五险一金，享受国家法定节假日； 3、公司定期员工野外拓展活动； 4、公开透明的晋升机制，给您提供一个广阔的平台。  作息时间：周一至周五9点----12点；13点----晚17；享受国家法定节假日；                                                                            职位联系方式                                                       公司名称：北京高联投资有限公司 公司地址：东城区东直门天恒大厦A座F层 联系电话：010-84608830 在线QQ：1256414677 中国公司官网:www.gltz9.com 新西兰公司官网：www.rgmfx.com                                                          查看职位地图') ;
COMMIT;
INSERT INTO "User" ("Name","UserType","CreatedDatetime","UpdatedDatetime","Enabled")
                              VALUES ('215718726250010.htm',4,clock_timestamp(),clock_timestamp(),'t') ;
INSERT INTO "ZhilianUser" ("UserId","NickName","Type","Sex","City" ) VALUES(currval('"hero_reduce"."user_id_seq"'),'215718726250010.htm',0,'null','北京') ; INSERT INTO "JobPosition" ("UserId","Name","Address","Title","Salary","Description")
                          VALUES(currval('"hero_reduce"."user_id_seq"'),'215718726250010.htm','北京','证券分析/金融研究','4000-10000','(一) 岗位职责：1、负责日常金融信息收集及整理；2、负责常规性研究报告撰写；3、负责银行客户个性化需求服务；4、独立负责项目调研和与客户沟通工作；5、完成公司安排的其他性研究工作。(二) 任职资格：1、经济学、金融学、管理学专业，本科以上学历,硕士学历优先；2、两年以上工作经验，有商业银行信贷业务、管理咨询、行业研究工作经验者优先；3、思路清晰，逻辑思维能力、书面及口头表达能力强，亲和力强；4、能够熟练操作WORD、EXCEL及PPT等办公软件；5、熟练使用数据统计分析软件；6、根据工作需要可适当出差。 (三) 公司福利： 1、薪酬制度：基础薪酬+岗位薪资+绩效回报2、福利制度：为员工办理各项保险和保障3、休假制度：双休、享有国家法定假日，及年假、婚假、产育假等假期4、提升机会：为员工提供多种培训、学习机会；                                                                            职位联系方式                                                      公司名称：北京仕君同创咨询有限公司公司地址：北京市石景山区万达广场E座1509-1510室 电    话：010-88696296-8007公司主页：www.bankerdoc.com邮    箱：                                                          查看职位地图') ;
COMMIT;
INSERT INTO "User" ("Name","UserType","CreatedDatetime","UpdatedDatetime","Enabled")
                              VALUES ('215718726250057.htm',4,clock_timestamp(),clock_timestamp(),'t') ;
INSERT INTO "ZhilianUser" ("UserId","NickName","Type","Sex","City" ) VALUES(currval('"hero_reduce"."user_id_seq"'),'215718726250057.htm',0,'null','北京') ; INSERT INTO "JobPosition" ("UserId","Name","Address","Title","Salary","Description")
                          VALUES(currval('"hero_reduce"."user_id_seq"'),'215718726250057.htm','北京','证券分析/金融研究','','岗位职责：1．协助银行业分析师进行资料整理、数据分类汇总；2．对指定商业银行经营管理动态跟踪监测，分析特定银行特征；3．采集公司相关数据库建设所需数据，并进行整理；4．定期进行银行业务发展研究分析，在分析师帮助下作出分析研究报告。 任职要求：1、经济学、金融学、管理学专业，本科以上学历；2、两年以上工作经验，有商业银行信贷业务、管理咨询、行业研究工作经验者优先；3、思路清晰，逻辑思维能力、书面及口头表达能力强，亲和力强；4、能够熟练操作WORD、EXCEL及PPT等办公软件；5、熟练使用数据统计分析软件；应届毕业生实习结束后，凡符合公司任职要求者，可签订劳动合同，成为公司正式员工。                                                                            职位联系方式                                                      公司名称：北京仕君同创咨询有限公司公司地址：北京市石景山区万达广场E座1509-1510室 传真：公司主页：www.bankerdoc.com                                                          查看职位地图') ;
COMMIT;
INSERT INTO "User" ("Name","UserType","CreatedDatetime","UpdatedDatetime","Enabled")
                              VALUES ('250545619250102.htm',4,clock_timestamp(),clock_timestamp(),'t') ;
INSERT INTO "ZhilianUser" ("UserId","NickName","Type","Sex","City" ) VALUES(currval('"hero_reduce"."user_id_seq"'),'250545619250102.htm',0,'null','北京-朝阳区') ; INSERT INTO "JobPosition" ("UserId","Name","Address","Title","Salary","Description")
                          VALUES(currval('"hero_reduce"."user_id_seq"'),'250545619250102.htm','北京-朝阳区','证券/投资项目管理','','岗位职责1、积极拓展寻求项目来源，储备项目资源；2、进行项目的筛选、接洽、谈判，负责项目进展情况的跟踪与联络；3、搜集、整理相关资料，进行项目的初期分析，以及项目评估；4、挖掘和引导客户需求，通过谈判引导客户接受我司投资模式和理念；5、进行项目考察和尽职调查，准备相关考察报告、尽职调查报告及投资分析报告，包括行业及市场分析、建立财务估值模型、财务预测、交易结构设计等，完成尽职调查报告、投资建议书等；6、通过相关谈判确定各方面具备投资发行条件。任职资格1、金融类、投资管理等相关专业本科以上学历；2、具有3年以上基金、投资银行、信托、投资咨询等相关行业工作经验；3、熟悉私募股权基金的融资技巧及策略、私募股权基金的融资形式、方向及关键因素；4、掌握私募股权投资基金的组织形式、治理结构与风险防范；5、擅于开拓进取，具备较丰富的社会资源、项目储备；6、具有丰富的项目评价、尽职调查、投资结构设计、报告撰写经验，有独立完成的成功投资项目；7、具备团队精神和独立工作的能力, 可同时处理多项任务；8、有基金管理公司工作从业经历者优先；有客户资源及渠道者优先；有注册会计师资格者优先考虑。 9、能适应经常出差。                                                                           职位联系方式                                                       公司名称：北京远洋投资有限公司 公司地址：北京市朝阳区东三环北路2号南银大厦  传真： 公司主页：http://www.bj-yy.com/                                                          查看职位地图') ;
COMMIT;
INSERT INTO "User" ("Name","UserType","CreatedDatetime","UpdatedDatetime","Enabled")
                              VALUES ('615221324264983.htm',4,clock_timestamp(),clock_timestamp(),'t') ;
INSERT INTO "ZhilianUser" ("UserId","NickName","Type","Sex","City" ) VALUES(currval('"hero_reduce"."user_id_seq"'),'615221324264983.htm',0,'null','北京') ; INSERT INTO "JobPosition" ("UserId","Name","Address","Title","Salary","Description")
                          VALUES(currval('"hero_reduce"."user_id_seq"'),'615221324264983.htm','北京','证券总监/部门经理','10001-15000','薪酬待遇: 初级交易员：基本工资5000元+ 岗位补贴 600+ 提成20% + 年终奖 +五险（月收入大约10000--15000)中级交易员：基本工资10000元 + 岗位补贴600 + 提成30% + 年终奖 +五险（月收入大约15000-25000）高级交易员：基本工资15000元 + 岗位补贴600 + 提成50% + 年终奖+五险（月收入大约25000--45000）   培养方式 对于没有交易经验零基础学员，却对金融衍生品操作职位有兴趣者。公司愿意提供免费的培训。有专业的交易团队手把手带你走进交易市场。我们的培训交易团队有绝对的信心让你在培训期后，有自己的交易系统与理论，让你找到自己在交易市场的立足点，为公司和你个人创造更大的利益。   任职要求： 1、中专以上学历,金融专业优先，培训期间有大量的空余时间；2、热爱交易、对金融经济知识感兴趣；3、有很强的执行力，自制力强；日常生活有规律、有计划；4、有较强的学习能力，新知识的接受能力；5、抗压能力；6、耐心细致，有责任心，具有保密意识；7、对于基础薄弱或者无经验者有专业的入职培训；8、公司提供良好的晋升机制； 9.年龄在20--68周岁均可；  ​ 职位描述： 一、初级操盘手 1、无风险操作公司提供的资金帐户 2、把握市场机会，及时交易，确保账户达到稳定盈利，尽可能的达到利益最大化。   二、中级操盘手 1、无风险操作公司提供的资金帐户 2、有很强的分析能力，擅长并酷爱交易工作。 3、具有丰富的市场分析能力，做出每日交易计划，熟练掌握各种分析工具。 4、把握市场机会，及时交易，确保账户达到稳定盈利，尽可能的达到利益最大化。成为业内精英人才。   三、高级操盘手 1、负责公司指定大资金账户的无风险操作。 2、有很强的数据运算能力及宏观经济数据分析能力。  3、交易风格多样化，能承受较强的心理压力，能独立完成大资金账户操作，有稳定盈利交易记录者优先； 4、热衷于金融行业，关注全球金融走势，有交易的最新理念保持一致水准并有较高实操经验人士优先   职位优势:  本职位无工作时间、地点限制,能做网上交易即可，可在家操盘。灵活的晋升体系和广阔的发展空间，可兼职。   联系电话：15810986897 联系  人：毛经理 咨询 qq: 349719370                                                                              职位联系方式                                                       公司名称：北京盛业永信资产管理有限公司   公司地址：北京市朝阳区朝外大街乙6号朝外SOHOA座2502室    联系人：毛经理   联系电话：15810986897   咨询QQ：349719370（注明应聘咨询）') ;
COMMIT;
INSERT INTO "User" ("Name","UserType","CreatedDatetime","UpdatedDatetime","Enabled")
                              VALUES ('649699228254134.htm',4,clock_timestamp(),clock_timestamp(),'t') ;
INSERT INTO "ZhilianUser" ("UserId","NickName","Type","Sex","City" ) VALUES(currval('"hero_reduce"."user_id_seq"'),'649699228254134.htm',0,'null','北京-东城区') ; INSERT INTO "JobPosition" ("UserId","Name","Address","Title","Salary","Description")
                          VALUES(currval('"hero_reduce"."user_id_seq"'),'649699228254134.htm','北京-东城区','证券分析/金融研究','5000-15000','【职位描述】 交易——游走在投资与投机之间，徜徉于现实与理想之巅，融汇于艺术与技术之湾，它是人类社会对于资金和心理博弈的最直接体现，完美的展现了灵长类之魂创造与行动的宣言，是你实现人生理想的最后一环。 你是否对交易存在浓厚兴趣呢？是否苦于徘徊在交易之河的彼岸而寻不见前路呢？现在机会来到了你的面前 -- 北京融控资本管理有限公司愿意提供免费的培训，带你横越财务自由的天堑，来到人生梦想的顶端。我们有专业的交易团队手把手带你走进交易市场。希望对金融行业有兴趣的你积极与我们电话或邮件联系，了解公司情况，招聘情况及与工作有关的相关问题。 注   无需交易员外出寻找客户，只需操作公司账户即可        【职位要求】  1、年龄20～50之间、性别不限  2、中专以上学历（包括中专学历）,培训期间有大量的空余时间，对金融知识感兴趣；  3、有很强的执行力和自制力，日常生活作息规律；  4、有较强的学习能力，对于新知识有较强的接受能力；  5、心理稳定，耐心细致，有责任心，具有保密意识； 6、对于基础薄弱或无经验者有专业的入职培训。（有交易经验者可直接联系面谈）        【岗位职责】 1、正式成为公司的员工之后，负责公司指定账户的资金运作，在稳定盈利的基础之上会逐步增加操作资金。 2、以稳定且合理的交易方式为前提，及时交易，每月完成公司规定的盈利目标，并在此基础上创造更多的盈利，以求盈利的最大化。 3、定期上交交易报告，报告时间每月一次。      【薪酬待遇】 初级交易员：5500底薪 + 提成20% + 节假日福利 + 年终奖 中级交易员：10000底薪  + 提成30% + 五险一金 + 节假日福利 + 年终奖 高级交易员：15000底薪 + 提成40% + 五险一金 + 节假日福利 + 年终奖   联系人：莫经理    联系电话：13501391731  简历投递邮箱 ahr@rongkongziben.com    【注】  1、请各位求职者仔细、详细的阅读您投递的职位要求，公司将统一进行审核、通知，谢绝重复投递和未经预约的来访。 2、录用人员，公司将统一、全面的给予员工提供为期10天的、免费的、专业的、系统的岗前培训，培训时间（9：30--17:00）(周六、日休息)。  3、公司将全资为盘手提供资金支持，承担风险，同时也将为盘手提供明亮、优雅、舒适的工作环境，提升您的交易心情。节假日公司会不定期的组织外出活动及娱乐活动（费用公司全报销）培训期间公司会组织模拟比赛，在模拟练习期间为做的成绩优秀的学生给予物质奖励。 4、交易员只需操作公司账户，无需外出寻找客户。                                                                           职位联系方式                                                      公司名称：融控(北京)资本管理有限公司  公司地址：北京市东城区建国门南大街7号万豪国际中心写字楼A座9层910号  公司网站：www.rongkongziben.com                                                          查看职位地图') ;
COMMIT;
INSERT INTO "User" ("Name","UserType","CreatedDatetime","UpdatedDatetime","Enabled")
                              VALUES ('369050315252614.htm',4,clock_timestamp(),clock_timestamp(),'t') ;
INSERT INTO "ZhilianUser" ("UserId","NickName","Type","Sex","City" ) VALUES(currval('"hero_reduce"."user_id_seq"'),'369050315252614.htm',0,'null','北京-朝阳区') ; INSERT INTO "JobPosition" ("UserId","Name","Address","Title","Salary","Description")
                          VALUES(currval('"hero_reduce"."user_id_seq"'),'369050315252614.htm','北京-朝阳区','证券分析/金融研究','15001-25000','龙阳集团 北京投资第一分公司 因公司发展要求，现招聘优秀交易员、操盘手（要有一套自己应对市场的系统）  任职要求：1、热爱金融行业有意在金融交易行业崭露头角，有远大抱负，想成为优秀的交易员。2、品格端正，具备执行力强、勇敢、果断、冷静等特点。3、公司氛围融洽，自由的岗位，轻松的挣钱，团结一心，共同发展，且有灵活的晋升体系和广阔的前景。工作内容：工作自由:全球24小时均可交易，工作时间和地点自己选择。工作职责:耐心等待属于自己的交易信号，严格按照交易流程执行操作。  1、资金均由公司提供，不需承担风险。 录用人员，公司将统一、全面的给予员工提供免费的、专业的、系统的岗前带薪培训，培训时间（9：30--16:00）周六、日休息。2、公司将全资提供资金支持，交易员所使用交易账户也是公司提供。注：龙阳集团公司 郑重声明:面试不收取任何费用。正式入职后，培训补助计入首月工资。 薪资待遇：一、初级：底薪5000  + 五险一金+20%提成+福利（收入一般在6000-7000）二、中级：底薪10000 + 五险一金+30%提成+福利（收入一般在12000-15000）三、高级：底薪15000 + 五险一金+40%提成+福利（收入一般在18000-20000） 提成方案： 底薪 + 提成+福利，无封顶。想了解公司更多信息，请与我们HR联系或将您的简历投递到网站，公司期待您的加入。  职位联系方式：公司名称：深圳市龙阳商务咨询有限公司北京第一分公司公司地址：北京市朝阳区三元桥时间国际A座2601室（三元桥10号线地铁直达D口出）联系经理：金经理联系电话：010-57283204 18210662298联系QQ:114342060公司网站：www.bj-lyjt.com简历邮箱：kimhr@bj-lyjt.com                                                                            职位联系方式                                                      职位联系方式：公司名称：深圳市龙阳商务咨询有限公司北京第一分公司公司地址：北京市朝阳区三元桥时间国际A座2601室（三元桥10号线地铁直达D口出）联系经理：金经理联系电话：010-57283204 18210662298联系QQ:114342060公司网站：www.bj-lyjt.com简历                                                          查看职位地图') ;
COMMIT;
INSERT INTO "User" ("Name","UserType","CreatedDatetime","UpdatedDatetime","Enabled")
                              VALUES ('135038057250581.htm',4,clock_timestamp(),clock_timestamp(),'t') ;
INSERT INTO "ZhilianUser" ("UserId","NickName","Type","Sex","City" ) VALUES(currval('"hero_reduce"."user_id_seq"'),'135038057250581.htm',0,'null','北京-朝阳区') ; INSERT INTO "JobPosition" ("UserId","Name","Address","Title","Salary","Description")
                          VALUES(currval('"hero_reduce"."user_id_seq"'),'135038057250581.htm','北京-朝阳区','证券分析/金融研究','6001-8000','致求职者的话： 首先要恭喜您在打开此页面的同时，您内心的睿智选择已经引领您向金融领域中的高收入职业迈出了幸运并且前景无限的第一步。如果您有意加入到我们操盘手的交易团队当中，公司的交易团队和讲师会引导您坚实而踏实的走好日后职业发展的每一步。请您在相信您自己内心选择的基础上相信公司的团队，认真努力的和我们一路走下去，未来三到五年内在北京相对中心的位置拥有一套属于自己的安身立命之所，绝不是太难的事情。相信您自己的选择，更要相信您自身的能力，加入到我们阳光的交易团队当中，为您今后梦想与人生的启航做好坚实的经济铺垫。   乔治.索罗斯说：“你可以生于贫穷，但绝不能死于贫穷”祝贺所有关心金融市场的投资者，因为你们拥有一个不同于过去的投资时代！   工作内容1.接受公司培训（带薪）。（有经验者可不接受培训，详情面谈。）2.部分初级交易员需要参加交易员晋级培训。每月一次。3.高执行力：关注每次交易系统给出的进场，出场信号，并按照信号指示进行建仓，平仓操作。（交易系统会在培训期间给予指导。）4、严格执行公司各项制度，，并定期整理交易数据，向上级领导账户分析结果；5、按照部门主管的要求进行技术和基本面规律的分析，进行数据的搜集或整理；6、配合其他部门有关工作；7、遵守公司的各项管理制度，承办领导交办的其他工作。素质要求：1、大专以上学历,金融专业优先，培训期间有大量的空余时间；2、热爱交易、对金融经济知识感兴趣；3、有很强的执行力，自制力强；日常生活有规律、有计划；4、有较强的学习能力，新知识的接受能力；5、抗压能力；6、耐心细致，有责任心，具有保密意识；7、对于基础薄弱或者无经验者有专业的入职培训。8、公司提供良好的晋升机制：薪资待遇： 初级薪资待遇：5000底薪 +  提成20%--40%  +  五险一金 + 节假日福利 + 季度奖  月薪可达7000元以上中级薪资待遇：10000底薪 + 提成20%--40% +  五险一金 +  节假日福利 + 季度奖   月薪可达15000元以上高级薪资待遇：15000底薪 + 提成20%--40% +  五险一金 +  节假日福利 + 季度奖   月薪达2-3万元以上 职位要求：年龄：20岁-50岁之间。学历：大专以上（包括大专），有交易经验者面谈。其它素质： 1.对于金融行业有极高的兴趣。2.性格沉稳，情绪不易产生较大波动。3.有极强的时间观念。（交易员的工作性质对于时间和空间上没有要求，相对自由，需要自我约束。）4.对资金流动有较强的驾驭能力。5.能够尽量客观的看待事物的发展。 面试要求： 不提供视频或者电话面试，只能到北京参加一对一面试，无复试，无笔试，不能来北京者请勿投递，面试通过后培训可做延期。实习员工： 前期培训期视为实习，实习期满可成为公司正式员工，可开实习证明，培训期为连续十个工作日，周末双休，每日培训时间：早晨9:30至下午3:30。公司在培训期提供每日餐补及路费补助，并在第一个月的薪资里统一发放。其他福利：五险一金 季度奖+年终奖  带薪免费旅游   公司对于没有交易经验，却对金融衍生品操作有兴趣者，提供正规统一的免费培训。有专业的交易团队手把手带你走进交易市场。我们的交易团队有绝对的信心让你在培训期后，有属于自己的交易系统与理念，让你找到自己在交易市场的立足点。成为我公司的优秀员工，对于成绩优秀学员公司提供交易账户帮助学员完成自我晋升。希望对金融行业有兴趣的应聘者积极与我们联系，了解公司情况，招聘情况及与工作相关的问题。公司承诺将对每位学员认真负责，最大限度发掘每一位学员的交易潜力。      联系电话：010-57349909  15811512051公司地址：北京市朝阳区时间国际大厦A座2601室公司名称：深圳市龙阳商务咨询有限公司北京第一分公司                                                                           职位联系方式                                                        人事经理：陈经理公司网址：http://www.bj-lyjt.com 联系电话：010-57349909  13366412049公司地址：北京市朝阳区时间国际大厦A座2601室公司名称：深圳市龙阳商务咨询有限公司北京第一分公司  各求职者请注意可把简历发至公司                                                           查看职位地图') ;
COMMIT;
INSERT INTO "User" ("Name","UserType","CreatedDatetime","UpdatedDatetime","Enabled")
                              VALUES ('553909420261259.htm',4,clock_timestamp(),clock_timestamp(),'t') ;
INSERT INTO "ZhilianUser" ("UserId","NickName","Type","Sex","City" ) VALUES(currval('"hero_reduce"."user_id_seq"'),'553909420261259.htm',0,'null','北京-朝阳区') ; INSERT INTO "JobPosition" ("UserId","Name","Address","Title","Salary","Description")
                          VALUES(currval('"hero_reduce"."user_id_seq"'),'553909420261259.htm','北京-朝阳区','证券分析/金融研究','8001-10000','乔治.索罗斯说:“你可以生于贫穷,但绝不能死于贫穷”基于其本人当初明智的职业选择，完成了他的财富梦想！也正是因为其1992年对英镑的一笔狙击，获利30多亿美金，一跃成为当年华尔街首富！这就是操盘手创造的财富传奇！其实操盘手的工作很简单！！！一台接入互联网的电脑，一张书桌，一把椅子！设想一下这样的场景：1、 任何时候，当你有想赚钱的想法时；2、 打开电脑，确认互联网接入服务正常；3、 打开交易程序，进入交易平台界面；4、 交易；5、 “捡钱”，放进口袋！怎么样，是不是很简单？没错，赚钱就这么容易！这就是操盘手职业的魅力所在！因公司规模扩大，现招聘培养操盘手：职位要求：热爱金融行业，有财富自由、财务自主的愿望。积极乐观、诚实自信。面试通过者接受免费统一的专业培训和导师一对一的针对指导。薪酬待遇: 初级操盘手：基本工资5500元 + 岗位补贴 + 提成 + 年终奖 中级操盘手：基本工资10000元 + 岗位补贴 + 提成 + 年终奖 + 五险一金 高级操盘手：基本工资15000元 + 岗位补贴 + 提成 + 年终奖 + 五险一金 .职位描述：一、初级操盘手1、无风险操作公司提供的资金帐户2、把握市场机会，及时交易，确保账户达到稳定盈利，尽可能的达到利益最大化。二、中级操盘手1、无风险操作公司提供的资金帐户2、有很强的分析能力，擅长并酷爱交易工作。3、具有丰富的市场分析能力，做出每日交易计划，熟练掌握各种分析工具。4、把握市场机会，及时交易，确保账户达到稳定盈利，尽可能的达到利益最大化。成为业内精英人才.三、高级操盘手1、负责公司指定大资金账户的无风险操作。2、有很强的数据运算能力及宏观经济数据分析能力。 3、交易风格多样化，能承受较强的心理压力，能独立完成大资金账户操作，有稳定盈利交易记 录者优先；4、热衷于金融行业，关注全球金融走势，有交易的最新理念保持一致水准并有较高实操经验人士优先 职位优势: 本职位无工作时间、地点限制,能做网上交易即可，可在家操盘。灵活的晋升体系和广阔的发展空间，可兼职。晋升空间：免费培训—评估—初级操盘手—中级操盘手—高级操盘手—交易经理—交易总监如果您想尝试更回报的行业，体现您的能力，可以投递简历，我们的HR收到您的简历会及时回复联系您。操盘手、交易员的职位可实习，可兼职，工作时间地点随意。不需要外出寻找客户，安心的通过您自主的分析进行交易买卖即可。欢迎有识之士加入公司，共创辉煌。职位联系方式公司名称：北京巨源时代投资管理有限公司公司地址：北京市朝阳区国贸建外soho东区B座806联 系 人： 莫经理  13910170543                                                                           职位联系方式                                                      职位联系方式公司名称：北京巨源时代投资管理有限公司公司地址：北京市朝阳区国贸建外soho东区B座806联 系 人： 莫经理 13910170543') ;
COMMIT;
INSERT INTO "User" ("Name","UserType","CreatedDatetime","UpdatedDatetime","Enabled")
                              VALUES ('516338828253671.htm',4,clock_timestamp(),clock_timestamp(),'t') ;
INSERT INTO "ZhilianUser" ("UserId","NickName","Type","Sex","City" ) VALUES(currval('"hero_reduce"."user_id_seq"'),'516338828253671.htm',0,'null','北京') ; INSERT INTO "JobPosition" ("UserId","Name","Address","Title","Salary","Description")
                          VALUES(currval('"hero_reduce"."user_id_seq"'),'516338828253671.htm','北京','数据分析师','10000-20000','岗位说明：1、负责数据采集，清理，分析，建模，解释，总结，结果展示；2、能准确、及时的完成数据分析日常工作，如：客户分析、投资行为分析、业绩分析等等；3、独自撰写行业及市场分析报告；4、理解业务方向和战略，为业务战略决策、产品方向提供决策支持，竞争分析及建议；任职要求：1、本科及以上学历。2、两年或以上金融行业相关工作经验或两年以上数据分析工作经验；3、有较强的逻辑思维能力、分析能力；4、掌握经济学理论，有较强的信息搜集能力和数据处理能力，以及独立的行情研究和判断能力；5、能独立开展调查研究和专题研究工作，能独立撰写研发；6、有注册金融分析师或其他类似资格者优先。                                                                           职位联系方式                                                       联系方式： 公司名称：普汇大通投资咨询（北京）有限公司 公司地址：北京市朝阳区雅宝路12号华声国际大厦15层 联系电话：010-52877190 公司主页：www.365datong.com                                                          查看职位地图') ;
COMMIT;
INSERT INTO "User" ("Name","UserType","CreatedDatetime","UpdatedDatetime","Enabled")
                              VALUES ('632971627250583.htm',4,clock_timestamp(),clock_timestamp(),'t') ;
INSERT INTO "ZhilianUser" ("UserId","NickName","Type","Sex","City" ) VALUES(currval('"hero_reduce"."user_id_seq"'),'632971627250583.htm',0,'null','北京-朝阳区') ; INSERT INTO "JobPosition" ("UserId","Name","Address","Title","Salary","Description")
                          VALUES(currval('"hero_reduce"."user_id_seq"'),'632971627250583.htm','北京-朝阳区','证券分析/金融研究','4001-6000','【岗位职责】1.热爱金融行业，有励志于长期发展这个行业的意愿；2.投融资项目尽职调查，可行性研究，风险评估和控制；3.负责筛选、编辑制作研究报告；4.对客户进行回访咨询服务工作；5.投融资方案和产品的设计和创新；6.负责对行情的分析及喊单；7.编写专业性文稿；8.宏观经济和行业研究；【任职资格】1、掌握经济学理论，有较强的信息搜集能力和数据处理能力，以及独立的行情研究和判断能力； 2、富有激情，较强的亲和力和感染力、良好的文字和语言表达能力、沟通能力，思维敏捷；3、能独立开展调查研究和专题研究工作，熟悉贵金属产业链，能独立撰写研发；4、熟悉双边市场，至少三年以上股票交易经验或一年以上双边市场交易经验。5、具有较强的行情把握能力和投资分析能力和客户沟通能力； 6、能持续性支持培训潜在客户或现有客户； 7、能够吃苦耐劳，有耐心！对于之前没有交易经验，但对金融交易方面产生浓厚兴趣的人才，公司会提供为期两周的免费带薪培训！大学生公司可提供实习或兼职机会！底薪（5000）+高提成+五险+带薪培训+定期旅游、聚餐+年终奖+终身免费晋升培训，收入上不封顶【福利待遇】1、条件符合者，公司将统一安排专业职业技能培训；2、签订全日制固定期限劳动合同、五险一金、底薪+奖金+补贴+绩效+团队业绩奖励；2、周末双休、法定节假日，圣诞、万圣、Bank Holiday休息3、做五休二、OFFICE作息时间，无需加班；4、正式员工享受带薪培训、带薪年假、定期体检，一年四次旅游，每月多聚餐游5、完善成熟的晋升渠道，专业的职业生涯规划，助你成为金融行业精英所述人员一经录用，公司提供完善的在职培训，并有广阔的个人发展空间。 公司名称：嘉城基业投资咨询(北京)有限公司公司地址：北京市朝阳区朝外大街3号山水广场B座804室(地铁六号线东大桥A口出向西走200米) 联系电话：18513315770 周经理公司主页：www.jiachengjiye.com                                                                           职位联系方式                                                       公司名称：嘉城基业投资咨询(北京)有限公司 公司地址：北京市朝阳区朝外大街3号山水广场B座804室(地铁六号线东大桥A口出向西走200米)  联系电话：18513315770 周经理 公司主页：www.jiachengjiye.com                                                          查看职位地图') ;
COMMIT;
INSERT INTO "User" ("Name","UserType","CreatedDatetime","UpdatedDatetime","Enabled")
                              VALUES ('534306826250589.htm',4,clock_timestamp(),clock_timestamp(),'t') ;
INSERT INTO "ZhilianUser" ("UserId","NickName","Type","Sex","City" ) VALUES(currval('"hero_reduce"."user_id_seq"'),'534306826250589.htm',0,'null','北京-朝阳区') ; INSERT INTO "JobPosition" ("UserId","Name","Address","Title","Salary","Description")
                          VALUES(currval('"hero_reduce"."user_id_seq"'),'534306826250589.htm','北京-朝阳区','证券分析/金融研究','','岗位职责：1、参与公司战略规划及融资业务策略的制定，统筹项目融资管理，确保与公司整体战略相一致； 2、负责拓展并维护公司与银行、信托、证券、基金、保险、第三方财富管理等金融机构、以及同行业相关企业的联系，协调融资渠道关系，促进合作；3、负责规划融资项目，制定融资计划，设计合作模式，参与融资商务谈判；4、组织协调实施融资项目的成本预算，提交资金使用报告，降低资金使用成本；5、根据公司的投资、并购项目需求，利用多种融资工具进行融资，并办理融资手续等工作。 任职要求：1 、统招本科及以上学历，金融、财务、经济、投资相关专业，条件特别优秀的学历可放宽至专科；2 、五年以上金融、投融资或房地产行业工作经验，三年以上融资相关岗位经验；3 、具有丰富的融资渠道和业内广泛的人际关系，有地产基金公司或项目融资经验，全盘操作过地产公司的融资策划、实施、跟踪，有较大规模成功融资经验的优先；4 、具有财务、金融及企业融资业务知识，对企业投融资战略、兼并收购、资产重组、产业整合、公司上市等方面有一定的理解，熟悉投融资和资金管理流程；5 、具备强烈的工作责任心，较强的商务谈判能力和报告撰写能力，对项目财务营运分析、成本控制及成本核算能力强；能独立撰写投融资方案和主持项目投融资项目的调研、分析、方案的制定等工作，具备独立开发投融资项目的能力；能完成投融资工作的后续监控、分析、评估、管理，定期出具投融资效益分析报告。联系方式公司名称：世纪爱晚(海南)实业发展有限公司公司地址：北京市朝阳区永安东里16号1902  1507传真：公司主页：www.sjaw.com.cn联系人  ：赵小姐电话    ：010-81030521                                                                            职位联系方式                                                      公司名称：中融爱晚(北京)投资基金管理有限公司公司地址：北京市朝阳区永安东里16号1902  1507 传真：公司主页：www.sjaw.com.cn                                                          查看职位地图') ;
COMMIT;
INSERT INTO "User" ("Name","UserType","CreatedDatetime","UpdatedDatetime","Enabled")
                              VALUES ('688547724250042.htm',4,clock_timestamp(),clock_timestamp(),'t') ;
INSERT INTO "ZhilianUser" ("UserId","NickName","Type","Sex","City" ) VALUES(currval('"hero_reduce"."user_id_seq"'),'688547724250042.htm',0,'null','北京-朝阳区') ; INSERT INTO "JobPosition" ("UserId","Name","Address","Title","Salary","Description")
                          VALUES(currval('"hero_reduce"."user_id_seq"'),'688547724250042.htm','北京-朝阳区','股票/期货操盘手','10001-15000','龙腾万泰是一家专注于为企业、机构、VIP客户提供理财投资服务的公司，为国内投资者提供金融讲座和投资咨询的企业。也是具有国家人力资源部和社会保障部联合授权《国家贵金属交易师》北京市招生培训资质的投资管理公司。 岗位描述： 1、热爱交易、对金融经济知识感兴趣,对金融市场有浓厚的兴趣，立志在金融领域长期发展并有一翻建树的有志之士。  2、具有良好的学习能力与团队精神，果断、自信、接受新鲜事物能力强。  3、敢于挑战自我，勇于凭自己的努力和本领获得高收益。 4、无论你之前从事什么行业、学历如何，在这个行业里只要你敢于挑战自我，勇于探索并发现自己的潜力，高收益不是梦想。 5、理想的工作环境且公司内部气氛融洽，有灵活的晋升体系和广阔的前景。 6、提供免费的专业岗前培训，为您提供绝佳的职业发展机会。 任职资格： 1、年龄20～50之间、性别不限  2、中专以上学历（包括中专学历）,培训期间有大量的空余时间，对金融知识感兴趣；  3、有很强的执行力和自制力，日常生活作息规律；  4、有较强的学习能力，对于新知识有较强的接受能力；  5、心理稳定，耐心细致，有责任心，具有保密意识； 6、对于基础薄弱或无经验者有专业的入职培训。（有交易经验者可直接联系面谈。 薪资待遇： 初级交易员：5500底薪 + 提成20% + 节假日福利 + 年终奖 中级交易员：10000底薪 + 提成30% + 五险一金 + 节假日福利 + 年终奖+五险一金 高级交易员：15000底薪 + 提成40% + 五险一金 + 节假日福利 + 年终奖+五险一金 （注 无需交易员外出寻找客户，只需操作公司账户即可） 你的人生起点并不重要，重要的是你最终抵达了哪里！                                                                           职位联系方式                                                       职位联系方式  公司名称：龙腾万泰(北京)国际资产管理有限公司公司地址：北京市朝阳区农展馆南路13号 联系人：吴先生电话：15321214843/18001398403') ;
COMMIT;
INSERT INTO "User" ("Name","UserType","CreatedDatetime","UpdatedDatetime","Enabled")
                              VALUES ('135038057250582.htm',4,clock_timestamp(),clock_timestamp(),'t') ;
INSERT INTO "ZhilianUser" ("UserId","NickName","Type","Sex","City" ) VALUES(currval('"hero_reduce"."user_id_seq"'),'135038057250582.htm',0,'null','北京-朝阳区') ; INSERT INTO "JobPosition" ("UserId","Name","Address","Title","Salary","Description")
                          VALUES(currval('"hero_reduce"."user_id_seq"'),'135038057250582.htm','北京-朝阳区','证券分析/金融研究','6001-8000','致求职者的话： 首先要恭喜您在打开此页面的同时，您内心的睿智选择已经引领您向金融领域中的高收入职业迈出了幸运并且前景无限的第一步。如果您有意加入到我们操盘手的交易团队当中，公司的交易团队和讲师会引导您坚实而踏实的走好日后职业发展的每一步。请您在相信您自己内心选择的基础上相信公司的团队，认真努力的和我们一路走下去，未来三到五年内在北京相对中心的位置拥有一套属于自己的安身立命之所，绝不是太难的事情。相信您自己的选择，更要相信您自身的能力，加入到我们阳光的交易团队当中，为您今后梦想与人生的启航做好坚实的经济铺垫。   乔治.索罗斯说：“你可以生于贫穷，但绝不能死于贫穷”祝贺所有关心金融市场的投资者，因为你们拥有一个不同于过去的投资时代！   工作内容1.接受公司培训（带薪）。（有经验者可不接受培训，详情面谈。）2.部分初级交易员需要参加交易员晋级培训。每月一次。3.高执行力：关注每次交易系统给出的进场，出场信号，并按照信号指示进行建仓，平仓操作。（交易系统会在培训期间给予指导。）4、严格执行公司各项制度，，并定期整理交易数据，向上级领导账户分析结果；5、按照部门主管的要求进行技术和基本面规律的分析，进行数据的搜集或整理；6、配合其他部门有关工作；7、遵守公司的各项管理制度，承办领导交办的其他工作。素质要求：1、大专以上学历,金融专业优先，培训期间有大量的空余时间；2、热爱交易、对金融经济知识感兴趣；3、有很强的执行力，自制力强；日常生活有规律、有计划；4、有较强的学习能力，新知识的接受能力；5、抗压能力；6、耐心细致，有责任心，具有保密意识；7、对于基础薄弱或者无经验者有专业的入职培训。8、公司提供良好的晋升机制：薪资待遇： 初级薪资待遇：5000底薪 +  提成20%--40%  +  五险一金 + 节假日福利 + 季度奖  月薪可达7000元以上中级薪资待遇：10000底薪 + 提成20%--40% +  五险一金 +  节假日福利 + 季度奖   月薪可达15000元以上高级薪资待遇：15000底薪 + 提成20%--40% +  五险一金 +  节假日福利 + 季度奖   月薪达2-3万元以上 职位要求：年龄：20岁-50岁之间。学历：大专以上（包括大专），有交易经验者面谈。其它素质： 1.对于金融行业有极高的兴趣。2.性格沉稳，情绪不易产生较大波动。3.有极强的时间观念。（交易员的工作性质对于时间和空间上没有要求，相对自由，需要自我约束。）4.对资金流动有较强的驾驭能力。5.能够尽量客观的看待事物的发展。 面试要求： 不提供视频或者电话面试，只能到北京参加一对一面试，无复试，无笔试，不能来北京者请勿投递，面试通过后培训可做延期。实习员工： 前期培训期视为实习，实习期满可成为公司正式员工，可开实习证明，培训期为连续十个工作日，周末双休，每日培训时间：早晨9:30至下午3:30。公司在培训期提供每日餐补及路费补助，并在第一个月的薪资里统一发放。其他福利：五险一金 季度奖+年终奖  带薪免费旅游   公司对于没有交易经验，却对金融衍生品操作有兴趣者，提供正规统一的免费培训。有专业的交易团队手把手带你走进交易市场。我们的交易团队有绝对的信心让你在培训期后，有属于自己的交易系统与理念，让你找到自己在交易市场的立足点。成为我公司的优秀员工，对于成绩优秀学员公司提供交易账户帮助学员完成自我晋升。希望对金融行业有兴趣的应聘者积极与我们联系，了解公司情况，招聘情况及与工作相关的问题。公司承诺将对每位学员认真负责，最大限度发掘每一位学员的交易潜力。      联系电话：010-57349909  15811512051公司地址：北京市朝阳区时间国际大厦A座2601室公司名称：深圳市龙阳商务咨询有限公司北京第一分公司                                                                           职位联系方式                                                        人事经理：陈经理公司网址：http://www.bj-lyjt.com 联系电话：010-57349909  13366412049公司地址：北京市朝阳区时间国际大厦A座2601室公司名称：深圳市龙阳商务咨询有限公司北京第一分公司  各求职者请注意可把简历发至公司                                                           查看职位地图') ;
COMMIT;
INSERT INTO "User" ("Name","UserType","CreatedDatetime","UpdatedDatetime","Enabled")
                              VALUES ('553909420261263.htm',4,clock_timestamp(),clock_timestamp(),'t') ;
INSERT INTO "ZhilianUser" ("UserId","NickName","Type","Sex","City" ) VALUES(currval('"hero_reduce"."user_id_seq"'),'553909420261263.htm',0,'null','北京-朝阳区') ; INSERT INTO "JobPosition" ("UserId","Name","Address","Title","Salary","Description")
                          VALUES(currval('"hero_reduce"."user_id_seq"'),'553909420261263.htm','北京-朝阳区','证券分析/金融研究','8001-10000','乔治.索罗斯说:“你可以生于贫穷,但绝不能死于贫穷”基于其本人当初明智的职业选择，完成了他的财富梦想！也正是因为其1992年对英镑的一笔狙击，获利30多亿美金，一跃成为当年华尔街首富！这就是操盘手创造的财富传奇！其实操盘手的工作很简单！！！一台接入互联网的电脑，一张书桌，一把椅子！设想一下这样的场景：1、 任何时候，当你有想赚钱的想法时；2、 打开电脑，确认互联网接入服务正常；3、 打开交易程序，进入交易平台界面；4、 交易；5、 “捡钱”，放进口袋！怎么样，是不是很简单？没错，赚钱就这么容易！这就是操盘手职业的魅力所在！因公司规模扩大，现招聘培养操盘手：职位要求：热爱金融行业，有财富自由、财务自主的愿望。积极乐观、诚实自信。面试通过者接受免费统一的专业培训和导师一对一的针对指导。薪酬待遇: 初级操盘手：基本工资5500元 + 岗位补贴 + 提成 + 年终奖 中级操盘手：基本工资10000元 + 岗位补贴 + 提成 + 年终奖 + 五险一金 高级操盘手：基本工资15000元 + 岗位补贴 + 提成 + 年终奖 + 五险一金 .职位描述：一、初级操盘手1、无风险操作公司提供的资金帐户2、把握市场机会，及时交易，确保账户达到稳定盈利，尽可能的达到利益最大化。二、中级操盘手1、无风险操作公司提供的资金帐户2、有很强的分析能力，擅长并酷爱交易工作。3、具有丰富的市场分析能力，做出每日交易计划，熟练掌握各种分析工具。4、把握市场机会，及时交易，确保账户达到稳定盈利，尽可能的达到利益最大化。成为业内精英人才.三、高级操盘手1、负责公司指定大资金账户的无风险操作。2、有很强的数据运算能力及宏观经济数据分析能力。 3、交易风格多样化，能承受较强的心理压力，能独立完成大资金账户操作，有稳定盈利交易记 录者优先；4、热衷于金融行业，关注全球金融走势，有交易的最新理念保持一致水准并有较高实操经验人士优先 职位优势: 本职位无工作时间、地点限制,能做网上交易即可，可在家操盘。灵活的晋升体系和广阔的发展空间，可兼职。晋升空间：免费培训—评估—初级操盘手—中级操盘手—高级操盘手—交易经理—交易总监如果您想尝试更回报的行业，体现您的能力，可以投递简历，我们的HR收到您的简历会及时回复联系您。操盘手、交易员的职位可实习，可兼职，工作时间地点随意。不需要外出寻找客户，安心的通过您自主的分析进行交易买卖即可。欢迎有识之士加入公司，共创辉煌。职位联系方式公司名称：北京巨源时代投资管理有限公司公司地址：北京市朝阳区国贸建外soho东区B座806联 系 人： 莫经理  13910170543                                                                           职位联系方式                                                      职位联系方式公司名称：北京巨源时代投资管理有限公司公司地址：北京市朝阳区国贸建外soho东区B座806联 系 人： 莫经理 13910170543') ;
COMMIT;
INSERT INTO "User" ("Name","UserType","CreatedDatetime","UpdatedDatetime","Enabled")
                              VALUES ('253304317252172.htm',4,clock_timestamp(),clock_timestamp(),'t') ;
INSERT INTO "ZhilianUser" ("UserId","NickName","Type","Sex","City" ) VALUES(currval('"hero_reduce"."user_id_seq"'),'253304317252172.htm',0,'null','北京-朝阳区') ; INSERT INTO "JobPosition" ("UserId","Name","Address","Title","Salary","Description")
                          VALUES(currval('"hero_reduce"."user_id_seq"'),'253304317252172.htm','北京-朝阳区','证券分析/金融研究','6001-8000','高端理财专员，亦称金融理财规划师（或理财顾问）是为客户进行理财规划的专业人员，是客户的“私人理财顾问”，是客户的“理财经纪人”。高端理财专员应以客户的利益为出发点，帮助客户进行产品选择，产品组合和资产配置，达到帮客户“赚钱”和回避风险的目的。高端理财专员需要具备丰富的金融理财实践经验，具备投资理财实际操作能力，必须在为客户理财的过程中，为客户创造价值，也就是必须具备帮助客户“赚钱”的能力。高端理财专员不仅要具备一定金融或财务相关专业知识，还要具备极强的与人沟通能力，不断的学习能力，开拓能力、市场营销能力等等，所以此职业极具挑战性，需要复合型人才。 高端理财专员属于顾问型销售职业，是站在金字塔尖的一群销售人员。他们备受尊重，收入甚高，因为他们以”顾问”的身份出现，遵循以客户需求为导向的顾问式行销服务，根据客户的需求，提供个性化理财策划方案。他们拥有客户的尊重，对手的尊重，自由的时间，快乐的心境。【工作职责】 1、服务于公司VIP客户及京城高价值个人客户，为高价值个人客户提供全方面金融理财服务； 2、通过与客户沟通，了解客户在家庭财务方面存在的问题以及理财方面的需求； 3、根据客户的资产规模、生活目标、预期收益目标和风险承受能力进行需求分析，出具专业的理财计划方案，推荐合适的理财产品； 4、通过调整存款、股票、债券、基金、保险等各种金融产品的理财产品比重达到资产的合理配置，使客户的资产在安全、稳健的基础上保值升值； 5、协助客户开立帐户及一系列后期服务； 6、定期与客户联系，报告理财产品的收益情况，向客户介绍新的金融服务、理财产品及金融市场动向，维护良好的信任关系。【职位要求】1、24岁以上，本科以上学历（海归优先）,专业不限 受过市场营销、产品知识等方面的培训。 2、具有极强的中高端客户市场开拓能力以及良好的客户沟通能力，关系管理能力及优秀的谈判技巧；3、有地区销售网络和销售关系。4、坦诚自信，乐观进取，高度的工作热情； 5、有良好的团队合作精神，有敬业精神； 6、具有独立的分析和解决问题的能力； 7、良好的沟通技巧和说服能力，能承受较大的工作压力。 薪酬： 上不封顶有竞争力的国际惯例薪酬待遇及晋升机制，成长空间巨大，是我们的绝对优势。 (薪酬：底薪 + 产品佣金 + 津贴补助 + 季度奖 + 年终奖 + 公司各项福利 + 商业保险)【优势】 1、 公司提供完善优厚有竞争力的薪酬福利，多元化的收入来源(多达三十项)，上不封顶。目前我公司理财人员年薪普遍在10万至30万，高级金融理财师和营销主管年薪已达到100万以上！ 2、一经录用，公司提供高端客户资源，并配备专职理财助理负责联系约访客户，提供终身免费理财培训平台，享受国际惯例公平竞争晋升机遇！3、专业培训：中国平安引进国际领先的理财顾问教育课程（PAPPM）平安金融学院所设立的各种课程让平安理财顾问的到全方位的提升，造就新一代的金融理财师。4、福利保障：考虑到人才发展的长远性，本理财顾问创业计划在福利保障方面为您想到更多，基本医疗、意外保险、养老公积金，长期服务奖等使员工能够发展于平安，留存于平安。【金融理财行业简介】： 　　在美国，一个成功的人背后一定要站有三个人：私人医生、律师和理财规划师。医生用来保命，律师用来规范行为和保护个人权力，理财规划师用来打理自己的资产，这三人缺一不可，这三个职位都属于高收入职位，而理财规划师的收入又高于私人医生和律师，因此，理财规划师在全世界被称谓“第一职位”。 理财行业在金融产业中就像一个接线板，它一头连接着客户，一头则连接着各种金融机构和金融产品。它起着一个桥梁纽带的作用。然而在现实工作中，由于我国金融理财业才刚刚起步，各项环节还没有完全理顺，导致理财顾问在工作中至少还面临产品、渠道、服务三方面的挑战。现在银行、证券公司、基金公司和各家保险公司都叫理财，都在招募理财规划师或理财顾问，但因各公司涉及产品的单一性，不能实现真正意义上的理财，因为证券公司、基金公司只能为客户提供股票和基金产品，关注的是客户资产的投资升值部分，应该叫投资顾问；而银行的功能是储蓄，或代售基金代售银行保险，应该叫客户经理；而各家保险公司也只能卖人寿保单，关注的是客户家庭风险规划，应该叫风险规划师更适合一些。                                                                           职位联系方式                                                       公司地址： 北京市朝阳区新源里南路1-3号：平安国际金融中心B座五层505室（东三环燕莎桥西昆仑饭店对面） 联系人：刘女士 010-52897833  15201387707  因应聘人员较多，请直接通过智联投递简历或者发送个人简历至公司，我公司收到您的简历后会尽快阅评，如符合我公司用人条件，我们采用邮件、短信、电话形式通知您面试时间，请注意查收邮件，并按通知时间着正装带简历、学历复印件准时参加面试') ;
COMMIT;
INSERT INTO "User" ("Name","UserType","CreatedDatetime","UpdatedDatetime","Enabled")
                              VALUES ('663606924250854.htm',4,clock_timestamp(),clock_timestamp(),'t') ;
INSERT INTO "ZhilianUser" ("UserId","NickName","Type","Sex","City" ) VALUES(currval('"hero_reduce"."user_id_seq"'),'663606924250854.htm',0,'null','北京-朝阳区') ; INSERT INTO "JobPosition" ("UserId","Name","Address","Title","Salary","Description")
                          VALUES(currval('"hero_reduce"."user_id_seq"'),'663606924250854.htm','北京-朝阳区','证券分析/金融研究','4001-6000','(投递简历前，请确定您近期可以参加本公司面试，投递简历后经过筛选会有工作人员给您电话预约面试，请将电话保持开机状态)     金融市场是一个高挑战的行业，也是众所周知的高收入行业，最终资金的曲线，能否盈利，足以证明你的成就和能力。我们不看重与交易无关的因素。我们需要的是专业人才，或正在努力成为专业人才的人。如果你是，请联系我们，相信我们不会令你失望。    【岗位描述】 1、热爱金融行业，有强烈的意愿进入金融投资领域，渴望成为金融职场中的精英。 2、具有良好的自我学习能力与团队合作精神。 3、具有良好的职业操守，有强烈的责任感。 4、无论你之前从事什么行业、学历如何，在这个行业里只要你敢于挑战自我，勇于探索并发现自己的潜力，高收益不是梦想。 5、公司内部气氛融洽，共同发展，有灵活的晋体系和广阔的前景。 6、提供免费的专业岗前培训，为您提供广阔的职业发展机会。  【岗位职责】 1、负责公司指定客户账户或配资账户的资金运作。 2、 配合培训讲师完成新入公司员工的实盘交易辅导。 3、业不限，经济类、理工类专业优先。 4、人品端正，谦虚好学，自信果敢。 5、有很强的数据运算能力及宏观经济数据分析能力。 6、公司提供完善的免费提高培训。     底薪（3000）+高提成+五险+带薪培训+定期旅游、聚餐+年终奖+终身免费晋升培训，收入上不封顶  【福利待遇】 1、条件符合者，公司将统一安排专业职业技能培训； 2、签订全日制固定期限劳动合同、五险一金、底薪+奖金+补贴+绩效+团队业绩奖励；周末双休、法定节假日，圣诞、万圣、Bank Holiday休息 3、做五休二、OFFICE作息时间，无需加班； 4、正式员工享受带薪培训、带薪年假、定期体检，一年四次旅游，每月多聚餐游 5、完善成熟的晋升渠道，专业的职业生涯规划，助你成为金融行业精英     工作时间：朝九晚五  周一到周五   让我们一起成长，嘉城基业欢迎您的加入！！！                                                                                职位联系方式                                                       公司名称：嘉城基业投资咨询(北京)有限公司公司地址：北京市朝阳区朝外大街3号山水广场B座804室(地铁六号线东大桥A口出向西走200米) 联系人：张经理 公司主页：www.jiachengjiye.com                                                          查看职位地图') ;
COMMIT;
INSERT INTO "User" ("Name","UserType","CreatedDatetime","UpdatedDatetime","Enabled")
                              VALUES ('550045322251735.htm',4,clock_timestamp(),clock_timestamp(),'t') ;
INSERT INTO "ZhilianUser" ("UserId","NickName","Type","Sex","City" ) VALUES(currval('"hero_reduce"."user_id_seq"'),'550045322251735.htm',0,'null','北京') ; INSERT INTO "JobPosition" ("UserId","Name","Address","Title","Salary","Description")
                          VALUES(currval('"hero_reduce"."user_id_seq"'),'550045322251735.htm','北京','销售代表','4001-6000','龙阳集团北京分公司（诚聘，不产生任何费用）对于没有工作经验的人员提供免费全面的交易培训课程，培训后由交易团队带领锻炼交易及分析能力。职位要求：1.对于金融行业有极高的兴趣。2.性格沉稳，情绪不易产生较大波动。3.有极强的时间观念。（交易员的工作性质对于时间和空间上没有要求，相对自由，需要自我约束。）4.对资金流动有较强的驾驭能力。5.能够尽量客观的看待事物的发展。工作内容：1.接受公司培训。（有经验者可不接受培训，详情面谈。带薪培训）2.部分初级交易员需要参加交易员晋级培训。每月一次。3.盯盘频率：至少每15分钟一次。每日交易时间至少6小时。4.高执行力：关注每次交易系统给出的进场，出场信号，并按照信号指示进行建仓，平仓操作。（交易系统会在培训期间给予指导。）5.交易报告：报告时间，每星期一。交易员需要在每个星期一上交一份交易报告，对上星期的盈利，亏损情况做错总结。如有大额（20%以上）的盈利或亏损，需要与其所在交易团队经理进行面谈。6.亏损总结：总结时间，每星期一次，要与交易报告一同上交。总结内容：对上星期所有亏损的交易作出客观总结。如因交易系统漏洞亏损为正常。如因个人情绪不稳定导致亏损，需要与其所在交易部经理进行面谈。相关待遇：薪资待遇:初级操盘手：待遇 : 5000 底薪 + 提成20% + 节假日福利 + 年终奖 月薪可达7000元以上 中级操盘手：待遇 : 10000 底薪 + 提成30%+ 节假日福利 + 年终奖 + 五险一金 月薪可达到1.2-1.8万元以上高级操盘手：待遇：15000底薪 + 提成40% + 节假日福利 + 年终奖 + 五险一金 月薪可达到2-3万元公司福利：保险，公积金，年终奖，奖金提成，全勤奖，节日福利，双休，8小时工作制，带薪年假，公费培训，通讯补贴，交通补贴，公费旅游 注：公司承诺不收取任何费用，被正式录用的员工补发培训期间相关费用。公司主页：WWW.BJ-LYJT.COM公司地址：北京市朝阳区曙光西里甲6号时间国际A座2601室乘车路线：地铁10号线三元桥站A口或D口；          公交 985,984,671,641,467,596,601,847,367,718,18,536，运通104,419,132                       静安庄站人事主管：朱经理联系电话：010-57235717（对职位有疑问或有兴趣者，请积极与HR联系）                                                                           职位联系方式                                                      公司地点：北京市朝阳区曙光西里甲6号时间国际A座2601室联系电话：010-57235717                                                          查看职位地图') ;
COMMIT;
INSERT INTO "User" ("Name","UserType","CreatedDatetime","UpdatedDatetime","Enabled")
                              VALUES ('663606924250855.htm',4,clock_timestamp(),clock_timestamp(),'t') ;
INSERT INTO "ZhilianUser" ("UserId","NickName","Type","Sex","City" ) VALUES(currval('"hero_reduce"."user_id_seq"'),'663606924250855.htm',0,'null','北京-朝阳区') ; INSERT INTO "JobPosition" ("UserId","Name","Address","Title","Salary","Description")
                          VALUES(currval('"hero_reduce"."user_id_seq"'),'663606924250855.htm','北京-朝阳区','股票/期货操盘手','10001-15000','(投递简历前，请确定您近期可以参加本公司面试，投递简历后经过筛选会有工作人员给您电话预约面试，请将电话保持开机状态)      操盘———其实是一件非常具有艺术性的工作，因为金融市场并不存在诸如物理与数学之类的真理，交易的艺术成分远远超过科学。由于动辄就要操纵上亿元的资金，一直以来，外界总有一种误解：成功的交易员都是那些拥有高学位的名牌大学高材生，交易者必须绞尽脑汁才能获利。其实，操盘绝不是学术研究。 跟一般人想象的不同，交易员每天的生活既不紧张也不神秘，更多的是需要细心。当然压力也很大，因为委托方不仅要求达到每个项目的利润最大化，还要求做到每个阶段利润的最大化。 【岗位职责】 （初级交易员）1.接受免费统一的学习培训和模拟训练；2.成绩优秀的学员将逐步晋升为中级、高级交易员；3.级别越高，机会越多，收入越高。4 谦虚好学，积极进取，严格遵守公司规章制度及课程安排。 （中级交易员）1.有强烈的以交易为生，希望成为交易高手的意愿；2.可承受较大心理压力，有很强的自控能力；3.对公司资金高度负责，严格执行风险控制；4.以稳定盈利为最高目标。5.热衷于金融行业的有经验人士，有意与国际经济及货币交易的最新理念保持一致 水准，并关注全球外汇实时走势。 （高级交易员）1.负责公司指定客户账户或配资账户的资金运作。3.配合培训讲师完成新入司员工的实盘交易辅导。4.确保账户达到稳定盈利。5.熟悉双边市场，至少一年以上双边市场交易经验。6 具有自信、冷静、理智、果断、坚定、胆识及高度责任感等交易员所必备品质。  【薪资待遇】 （初级交易员）：5000底薪+ 提成(50%) +节假日福利+年终奖月薪可达8000元以上 （中级交易员）：10000底薪+提成(50%)+节假日福利+年终奖+五险一金月薪可达到1万5元以上 （高级交易员）：15000底薪+提成(50%)+节假日福利+年终奖+五险一金月薪可达到2-3万元 【福利待遇】1、条件符合者，公司将统一安排专业职业技能培训；2、签订全日制固定期限劳动合同、五险一金、底薪+奖金+补贴+绩效+团队业绩奖励；2、周末双休、法定节假日，圣诞、万圣、Bank Holiday休息3、做五休二、OFFICE作息时间，无需加班；4、正式员工享受带薪培训、带薪年假、定期体检，一年四次旅游，每月多聚餐5、完善成熟的晋升渠道，专业的职业生涯规划，助你成为金融行业精英       对于没有交易经验，却对金融衍生品操作职位有兴趣者，公司提供免费培训。有专业的交易团队手把手带你走进交易市场。   工作时间：朝九晚五  周一到周五 让我们一起成长，嘉城基业欢迎您的加入！！！                                                                             职位联系方式                                                       公司名称：嘉城基业投资咨询(北京)有限公司公司地址：北京市朝阳区朝外大街3号山水广场B座804室(地铁六号线东大桥A口出向西走200米) 联系人：张经理 联系电话：13366799904  公司主页：www.jiachengjiye.com                                                          查看职位地图') ;
COMMIT;
INSERT INTO "User" ("Name","UserType","CreatedDatetime","UpdatedDatetime","Enabled")
                              VALUES ('553909420261264.htm',4,clock_timestamp(),clock_timestamp(),'t') ;
INSERT INTO "ZhilianUser" ("UserId","NickName","Type","Sex","City" ) VALUES(currval('"hero_reduce"."user_id_seq"'),'553909420261264.htm',0,'null','北京-朝阳区') ; INSERT INTO "JobPosition" ("UserId","Name","Address","Title","Salary","Description")
                          VALUES(currval('"hero_reduce"."user_id_seq"'),'553909420261264.htm','北京-朝阳区','证券分析/金融研究','10001-15000','岗位要求： 一、初级交易员： 1.接受免费统一的专业学习培训和模拟训练。 2.成绩优秀的交易员将逐步晋升为中级、高级交易员。3.认同公司的发展理念， 愿意与公司共同拓展业务。4.具有很强的工作责任心和团队合作精神。岗位待遇：5500 底薪 + 提成20% + 节假日福利 + 年终奖 二、中级交易员： 1.可承受较大心里压力，有很强的自我调控能力，纪律严格。 2.对公司资高度负责，严格执行安全控制。 3.以持续稳定盈利为最高目标，成为业内精英人才。4.热衷于金融行业的有经验人士，有意与国际经济及货币交易的最新理念保持一致水准，并关注全球外汇实时走势。5.敢于迎接挑战，能独立承受压力、完成公司交赋的工作任务。 6.有很强的分析能力，擅长并酷爱交易工作。 7.具有自信、冷静、理智、果断、坚定、胆识等交易员所要求具备的各项品质。 岗位待遇：10000 底薪 + 提成20% + 节假日福利 + 年终奖 + 五险一金三、高级交易员： 1.负责公司指定客户账户或配资账户的资金运作。 2.具有丰富的市场分析能力，做出每日交易计划，熟练掌握各种分析工具。3.配合培训讲师完成新入公司员工的实盘交易辅导。 4.把握市场机会，及时交易，确保账户达到持续稳定盈利，尽可能的达到利益最大化。 5.专业不限，经济类，理工类专业优先。 6.人品端正，谦虚好学，自信果敢。 7.有很强的数据运算能力及宏观经济数据分析能力。 8.熟悉双边市场，至少三年以上股票交易经验或两年以上双边市场交易经验。 9.公司提供完善的免费提高培训。 岗位待遇：15000 底薪 + 提成20% + 节假日福利 + 年终奖 + 五险一金注： 交易员只操作公司账户，不需外出寻找客户！ 业绩考核：1.是否依照计划目标将任务完成，使其质量达到要求的标准； 2.任务完成的过程或结果是否正确，是否达到标准的要求。 能力考核 1.业务所需要的业务知识、相关知识的掌握程度； 2.是否熟练掌握本岗位技能； 3.在执行任务时，是否能从容应对出现的变化。 态度考核 1.能自觉地尽职尽责的工作，能自始至终的表现出负责的态度；2.在职权范围内，能进行自我管理，能自主、自立、自信地处理业务。北京巨源时代投资管理有限公司（JUYUAN era Investment Management Co., Ltd.）创立于2010年,作为国内的新锐资本机构，巨源投资坐拥北京CBD核心区，公司团队由来自海外或有多年金融投资经验的专业精英组成，巨源投资立志缔造企业品牌价值，以客户服务为主导。为员工、客户及投资者创富增值。公司诚邀您加入我们的团队，创造财富不是梦想。考核内容：初级交易员连续稳定盈利3个月晋升中级交易员 中级交易员连续稳定盈利3个月晋升高级交易                                                                           职位联系方式                                                      公司名称：巨源时代投资管理有限公司 联系人  ：张经理 电话    ：18611860837') ;
COMMIT;
INSERT INTO "User" ("Name","UserType","CreatedDatetime","UpdatedDatetime","Enabled")
                              VALUES ('369050315252615.htm',4,clock_timestamp(),clock_timestamp(),'t') ;
INSERT INTO "ZhilianUser" ("UserId","NickName","Type","Sex","City" ) VALUES(currval('"hero_reduce"."user_id_seq"'),'369050315252615.htm',0,'null','北京-朝阳区') ; INSERT INTO "JobPosition" ("UserId","Name","Address","Title","Salary","Description")
                          VALUES(currval('"hero_reduce"."user_id_seq"'),'369050315252615.htm','北京-朝阳区','股票/期货操盘手','5000-15000','龙阳集团 北京投资第一分公司   因公司发展要求，现招聘培养交易员、操盘手     任职要求： 1、热爱金融行业有意在金融交易行业崭露头角，有远大抱负，想成为优秀的交易员。2、品格端正，具备执行力强、勇敢、果断、冷静等特点。3、公司氛围融洽，自由的岗位，轻松的挣钱，团结一心，共同发展，且有灵活的晋升体系和广阔的前景。 工作内容：工作自由:全球24小时均可交易，工作时间和地点自己选择。 工作职责:耐心等待属于自己的交易信号，严格按照交易流程执行操作。    1、资金均由公司提供，不需承担风险。 录用人员，公司将统一、全面的给予员工提供免费的、专业的、系统的岗前带薪培训，培训时间（9：30--16:00）周六、日休息。2、公司将全资提供资金支持，交易员所使用交易账户也是公司提供。 注：龙阳集团公司 郑重声明:面试不收取任何费用。正式入职后，培训补助计入首月工资。   薪资待遇：一、初级：底薪5000  + 五险一金+20%提成+福利（收入一般在6000-7000）二、中级：底薪10000 + 五险一金+30%提成+福利（收入一般在12000-15000）三、高级：底薪15000 + 五险一金+40%提成+福利（收入一般在18000-20000） 提成方案： 底薪 + 提成+福利，无封顶。想了解公司更多信息，请与我们HR联系或将您的简历投递到网站，公司期待您的加入。     职位联系方式：公司名称：深圳市龙阳商务咨询有限公司北京第一分公司公司地址：北京市朝阳区三元桥时间国际A座2601室（三元桥10号线地铁直达D口出）联系经理：金经理联系电话：010-57283204 18210662298联系QQ:114342060公司网站：www.bj-lyjt.com简历邮箱：kimhr@bj-lyjt.com                                                                           职位联系方式                                                      职位联系方式：公司名称：深圳市龙阳商务咨询有限公司北京第一分公司公司地址：北京市朝阳区三元桥时间国际A座2601室（三元桥10号线地铁直达D口出）联系经理：金经理联系电话：010-57283204 18210662298联系QQ:114342060公司网站：www.bj-lyjt.com简历                                                          查看职位地图') ;
COMMIT;
INSERT INTO "User" ("Name","UserType","CreatedDatetime","UpdatedDatetime","Enabled")
                              VALUES ('253304317252175.htm',4,clock_timestamp(),clock_timestamp(),'t') ;
INSERT INTO "ZhilianUser" ("UserId","NickName","Type","Sex","City" ) VALUES(currval('"hero_reduce"."user_id_seq"'),'253304317252175.htm',0,'null','北京-朝阳区') ; INSERT INTO "JobPosition" ("UserId","Name","Address","Title","Salary","Description")
                          VALUES(currval('"hero_reduce"."user_id_seq"'),'253304317252175.htm','北京-朝阳区','证券分析/金融研究','6001-8000','高端理财专员，亦称金融理财规划师（或理财顾问）是为客户进行理财规划的专业人员，是客户的“私人理财顾问”，是客户的“理财经纪人”。高端理财专员应以客户的利益为出发点，帮助客户进行产品选择，产品组合和资产配置，达到帮客户“赚钱”和回避风险的目的。高端理财专员需要具备丰富的金融理财实践经验，具备投资理财实际操作能力，必须在为客户理财的过程中，为客户创造价值，也就是必须具备帮助客户“赚钱”的能力。高端理财专员不仅要具备一定金融或财务相关专业知识，还要具备极强的与人沟通能力，不断的学习能力，开拓能力、市场营销能力等等，所以此职业极具挑战性，需要复合型人才。高端理财专员属于顾问型销售职业，是站在金字塔尖的一群销售人员。他们备受尊重，收入甚高，因为他们以”顾问”的身份出现，遵循以客户需求为导向的顾问式行销服务，根据客户的需求，提供个性化理财策划方案。他们拥有客户的尊重，对手的尊重，自由的时间，快乐的心境。【工作职责】 1、服务于公司VIP客户及京城高价值个人客户，为高价值个人客户提供全方面金融理财服务； 2、通过与客户沟通，了解客户在家庭财务方面存在的问题以及理财方面的需求； 3、根据客户的资产规模、生活目标、预期收益目标和风险承受能力进行需求分析，出具专业的理财计划方案，推荐合适的理财产品； 4、通过调整存款、股票、债券、基金、保险等各种金融产品的理财产品比重达到资产的合理配置，使客户的资产在安全、稳健的基础上保值升值； 5、协助客户开立帐户及一系列后期服务； 6、定期与客户联系，报告理财产品的收益情况，向客户介绍新的金融服务、理财产品及金融市场动向，维护良好的信任关系。【职位要求】1、24岁以上，本科以上学历（海归优先）,专业不限 受过市场营销、产品知识等方面的培训。 2、具有极强的中高端客户市场开拓能力以及良好的客户沟通能力，关系管理能力及优秀的谈判技巧；3、有地区销售网络和销售关系。4、坦诚自信，乐观进取，高度的工作热情； 5、有良好的团队合作精神，有敬业精神； 6、具有独立的分析和解决问题的能力； 7、良好的沟通技巧和说服能力，能承受较大的工作压力。 薪酬： 上不封顶有竞争力的国际惯例薪酬待遇及晋升机制，成长空间巨大，是我们的绝对优势。 (薪酬：底薪 + 产品佣金 + 津贴补助 + 季度奖 + 年终奖 + 公司各项福利 + 商业保险)【优势】 1、 公司提供完善优厚有竞争力的薪酬福利，多元化的收入来源(多达三十项)，上不封顶。目前我公司理财人员年薪普遍在10万至30万，高级金融理财师和营销主管年薪已达到100万以上！ 2、一经录用，公司提供高端客户资源，并配备专职理财助理负责联系约访客户，提供终身免费理财培训平台，享受国际惯例公平竞争晋升机遇！3、专业培训：中国平安引进国际领先的理财顾问教育课程（PAPPM）平安金融学院所设立的各种课程让平安理财顾问的到全方位的提升，造就新一代的金融理财师。4、福利保障：考虑到人才发展的长远性，本理财顾问创业计划在福利保障方面为您想到更多，基本医疗、意外保险、养老公积金，长期服务奖等使员工能够发展于平安，留存于平安。【金融理财行业简介】： 　　在美国，一个成功的人背后一定要站有三个人：私人医生、律师和理财规划师。医生用来保命，律师用来规范行为和保护个人权力，理财规划师用来打理自己的资产，这三人缺一不可，这三个职位都属于高收入职位，而理财规划师的收入又高于私人医生和律师，因此，理财规划师在全世界被称谓“第一职位”。 理财行业在金融产业中就像一个接线板，它一头连接着客户，一头则连接着各种金融机构和金融产品。它起着一个桥梁纽带的作用。然而在现实工作中，由于我国金融理财业才刚刚起步，各项环节还没有完全理顺，导致理财顾问在工作中至少还面临产品、渠道、服务三方面的挑战。现在银行、证券公司、基金公司和各家保险公司都叫理财，都在招募理财规划师或理财顾问，但因各公司涉及产品的单一性，不能实现真正意义上的理财，因为证券公司、基金公司只能为客户提供股票和基金产品，关注的是客户资产的投资升值部分，应该叫投资顾问；而银行的功能是储蓄，或代售基金代售银行保险，应该叫客户经理；而各家保险公司也只能卖人寿保单，关注的是客户家庭风险规划，应该叫风险规划师更适合一些。                                                                           职位联系方式                                                      公司地址： 北京市朝阳区新源里南路1-3号：平安国际金融中心B座五层505室（东三环燕莎桥西昆仑饭店对面）联系人：刘女士 010-52897833  15201387707因应聘人员较多，请直接通过智联投递简历或者发送个人简历至公司，我公司收到您的简历后会尽快阅评，如符合我公司用人条件，我们采用邮件、短信、电话形式通知您面试时间，请注意查收邮件，并按通知时间着正装带简历、学历复印件准时参加面试') ;
COMMIT;
INSERT INTO "User" ("Name","UserType","CreatedDatetime","UpdatedDatetime","Enabled")
                              VALUES ('632971627250592.htm',4,clock_timestamp(),clock_timestamp(),'t') ;
INSERT INTO "ZhilianUser" ("UserId","NickName","Type","Sex","City" ) VALUES(currval('"hero_reduce"."user_id_seq"'),'632971627250592.htm',0,'null','北京-朝阳区') ; INSERT INTO "JobPosition" ("UserId","Name","Address","Title","Salary","Description")
                          VALUES(currval('"hero_reduce"."user_id_seq"'),'632971627250592.htm','北京-朝阳区','证券分析/金融研究','4001-6000','【岗位职责】1.热爱金融行业，有励志于长期发展这个行业的意愿；2.投融资项目尽职调查，可行性研究，风险评估和控制；3.负责筛选、编辑制作研究报告；4.对客户进行回访咨询服务工作；5.投融资方案和产品的设计和创新；6.负责对行情的分析及喊单；7.编写专业性文稿；8.宏观经济和行业研究；【任职资格】1、掌握经济学理论，有较强的信息搜集能力和数据处理能力，以及独立的行情研究和判断能力； 2、富有激情，较强的亲和力和感染力、良好的文字和语言表达能力、沟通能力，思维敏捷；3、能独立开展调查研究和专题研究工作，熟悉贵金属产业链，能独立撰写研发；4、熟悉双边市场，至少三年以上股票交易经验或一年以上双边市场交易经验。5、具有较强的行情把握能力和投资分析能力和客户沟通能力； 6、能持续性支持培训潜在客户或现有客户； 7、能够吃苦耐劳，有耐心！对于之前没有交易经验，但对金融交易方面产生浓厚兴趣的人才，公司会提供为期两周的免费带薪培训！大学生公司可提供实习或兼职机会！底薪（5000）+高提成+五险+带薪培训+定期旅游、聚餐+年终奖+终身免费晋升培训，收入上不封顶【福利待遇】1、条件符合者，公司将统一安排专业职业技能培训；2、签订全日制固定期限劳动合同、五险一金、底薪+奖金+补贴+绩效+团队业绩奖励；2、周末双休、法定节假日，圣诞、万圣、Bank Holiday休息3、做五休二、OFFICE作息时间，无需加班；4、正式员工享受带薪培训、带薪年假、定期体检，一年四次旅游，每月多聚餐游5、完善成熟的晋升渠道，专业的职业生涯规划，助你成为金融行业精英所述人员一经录用，公司提供完善的在职培训，并有广阔的个人发展空间。 公司名称：嘉城基业投资咨询(北京)有限公司公司地址：北京市朝阳区朝外大街3号山水广场B座804室(地铁六号线东大桥A口出向西走200米) 联系电话：18513315770 周经理公司主页：www.jiachengjiye.com                                                                           职位联系方式                                                       公司名称：嘉城基业投资咨询(北京)有限公司 公司地址：北京市朝阳区朝外大街3号山水广场B座804室(地铁六号线东大桥A口出向西走200米)  联系电话：18513315770 周经理 公司主页：www.jiachengjiye.com                                                          查看职位地图') ;
COMMIT;
INSERT INTO "User" ("Name","UserType","CreatedDatetime","UpdatedDatetime","Enabled")
                              VALUES ('649699228254141.htm',4,clock_timestamp(),clock_timestamp(),'t') ;
INSERT INTO "ZhilianUser" ("UserId","NickName","Type","Sex","City" ) VALUES(currval('"hero_reduce"."user_id_seq"'),'649699228254141.htm',0,'null','北京-东城区') ; INSERT INTO "JobPosition" ("UserId","Name","Address","Title","Salary","Description")
                          VALUES(currval('"hero_reduce"."user_id_seq"'),'649699228254141.htm','北京-东城区','证券分析/金融研究','5000-15000','【职位描述】交易——游走在投资与投机之间，徜徉于现实与理想之巅，融汇于艺术与技术之湾，它是人类社会对于资金和心理博弈的最直接体现，完美的展现了灵长类之魂创造与行动的宣言，是你实现人生理想的最后一环。你是否对交易存在浓厚兴趣呢？是否苦于徘徊在交易之河的彼岸而寻不见前路呢？现在机会来到了你的面前 -- 北京融控资本管理有限公司愿意提供免费的培训，带你横越财务自由的天堑，来到人生梦想的顶端。我们有专业的交易团队手把手带你走进交易市场。希望对金融行业有兴趣的你积极与我们电话或邮件联系，了解公司情况，招聘情况及与工作有关的相关问题。注   无需交易员外出寻找客户，只需操作公司账户即可      【职位要求】 1、年龄20～50之间、性别不限 2、中专以上学历（包括中专学历）,培训期间有大量的空余时间，对金融知识感兴趣； 3、有很强的执行力和自制力，日常生活作息规律； 4、有较强的学习能力，对于新知识有较强的接受能力； 5、心理稳定，耐心细致，有责任心，具有保密意识；6、对于基础薄弱或无经验者有专业的入职培训。（有交易经验者可直接联系面谈）      【岗位职责】1、正式成为公司的员工之后，负责公司指定账户的资金运作，在稳定盈利的基础之上会逐步增加操作资金。2、以稳定且合理的交易方式为前提，及时交易，每月完成公司规定的盈利目标，并在此基础上创造更多的盈利，以求盈利的最大化。3、定期上交交易报告，报告时间每月一次。     【薪酬待遇】初级交易员：5500底薪 + 提成20% + 节假日福利 + 年终奖中级交易员：10000底薪  + 提成30% + 五险一金 + 节假日福利 + 年终奖高级交易员：15000底薪 + 提成40% + 五险一金 + 节假日福利 + 年终奖 联系人：莫经理    联系电话：13501391731 简历投递邮箱 ahr@rongkongziben.com    【注】 1、请各位求职者仔细、详细的阅读您投递的职位要求，公司将统一进行审核、通知，谢绝重复投递和未经预约的来访。2、录用人员，公司将统一、全面的给予员工提供为期10天的、免费的、专业的、系统的岗前培训，培训时间（9：30--17:00）(周六、日休息)。                                                                              3、公司将全资为盘手提供资金支持，承担风险，同时也将为盘手提供明亮、优雅、舒适的工作环境，提升您的交易心情。节假日公司会不定期 的组织外出活动及娱乐活动（费用公司全报销）培训期间公司会组织模拟比赛，在模拟练习期间为做的成绩优秀的学生给予物质奖励。4、交易员只需操作公司账户，无需外出寻找客户。                                                                            职位联系方式                                                      公司名称：融控(北京)资本管理有限公司公司地址：北京市东城区建国门南大街7号万豪国际中心写字楼A座9层910号 公司网站：www.rongkongziben.com                                                          查看职位地图') ;
COMMIT;
INSERT INTO "User" ("Name","UserType","CreatedDatetime","UpdatedDatetime","Enabled")
                              VALUES ('488840929250457.htm',4,clock_timestamp(),clock_timestamp(),'t') ;
INSERT INTO "ZhilianUser" ("UserId","NickName","Type","Sex","City" ) VALUES(currval('"hero_reduce"."user_id_seq"'),'488840929250457.htm',0,'null','北京-通州区') ; INSERT INTO "JobPosition" ("UserId","Name","Address","Title","Salary","Description")
                          VALUES(currval('"hero_reduce"."user_id_seq"'),'488840929250457.htm','北京-通州区','证券分析/金融研究','','任职资格：（全兼职皆可） 1 具有较强的金融理论知识，对金融行业和金融衍生产品有较深刻的认识与理解； 2 独立做过一年以上外汇黄金实盘交易，有自己的交易思路与风控能力； 3 具备较强的讲授能力及系统培训能力； 4 具有较强的工作责任心和团队合作精神； 5 年龄28周岁以上，有大型讲座培训或实盘两年及喊单经验者可优先考虑。岗位职责：1 负责对黄金外汇等产品的走势作出及时而准确的总结、分析和预测；2 负责每日指导实盘客户进行操作，每日指导不少于3次，正确率要求60%以上。 信和赢汇为您提供：1.基本底薪（5000-10000）+提成+奖金+五险一金； 2.国家法定节假日、年休假、带薪假期等3.正式员工（外地）可提供宿舍4.不定期的公司聚餐及带薪旅游活动5 良好的发展机遇和广阔的发展平台诚邀您的加入。联系人：董主管电话：13601246156备注：如从业5年以上，有管理经验能独立运作技术部门，实战经验70%以上可提高薪金及福利待遇。                                                                            职位联系方式                                                                                                                查看职位地图') ;
COMMIT;
INSERT INTO "User" ("Name","UserType","CreatedDatetime","UpdatedDatetime","Enabled")
                              VALUES ('143308940250822.htm',4,clock_timestamp(),clock_timestamp(),'t') ;
INSERT INTO "ZhilianUser" ("UserId","NickName","Type","Sex","City" ) VALUES(currval('"hero_reduce"."user_id_seq"'),'143308940250822.htm',0,'null','北京') ; INSERT INTO "JobPosition" ("UserId","Name","Address","Title","Salary","Description")
                          VALUES(currval('"hero_reduce"."user_id_seq"'),'143308940250822.htm','北京','证券分析/金融研究','','主要工作内容： 从事工商企业信用评级以及行业分析工作 任职资格： 1.经济、金融、财务类专业硕士以上学历，具有证券从业资格，具有CPA、CFA资格者优先； 2.熟悉评级行业，熟知并掌握国内外信用评级理论与方法，具有信用评级，金融和基金行业研究经验者优先； 3.经济理论及财务分析功底扎实，具有较强的分析研究能力和文字表达能力，具备良好语言表达能力和沟通能力； 4.具备较强的团队协作能力和组织协调能力，能够承担工作压力； 5.英语六级以上，具备良好的英文读、写能力。 工作职责： 1.负责资本市场评级项目，带领评级小组完成尽职调查，撰写信用评级报告以及信用评级跟踪评级报告等工作； 2.负责所分配的行业研究任务。                                                                           职位联系方式                                                       公司名称：东方金诚国际信用评估有限公司 公司地址：海淀区西直门北大街54号　伊泰大厦五层  传真：62299816 公司主页：www.goldencredit.com.cn') ;
COMMIT;
INSERT INTO "User" ("Name","UserType","CreatedDatetime","UpdatedDatetime","Enabled")
                              VALUES ('143866081256686.htm',4,clock_timestamp(),clock_timestamp(),'t') ;
INSERT INTO "ZhilianUser" ("UserId","NickName","Type","Sex","City" ) VALUES(currval('"hero_reduce"."user_id_seq"'),'143866081256686.htm',0,'null','北京-朝阳区') ; INSERT INTO "JobPosition" ("UserId","Name","Address","Title","Salary","Description")
                          VALUES(currval('"hero_reduce"."user_id_seq"'),'143866081256686.htm','北京-朝阳区','银行客户经理','8001-10000','招聘条件： 1、热爱金融行业,对金融行业有相关了解,并具备一定的金融基础知识,以及持续学习金融知识的能力;2、25岁以上,大学本科及以上学历(专业不限)3、两年以上在北京地区工作经验； 4、极强的中高端客户市场开拓能力以及良好的客户沟通能力,关系管理能力以及优秀的营销技巧； 5、诚实守信以及良好的团队合作精神； 6、迎接挑战的信心和对工作的激情； 7、因理财师是弹性工作时间,需要具备良好的自我时间管理能力； 8、具备生意人经营心态;9、原年薪收入三万以上，目前无经济压力,不满现状，希望挑战10万--百万年薪者。10、从事过银行客户经理人、信用卡销售、基金销售 、房产销售代表、医药销售代表以及其他行业市场销售经验者优先考虑.                                                                           职位联系方式                                                      公司地址：北京市朝阳区新源南路1-3号平安国际金融中心B座5层505室联系电话： 15810204576  联系人：曾佳                                                          查看职位地图') ;
COMMIT;
INSERT INTO "User" ("Name","UserType","CreatedDatetime","UpdatedDatetime","Enabled")
                              VALUES ('553909420261274.htm',4,clock_timestamp(),clock_timestamp(),'t') ;
INSERT INTO "ZhilianUser" ("UserId","NickName","Type","Sex","City" ) VALUES(currval('"hero_reduce"."user_id_seq"'),'553909420261274.htm',0,'null','北京-朝阳区') ; INSERT INTO "JobPosition" ("UserId","Name","Address","Title","Salary","Description")
                          VALUES(currval('"hero_reduce"."user_id_seq"'),'553909420261274.htm','北京-朝阳区','证券分析/金融研究','10001-15000','岗位要求： 一、初级交易员： 1.接受免费统一的专业学习培训和模拟训练。 2.成绩优秀的交易员将逐步晋升为中级、高级交易员。3.认同公司的发展理念， 愿意与公司共同拓展业务。4.具有很强的工作责任心和团队合作精神。岗位待遇：5500 底薪 + 提成20% + 节假日福利 + 年终奖 二、中级交易员： 1.可承受较大心里压力，有很强的自我调控能力，纪律严格。 2.对公司资高度负责，严格执行安全控制。 3.以持续稳定盈利为最高目标，成为业内精英人才。4.热衷于金融行业的有经验人士，有意与国际经济及货币交易的最新理念保持一致水准，并关注全球外汇实时走势。5.敢于迎接挑战，能独立承受压力、完成公司交赋的工作任务。 6.有很强的分析能力，擅长并酷爱交易工作。 7.具有自信、冷静、理智、果断、坚定、胆识等交易员所要求具备的各项品质。 岗位待遇：10000 底薪 + 提成20% + 节假日福利 + 年终奖 + 五险一金三、高级交易员： 1.负责公司指定客户账户或配资账户的资金运作。 2.具有丰富的市场分析能力，做出每日交易计划，熟练掌握各种分析工具。3.配合培训讲师完成新入公司员工的实盘交易辅导。 4.把握市场机会，及时交易，确保账户达到持续稳定盈利，尽可能的达到利益最大化。 5.专业不限，经济类，理工类专业优先。 6.人品端正，谦虚好学，自信果敢。 7.有很强的数据运算能力及宏观经济数据分析能力。 8.熟悉双边市场，至少三年以上股票交易经验或两年以上双边市场交易经验。 9.公司提供完善的免费提高培训。 岗位待遇：15000 底薪 + 提成20% + 节假日福利 + 年终奖 + 五险一金注： 交易员只操作公司账户，不需外出寻找客户！ 业绩考核：1.是否依照计划目标将任务完成，使其质量达到要求的标准； 2.任务完成的过程或结果是否正确，是否达到标准的要求。 能力考核 1.业务所需要的业务知识、相关知识的掌握程度； 2.是否熟练掌握本岗位技能； 3.在执行任务时，是否能从容应对出现的变化。 态度考核 1.能自觉地尽职尽责的工作，能自始至终的表现出负责的态度；2.在职权范围内，能进行自我管理，能自主、自立、自信地处理业务。北京巨源时代投资管理有限公司（JUYUAN era Investment Management Co., Ltd.）创立于2010年,作为国内的新锐资本机构，巨源投资坐拥北京CBD核心区，公司团队由来自海外或有多年金融投资经验的专业精英组成，巨源投资立志缔造企业品牌价值，以客户服务为主导。为员工、客户及投资者创富增值。公司诚邀您加入我们的团队，创造财富不是梦想。考核内容：初级交易员连续稳定盈利3个月晋升中级交易员 中级交易员连续稳定盈利3个月晋升高级交易                                                                           职位联系方式                                                      公司名称：巨源时代投资管理有限公司 联系人  ：张经理 电话    ：18611860837') ;
COMMIT;
INSERT INTO "User" ("Name","UserType","CreatedDatetime","UpdatedDatetime","Enabled")
                              VALUES ('402669116257182.htm',4,clock_timestamp(),clock_timestamp(),'t') ;
INSERT INTO "ZhilianUser" ("UserId","NickName","Type","Sex","City" ) VALUES(currval('"hero_reduce"."user_id_seq"'),'402669116257182.htm',0,'null','北京-朝阳区') ; INSERT INTO "JobPosition" ("UserId","Name","Address","Title","Salary","Description")
                          VALUES(currval('"hero_reduce"."user_id_seq"'),'402669116257182.htm','北京-朝阳区','销售代表','10001-15000','职位要求：1.对于金融行业有极高的兴趣。2.性格沉稳，情绪不易产生较大波动。3.有极强的时间观念。（交易员的工作性质对于时间和空间上没有要求，相对自由，需要自我约束。）4.对资金流动有较强的驾驭能力。5.能够尽量客观的看待事物的发展。 工作内容：1.接受公司培训。（有经验者可不接受培训，详情面谈。带薪培训）2.部分初级交易员需要参加交易员晋级培训。每月一次。3.盯盘频率：至少每15分钟一次。每日交易时间至少6小时。4.高执行力：关注每次交易系统给出的进场，出场信号，并按照信号指示进行建仓，平仓操作。（交易系统会在培训期间给予指导。）5.交易报告：报告时间，每星期一。交易员需要在每个星期一上交一份交易报告，对上星期的盈利，亏损情况做错总结。如有大额（20%以上）的盈利或亏损，需要与其所在交易团队经理进行面谈。6.亏损总结：总结时间，每星期一次，要与交易报告一同上交。总结内容：对上星期所有亏损的交易作出客观总结。如因交易系统漏洞亏损为正常。如因个人情绪不稳定导致亏损，需要与其所在交易部经理进行面谈。 相关待遇：薪资待遇:初级操盘手：待遇 : 5000 底薪 + 提成20% + 节假日福利 + 年终奖 月薪可达7000元以上 中级操盘手：待遇 : 10000 底薪 + 提成30%+ 节假日福利 + 年终奖 + 五险一金 月薪可达到1.2-1.8万元以上高级操盘手：待遇：15000底薪 + 提成40% + 节假日福利 + 年终奖 + 五险一金 月薪可达到2-3万元公司福利：保险，公积金，年终奖，奖金提成，全勤奖，节日福利，双休，8小时工作制，带薪年假，公费培训，通讯补贴，交通补贴，公费旅游 初级操盘手：   1.接受免费统一的学习培训和模拟训练；    2.成绩优秀的操盘手将逐步晋升为中级、高级操盘手；    3.级别越高，机会越多，收入越高；    4.有较强的学习能力、分析能力、风险控制能力；   5.年龄20至50之间，大专以上学历，有经验者优先；   6.爱岗敬业，诚实负责者优先录用；待遇 : 5000 底薪 + 提成20% + 节假日福利 + 年终奖 月薪可达7000元以上 。中级操盘手：    1.有强烈的以交易为生，希望成为交易高手的意愿；    2.可承受较大心里压力，有很强的自我调控能力，纪律严格；    3.对公司资高度负责，严格执行安全控制；    4.以稳定盈利为最高目标；    5.热衷于金融行业的有经验人士，有意与国际经济及货币交易的最新理念保持一致水准，并关注全球外汇实时走势 ；   6.敢于迎接挑战、能独立承受压力、完成公司交赋的工作任务 ；  7.有很强的分析能力，擅长并酷爱操盘工作 ；   8.具有自信、冷静、理智、果断、坚定、胆识等操盘手所要求具备的各项品质；待遇 : 10000 底薪 + 提成30% + 节假日福利 + 年终奖 + 五险一金 月薪可达到1.2-1.8万元以上。高级操盘手：       1.负责公司指定客户账户或配资账户的资金运作 ；   2.分析行情，做出每日交易计划；     3.配合培训讲师完成新入司员工的实盘交易辅导；    4.把握市场机会，及时交易，确保账户达到稳定盈利，尽可能的达到利益最大化；5.专业不限，经济类、理工类专业优先； 6.人品端正，谦虚好学，自信果敢；7.有很强的数据运算能力及宏观经济数据分析能力；  8.熟悉双边市场，至少三年以上股票交易经验或一年以上双边市场交易经验；待遇 : 15000底薪 + 提成40% + 节假日福利 + 年终奖 + 五险一金 月薪可达到2-3万元。 北京亿汇投资管理有限公司（诚聘，不产生任何费用）对于没有工作经验的人员提供免费全面的交易培训课程，培训后由交易团队带领锻炼交易及分析能力。注：公司承诺不收取任何费用，被正式录用的员工补发培训期间相关费用。 公司主页：WWW.BJ-YHTZ.COM公司地址：北京市朝阳区东三环中路25号住总大厦 1608 室乘车路线：地铁10号线金台夕照站D口人事主管：王经理（18310813739）（对职位有疑问或有兴趣者，请积极与HR联系）                                                                           职位联系方式                                                        公司主页：WWW.BJ-YHTZ.COM  公司地址：北京市朝阳区东三环中路25号住总大厦 1608 室。  乘车路线：地铁10号线金台夕照站D口。  人事主管：王经理（18310813739）（对职位有疑问或有兴趣者，请积极与HR联系）') ;
COMMIT;
INSERT INTO "User" ("Name","UserType","CreatedDatetime","UpdatedDatetime","Enabled")
                              VALUES ('135038057250633.htm',4,clock_timestamp(),clock_timestamp(),'t') ;
INSERT INTO "ZhilianUser" ("UserId","NickName","Type","Sex","City" ) VALUES(currval('"hero_reduce"."user_id_seq"'),'135038057250633.htm',0,'null','北京-朝阳区') ; INSERT INTO "JobPosition" ("UserId","Name","Address","Title","Salary","Description")
                          VALUES(currval('"hero_reduce"."user_id_seq"'),'135038057250633.htm','北京-朝阳区','证券分析/金融研究','6001-8000','致求职者的话： 首先要恭喜您在打开此页面的同时，您内心的睿智选择已经引领您向金融领域中的高收入职业迈出了幸运并且前景无限的第一步。如果您有意加入到我们操盘手的交易团队当中，公司的交易团队和讲师会引导您坚实而踏实的走好日后职业发展的每一步。请您在相信您自己内心选择的基础上相信公司的团队，认真努力的和我们一路走下去，未来三到五年内在北京相对中心的位置拥有一套属于自己的安身立命之所，绝不是太难的事情。相信您自己的选择，更要相信您自身的能力，加入到我们阳光的交易团队当中，为您今后梦想与人生的启航做好坚实的经济铺垫。   乔治.索罗斯说：“你可以生于贫穷，但绝不能死于贫穷”祝贺所有关心金融市场的投资者，因为你们拥有一个不同于过去的投资时代！   工作内容1.接受公司培训（带薪）。（有经验者可不接受培训，详情面谈。）2.部分初级交易员需要参加交易员晋级培训。每月一次。3.高执行力：关注每次交易系统给出的进场，出场信号，并按照信号指示进行建仓，平仓操作。（交易系统会在培训期间给予指导。）4、严格执行公司各项制度，，并定期整理交易数据，向上级领导账户分析结果；5、按照部门主管的要求进行技术和基本面规律的分析，进行数据的搜集或整理；6、配合其他部门有关工作；7、遵守公司的各项管理制度，承办领导交办的其他工作。素质要求：1、大专以上学历,金融专业优先，培训期间有大量的空余时间；2、热爱交易、对金融经济知识感兴趣；3、有很强的执行力，自制力强；日常生活有规律、有计划；4、有较强的学习能力，新知识的接受能力；5、抗压能力；6、耐心细致，有责任心，具有保密意识；7、对于基础薄弱或者无经验者有专业的入职培训。8、公司提供良好的晋升机制：薪资待遇： 初级薪资待遇：5000底薪 +  提成20%--40%  +  五险一金 + 节假日福利 + 季度奖  月薪可达7000元以上中级薪资待遇：10000底薪 + 提成20%--40% +  五险一金 +  节假日福利 + 季度奖   月薪可达15000元以上高级薪资待遇：15000底薪 + 提成20%--40% +  五险一金 +  节假日福利 + 季度奖   月薪达2-3万元以上 职位要求：年龄：20岁-50岁之间。学历：大专以上（包括大专），有交易经验者面谈。其它素质： 1.对于金融行业有极高的兴趣。2.性格沉稳，情绪不易产生较大波动。3.有极强的时间观念。（交易员的工作性质对于时间和空间上没有要求，相对自由，需要自我约束。）4.对资金流动有较强的驾驭能力。5.能够尽量客观的看待事物的发展。 面试要求： 不提供视频或者电话面试，只能到北京参加一对一面试，无复试，无笔试，不能来北京者请勿投递，面试通过后培训可做延期。实习员工： 前期培训期视为实习，实习期满可成为公司正式员工，可开实习证明，培训期为连续十个工作日，周末双休，每日培训时间：早晨9:30至下午3:30。公司在培训期提供每日餐补及路费补助，并在第一个月的薪资里统一发放。其他福利：五险一金 季度奖+年终奖  带薪免费旅游   公司对于没有交易经验，却对金融衍生品操作有兴趣者，提供正规统一的免费培训。有专业的交易团队手把手带你走进交易市场。我们的交易团队有绝对的信心让你在培训期后，有属于自己的交易系统与理念，让你找到自己在交易市场的立足点。成为我公司的优秀员工，对于成绩优秀学员公司提供交易账户帮助学员完成自我晋升。希望对金融行业有兴趣的应聘者积极与我们联系，了解公司情况，招聘情况及与工作相关的问题。公司承诺将对每位学员认真负责，最大限度发掘每一位学员的交易潜力。      联系电话：010-57349909  15811512051公司地址：北京市朝阳区时间国际大厦A座2601室公司名称：深圳市龙阳商务咨询有限公司北京第一分公司                                                                           职位联系方式                                                        人事经理：陈经理公司网址：http://www.bj-lyjt.com 联系电话：010-57349909  13366412049公司地址：北京市朝阳区时间国际大厦A座2601室公司名称：深圳市龙阳商务咨询有限公司北京第一分公司  各求职者请注意可把简历发至公司                                                           查看职位地图') ;
COMMIT;
INSERT INTO "User" ("Name","UserType","CreatedDatetime","UpdatedDatetime","Enabled")
                              VALUES ('617435629250168.htm',4,clock_timestamp(),clock_timestamp(),'t') ;
INSERT INTO "ZhilianUser" ("UserId","NickName","Type","Sex","City" ) VALUES(currval('"hero_reduce"."user_id_seq"'),'617435629250168.htm',0,'null','北京-东城区') ; INSERT INTO "JobPosition" ("UserId","Name","Address","Title","Salary","Description")
                          VALUES(currval('"hero_reduce"."user_id_seq"'),'617435629250168.htm','北京-东城区','股票/期货操盘手','6001-8000','岗位描述： 1:对金融行业和理财投资有浓厚的兴趣及意愿，致力于把金融行业作为事业发展方向；渴望成为金融职场中的精英一族。 2:人品端正，谦虚好学，自信果敢，有较强的学历能力，具有团队合作精神。 3:有较强的分析能力、风险控制能力、思路清晰、心态端正、擅于把握市场机会，及时完成交易确保账户利益最大化。 4:公司内部气氛融洽，共同发展，有灵活的晋升体系和广阔的前景。  述职要求： 1、大专以上学历,金融专业优先，培训期间有大量的空余时间； 2、热爱交易、对金融经济知识感兴趣； 3、有很强的执行力，自制力强；日常生活有规律、有计划； 4、有较强的学习能力，新知识的接受能力； 5、抗压能力； 6、耐心细致，有责任心，具有保密意识； 7、对于基础薄弱或者无经验者有专业的入职培训。    待遇:  1、6000-8000 + 五险一金+手数返佣 月薪可达到15000以上 2、公司提供五险一金，享受国家法定节假日； 3、公司定期员工野外拓展活动； 4、公开透明的晋升机制，给您提供一个广阔的平台。  作息时间：周一至周五9点----12点；13点----晚17；享受国家法定节假日；                                                                            职位联系方式                                                       公司名称：北京高联投资有限公司 公司地址：东城区东直门天恒大厦A座F层 联系电话：010-84608830 在线QQ：1256414677 中国公司官网:www.gltz9.com 新西兰公司官网：www.rgmfx.com                                                          查看职位地图') ;
COMMIT;
INSERT INTO "User" ("Name","UserType","CreatedDatetime","UpdatedDatetime","Enabled")
                              VALUES ('286043311250650.htm',4,clock_timestamp(),clock_timestamp(),'t') ;
INSERT INTO "ZhilianUser" ("UserId","NickName","Type","Sex","City" ) VALUES(currval('"hero_reduce"."user_id_seq"'),'286043311250650.htm',0,'null','北京-东城区') ; INSERT INTO "JobPosition" ("UserId","Name","Address","Title","Salary","Description")
                          VALUES(currval('"hero_reduce"."user_id_seq"'),'286043311250650.htm','北京-东城区','证券分析/金融研究','8001-10000','1、参与银行、证券、保险内训项目的前期调研、方案设计、撰写，并协助项目经理实施方案；2、编写在线金融理财师教辅书，电子书及其他出版物，讲授在线金融理财师标准课程；3、熟悉使用现代培训工具，具备较强课程研发能力、良好的演讲能力。任职资格：1、本科或以上学历，金融专业相关毕业，2年以上工作经验；2、证券从业资格5科全部通过优先考虑；3、保险、信托行业具有连续2年以上销售经验的者优先薪资待遇：基本薪资+绩效工资+新产品研发奖金！                                                                             职位联系方式                                                       公司名称：北京炳隆资产管理有限公司 公司地址：北京市东城区灯市口大街50号9A  传真：65258129-805 公司主页：http://www.binglongtz.com                                                          查看职位地图') ;
COMMIT;
INSERT INTO "User" ("Name","UserType","CreatedDatetime","UpdatedDatetime","Enabled")
                              VALUES ('286043311250744.htm',4,clock_timestamp(),clock_timestamp(),'t') ;
INSERT INTO "ZhilianUser" ("UserId","NickName","Type","Sex","City" ) VALUES(currval('"hero_reduce"."user_id_seq"'),'286043311250744.htm',0,'null','北京-东城区') ; INSERT INTO "JobPosition" ("UserId","Name","Address","Title","Salary","Description")
                          VALUES(currval('"hero_reduce"."user_id_seq"'),'286043311250744.htm','北京-东城区','证券分析/金融研究','8001-10000','职位要求： 1、本科以上学历，具备实盘操作经验5年以上；2、富有激情，有良好的语言表达能力和演讲能力； 3、具有高度的事业心、责任心，热爱金融分析师职业； 4、具备独特的操盘理念，行情判断能力，稳定赢利 1 年以上；5、具有较强的独立思考能力，逻辑思维和研判能力，良好的团队精神；6、具有金融行业各种渠道，能独自组建培训技术团队； 7、有较强的综合分析能力，扎实的技术分析技能  职位描述：1、负责主持客户的黄金投资讲座； 2、为现场与非现场客户提供个性化，专业化的黄金、外汇咨询分析； 3、主持每日汇评解盘，撰写分析报告，每天行情投资信息分析与发布；及时盘中行情点评；4、为核心客户撰写理财规划书，指导客户投资策略5、有敲开院校高层领导大门的勇气、经验及策略。6、我公司提供广阔的发展平台，和完善的内部晋升体制。                                                                            职位联系方式                                                      公司名称：北京炳隆资产管理有限公司公司地址：北京市东城区灯市口大街50号9A 传真：65258129-805公司主页：http://www.binglongtz.com                                                          查看职位地图') ;
COMMIT;
INSERT INTO "User" ("Name","UserType","CreatedDatetime","UpdatedDatetime","Enabled")
                              VALUES ('615221324265020.htm',4,clock_timestamp(),clock_timestamp(),'t') ;
INSERT INTO "ZhilianUser" ("UserId","NickName","Type","Sex","City" ) VALUES(currval('"hero_reduce"."user_id_seq"'),'615221324265020.htm',0,'null','北京') ; INSERT INTO "JobPosition" ("UserId","Name","Address","Title","Salary","Description")
                          VALUES(currval('"hero_reduce"."user_id_seq"'),'615221324265020.htm','北京','证券总监/部门经理','10001-15000','薪酬待遇: 初级交易员：基本工资5000元+ 岗位补贴 600+ 提成20% + 年终奖 +五险（月收入大约10000--15000)中级交易员：基本工资10000元 + 岗位补贴600 + 提成30% + 年终奖 +五险（月收入大约15000-25000）高级交易员：基本工资15000元 + 岗位补贴600 + 提成50% + 年终奖+五险（月收入大约25000--45000）   培养方式 对于没有交易经验零基础学员，却对金融衍生品操作职位有兴趣者。公司愿意提供免费的培训。有专业的交易团队手把手带你走进交易市场。我们的培训交易团队有绝对的信心让你在培训期后，有自己的交易系统与理论，让你找到自己在交易市场的立足点，为公司和你个人创造更大的利益。   任职要求： 1、中专以上学历,金融专业优先，培训期间有大量的空余时间；2、热爱交易、对金融经济知识感兴趣；3、有很强的执行力，自制力强；日常生活有规律、有计划；4、有较强的学习能力，新知识的接受能力；5、抗压能力；6、耐心细致，有责任心，具有保密意识；7、对于基础薄弱或者无经验者有专业的入职培训；8、公司提供良好的晋升机制； 9.年龄在20--68周岁均可；  ​ 职位描述： 一、初级操盘手 1、无风险操作公司提供的资金帐户 2、把握市场机会，及时交易，确保账户达到稳定盈利，尽可能的达到利益最大化。   二、中级操盘手 1、无风险操作公司提供的资金帐户 2、有很强的分析能力，擅长并酷爱交易工作。 3、具有丰富的市场分析能力，做出每日交易计划，熟练掌握各种分析工具。 4、把握市场机会，及时交易，确保账户达到稳定盈利，尽可能的达到利益最大化。成为业内精英人才。   三、高级操盘手 1、负责公司指定大资金账户的无风险操作。 2、有很强的数据运算能力及宏观经济数据分析能力。  3、交易风格多样化，能承受较强的心理压力，能独立完成大资金账户操作，有稳定盈利交易记录者优先； 4、热衷于金融行业，关注全球金融走势，有交易的最新理念保持一致水准并有较高实操经验人士优先   职位优势:  本职位无工作时间、地点限制,能做网上交易即可，可在家操盘。灵活的晋升体系和广阔的发展空间，可兼职。   联系电话：15810986897 联系  人：毛经理 咨询 qq: 349719370                                                                              职位联系方式                                                       公司名称：北京盛业永信资产管理有限公司   公司地址：北京市朝阳区朝外大街乙6号朝外SOHOA座2502室    联系人：毛经理   联系电话：15810986897   咨询QQ：349719370（注明应聘咨询）') ;
COMMIT;
INSERT INTO "User" ("Name","UserType","CreatedDatetime","UpdatedDatetime","Enabled")
                              VALUES ('369050315252607.htm',4,clock_timestamp(),clock_timestamp(),'t') ;
INSERT INTO "ZhilianUser" ("UserId","NickName","Type","Sex","City" ) VALUES(currval('"hero_reduce"."user_id_seq"'),'369050315252607.htm',0,'null','北京-朝阳区') ; INSERT INTO "JobPosition" ("UserId","Name","Address","Title","Salary","Description")
                          VALUES(currval('"hero_reduce"."user_id_seq"'),'369050315252607.htm','北京-朝阳区','股票/期货操盘手','5000-15000','龙阳集团 北京投资第一分公司   因公司发展要求，现招聘培养交易员、操盘手     任职要求： 1、热爱金融行业有意在金融交易行业崭露头角，有远大抱负，想成为优秀的交易员。2、品格端正，具备执行力强、勇敢、果断、冷静等特点。3、公司氛围融洽，自由的岗位，轻松的挣钱，团结一心，共同发展，且有灵活的晋升体系和广阔的前景。 工作内容：工作自由:全球24小时均可交易，工作时间和地点自己选择。 工作职责:耐心等待属于自己的交易信号，严格按照交易流程执行操作。    1、资金均由公司提供，不需承担风险。 录用人员，公司将统一、全面的给予员工提供免费的、专业的、系统的岗前带薪培训，培训时间（9：30--16:00）周六、日休息。2、公司将全资提供资金支持，交易员所使用交易账户也是公司提供。 注：龙阳集团公司 郑重声明:面试不收取任何费用。正式入职后，培训补助计入首月工资。   薪资待遇：一、初级：底薪5000  + 五险一金+20%提成+福利（收入一般在6000-7000）二、中级：底薪10000 + 五险一金+30%提成+福利（收入一般在12000-15000）三、高级：底薪15000 + 五险一金+40%提成+福利（收入一般在18000-20000） 提成方案： 底薪 + 提成+福利，无封顶。想了解公司更多信息，请与我们HR联系或将您的简历投递到网站，公司期待您的加入。     职位联系方式：公司名称：深圳市龙阳商务咨询有限公司北京第一分公司公司地址：北京市朝阳区三元桥时间国际A座2601室（三元桥10号线地铁直达D口出）联系经理：金经理联系电话：010-57283204 18210662298联系QQ:114342060公司网站：www.bj-lyjt.com简历邮箱：kimhr@bj-lyjt.com                                                                           职位联系方式                                                      职位联系方式：公司名称：深圳市龙阳商务咨询有限公司北京第一分公司公司地址：北京市朝阳区三元桥时间国际A座2601室（三元桥10号线地铁直达D口出）联系经理：金经理联系电话：010-57283204 18210662298联系QQ:114342060公司网站：www.bj-lyjt.com简历                                                          查看职位地图') ;
COMMIT;
INSERT INTO "User" ("Name","UserType","CreatedDatetime","UpdatedDatetime","Enabled")
                              VALUES ('402669116257172.htm',4,clock_timestamp(),clock_timestamp(),'t') ;
INSERT INTO "ZhilianUser" ("UserId","NickName","Type","Sex","City" ) VALUES(currval('"hero_reduce"."user_id_seq"'),'402669116257172.htm',0,'null','北京-朝阳区') ; INSERT INTO "JobPosition" ("UserId","Name","Address","Title","Salary","Description")
                          VALUES(currval('"hero_reduce"."user_id_seq"'),'402669116257172.htm','北京-朝阳区','大客户销售代表','10001-15000','职位要求：1.对于金融行业有极高的兴趣。2.性格沉稳，情绪不易产生较大波动。3.有极强的时间观念。（交易员的工作性质对于时间和空间上没有要求，相对自由，需要自我约束。）4.对资金流动有较强的驾驭能力。5.能够尽量客观的看待事物的发展。 工作内容：1.接受公司培训。（有经验者可不接受培训，详情面谈。带薪培训）2.部分初级交易员需要参加交易员晋级培训。每月一次。3.盯盘频率：至少每15分钟一次。每日交易时间至少6小时。4.高执行力：关注每次交易系统给出的进场，出场信号，并按照信号指示进行建仓，平仓操作。（交易系统会在培训期间给予指导。）5.交易报告：报告时间，每星期一。交易员需要在每个星期一上交一份交易报告，对上星期的盈利，亏损情况做错总结。如有大额（20%以上）的盈利或亏损，需要与其所在交易团队经理进行面谈。6.亏损总结：总结时间，每星期一次，要与交易报告一同上交。总结内容：对上星期所有亏损的交易作出客观总结。如因交易系统漏洞亏损为正常。如因个人情绪不稳定导致亏损，需要与其所在交易部经理进行面谈。 相关待遇：薪资待遇:初级操盘手：待遇 : 5000 底薪 + 提成20% + 节假日福利 + 年终奖 月薪可达7000元以上 中级操盘手：待遇 : 10000 底薪 + 提成30%+ 节假日福利 + 年终奖 + 五险一金 月薪可达到1.2-1.8万元以上高级操盘手：待遇：15000底薪 + 提成40% + 节假日福利 + 年终奖 + 五险一金 月薪可达到2-3万元公司福利：保险，公积金，年终奖，奖金提成，全勤奖，节日福利，双休，8小时工作制，带薪年假，公费培训，通讯补贴，交通补贴，公费旅游 初级操盘手：   1.接受免费统一的学习培训和模拟训练；    2.成绩优秀的操盘手将逐步晋升为中级、高级操盘手；    3.级别越高，机会越多，收入越高；    4.有较强的学习能力、分析能力、风险控制能力；   5.年龄20至50之间，大专以上学历，有经验者优先；   6.爱岗敬业，诚实负责者优先录用；待遇 : 5000 底薪 + 提成20% + 节假日福利 + 年终奖 月薪可达7000元以上 。中级操盘手：    1.有强烈的以交易为生，希望成为交易高手的意愿；    2.可承受较大心里压力，有很强的自我调控能力，纪律严格；    3.对公司资高度负责，严格执行安全控制；    4.以稳定盈利为最高目标；    5.热衷于金融行业的有经验人士，有意与国际经济及货币交易的最新理念保持一致水准，并关注全球外汇实时走势 ；   6.敢于迎接挑战、能独立承受压力、完成公司交赋的工作任务 ；  7.有很强的分析能力，擅长并酷爱操盘工作 ；   8.具有自信、冷静、理智、果断、坚定、胆识等操盘手所要求具备的各项品质；待遇 : 10000 底薪 + 提成30% + 节假日福利 + 年终奖 + 五险一金 月薪可达到1.2-1.8万元以上。高级操盘手：       1.负责公司指定客户账户或配资账户的资金运作 ；   2.分析行情，做出每日交易计划；     3.配合培训讲师完成新入司员工的实盘交易辅导；    4.把握市场机会，及时交易，确保账户达到稳定盈利，尽可能的达到利益最大化；5.专业不限，经济类、理工类专业优先； 6.人品端正，谦虚好学，自信果敢；7.有很强的数据运算能力及宏观经济数据分析能力；  8.熟悉双边市场，至少三年以上股票交易经验或一年以上双边市场交易经验；待遇 : 15000底薪 + 提成40% + 节假日福利 + 年终奖 + 五险一金 月薪可达到2-3万元。 北京亿汇投资管理有限公司（诚聘，不产生任何费用）对于没有工作经验的人员提供免费全面的交易培训课程，培训后由交易团队带领锻炼交易及分析能力。注：公司承诺不收取任何费用，被正式录用的员工补发培训期间相关费用。 公司主页：WWW.BJ-YHTZ.COM公司地址：北京市朝阳区东三环中路25号住总大厦 1608 室乘车路线：地铁10号线金台夕照站D口人事主管：王经理（18310813739）（对职位有疑问或有兴趣者，请积极与HR联系）                                                                           职位联系方式                                                        公司主页：WWW.BJ-YHTZ.COM  公司地址：北京市朝阳区东三环中路25号住总大厦 1608 室。  乘车路线：地铁10号线金台夕照站D口。  人事主管：王经理（18310813739）（对职位有疑问或有兴趣者，请积极与HR联系）') ;
COMMIT;
INSERT INTO "User" ("Name","UserType","CreatedDatetime","UpdatedDatetime","Enabled")
                              VALUES ('239194411250265.htm',4,clock_timestamp(),clock_timestamp(),'t') ;
INSERT INTO "ZhilianUser" ("UserId","NickName","Type","Sex","City" ) VALUES(currval('"hero_reduce"."user_id_seq"'),'239194411250265.htm',0,'null','北京-通州区') ; INSERT INTO "JobPosition" ("UserId","Name","Address","Title","Salary","Description")
                          VALUES(currval('"hero_reduce"."user_id_seq"'),'239194411250265.htm','北京-通州区','证券分析/金融研究','','职责：收集整理国内外财经数据和资讯，协助研究员对数据和资讯进行分析。要求：（1）25-30岁；　　　（2）经济学专业硕士或以上学历；　　　（3）有1-3年宏观经济研究工作经验；　　　（4）有证券行业工作经验；　　　（5）英文通过六级；　　　（6）活泼，勤奋，有较强的表达能力；　　　（7）能够承担工作压力， 愿意与公司一起成长，接收挑战；　　　（8）有海外留学/工作经历，或在国内外报刊杂志发表文章的优先。说明：有意者，请将简历发到fostecon@126.com。                                                                           职位联系方式                                                       公司名称：北京福盛德经济咨询有限公司 公司地址：北京市通州区新华西街56号商业大厦705  传真： 公司主页：http://www.fostecon.cn') ;
COMMIT;
INSERT INTO "User" ("Name","UserType","CreatedDatetime","UpdatedDatetime","Enabled")
                              VALUES ('239194411250266.htm',4,clock_timestamp(),clock_timestamp(),'t') ;
INSERT INTO "ZhilianUser" ("UserId","NickName","Type","Sex","City" ) VALUES(currval('"hero_reduce"."user_id_seq"'),'239194411250266.htm',0,'null','北京-通州区') ; INSERT INTO "JobPosition" ("UserId","Name","Address","Title","Salary","Description")
                          VALUES(currval('"hero_reduce"."user_id_seq"'),'239194411250266.htm','北京-通州区','证券分析/金融研究','','职责：收集整理国内外财经数据和资讯，协助研究员对数据和资讯进行分析。要求：（1）23-28岁；　　　（2）经济学专业硕士在读；　　　（3）英文通过六级；　　　（4）有宏观经济研究经验或证券从业经验的优先。说明：（1）公司在北京市通州区，靠近地铁八通线。　　　（2）有意者，请将简历发到fostecon@126.com。                                                                           职位联系方式                                                       公司名称：北京福盛德经济咨询有限公司 公司地址：北京市通州区新华西街56号商业大厦705  传真： 公司主页：http://www.fostecon.cn') ;
COMMIT;
INSERT INTO "User" ("Name","UserType","CreatedDatetime","UpdatedDatetime","Enabled")
                              VALUES ('286420015250216.htm',4,clock_timestamp(),clock_timestamp(),'t') ;
INSERT INTO "ZhilianUser" ("UserId","NickName","Type","Sex","City" ) VALUES(currval('"hero_reduce"."user_id_seq"'),'286420015250216.htm',0,'null','北京-朝阳区') ; INSERT INTO "JobPosition" ("UserId","Name","Address","Title","Salary","Description")
                          VALUES(currval('"hero_reduce"."user_id_seq"'),'286420015250216.htm','北京-朝阳区','证券分析/金融研究','','任职资格： 金融及相关专业硕士以上，数理、统计背景，熟练使用相关数理分析工具、文字能力优秀者优先，有直接的固定收益投研的工作经验优先。   工作能力： 1、较强的文字表达能力；2、较强的数据建模分析与风险发现能力；3、细致、主动的工作能力与逻辑分析能力；4、性格开朗，具备较强的人际沟通与团队协作能力。   工作职责： 1、  协助部门各项目的材料准备、数据分析、风险测算和其他必要工作；2、  协助场内/场外债券或交易的询价、报价、成交；3、  协助跟进债券清算的券、款的交收划付；4、  债券投资和基金运营过程中各项流程的跟进落实与信息反馈；5、  参与开拓、维护场内外同业关系以及合作机构的沟通；6、  市场跟踪分析、市场日报、月报的撰写；7、  部门安排的其他工作。                                                                           职位联系方式                                                       公司名称：中经贸资产管理有限公司 公司地址：北京市建国门外大街1号院1号楼国贸大厦39A-18  传真：010-57069030 公司主页：www.ceiam.com.cn') ;
COMMIT;
INSERT INTO "User" ("Name","UserType","CreatedDatetime","UpdatedDatetime","Enabled")
                              VALUES ('615221324264963.htm',4,clock_timestamp(),clock_timestamp(),'t') ;
INSERT INTO "ZhilianUser" ("UserId","NickName","Type","Sex","City" ) VALUES(currval('"hero_reduce"."user_id_seq"'),'615221324264963.htm',0,'null','北京') ; INSERT INTO "JobPosition" ("UserId","Name","Address","Title","Salary","Description")
                          VALUES(currval('"hero_reduce"."user_id_seq"'),'615221324264963.htm','北京','证券总监/部门经理','10001-15000','薪酬待遇: 初级交易员：基本工资5000元+ 岗位补贴 600+ 提成20% + 年终奖 +五险（月收入大约10000--15000)中级交易员：基本工资10000元 + 岗位补贴600 + 提成30% + 年终奖 +五险（月收入大约15000-25000）高级交易员：基本工资15000元 + 岗位补贴600 + 提成50% + 年终奖+五险（月收入大约25000--45000）   培养方式 对于没有交易经验零基础学员，却对金融衍生品操作职位有兴趣者。公司愿意提供免费的培训。有专业的交易团队手把手带你走进交易市场。我们的培训交易团队有绝对的信心让你在培训期后，有自己的交易系统与理论，让你找到自己在交易市场的立足点，为公司和你个人创造更大的利益。   任职要求： 1、中专以上学历,金融专业优先，培训期间有大量的空余时间；2、热爱交易、对金融经济知识感兴趣；3、有很强的执行力，自制力强；日常生活有规律、有计划；4、有较强的学习能力，新知识的接受能力；5、抗压能力；6、耐心细致，有责任心，具有保密意识；7、对于基础薄弱或者无经验者有专业的入职培训；8、公司提供良好的晋升机制； 9.年龄在20--68周岁均可；  ​ 职位描述： 一、初级操盘手 1、无风险操作公司提供的资金帐户 2、把握市场机会，及时交易，确保账户达到稳定盈利，尽可能的达到利益最大化。   二、中级操盘手 1、无风险操作公司提供的资金帐户 2、有很强的分析能力，擅长并酷爱交易工作。 3、具有丰富的市场分析能力，做出每日交易计划，熟练掌握各种分析工具。 4、把握市场机会，及时交易，确保账户达到稳定盈利，尽可能的达到利益最大化。成为业内精英人才。   三、高级操盘手 1、负责公司指定大资金账户的无风险操作。 2、有很强的数据运算能力及宏观经济数据分析能力。  3、交易风格多样化，能承受较强的心理压力，能独立完成大资金账户操作，有稳定盈利交易记录者优先； 4、热衷于金融行业，关注全球金融走势，有交易的最新理念保持一致水准并有较高实操经验人士优先   职位优势:  本职位无工作时间、地点限制,能做网上交易即可，可在家操盘。灵活的晋升体系和广阔的发展空间，可兼职。   联系电话：15810986897 联系  人：毛经理 咨询 qq: 349719370                                                                              职位联系方式                                                       公司名称：北京盛业永信资产管理有限公司   公司地址：北京市朝阳区朝外大街乙6号朝外SOHOA座2502室    联系人：毛经理   联系电话：15810986897   咨询QQ：349719370（注明应聘咨询）') ;
COMMIT;
INSERT INTO "User" ("Name","UserType","CreatedDatetime","UpdatedDatetime","Enabled")
                              VALUES ('150287814250507.htm',4,clock_timestamp(),clock_timestamp(),'t') ;
INSERT INTO "ZhilianUser" ("UserId","NickName","Type","Sex","City" ) VALUES(currval('"hero_reduce"."user_id_seq"'),'150287814250507.htm',0,'null','北京-朝阳区') ; INSERT INTO "JobPosition" ("UserId","Name","Address","Title","Salary","Description")
                          VALUES(currval('"hero_reduce"."user_id_seq"'),'150287814250507.htm','北京-朝阳区','证券/期货/外汇经纪人','8001-10000','初级交易员：1.接受免费统一的学习培训和模拟训练；2.成绩优秀的操盘手将逐步晋升为中级、高级操盘手；3.级别越高，机会越多，收入越高。4.有较强的学习能力、分析能力、风险控制能力。5.年龄20至50之间，大专以上学历，有经验者优先。6.爱岗敬业，诚实负责者优先录用。   职位待遇：基本工资5000 + 提成20%-30% + 节假日福利 + 年终奖 +五险一金 （月收入大约8000--15000） 中级交易员：1.有强烈的以交易为生，希望成为交易高手的意愿；2.可承受较大心里压力，有很强的自我调控能力，纪律严格；3.对公司资高度负责，严格执行安全控制；4.以稳定盈利为最高目标。5.热衷于金融行业的有经验人士，有意与国际经济及货币交易的最新理念保持一致水准，并关注全球外汇实时走势6.敢于迎接挑战、能独立承受压力、完成公司交赋的工作任务7.有很强的分析能力，擅长并酷爱操盘工作8.具有自信、冷静、理智、果断、坚定、胆识等操盘手所要求具备的各项品质  职位待遇：基本工资10000 + 提成30%-40% + 节假日福利 + 年终奖 +五险一金 （月收入大约15000--30000）高级交易员： 1.负责公司指定客户账户或配资账户的资金运作2.分析行情，做出每日交易计划。3.配合培训讲师完成新入司员工的实盘交易辅导。4.把握市场机会，及时交易，确保账户达到稳定盈利，尽可能的达到利益最大化。5.专业不限，经济类、理工类专业优先。6.人品端正，谦虚好学，自信果敢。7.有很强的数据运算能力及宏观经济数据分析能力。8.熟悉双边市场，至少三年以上股票交易经验或一年以上双边市场交易经验。  职位待遇：基本工资15000 + 提成40%-50% + 节假日福利 + 年终奖 +五险一金 （月收入大约20000--50000）   对于没有交易经验，却对金融衍生品操作职位有兴趣者。公司愿意提供免费的培训。有专业的交易团队手把手带你走进交易市场。我们的培训交易团队有绝对的信心让你在培训期后，有自己的交易系统与理论，让你找到自己在交易市场的立足点。成为我公司的优秀交易员。希望对金融行业有兴趣的应聘者积极与我们的HR联系，了解公司情况，招聘情况及与工作有关的相关问题。  公司地址：北京市朝阳区时间国际A座2601、2609室 乘车路线： 地铁10号线三元桥站D口出（地铁门口有标识牌）或A口出（经过凤凰汇购物商业街左转即是时间国际） 公司网址：http://www.bj-lyjt.com/ 联系人：张经理 联系电话: 18612554442 QQ：770638770      工作内容：1.接受公司培训。（有经验者可不接受培训，详情面谈。）2.部分初级交易员需要参加交易员晋级培训。每月一次。3.盯盘频率：至少每15分钟一次。每日交易时间至少6小时。4.高执行力：关注每次交易系统给出的进场，出场信号，并按照信号指示进行建仓，平仓操作。（交易系统会在培训期间给予指导。）5.交易报告：报告时间，每星期一。交易员需要在每个星期一上交一份交易报告，对上星期的盈利，亏损情况做错总结。如有大额（20%以上）的盈利或亏损，需要与其所在交易团队经理进行面谈。6.亏损总结：总结时间，每星期一次，要与交易报告一同上交。总结内容：对上星期所有亏损的交易作出客观总结。如因交易系统漏洞亏损为正常。如因个人情绪不稳定导致亏损，需要与其所在交易部经理进行面谈。职位要求：年龄：20岁-40岁之间。性别：不限。户籍：不限。学历：大专以上（包括大专），有交易经验者面谈。工作经验：不限。（70%的求职者均会得到面试的机会，面试通过后公司会予安排培训。）其它素质：1.对于金融行业有极高的兴趣。2.性格沉稳，情绪不易产生较大波动。3.有极强的时间观念。（交易员的工作性质对于时间和空间上没有要求，相对自由，需要自我约束。）4.对资金流动有较强的驾驭能力。5.能够尽量客观的看待事物的发展。什么是交易员：交易员———其实是一件非常具有艺术性的工作，它是市场的参与者基于对市场的认知、判断而进行的资金、心理博弈。操盘手中，大多性格沉稳，思维独立富有主见，言语缜密。这种性格很多并不是他们的本性，只不过是因为选择了这一职业的原因。守口如瓶是一个职业操盘手最起码的素质。由于动辄就要操纵上亿元的资金，一直以来，外界总有一种误解：成功的交易员都是那些拥有高学位的名牌大学高材生，交易者必须绞尽脑汁才能获利。其实，操盘绝不是学术研究。 跟一般人想象的不同，操盘手每天的生活既不紧张也不神秘，更多的是需要细心，然后剩下的就是枯燥了，因为操作时整天都要盯着走势图。当然压力也很大，因为委托方不仅要求达到每个项目的利润最大化，还要求做到每个阶段利润的最大化。 交易员是个新词，它是随着股市的开启而走进中国人生活的。它的诞生标志着中国经济的变化。交易员不是炒手，他们是不炒单的，因为主力资金不需要炒单，他们做的是趋势，他们的目的是控制盘面而不是靠微小的点差来积累盈利。从一名普通的期货投资者到一名优秀的交易员任职要求：第一，以此为业，栽过跟头，但仍痴心不改，喜欢交易，屡败屡战。交易员是职业交易员，不是票友。专业和业余不可同日而语。在任何一个行业中要取得成功，喜欢此行业并全身心地投入是必不可少的条件。第二，认错不服输，虚心学习，认真总结反思。这是优秀交易员的特质。有信心但不自高自大，精神自由但又遵守纪律，对市场充满了敬畏之心，随时随地听从市场的召唤，绝不会对市场说三道四，幻想着市场会听从自己的意愿。建仓，吸筹，拔高，回档，出货，清仓———是一个交易员的日常工作。交易员泛指金融证券期货市场中受计划指定买卖品种的人。由于动辄就要操纵上亿元的资金，一直以来，外界总有一种误解：成功的交易员都是那些拥有高学位的名牌大学高材生，交易者必须绞尽脑汁才能获利。其实，交易绝不是学术研究。跟一般人想象的不同，交易员每天的生活既不紧张也不神秘，更多的是需要细心，然后剩下的就是枯燥了，因为操作时整天都要盯着走势图。当然压力也很大，因为委托方不仅要求达到每个项目的成本最小化，还要求做到每个阶段利润的最大化。 交易员的九大要点一、正确认识自己，评估自己现在的实际水平；二、在第一步的基础上制定自己补习的方向和内容；三、寻找自己所缺乏的书本知识和真正有好技术又能教授你的老师；四、连续熟读和记忆这些有用的技巧；五、从行情中印证这些新学的东西，改良书本知识为实战内涵；六、大量地看图形和技术分析指标，把形态，成交量等重要的技术学好；七、大量的模拟和训练，以及大胆预测，把自己对大盘分析和个股做出记录，把理由写清楚；八、总结自己学习和实战成果，并作记录背熟，将之变成理论的依据，总结并写出来，系统化、简单化。九、严格意义上，说操盘手只是一个大项目的具体执行者，而且是一个不折不扣的落实人。在执行过程中不得有任何思想的干扰或影响对该项目的执行。                                                                                职位联系方式                                                       公司地址：北京市朝阳区时间国际A座2601、2609室 乘车路线： 地铁10号线三元桥站D口出（地铁门口有标识牌）或A口出（经过凤凰汇购物商业街左转即是时间国际） 公司网址：http://www.bj-lyjt.com/ 联系人：张经理 联系电话: 18612554442 QQ：770638770                                                           查看职位地图') ;
COMMIT;
INSERT INTO "User" ("Name","UserType","CreatedDatetime","UpdatedDatetime","Enabled")
                              VALUES ('632971627250581.htm',4,clock_timestamp(),clock_timestamp(),'t') ;
INSERT INTO "ZhilianUser" ("UserId","NickName","Type","Sex","City" ) VALUES(currval('"hero_reduce"."user_id_seq"'),'632971627250581.htm',0,'null','北京-朝阳区') ; INSERT INTO "JobPosition" ("UserId","Name","Address","Title","Salary","Description")
                          VALUES(currval('"hero_reduce"."user_id_seq"'),'632971627250581.htm','北京-朝阳区','证券分析/金融研究','4001-6000','【岗位职责】1.热爱金融行业，有励志于长期发展这个行业的意愿；2.投融资项目尽职调查，可行性研究，风险评估和控制；3.负责筛选、编辑制作研究报告；4.对客户进行回访咨询服务工作；5.投融资方案和产品的设计和创新；6.负责对行情的分析及喊单；7.编写专业性文稿；8.宏观经济和行业研究；【任职资格】1、掌握经济学理论，有较强的信息搜集能力和数据处理能力，以及独立的行情研究和判断能力； 2、富有激情，较强的亲和力和感染力、良好的文字和语言表达能力、沟通能力，思维敏捷；3、能独立开展调查研究和专题研究工作，熟悉贵金属产业链，能独立撰写研发；4、熟悉双边市场，至少三年以上股票交易经验或一年以上双边市场交易经验。5、具有较强的行情把握能力和投资分析能力和客户沟通能力； 6、能持续性支持培训潜在客户或现有客户； 7、能够吃苦耐劳，有耐心！对于之前没有交易经验，但对金融交易方面产生浓厚兴趣的人才，公司会提供为期两周的免费带薪培训！大学生公司可提供实习或兼职机会！底薪（5000）+高提成+五险+带薪培训+定期旅游、聚餐+年终奖+终身免费晋升培训，收入上不封顶【福利待遇】1、条件符合者，公司将统一安排专业职业技能培训；2、签订全日制固定期限劳动合同、五险一金、底薪+奖金+补贴+绩效+团队业绩奖励；2、周末双休、法定节假日，圣诞、万圣、Bank Holiday休息3、做五休二、OFFICE作息时间，无需加班；4、正式员工享受带薪培训、带薪年假、定期体检，一年四次旅游，每月多聚餐游5、完善成熟的晋升渠道，专业的职业生涯规划，助你成为金融行业精英所述人员一经录用，公司提供完善的在职培训，并有广阔的个人发展空间。 公司名称：嘉城基业投资咨询(北京)有限公司公司地址：北京市朝阳区朝外大街3号山水广场B座804室(地铁六号线东大桥A口出向西走200米) 联系电话：18513315770 周经理公司主页：www.jiachengjiye.com                                                                           职位联系方式                                                       公司名称：嘉城基业投资咨询(北京)有限公司 公司地址：北京市朝阳区朝外大街3号山水广场B座804室(地铁六号线东大桥A口出向西走200米)  联系电话：18513315770 周经理 公司主页：www.jiachengjiye.com                                                          查看职位地图') ;
COMMIT;
INSERT INTO "User" ("Name","UserType","CreatedDatetime","UpdatedDatetime","Enabled")
                              VALUES ('663606924250850.htm',4,clock_timestamp(),clock_timestamp(),'t') ;
INSERT INTO "ZhilianUser" ("UserId","NickName","Type","Sex","City" ) VALUES(currval('"hero_reduce"."user_id_seq"'),'663606924250850.htm',0,'null','北京-朝阳区') ; INSERT INTO "JobPosition" ("UserId","Name","Address","Title","Salary","Description")
                          VALUES(currval('"hero_reduce"."user_id_seq"'),'663606924250850.htm','北京-朝阳区','证券分析/金融研究','4001-6000','(投递简历前，请确定您近期可以参加本公司面试，投递简历后经过筛选会有工作人员给您电话预约面试，请将电话保持开机状态)     金融市场是一个高挑战的行业，也是众所周知的高收入行业，最终资金的曲线，能否盈利，足以证明你的成就和能力。我们不看重与交易无关的因素。我们需要的是专业人才，或正在努力成为专业人才的人。如果你是，请联系我们，相信我们不会令你失望。    【岗位描述】 1、热爱金融行业，有强烈的意愿进入金融投资领域，渴望成为金融职场中的精英。 2、具有良好的自我学习能力与团队合作精神。 3、具有良好的职业操守，有强烈的责任感。 4、无论你之前从事什么行业、学历如何，在这个行业里只要你敢于挑战自我，勇于探索并发现自己的潜力，高收益不是梦想。 5、公司内部气氛融洽，共同发展，有灵活的晋体系和广阔的前景。 6、提供免费的专业岗前培训，为您提供广阔的职业发展机会。  【岗位职责】 1、负责公司指定客户账户或配资账户的资金运作。 2、 配合培训讲师完成新入公司员工的实盘交易辅导。 3、业不限，经济类、理工类专业优先。 4、人品端正，谦虚好学，自信果敢。 5、有很强的数据运算能力及宏观经济数据分析能力。 6、公司提供完善的免费提高培训。     底薪（3000）+高提成+五险+带薪培训+定期旅游、聚餐+年终奖+终身免费晋升培训，收入上不封顶  【福利待遇】 1、条件符合者，公司将统一安排专业职业技能培训； 2、签订全日制固定期限劳动合同、五险一金、底薪+奖金+补贴+绩效+团队业绩奖励；周末双休、法定节假日，圣诞、万圣、Bank Holiday休息 3、做五休二、OFFICE作息时间，无需加班； 4、正式员工享受带薪培训、带薪年假、定期体检，一年四次旅游，每月多聚餐游 5、完善成熟的晋升渠道，专业的职业生涯规划，助你成为金融行业精英     工作时间：朝九晚五  周一到周五   让我们一起成长，嘉城基业欢迎您的加入！！！                                                                                职位联系方式                                                       公司名称：嘉城基业投资咨询(北京)有限公司公司地址：北京市朝阳区朝外大街3号山水广场B座804室(地铁六号线东大桥A口出向西走200米) 联系人：张经理 联系电话：01058413985  公司主页：www.jiachengjiye.com                                                          查看职位地图') ;
COMMIT;
INSERT INTO "User" ("Name","UserType","CreatedDatetime","UpdatedDatetime","Enabled")
                              VALUES ('140061930250306.htm',4,clock_timestamp(),clock_timestamp(),'t') ;
INSERT INTO "ZhilianUser" ("UserId","NickName","Type","Sex","City" ) VALUES(currval('"hero_reduce"."user_id_seq"'),'140061930250306.htm',0,'null','北京-海淀区') ; INSERT INTO "JobPosition" ("UserId","Name","Address","Title","Salary","Description")
                          VALUES(currval('"hero_reduce"."user_id_seq"'),'140061930250306.htm','北京-海淀区','文字编辑/组稿','','服务直播节目方向 岗位职责：1、 负责直播节目当中主持人稿件的整理，以及PPT制作等内容；2、 更新栏目网站内容，整理评论员节目稿件，更新及维护栏目、评论员相关blog； 3、参与节目延伸产品设计和开发；4、策划、组织和实施节目当中话题、活动以及营销方案；5、栏目中各档节目的相关配合。 任职要求：1、大学本科及以上学历，金融、证券投资、经济以及相关专业，30周岁以下；2、熟悉电脑操作，精通offee办公软件，尤以PPT为重。掌握基本网络知识；熟练使用dreamweaver、photoshop等工具软件者优先；3、熟悉主证券领域，对宏观经济有独到见解优先； 4、对理财产品有一定的认识和了解，对财经、金融新闻具有一定的敏感性； 5、有较强的节目策划和编辑能力，具备创新意识，优秀的学习和领悟能力；6、人品端正，工作责任心强，能承受高强度工作压力，认同CCTV证券频道理念，具备团队协作精神，能保证较强的执行力； 7、具有理财领域或大型网站理财编辑工作经验者优先；8、具有证券、基金、期货等从业(执业)资格者优先。                                                                            职位联系方式                                                       公司名称：CCTV证券资讯频道 公司地址：北京市海淀区北三环中路67号  中央新影院内  传真： 公司主页：                                                          查看职位地图') ;
COMMIT;
INSERT INTO "User" ("Name","UserType","CreatedDatetime","UpdatedDatetime","Enabled")
                              VALUES ('612120128252479.htm',4,clock_timestamp(),clock_timestamp(),'t') ;
INSERT INTO "ZhilianUser" ("UserId","NickName","Type","Sex","City" ) VALUES(currval('"hero_reduce"."user_id_seq"'),'612120128252479.htm',0,'null','北京-海淀区') ; INSERT INTO "JobPosition" ("UserId","Name","Address","Title","Salary","Description")
                          VALUES(currval('"hero_reduce"."user_id_seq"'),'612120128252479.htm','北京-海淀区','证券分析/金融研究','10001-15000','入职待遇:初级交易师:底薪5000+车补、饭补、通讯补助500+盈利30%(美金)提成+年终奖金中级交易师:底薪12000+车补、饭补、通讯补助500+盈利40%(美金)提成+年终奖金 + 五险一金高级交易师:底薪18000+车补、饭补、通讯补助500+盈利50%(美金)提成+年终奖金 + 五险一金中、高级交易师如成绩优异者可申请加入公司技术团队，与公司交易部团队协作把公司利益最大化晋升空间：初级交易师—中级交易师—高级交易师—分析师—证券经理岗位职责:正式成为公司的高级员工之后，负责公司指定客户账户或配资账户的资金运作, 在稳定盈利的基础之上会逐步增加操作资金。以稳定且合理的交易方式为前提，及时交易，每月必须完成公司规定的盈利目标，并在此基础上创造更多的盈利，以求盈利的最大化。能够冷静分析金融市场并判断行情走势。配合公司给客户制定参考性的日常策略.配合培训讲师完成新入司员工的实盘交易辅导。把握市场机会，及时交易，确保账户达到稳定盈利，尽可能的达到利益最大化。 成绩优秀者将逐步向中级、高级晋升. 自主独立操作公司理财资金并管理交易团队。任职资格:专业不限，国际金融专业及有实际操作经验者优先考虑。有很强的数据运算能力及宏观经济数据分析能力。可以正确解读世界基本面消息，强大的市场心理面作为支撑。 对金融市场有浓厚的兴趣，立志在金融领域长期发展并有一翻建树的有志之士。人品端正谦虚好学富有团队精神，性格果断、自信、接受新鲜事物能力强。 具有良好的职业操守，有强烈的责任感；敢于面对挑战可承受较大心理压力。 善于分析、能够保持冷静的交易思路和合理的交易策略。 熟悉国内外金融市场，对市场有独特的见解；年龄20至50之间，大专以上学历，有经验者优先,培训期间如果成绩优秀者，可直接进入公司交易团队。预约经理电话：18810534869 赵经理                                                                            职位联系方式                                                      公司名称：北京恒科仲达投资管理有限公司公司地址：海淀区中关村商圈苏州街18号长远天地大厦1107 传真：公司主页：http://www.bjhkzd.com/hzhb.asp                                                          查看职位地图') ;
COMMIT;
INSERT INTO "User" ("Name","UserType","CreatedDatetime","UpdatedDatetime","Enabled")
                              VALUES ('143221614250025.htm',4,clock_timestamp(),clock_timestamp(),'t') ;
INSERT INTO "ZhilianUser" ("UserId","NickName","Type","Sex","City" ) VALUES(currval('"hero_reduce"."user_id_seq"'),'143221614250025.htm',0,'null','北京-海淀区') ; INSERT INTO "JobPosition" ("UserId","Name","Address","Title","Salary","Description")
                          VALUES(currval('"hero_reduce"."user_id_seq"'),'143221614250025.htm','北京-海淀区','证券分析/金融研究','','北京鹿苑天闻投资顾问有限公司（AVAN）一家以市值管理研究和咨询为核心业务的专业机构，是中国上市公司市值管理绩效评价指标体系联合设计人、中国上市公司市值管理研究中心发起人、中国上市公司市值管理年度百佳榜发榜人，也是一年一度中国上市公司市值管理高峰论坛的发起人和承办人。在“专注、专业、专长”经营理念的指导下，公司业务发展长足，成功服务了三百多家签约客户。现因业务快速发展的需要，诚邀行业精英人士加盟。   工作内容： （1）上市公司市值管理相关方向、课题的研究和开发； （2）为相关项目提供理论、数据支持； （3）相关学术论文、报告等的撰写或资料、数据支持；  职位要求： （1）较强的独立工作能力和团队协调能力； （2）较丰富的证券市场研究经验，数据高度敏感，研究作风扎实，较强的文字表达能力； （3）强烈的工作责任心和创新精神； （4）证券公司从业经历3年以上者优先； （5）具有证券业从业资格等相关资格证书者优先。   薪酬待遇： 1、一经录用，将提供良好的职业晋升渠道和具有市场竞争力的薪酬和福利。 2、工作地点除专门注明外均在北京  应聘资料： 请将简历（附2寸免冠照片和全身生活照）发送至：liufx@avannet.com.cn  或邮寄至：北京鹿苑天闻投资顾问有限责任公司 地   址 ：北京市海淀区曙光花园中路11号农科大厦B座15层    邮   编 ：100097  注：简历要求：教育背景包括本科及以上学历教育学校、专业院系；工作背景包括工作经历、各阶     段的岗位职责、职务及主要业绩；个人特点介绍包括口头笔头表达能力等，最好补充个人对业     务的理解和思考。  联系方式： 电　　话：(010)51653535--608　　　　 传　　真：(010)51502082  联 系 人：公司人力资源部 公司网站:www.avannet.com.cn   (注：合则约见，资料恕不退还。谢绝来电来访，谢谢您的理解与支持。）                                                                           职位联系方式                                                       公司名称：北京鹿苑天闻投资顾问有限责任公司 公司地址：北京市海淀区曙光花园中路11号农科大厦B座15层  传真：010-51502082 公司主页：www.avannet.com.cn                                                          查看职位地图') ;
COMMIT;
INSERT INTO "User" ("Name","UserType","CreatedDatetime","UpdatedDatetime","Enabled")
                              VALUES ('675733624250138.htm',4,clock_timestamp(),clock_timestamp(),'t') ;
INSERT INTO "ZhilianUser" ("UserId","NickName","Type","Sex","City" ) VALUES(currval('"hero_reduce"."user_id_seq"'),'675733624250138.htm',0,'null','北京') ; INSERT INTO "JobPosition" ("UserId","Name","Address","Title","Salary","Description")
                          VALUES(currval('"hero_reduce"."user_id_seq"'),'675733624250138.htm','北京','证券分析/金融研究','','岗位指责： 1、配合分析师撰写理财产品的分析报告，为客户实现资产保值增值； 2、能够独立向客户提供与公司金融业务相关的资产增值服务，并解释清晰； 3、辅助业务团队进行工作，帮助意向客户解答专业问题；  4、在分析师的指导下，完成代理商办座谈会的要求； 5、表现出众者经考核达标后可逐步向高级分析师或市场技术管理阶层发展；     职能描述： 1、大专及以上学历，年龄在20-26岁之间，有1年以上工作经验优先考虑； 2、有较强的学习力，对金融有浓厚兴趣，善于分析思考，有志在金融业长期发展； 3、具有较强的观察、分析能力，能迅速捕捉市场动态，有独立的工作意识，创新能力强； 4、诚实守信、工作细致，具有较强的学习能力和团队合作精神；  5、自信，能承受较大的工作压力，遇到困难不轻易放弃，具有很强工作责任心；                 联系方式 公司名称：北京金慧通投资管理有限公司 公司地址：北京市朝阳区建国路88号soho现代城A座2606 公司电话：010-53399075  公司邮箱：jht-hr@hotmail.com                                                                                职位联系方式                                                                                                                查看职位地图') ;
COMMIT;
INSERT INTO "User" ("Name","UserType","CreatedDatetime","UpdatedDatetime","Enabled")
                              VALUES ('675733624250139.htm',4,clock_timestamp(),clock_timestamp(),'t') ;
INSERT INTO "ZhilianUser" ("UserId","NickName","Type","Sex","City" ) VALUES(currval('"hero_reduce"."user_id_seq"'),'675733624250139.htm',0,'null','北京') ; INSERT INTO "JobPosition" ("UserId","Name","Address","Title","Salary","Description")
                          VALUES(currval('"hero_reduce"."user_id_seq"'),'675733624250139.htm','北京','证券分析/金融研究','','岗位职责： 1、熟悉金融市场，具备基本的金融知识和分析技巧。 2、负责为客户提供各种理财咨询、建议服务； 3、学习金融、经济新闻事件，了解市场行情的不断变化。 4、完成部门每天要求的学习任务以及工作任务。     任职要求： 1、18-25岁、五官端正，性格开朗，大专以上学历； 2、对金融行业有浓厚兴趣，金融、国际贸易，市场营销、工商管理等相关专业优先； 3、有良好的沟通能力，很好的亲和力和较强的人际交往能力； 4、守纪侓和行业规范，能接受严格专业培训，具有敬业精神及团队合作意识； 5、谦虚好学，思维敏捷、具有良好的心里素质。         联系方式 公司名称：北京金慧通投资管理有限公司 公司地址：北京市朝阳区建国路88号soho现代城A座2606 公司电话：010-53399075  公司邮箱：jht-hr@hotmail.com                                                                               职位联系方式                                                                                                                查看职位地图') ;
COMMIT;
INSERT INTO "User" ("Name","UserType","CreatedDatetime","UpdatedDatetime","Enabled")
                              VALUES ('675733624250140.htm',4,clock_timestamp(),clock_timestamp(),'t') ;
INSERT INTO "ZhilianUser" ("UserId","NickName","Type","Sex","City" ) VALUES(currval('"hero_reduce"."user_id_seq"'),'675733624250140.htm',0,'null','北京') ; INSERT INTO "JobPosition" ("UserId","Name","Address","Title","Salary","Description")
                          VALUES(currval('"hero_reduce"."user_id_seq"'),'675733624250140.htm','北京','证券分析/金融研究','','岗位职责 1、熟悉国际及国内金融市场，分析相关的行业信息数据,为客户提供投资建议 2、较强的行情把握能力和投资分析能力。 3、熟悉金融衍生品市场,能及时把握各方面信息,有敏锐的视角,独特的见解 4、为客户提供金融投资咨询，以及全球市场行情和评论，提供专业的投资分析报告； 5、接受客户咨询，辅导客户进行投资理财。 6、为投资者进行金融投资培训和操作指导及其他日常服务。   任职要求 1：18-30岁海外留学生、硕士以上学历 2：五官端正、性格开朗、思维敏捷、有良好的沟通与表达能力 3：熟悉国际金融交易体系、了解国际金融衍生品市场 4：金融、经济学或数学专业、有国际金融衍生品交易经验者优先； 5：热爱并喜欢从事金融行业，勤奋踏实，有远见卓识，并致力于伴随国内的金融市场逐渐发展。         联系方式 公司名称：北京金慧通投资管理有限公司 公司地址：北京市朝阳区建国路88号soho现代城A座2606 公司电话：010-53399075  公司邮箱：jht-hr@hotmail.com                                                                               职位联系方式                                                                                                                查看职位地图') ;
COMMIT;
INSERT INTO "User" ("Name","UserType","CreatedDatetime","UpdatedDatetime","Enabled")
                              VALUES ('675733624250142.htm',4,clock_timestamp(),clock_timestamp(),'t') ;
INSERT INTO "ZhilianUser" ("UserId","NickName","Type","Sex","City" ) VALUES(currval('"hero_reduce"."user_id_seq"'),'675733624250142.htm',0,'null','北京') ; INSERT INTO "JobPosition" ("UserId","Name","Address","Title","Salary","Description")
                          VALUES(currval('"hero_reduce"."user_id_seq"'),'675733624250142.htm','北京','股票/期货操盘手','','岗位职责： 1.负责公司指定客户账户或配资账户的资金运作。 2.具有丰富的市场分析能力，做出每日交易计划，熟练掌握各种分析工具。 3.配合培训讲师完成新入公司员工的实盘交易辅导。 4.把握市场机会，及时交易，确保账户达到持续稳定盈利，尽可能的达到利益最大化。     岗位要求： 1、热爱金融行业，对国内金融市场有独到的观点，良好的逻辑思路能力。 2、专业不限，经济类、理工类，或有相关培训经历、工作经验的优先。 3、人品端正，谦虚好学，自信果敢。 4、有很强的数据运算能力及宏观经济数据分析能力。 5、有稳定的盈利能力、专业的分析能力，熟悉基本面，技术面的各方面的知识。       联系方式 公司名称：北京金慧通投资管理有限公司 公司地址：北京市朝阳区建国路88号soho现代城A座2606 公司电话：010-53399075  公司邮箱：jht-hr@hotmail.com                                                                                职位联系方式                                                          公司名称：北京金慧通投资管理有限公司 公司地址：北京市朝阳区建国路88号soho现代城A座2606 公司电话：010-53399075  公司                                                            查看职位地图') ;
COMMIT;
INSERT INTO "User" ("Name","UserType","CreatedDatetime","UpdatedDatetime","Enabled")
                              VALUES ('430010324250031.htm',4,clock_timestamp(),clock_timestamp(),'t') ;
INSERT INTO "ZhilianUser" ("UserId","NickName","Type","Sex","City" ) VALUES(currval('"hero_reduce"."user_id_seq"'),'430010324250031.htm',0,'null','北京-朝阳区') ; INSERT INTO "JobPosition" ("UserId","Name","Address","Title","Salary","Description")
                          VALUES(currval('"hero_reduce"."user_id_seq"'),'430010324250031.htm','北京-朝阳区','证券分析/金融研究','','投资银行分析员职位描述1. 金融、投资、经济、财务、工商管理等专业硕士及以上学历，2. 良好的项目分析、行业分析能力和敏锐的判断能力，良好的逻辑分析能力，3. 良好的财务背景，熟悉财务分析和财务预算。金融知识扎实，熟练掌握融资流程，金融模型和专项业务知识；4. 具有独立的分析事物的能力，有较强财务分析能力、市场分析能力、撰写尽职调查报告、行业研究报告、投资分析报告等；资产评估经验者优先；5. 具有较强的沟通谈判能力、客户关系维护能力、团队合作意识，及任务执行力；6. 具有流畅的中英文口语及写作能力，能熟练编制各种计划书，项目方案；7. 目标意识强，喜欢有挑战性的工作，有韧性，能承受较大工作压力；8. 投资银行、基金，证券等金融机构相关工作；获得CFA，CPA,ACCA等证书者优先。                                                                            职位联系方式                                                      公司名称：北京广能投资基金管理有限公司公司地址：北京市朝阳区北四环中路27号盘古大观A座2712公司主页：www.gnfund.cn') ;
COMMIT;
INSERT INTO "User" ("Name","UserType","CreatedDatetime","UpdatedDatetime","Enabled")
                              VALUES ('688547724250041.htm',4,clock_timestamp(),clock_timestamp(),'t') ;
INSERT INTO "ZhilianUser" ("UserId","NickName","Type","Sex","City" ) VALUES(currval('"hero_reduce"."user_id_seq"'),'688547724250041.htm',0,'null','北京-朝阳区') ; INSERT INTO "JobPosition" ("UserId","Name","Address","Title","Salary","Description")
                          VALUES(currval('"hero_reduce"."user_id_seq"'),'688547724250041.htm','北京-朝阳区','股票/期货操盘手','10001-15000','龙腾万泰是一家专注于为企业、机构、VIP客户提供理财投资服务的公司，为国内投资者提供金融讲座和投资咨询的企业。也是具有国家人力资源部和社会保障部联合授权《国家贵金属交易师》北京市招生培训资质的投资管理公司。 岗位描述： 1、热爱交易、对金融经济知识感兴趣,对金融市场有浓厚的兴趣，立志在金融领域长期发展并有一翻建树的有志之士。  2、具有良好的学习能力与团队精神，果断、自信、接受新鲜事物能力强。  3、敢于挑战自我，勇于凭自己的努力和本领获得高收益。 4、无论你之前从事什么行业、学历如何，在这个行业里只要你敢于挑战自我，勇于探索并发现自己的潜力，高收益不是梦想。 5、理想的工作环境且公司内部气氛融洽，有灵活的晋升体系和广阔的前景。 6、提供免费的专业岗前培训，为您提供绝佳的职业发展机会。 任职资格： 1、年龄20～50之间、性别不限  2、中专以上学历（包括中专学历）,培训期间有大量的空余时间，对金融知识感兴趣；  3、有很强的执行力和自制力，日常生活作息规律；  4、有较强的学习能力，对于新知识有较强的接受能力；  5、心理稳定，耐心细致，有责任心，具有保密意识； 6、对于基础薄弱或无经验者有专业的入职培训。（有交易经验者可直接联系面谈。 薪资待遇： 初级交易员：5500底薪 + 提成20% + 节假日福利 + 年终奖 中级交易员：10000底薪 + 提成30% + 五险一金 + 节假日福利 + 年终奖+五险一金 高级交易员：15000底薪 + 提成40% + 五险一金 + 节假日福利 + 年终奖+五险一金 （注 无需交易员外出寻找客户，只需操作公司账户即可） 你的人生起点并不重要，重要的是你最终抵达了哪里！                                                                           职位联系方式                                                       职位联系方式 公司名称：龙腾万泰(北京)国际资产管理有限公司公司地址：北京市朝阳区农展馆南路13号 联系人：吴先生电话：15321214843/18001398403                                                          查看职位地图') ;
COMMIT;
INSERT INTO "User" ("Name","UserType","CreatedDatetime","UpdatedDatetime","Enabled")
                              VALUES ('643259621250063.htm',4,clock_timestamp(),clock_timestamp(),'t') ;
INSERT INTO "ZhilianUser" ("UserId","NickName","Type","Sex","City" ) VALUES(currval('"hero_reduce"."user_id_seq"'),'643259621250063.htm',0,'null','北京') ; INSERT INTO "JobPosition" ("UserId","Name","Address","Title","Salary","Description")
                          VALUES(currval('"hero_reduce"."user_id_seq"'),'643259621250063.htm','北京','证券分析/金融研究','4001-6000','岗位描述： 1、对贵金属市场进行行情分析，撰写白银市场评论2、对财经新闻事件具备一定敏感性，协助分析师对公司产品的行情走势进行及时的分析和总结并制定出交易策略3、学习独立投资课程设计、编制与授课行情及投资类课程。 4、有较强的适应能力、责任心、团队合作能力等。 5、要求团队责任心及公司归属感强。培养方式 对于没有交易经验零基础学员，却对金融衍生品操作职位有兴趣者。公司愿意提供免费的培训。有专业的交易团队手把手带你走进交易市场。我们的培训交易团队有绝对的信心让你在培训期后，有自己的交易系统与理论，让你找到自己在交易市场的立足点，为公司和你个人创造更大的利益。 任职要求： 1、中专以上学历,金融专业优先，培训期间有大量的空余时间；2、热爱交易、对金融经济知识感兴趣；3、有很强的执行力，自制力强；日常生活有规律、有计划；4、有较强的学习能力，抗压能力、新知识的接受能力；5、耐心细致，有责任心，具有保密意识；6、对于基础薄弱或者无经验者有专业的入职培训。7、公司提供良好的晋升机制                                                                           职位联系方式                                                       联系人：李先生 联系电话：13501319580 公司名称：北京睿银大通商品经营有限公司   公司地址：朝阳区东大桥尚都国际中心1202/03   传 真：010-58702068   公司主页：http://cfd68.com/                                                          查看职位地图') ;
COMMIT;
INSERT INTO "User" ("Name","UserType","CreatedDatetime","UpdatedDatetime","Enabled")
                              VALUES ('369050315252609.htm',4,clock_timestamp(),clock_timestamp(),'t') ;
INSERT INTO "ZhilianUser" ("UserId","NickName","Type","Sex","City" ) VALUES(currval('"hero_reduce"."user_id_seq"'),'369050315252609.htm',0,'null','北京-朝阳区') ; INSERT INTO "JobPosition" ("UserId","Name","Address","Title","Salary","Description")
                          VALUES(currval('"hero_reduce"."user_id_seq"'),'369050315252609.htm','北京-朝阳区','股票/期货操盘手','15001-25000','龙阳集团 北京投资第一分公司 因公司发展要求，现招聘培养交易员、操盘手  任职要求：1、热爱金融行业有意在金融交易行业崭露头角，有远大抱负，想成为优秀的交易员。2、品格端正，具备执行力强、勇敢、果断、冷静等特点。3、公司氛围融洽，自由的岗位，轻松的挣钱，团结一心，共同发展，且有灵活的晋升体系和广阔的前景。工作内容：工作自由:全球24小时均可交易，工作时间和地点自己选择。工作职责:耐心等待属于自己的交易信号，严格按照交易流程执行操作。  1、资金均由公司提供，不需承担风险。 录用人员，公司将统一、全面的给予员工提供免费的、专业的、系统的岗前带薪培训，培训时间（9：30--16:00）周六、日休息。2、公司将全资提供资金支持，交易员所使用交易账户也是公司提供。注：龙阳集团公司 郑重声明:面试不收取任何费用。正式入职后，培训补助计入首月工资。 薪资待遇：一、初级：底薪5000  + 五险一金+20%提成+福利（收入一般在6000-7000）二、中级：底薪10000 + 五险一金+30%提成+福利（收入一般在12000-15000）三、高级：底薪15000 + 五险一金+40%提成+福利（收入一般在18000-20000） 提成方案： 底薪 + 提成+福利，无封顶。想了解公司更多信息，请与我们HR联系或将您的简历投递到网站，公司期待您的加入。  职位联系方式：公司名称：深圳市龙阳商务咨询有限公司北京第一分公司公司地址：北京市朝阳区三元桥时间国际A座2601室（三元桥10号线地铁直达D口出）联系经理：金经理联系电话：010-57283204 18210662298联系QQ:114342060公司网站：www.bj-lyjt.com简历邮箱：kimhr@bj-lyjt.com                                                                            职位联系方式                                                      职位联系方式：公司名称：深圳市龙阳商务咨询有限公司北京第一分公司公司地址：北京市朝阳区三元桥时间国际A座2601室（三元桥10号线地铁直达D口出）联系经理：金经理联系电话：010-57283204 18210662298联系QQ:114342060公司网站：www.bj-lyjt.com简历                                                          查看职位地图') ;
COMMIT;
INSERT INTO "User" ("Name","UserType","CreatedDatetime","UpdatedDatetime","Enabled")
                              VALUES ('425147415250001.htm',4,clock_timestamp(),clock_timestamp(),'t') ;
INSERT INTO "ZhilianUser" ("UserId","NickName","Type","Sex","City" ) VALUES(currval('"hero_reduce"."user_id_seq"'),'425147415250001.htm',0,'null','北京') ; INSERT INTO "JobPosition" ("UserId","Name","Address","Title","Salary","Description")
                          VALUES(currval('"hero_reduce"."user_id_seq"'),'425147415250001.htm','北京','证券分析/金融研究','6001-8000','岗位职责：1、负责外汇、贵金属基本面、技术分析研究；2、负责客户外汇、贵金属问题答疑,安排外汇、贵金属市场培训讲座；3、负责与各部门之间的沟通,配合市场部进行市场推广；4、负责外汇、贵金属市场新产品开发。 任职资格：1、具有较强的中、英文口头及文字表达功底，能独立完成金融市场分析的研究报告；2、全日制本科以上学历，计量经济学专业、金融学专业或相关专业，对全球经济、金融形势有深入研究者优先，对技术分析有深入研究者优先；3、熟练使用SPSS,SAS或EVIEWS等统计软件；4、有金融行业培训经验2年以上者优先；5、具有良好的团队合作精神、较强的责任心及工作热情。   公司待遇 1、高额底薪+培训提成+饭补+全勤奖+部门奖金+年终奖励； 2、按照国家法律规定为每位员工办理社会保险; 3、固定的工作时间：上午9:00--12:00，下午13:00--17:30（享受国家法定假日：五一、国庆、中秋、元旦、年假等。另外享有婚假、产假。）      便利的交通：地铁2号线安定门，地铁5号线和平里北街、快速公交3、18、27、104、108、113、119、124、201、328、358、407、417支、758、803、850、858、912、415、847、849路地坛公园西门。                                                                             职位联系方式                                                       公司名称：北京金泰和亚投资管理有限公司 公司地址：北京市东城区安定门外大街138号皇城国际A座1905  电    话：010-64267686  李经理 公司主页：http：//www.caifuhy.com                                                          查看职位地图') ;
COMMIT;
INSERT INTO "User" ("Name","UserType","CreatedDatetime","UpdatedDatetime","Enabled")
                              VALUES ('369050315252610.htm',4,clock_timestamp(),clock_timestamp(),'t') ;
INSERT INTO "ZhilianUser" ("UserId","NickName","Type","Sex","City" ) VALUES(currval('"hero_reduce"."user_id_seq"'),'369050315252610.htm',0,'null','北京-朝阳区') ; INSERT INTO "JobPosition" ("UserId","Name","Address","Title","Salary","Description")
                          VALUES(currval('"hero_reduce"."user_id_seq"'),'369050315252610.htm','北京-朝阳区','证券分析/金融研究','5000-8000','岗位描述：1:对金融行业和理财投资有浓厚的兴趣及意愿，致力于把金融行业作为事业发展方向；渴望成为金融职场中的精英一族。2:人品端正，谦虚好学，自信果敢，有较强的学历能力，具有团队合作精神。3:有较强的分析能力、风险控制能力、思路清晰、心态端正、擅于把握市场机会，及时完成交易确保账户利益最大化。4:公司内部气氛融洽，共同发展，有灵活的晋升体系和广阔的前景。初级操盘手职位待遇：1.基本工资：5000元2.提成：盈利部分20%3.保险：五险一金（按国家规定）4.假期：正常双休，正常节假。（带薪年假）5.加班时间安排：每月第一个星期五需要加班。（20:30到22点之间）可在家里加班，QQ需在线。初级操盘手晋升路线1、接受免费统一的学习培训和模拟训练。2、成绩优秀的操盘手将逐步晋升为中级、高级操盘手。3、级别越高，机会越多，收入越高。4、以稳定盈利为最高目标。5、认同公司的发展理念，愿意与公司共同拓展业务。初级操盘手工作内容1.早10:00-12：00 14:00-17:00.2.针对个货币走势分析当日盘面，价格所处位置。3.分析当日交易环境。4.评估各交易标的风暴比。5.做出当日交易计划。6.严格按照当日交易计划进行操作。岗位要求1.工作经验：工作经验不限，公司内部提供培训学习机会。有交易经验者优先。2.年龄限制：20岁-35岁之间。3.性别限制：性别不限。4.学历要求：大专以上学历。5.有责任心：对公司公司资金，客户资金理性操作，是资本稳定增长。6.执行能力高：能够严格执行交易计划。7.风险意识高：按照分控标准合理操作公司及客户资金，切记重仓，抗单。本公司致于打造国内金融市场资本运作团队，有兴趣者请积极与HR取得联系。公司地址：北京市朝阳区时间国际大厦A座2601室人事部电话：010-56260720（对职位有疑问或有兴趣者，请积极与HR联系）人事部邮箱：likaihr@bj-lyjt.com人事部经理：李凯                                                                           职位联系方式                                                      公司地址：北京市朝阳区时间国际大厦A座2601室人事部电话：010-56260720（对职位有疑问或有兴趣者，请积极与HR联系）人事部人事部经理：李凯') ;
COMMIT;
INSERT INTO "User" ("Name","UserType","CreatedDatetime","UpdatedDatetime","Enabled")
                              VALUES ('553909420261251.htm',4,clock_timestamp(),clock_timestamp(),'t') ;
INSERT INTO "ZhilianUser" ("UserId","NickName","Type","Sex","City" ) VALUES(currval('"hero_reduce"."user_id_seq"'),'553909420261251.htm',0,'null','北京-朝阳区') ; INSERT INTO "JobPosition" ("UserId","Name","Address","Title","Salary","Description")
                          VALUES(currval('"hero_reduce"."user_id_seq"'),'553909420261251.htm','北京-朝阳区','证券分析/金融研究','8001-10000','乔治.索罗斯说:“你可以生于贫穷,但绝不能死于贫穷”基于其本人当初明智的职业选择，完成了他的财富梦想！也正是因为其1992年对英镑的一笔狙击，获利30多亿美金，一跃成为当年华尔街首富！这就是操盘手创造的财富传奇！其实操盘手的工作很简单！！！一台接入互联网的电脑，一张书桌，一把椅子！设想一下这样的场景：1、 任何时候，当你有想赚钱的想法时；2、 打开电脑，确认互联网接入服务正常；3、 打开交易程序，进入交易平台界面；4、 交易；5、 “捡钱”，放进口袋！怎么样，是不是很简单？没错，赚钱就这么容易！这就是操盘手职业的魅力所在！因公司规模扩大，现招聘培养操盘手：职位要求：热爱金融行业，有财富自由、财务自主的愿望。积极乐观、诚实自信。面试通过者接受免费统一的专业培训和导师一对一的针对指导。薪酬待遇: 初级操盘手：基本工资5500元 + 岗位补贴 + 提成 + 年终奖 中级操盘手：基本工资10000元 + 岗位补贴 + 提成 + 年终奖 + 五险一金 高级操盘手：基本工资15000元 + 岗位补贴 + 提成 + 年终奖 + 五险一金 .职位描述：一、初级操盘手1、无风险操作公司提供的资金帐户2、把握市场机会，及时交易，确保账户达到稳定盈利，尽可能的达到利益最大化。二、中级操盘手1、无风险操作公司提供的资金帐户2、有很强的分析能力，擅长并酷爱交易工作。3、具有丰富的市场分析能力，做出每日交易计划，熟练掌握各种分析工具。4、把握市场机会，及时交易，确保账户达到稳定盈利，尽可能的达到利益最大化。成为业内精英人才.三、高级操盘手1、负责公司指定大资金账户的无风险操作。2、有很强的数据运算能力及宏观经济数据分析能力。 3、交易风格多样化，能承受较强的心理压力，能独立完成大资金账户操作，有稳定盈利交易记 录者优先；4、热衷于金融行业，关注全球金融走势，有交易的最新理念保持一致水准并有较高实操经验人士优先 职位优势: 本职位无工作时间、地点限制,能做网上交易即可，可在家操盘。灵活的晋升体系和广阔的发展空间，可兼职。晋升空间：免费培训—评估—初级操盘手—中级操盘手—高级操盘手—交易经理—交易总监如果您想尝试更回报的行业，体现您的能力，可以投递简历，我们的HR收到您的简历会及时回复联系您。操盘手、交易员的职位可实习，可兼职，工作时间地点随意。不需要外出寻找客户，安心的通过您自主的分析进行交易买卖即可。欢迎有识之士加入公司，共创辉煌。职位联系方式公司名称：北京巨源时代投资管理有限公司公司地址：北京市朝阳区国贸建外soho东区B座806联 系 人： 莫经理  13910170543                                                                           职位联系方式                                                      职位联系方式公司名称：北京巨源时代投资管理有限公司公司地址：北京市朝阳区国贸建外soho东区B座806联 系 人： 莫经理 13910170543') ;
COMMIT;
INSERT INTO "User" ("Name","UserType","CreatedDatetime","UpdatedDatetime","Enabled")
                              VALUES ('617435629250173.htm',4,clock_timestamp(),clock_timestamp(),'t') ;
INSERT INTO "ZhilianUser" ("UserId","NickName","Type","Sex","City" ) VALUES(currval('"hero_reduce"."user_id_seq"'),'617435629250173.htm',0,'null','北京-东城区') ; INSERT INTO "JobPosition" ("UserId","Name","Address","Title","Salary","Description")
                          VALUES(currval('"hero_reduce"."user_id_seq"'),'617435629250173.htm','北京-东城区','股票/期货操盘手','6001-8000','岗位描述： 1:对金融行业和理财投资有浓厚的兴趣及意愿，致力于把金融行业作为事业发展方向；渴望成为金融职场中的精英一族。 2:人品端正，谦虚好学，自信果敢，有较强的学历能力，具有团队合作精神。 3:有较强的分析能力、风险控制能力、思路清晰、心态端正、擅于把握市场机会，及时完成交易确保账户利益最大化。 4:公司内部气氛融洽，共同发展，有灵活的晋升体系和广阔的前景。  述职要求： 1、大专以上学历,金融专业优先，培训期间有大量的空余时间； 2、热爱交易、对金融经济知识感兴趣； 3、有很强的执行力，自制力强；日常生活有规律、有计划； 4、有较强的学习能力，新知识的接受能力； 5、抗压能力； 6、耐心细致，有责任心，具有保密意识； 7、对于基础薄弱或者无经验者有专业的入职培训。    待遇:  1、6000-8000 + 五险一金+手数返佣 月薪可达到15000以上 2、公司提供五险一金，享受国家法定节假日； 3、公司定期员工野外拓展活动； 4、公开透明的晋升机制，给您提供一个广阔的平台。  作息时间：周一至周五9点----12点；13点----晚17；享受国家法定节假日；                                                                            职位联系方式                                                       公司名称：北京高联投资有限公司 公司地址：东城区东直门天恒大厦A座F层 联系电话：010-84608830 在线QQ：1256414677 中国公司官网:www.gltz9.com 新西兰公司官网：www.rgmfx.com                                                          查看职位地图') ;
COMMIT;
INSERT INTO "User" ("Name","UserType","CreatedDatetime","UpdatedDatetime","Enabled")
                              VALUES ('632971627250582.htm',4,clock_timestamp(),clock_timestamp(),'t') ;
INSERT INTO "ZhilianUser" ("UserId","NickName","Type","Sex","City" ) VALUES(currval('"hero_reduce"."user_id_seq"'),'632971627250582.htm',0,'null','北京-朝阳区') ; INSERT INTO "JobPosition" ("UserId","Name","Address","Title","Salary","Description")
                          VALUES(currval('"hero_reduce"."user_id_seq"'),'632971627250582.htm','北京-朝阳区','证券分析/金融研究','4001-6000','【岗位职责】1.热爱金融行业，有励志于长期发展这个行业的意愿；2.投融资项目尽职调查，可行性研究，风险评估和控制；3.负责筛选、编辑制作研究报告；4.对客户进行回访咨询服务工作；5.投融资方案和产品的设计和创新；6.负责对行情的分析及喊单；7.编写专业性文稿；8.宏观经济和行业研究；【任职资格】1、掌握经济学理论，有较强的信息搜集能力和数据处理能力，以及独立的行情研究和判断能力； 2、富有激情，较强的亲和力和感染力、良好的文字和语言表达能力、沟通能力，思维敏捷；3、能独立开展调查研究和专题研究工作，熟悉贵金属产业链，能独立撰写研发；4、熟悉双边市场，至少三年以上股票交易经验或一年以上双边市场交易经验。5、具有较强的行情把握能力和投资分析能力和客户沟通能力； 6、能持续性支持培训潜在客户或现有客户； 7、能够吃苦耐劳，有耐心！对于之前没有交易经验，但对金融交易方面产生浓厚兴趣的人才，公司会提供为期两周的免费带薪培训！大学生公司可提供实习或兼职机会！底薪（5000）+高提成+五险+带薪培训+定期旅游、聚餐+年终奖+终身免费晋升培训，收入上不封顶【福利待遇】1、条件符合者，公司将统一安排专业职业技能培训；2、签订全日制固定期限劳动合同、五险一金、底薪+奖金+补贴+绩效+团队业绩奖励；2、周末双休、法定节假日，圣诞、万圣、Bank Holiday休息3、做五休二、OFFICE作息时间，无需加班；4、正式员工享受带薪培训、带薪年假、定期体检，一年四次旅游，每月多聚餐游5、完善成熟的晋升渠道，专业的职业生涯规划，助你成为金融行业精英所述人员一经录用，公司提供完善的在职培训，并有广阔的个人发展空间。 公司名称：嘉城基业投资咨询(北京)有限公司公司地址：北京市朝阳区朝外大街3号山水广场B座804室(地铁六号线东大桥A口出向西走200米) 联系电话：18513315770 周经理公司主页：www.jiachengjiye.com                                                                           职位联系方式                                                       公司名称：嘉城基业投资咨询(北京)有限公司 公司地址：北京市朝阳区朝外大街3号山水广场B座804室(地铁六号线东大桥A口出向西走200米)  联系电话：18513315770 周经理 公司主页：www.jiachengjiye.com                                                          查看职位地图') ;
COMMIT;
INSERT INTO "User" ("Name","UserType","CreatedDatetime","UpdatedDatetime","Enabled")
                              VALUES ('546867529250440.htm',4,clock_timestamp(),clock_timestamp(),'t') ;
INSERT INTO "ZhilianUser" ("UserId","NickName","Type","Sex","City" ) VALUES(currval('"hero_reduce"."user_id_seq"'),'546867529250440.htm',0,'null','北京-朝阳区') ; INSERT INTO "JobPosition" ("UserId","Name","Address","Title","Salary","Description")
                          VALUES(currval('"hero_reduce"."user_id_seq"'),'546867529250440.htm','北京-朝阳区','证券分析/金融研究','','在职人数：1人年龄：27-40岁文化水平：大专以上学历岗位职责：1、接收客户资料申请，进行资料审核，进行真假性识别；2、申请表填写完整、提高资料完整性；3、对于客户有行资产和其抵押物做到准确评估；4、根据网络进行三分信息核查，面审客户及所有的联系方式，交叉检验客户信息，符合逻辑性关系；5、集合客户资料进行抗风险分析、疑点分析、稳定性分析、真实性分析、还款能力分析，整体的风险点汇总，初步授信。任职要求：1、大专或以上学历；2、主动周到的客户服务意识，较强的风险防控意识；3、善于沟通，书面及语言表达能力良好；4、金融、法律专业优先考虑；5如有上述应聘者从业资历较强，硬件条件可放宽优待。薪金待遇：1、上班时间早九晚六，周末双休；2、工资面议，3-7天带薪培训+五险+全勤奖+各项补助及季度、年度奖励；3、享有国家规定的法定假日（带薪）以及年假、婚假及产假；4、公司免费提供带薪技术培训和业务培训，以及工作日的国内及国际旅游。我们公司会永远期待有思想、爱挑战、有创新的您来参加，我们公司永远为您敞开大门，不管是拥有人脉的精英，还是刚毕业的小苗，我们都会更加呵护你成长，并给您无限的发挥空间和平台，让您自豪，在此，东亿融合（北京）管理顾问有限公司等着您的到来！欢迎您致电公司，我们会等您的到来。                                                                            职位联系方式                                                      公司名称：东亿融合(北京)管理顾问有限公司公司地址：北京市朝阳区百子湾桥大成国际中心A1座309 公司电话：15300076687 15321371928 联系人： 孙小姐') ;
COMMIT;
INSERT INTO "User" ("Name","UserType","CreatedDatetime","UpdatedDatetime","Enabled")
                              VALUES ('132284154250230.htm',4,clock_timestamp(),clock_timestamp(),'t') ;
INSERT INTO "ZhilianUser" ("UserId","NickName","Type","Sex","City" ) VALUES(currval('"hero_reduce"."user_id_seq"'),'132284154250230.htm',0,'null','北京') ; INSERT INTO "JobPosition" ("UserId","Name","Address","Title","Salary","Description")
                          VALUES(currval('"hero_reduce"."user_id_seq"'),'132284154250230.htm','北京','证券分析/金融研究','','岗位名称：TMT基金分析员     工作地点：北京     岗位职责：  1.      对细分行业进行深度分析；  2.      相对独立地对目标公司进行商务尽职调查，并协助财务及法律尽职调查；  3.      搭建财务模型及估值模型；  4.      参与编写投资报告。     岗位要求：  1.      硕士及以上学历，有海外商学院教育背景者优先；  2.      1年以上外资投行或管理咨询公司工作经验，或2年以上审计工作经验；  3.      能熟练搭建财务模型；  4.      学习能力强，能快速进行行业分析；  5.      细致认真，责任心强，具有团队合作精神。                                                                            职位联系方式                                                      公司名称：华泰证券股份有限公司公司地址：中国南京中山东路90号华泰证券大厦 传真：公司主页：                                                          查看职位地图') ;
COMMIT;
INSERT INTO "User" ("Name","UserType","CreatedDatetime","UpdatedDatetime","Enabled")
                              VALUES ('135038057250580.htm',4,clock_timestamp(),clock_timestamp(),'t') ;
INSERT INTO "ZhilianUser" ("UserId","NickName","Type","Sex","City" ) VALUES(currval('"hero_reduce"."user_id_seq"'),'135038057250580.htm',0,'null','北京-朝阳区') ; INSERT INTO "JobPosition" ("UserId","Name","Address","Title","Salary","Description")
                          VALUES(currval('"hero_reduce"."user_id_seq"'),'135038057250580.htm','北京-朝阳区','证券分析/金融研究','6001-8000','致求职者的话： 首先要恭喜您在打开此页面的同时，您内心的睿智选择已经引领您向金融领域中的高收入职业迈出了幸运并且前景无限的第一步。如果您有意加入到我们操盘手的交易团队当中，公司的交易团队和讲师会引导您坚实而踏实的走好日后职业发展的每一步。请您在相信您自己内心选择的基础上相信公司的团队，认真努力的和我们一路走下去，未来三到五年内在北京相对中心的位置拥有一套属于自己的安身立命之所，绝不是太难的事情。相信您自己的选择，更要相信您自身的能力，加入到我们阳光的交易团队当中，为您今后梦想与人生的启航做好坚实的经济铺垫。   乔治.索罗斯说：“你可以生于贫穷，但绝不能死于贫穷”祝贺所有关心金融市场的投资者，因为你们拥有一个不同于过去的投资时代！   工作内容1.接受公司培训（带薪）。（有经验者可不接受培训，详情面谈。）2.部分初级交易员需要参加交易员晋级培训。每月一次。3.高执行力：关注每次交易系统给出的进场，出场信号，并按照信号指示进行建仓，平仓操作。（交易系统会在培训期间给予指导。）4、严格执行公司各项制度，，并定期整理交易数据，向上级领导账户分析结果；5、按照部门主管的要求进行技术和基本面规律的分析，进行数据的搜集或整理；6、配合其他部门有关工作；7、遵守公司的各项管理制度，承办领导交办的其他工作。素质要求：1、大专以上学历,金融专业优先，培训期间有大量的空余时间；2、热爱交易、对金融经济知识感兴趣；3、有很强的执行力，自制力强；日常生活有规律、有计划；4、有较强的学习能力，新知识的接受能力；5、抗压能力；6、耐心细致，有责任心，具有保密意识；7、对于基础薄弱或者无经验者有专业的入职培训。8、公司提供良好的晋升机制：薪资待遇： 初级薪资待遇：5000底薪 +  提成20%--40%  +  五险一金 + 节假日福利 + 季度奖  月薪可达7000元以上中级薪资待遇：10000底薪 + 提成20%--40% +  五险一金 +  节假日福利 + 季度奖   月薪可达15000元以上高级薪资待遇：15000底薪 + 提成20%--40% +  五险一金 +  节假日福利 + 季度奖   月薪达2-3万元以上 职位要求：年龄：20岁-50岁之间。学历：大专以上（包括大专），有交易经验者面谈。其它素质： 1.对于金融行业有极高的兴趣。2.性格沉稳，情绪不易产生较大波动。3.有极强的时间观念。（交易员的工作性质对于时间和空间上没有要求，相对自由，需要自我约束。）4.对资金流动有较强的驾驭能力。5.能够尽量客观的看待事物的发展。 面试要求： 不提供视频或者电话面试，只能到北京参加一对一面试，无复试，无笔试，不能来北京者请勿投递，面试通过后培训可做延期。实习员工： 前期培训期视为实习，实习期满可成为公司正式员工，可开实习证明，培训期为连续十个工作日，周末双休，每日培训时间：早晨9:30至下午3:30。公司在培训期提供每日餐补及路费补助，并在第一个月的薪资里统一发放。其他福利：五险一金 季度奖+年终奖  带薪免费旅游   公司对于没有交易经验，却对金融衍生品操作有兴趣者，提供正规统一的免费培训。有专业的交易团队手把手带你走进交易市场。我们的交易团队有绝对的信心让你在培训期后，有属于自己的交易系统与理念，让你找到自己在交易市场的立足点。成为我公司的优秀员工，对于成绩优秀学员公司提供交易账户帮助学员完成自我晋升。希望对金融行业有兴趣的应聘者积极与我们联系，了解公司情况，招聘情况及与工作相关的问题。公司承诺将对每位学员认真负责，最大限度发掘每一位学员的交易潜力。      联系电话：010-57349909  15811512051公司地址：北京市朝阳区时间国际大厦A座2601室公司名称：深圳市龙阳商务咨询有限公司北京第一分公司                                                                           职位联系方式                                                        人事经理：陈经理公司网址：http://www.bj-lyjt.com 联系电话：010-57349909  13366412049公司地址：北京市朝阳区时间国际大厦A座2601室公司名称：深圳市龙阳商务咨询有限公司北京第一分公司  各求职者请注意可把简历发至公司                                                           查看职位地图') ;
COMMIT;
INSERT INTO "User" ("Name","UserType","CreatedDatetime","UpdatedDatetime","Enabled")
                              VALUES ('647489127250012.htm',4,clock_timestamp(),clock_timestamp(),'t') ;
INSERT INTO "ZhilianUser" ("UserId","NickName","Type","Sex","City" ) VALUES(currval('"hero_reduce"."user_id_seq"'),'647489127250012.htm',0,'null','北京-朝阳区') ; INSERT INTO "JobPosition" ("UserId","Name","Address","Title","Salary","Description")
                          VALUES(currval('"hero_reduce"."user_id_seq"'),'647489127250012.htm','北京-朝阳区','大客户销售代表','2001-4000','岗位职责：  1.通过电话营销证券分析软件产品，开发新客户。公司提供优质客户资源；  2.现有用户的产品续费、升级及推广。  3.维护客户关系，进行电话接入与回访，为用户提供专业、准确、快捷优质的服务;    任职要求：  1.学历不限，金融投资、财经证券、市场营销专业优先考虑。有电话销售从业经验者优先，有金融证券基础知识了解证券市场者优先；  2.年龄20-30岁，普通话流利，口齿清晰；勤奋专注，敢于承受压力，有团队精神，有良好的沟通能力和语言表达能力；  3. 有比较强的赚钱欲望，耐心、有服务意识，应变能力强；  4.有销售意识，热爱销售工作，立志突破性格，对金融行业有浓厚的兴趣，有证券行业从业资格者优先；或有意向往管理等方向发展；  5.具有一定的计算机应用知识和技能、打字速度达到30个字/分钟以上；     待遇：  1．底薪=基本工资+餐补+生活补助  3000元~3500元~4000元起  工资=底薪+销售奖金+额外激励+五险一金。薪资政策：高底薪高提成，月薪最高5万元；  2.一经录用即签订正式劳动合同，并按照国家规定的标准缴纳社保福利；  3.转正后提供带薪年假、带薪病假；  4.完善的员工关怀制度，对员工生日、业余文体活动等有一系列关心和鼓励政策；  5.不定期组织优秀员工进行旅游和野外拓训等活动；  6.完善的伯乐奖；  7.欢迎应届毕业生和2014年毕业的在校大学生前来应聘；注：入职培训（培训补助:100元/工作日）和完善的培训体系。公司为新员工提供专业的证券行业基础知识培训、金融软件终端操作培训、电话销售技巧培训课程。除入职培训外，公司会为员工提供一系列的旨在提升销售技能和管理技能的培训课程；  .营销团队储备干部，提供广阔的职业能力提升平台，公平的晋升机制；                                                                            职位联系方式                                                      公司名称：北京高德联讯科技有限公司公司地址：北京市朝阳区东三环北路辛2号迪阳大厦1610公司主页：http://www.uniwa.cn') ;
COMMIT;
INSERT INTO "User" ("Name","UserType","CreatedDatetime","UpdatedDatetime","Enabled")
                              VALUES ('647489127250018.htm',4,clock_timestamp(),clock_timestamp(),'t') ;
INSERT INTO "ZhilianUser" ("UserId","NickName","Type","Sex","City" ) VALUES(currval('"hero_reduce"."user_id_seq"'),'647489127250018.htm',0,'null','北京-朝阳区') ; INSERT INTO "JobPosition" ("UserId","Name","Address","Title","Salary","Description")
                          VALUES(currval('"hero_reduce"."user_id_seq"'),'647489127250018.htm','北京-朝阳区','证券分析/金融研究','8001-10000','岗位职责：  保荐商品在现货交易所上市及辅导期货相关业务任职条件： 1、金融、投资及其他财经相关专业本科及以上学历；  2、熟悉期货行业，二年以上相关工作经验； 3、有良好的期货投资研究能力，具有较强的客户开发或客户维护能力； 4、有较强的文字功底和沟通能力，良好的职业操守及品质；           5、熟悉商品贸易流通者优先；                                                                            职位联系方式                                                      公司名称：北京高德联讯科技有限公司公司地址：北京市朝阳区东三环北路辛2号迪阳大厦1601传真：公司主页：http://www.uniwa.cn') ;
COMMIT;
INSERT INTO "User" ("Name","UserType","CreatedDatetime","UpdatedDatetime","Enabled")
                              VALUES ('649699228254128.htm',4,clock_timestamp(),clock_timestamp(),'t') ;
INSERT INTO "ZhilianUser" ("UserId","NickName","Type","Sex","City" ) VALUES(currval('"hero_reduce"."user_id_seq"'),'649699228254128.htm',0,'null','北京-东城区') ; INSERT INTO "JobPosition" ("UserId","Name","Address","Title","Salary","Description")
                          VALUES(currval('"hero_reduce"."user_id_seq"'),'649699228254128.htm','北京-东城区','证券分析/金融研究','5000-15000','【职位描述】交易——游走在投资与投机之间，徜徉于现实与理想之巅，融汇于艺术与技术之湾，它是人类社会对于资金和心理博弈的最直接体现，完美的展现了灵长类之魂创造与行动的宣言，是你实现人生理想的最后一环。你是否对交易存在浓厚兴趣呢？是否苦于徘徊在交易之河的彼岸而寻不见前路呢？现在机会来到了你的面前 -- 北京融控资本管理有限公司愿意提供免费的培训，带你横越财务自由的天堑，来到人生梦想的顶端。我们有专业的交易团队手把手带你走进交易市场。希望对金融行业有兴趣的你积极与我们电话或邮件联系，了解公司情况，招聘情况及与工作有关的相关问题。注   无需交易员外出寻找客户，只需操作公司账户即可      【职位要求】 1、年龄20～50之间、性别不限 2、中专以上学历（包括中专学历）,培训期间有大量的空余时间，对金融知识感兴趣； 3、有很强的执行力和自制力，日常生活作息规律； 4、有较强的学习能力，对于新知识有较强的接受能力； 5、心理稳定，耐心细致，有责任心，具有保密意识；6、对于基础薄弱或无经验者有专业的入职培训。（有交易经验者可直接联系面谈）      【岗位职责】1、正式成为公司的员工之后，负责公司指定账户的资金运作，在稳定盈利的基础之上会逐步增加操作资金。2、以稳定且合理的交易方式为前提，及时交易，每月完成公司规定的盈利目标，并在此基础上创造更多的盈利，以求盈利的最大化。3、定期上交交易报告，报告时间每月一次。     【薪酬待遇】初级交易员：5500底薪 + 提成20% + 节假日福利 + 年终奖中级交易员：10000底薪  + 提成30% + 五险一金 + 节假日福利 + 年终奖高级交易员：15000底薪 + 提成40% + 五险一金 + 节假日福利 + 年终奖 联系人：莫经理    联系电话：13501391731 简历投递邮箱 ahr@rongkongziben.com    【注】 1、请各位求职者仔细、详细的阅读您投递的职位要求，公司将统一进行审核、通知，谢绝重复投递和未经预约的来访。2、录用人员，公司将统一、全面的给予员工提供为期10天的、免费的、专业的、系统的岗前培训，培训时间（9：30--17:00）(周六、日休息)。                                                                              3、公司将全资为盘手提供资金支持，承担风险，同时也将为盘手提供明亮、优雅、舒适的工作环境，提升您的交易心情。节假日公司会不定期 的组织外出活动及娱乐活动（费用公司全报销）培训期间公司会组织模拟比赛，在模拟练习期间为做的成绩优秀的学生给予物质奖励。4、交易员只需操作公司账户，无需外出寻找客户。                                                                            职位联系方式                                                      公司名称：融控(北京)资本管理有限公司公司地址：北京市东城区建国门南大街7号万豪国际中心写字楼A座9层910号 公司网站：www.rongkongziben.com                                                          查看职位地图') ;
COMMIT;
INSERT INTO "User" ("Name","UserType","CreatedDatetime","UpdatedDatetime","Enabled")
                              VALUES ('178806528251794.htm',4,clock_timestamp(),clock_timestamp(),'t') ;
INSERT INTO "ZhilianUser" ("UserId","NickName","Type","Sex","City" ) VALUES(currval('"hero_reduce"."user_id_seq"'),'178806528251794.htm',0,'null','北京') ; INSERT INTO "JobPosition" ("UserId","Name","Address","Title","Salary","Description")
                          VALUES(currval('"hero_reduce"."user_id_seq"'),'178806528251794.htm','北京','股票/期货操盘手','5000-10000','薪酬回报：初级分析师：5000 底薪 + 提成20%+ 节假日福利 + 年终奖 月薪可达8000元以上中级分析师：10000底薪+ 提成30%+五险一金+节假日福利+年终奖  月薪可达15000元以上高级分析师：15000底薪+ 提成40%+五险一金+节假日福利+年终奖 月薪可达20000至30000元以上职位描述:操盘手就是在金融市场做投机，低买高卖赚取金融产品差价。投机一词在中国人眼里是贬义词，及投机倒把或者投机取巧，其实投机词是中性词，真正的含义是利用智慧来赚钱。金融市场的投机是这样的：公众们都认为投机是一种预知未来，去知晓那些无法知晓的游戏。他们错了，其实这是运用成功的投资策略抓住你身边的机会并去实现它的一种游戏。低买高卖这个大家都知道。金融产品包括：股票、期货、黄金、白银、外汇等产品。岗位职责职位描述：1、接受公司培训（带薪）,有经验者可不接受培训，详情面谈。2. 公司出资，为公司的账户进行交易盈利；3、每个月进行交易总结，即时准确汇报公司各项账户信息；4、时刻关注公司账户操作品种的价格变动和相关重要资讯；任职资格：1、热爱交易、对金融经济知识感兴趣；2、有很强的执行力，自制力强；3、有较强的学习能力，新知识的接受能力4、学历：大专以上【包含大专】5、年龄：20岁--40岁之间 6、工作经验： 不限；升至空间：1、清晰明确的晋升空间：初级交易员—中级交易员－高级交易员—交易辅导员—交易经理－交易总监；2、针对高级管理岗位公司采用内部提拔方式，不采用空降或外部招聘等方式，给内部优秀的员工提供了良好的晋升通道。联系方式公司名称：江西亿汇投资有限公司北京投资管理分公司公司地址：北京市朝阳区东三环中路25号住总大厦地铁十号线金台夕照站D口往南100米公司主页：www.bj-yhtz.com联系人：孙经理联系电话：15822330402                                                                           职位联系方式                                                                                                                查看职位地图') ;
COMMIT;
INSERT INTO "User" ("Name","UserType","CreatedDatetime","UpdatedDatetime","Enabled")
                              VALUES ('133508253252546.htm',4,clock_timestamp(),clock_timestamp(),'t') ;
INSERT INTO "ZhilianUser" ("UserId","NickName","Type","Sex","City" ) VALUES(currval('"hero_reduce"."user_id_seq"'),'133508253252546.htm',0,'null','北京-海淀区') ; INSERT INTO "JobPosition" ("UserId","Name","Address","Title","Salary","Description")
                          VALUES(currval('"hero_reduce"."user_id_seq"'),'133508253252546.htm','北京-海淀区','证券分析/金融研究','','对2015年的国内应届毕业生和2014年的国外应届毕业生进行入职前的培训实习和双向选择，要求遵守劳动纪律，满足一个月培训时间，可开具实习证明，历届生勿扰！                                                                           职位联系方式                                                       公司名称：中信建投证券股份有限公司北京海淀中心 公司地址：北京市海淀区丹棱街创富大厦二层 传真： 公司主页：') ;
COMMIT;
INSERT INTO "User" ("Name","UserType","CreatedDatetime","UpdatedDatetime","Enabled")
                              VALUES ('140061930250510.htm',4,clock_timestamp(),clock_timestamp(),'t') ;
INSERT INTO "ZhilianUser" ("UserId","NickName","Type","Sex","City" ) VALUES(currval('"hero_reduce"."user_id_seq"'),'140061930250510.htm',0,'null','北京-海淀区') ; INSERT INTO "JobPosition" ("UserId","Name","Address","Title","Salary","Description")
                          VALUES(currval('"hero_reduce"."user_id_seq"'),'140061930250510.htm','北京-海淀区','证券分析/金融研究','4001-6000','证券类电视节目编辑  1、负责电视台节目内容编辑的策划；  2、主持人稿件的撰写及整合；  3、负责新闻、公告、个股案例的整理、统计工作；  4、负责节目增值刊物的撰写;  5、完成领导交予的其它任务。     任职资格：     1.熟悉国内证券市场，有网络媒体或者传统媒体财经编辑工作经验者优先；  2.工作细心上进，能够胜任直播文案编辑工作;  3.文字功底扎实，有较强的财经文字表达能力，有良好的专题产品策划能力；  4.有较好的团队合作协助精神及工作责任感，执行力强，能承受一定的工作压力；  5.熟悉电脑操作，掌握基本网络知识，熟练掌握office等常用办公及画图软件。     工资结构：基本工资+绩效奖金+五险一金+年终奖励  周末及休市日休息。联系方式：82024500-1074                                                                            职位联系方式                                                      公司名称：CCTV证券资讯频道公司地址：北京市海淀区北三环中路67号  中央新影院内 传真：公司主页：                                                          查看职位地图') ;
COMMIT;
INSERT INTO "User" ("Name","UserType","CreatedDatetime","UpdatedDatetime","Enabled")
                              VALUES ('140061930250513.htm',4,clock_timestamp(),clock_timestamp(),'t') ;
INSERT INTO "ZhilianUser" ("UserId","NickName","Type","Sex","City" ) VALUES(currval('"hero_reduce"."user_id_seq"'),'140061930250513.htm',0,'null','北京-海淀区') ; INSERT INTO "JobPosition" ("UserId","Name","Address","Title","Salary","Description")
                          VALUES(currval('"hero_reduce"."user_id_seq"'),'140061930250513.htm','北京-海淀区','证券分析/金融研究','2001-4000','财经编辑1、负责电视台节目内容编辑的策划；2、主持人稿件的撰写及整合；3、负责新闻、公告、个股案例的整理、统计工作；4、负责节目增值刊物的撰写;5、完成领导交予的其它任务。 任职资格： 1.熟悉国内证券市场，有网络媒体或者传统媒体财经编辑工作经验者优先；2.工作细心上进，能够胜任直播文案编辑工作;3.文字功底扎实，有较强的财经文字表达能力，有良好的专题产品策划能力；4.有较好的团队合作协助精神及工作责任感，执行力强，能承受一定的工作压力；5.熟悉电脑操作，掌握基本网络知识，熟练掌握office等常用办公及画图软件。 工资结构：基本工资+绩效奖金+五险一金+年终奖励周末及休市日休息。联系方式：82024500-1074                                                                           职位联系方式                                                       公司名称：CCTV证券资讯频道 公司地址：北京市海淀区北三环中路67号  中央新影院内  传真： 公司主页：                                                          查看职位地图') ;
COMMIT;
INSERT INTO "User" ("Name","UserType","CreatedDatetime","UpdatedDatetime","Enabled")
                              VALUES ('402669116257174.htm',4,clock_timestamp(),clock_timestamp(),'t') ;
INSERT INTO "ZhilianUser" ("UserId","NickName","Type","Sex","City" ) VALUES(currval('"hero_reduce"."user_id_seq"'),'402669116257174.htm',0,'null','北京-朝阳区') ; INSERT INTO "JobPosition" ("UserId","Name","Address","Title","Salary","Description")
                          VALUES(currval('"hero_reduce"."user_id_seq"'),'402669116257174.htm','北京-朝阳区','外汇交易','10001-15000','职位要求：1.对于金融行业有极高的兴趣。2.性格沉稳，情绪不易产生较大波动。3.有极强的时间观念。（交易员的工作性质对于时间和空间上没有要求，相对自由，需要自我约束。）4.对资金流动有较强的驾驭能力。5.能够尽量客观的看待事物的发展。 工作内容：1.接受公司培训。（有经验者可不接受培训，详情面谈。带薪培训）2.部分初级交易员需要参加交易员晋级培训。每月一次。3.盯盘频率：至少每15分钟一次。每日交易时间至少6小时。4.高执行力：关注每次交易系统给出的进场，出场信号，并按照信号指示进行建仓，平仓操作。（交易系统会在培训期间给予指导。）5.交易报告：报告时间，每星期一。交易员需要在每个星期一上交一份交易报告，对上星期的盈利，亏损情况做错总结。如有大额（20%以上）的盈利或亏损，需要与其所在交易团队经理进行面谈。6.亏损总结：总结时间，每星期一次，要与交易报告一同上交。总结内容：对上星期所有亏损的交易作出客观总结。如因交易系统漏洞亏损为正常。如因个人情绪不稳定导致亏损，需要与其所在交易部经理进行面谈。 相关待遇：薪资待遇:初级操盘手：待遇 : 5000 底薪 + 提成20% + 节假日福利 + 年终奖 月薪可达7000元以上 中级操盘手：待遇 : 10000 底薪 + 提成30%+ 节假日福利 + 年终奖 + 五险一金 月薪可达到1.2-1.8万元以上高级操盘手：待遇：15000底薪 + 提成40% + 节假日福利 + 年终奖 + 五险一金 月薪可达到2-3万元公司福利：保险，公积金，年终奖，奖金提成，全勤奖，节日福利，双休，8小时工作制，带薪年假，公费培训，通讯补贴，交通补贴，公费旅游 初级操盘手：   1.接受免费统一的学习培训和模拟训练；    2.成绩优秀的操盘手将逐步晋升为中级、高级操盘手；    3.级别越高，机会越多，收入越高；    4.有较强的学习能力、分析能力、风险控制能力；   5.年龄20至50之间，大专以上学历，有经验者优先；   6.爱岗敬业，诚实负责者优先录用；待遇 : 5000 底薪 + 提成20% + 节假日福利 + 年终奖 月薪可达7000元以上 。中级操盘手：    1.有强烈的以交易为生，希望成为交易高手的意愿；    2.可承受较大心里压力，有很强的自我调控能力，纪律严格；    3.对公司资高度负责，严格执行安全控制；    4.以稳定盈利为最高目标；    5.热衷于金融行业的有经验人士，有意与国际经济及货币交易的最新理念保持一致水准，并关注全球外汇实时走势 ；   6.敢于迎接挑战、能独立承受压力、完成公司交赋的工作任务 ；  7.有很强的分析能力，擅长并酷爱操盘工作 ；   8.具有自信、冷静、理智、果断、坚定、胆识等操盘手所要求具备的各项品质；待遇 : 10000 底薪 + 提成30% + 节假日福利 + 年终奖 + 五险一金 月薪可达到1.2-1.8万元以上。高级操盘手：       1.负责公司指定客户账户或配资账户的资金运作 ；   2.分析行情，做出每日交易计划；     3.配合培训讲师完成新入司员工的实盘交易辅导；    4.把握市场机会，及时交易，确保账户达到稳定盈利，尽可能的达到利益最大化；5.专业不限，经济类、理工类专业优先； 6.人品端正，谦虚好学，自信果敢；7.有很强的数据运算能力及宏观经济数据分析能力；  8.熟悉双边市场，至少三年以上股票交易经验或一年以上双边市场交易经验；待遇 : 15000底薪 + 提成40% + 节假日福利 + 年终奖 + 五险一金 月薪可达到2-3万元。 北京亿汇投资管理有限公司（诚聘，不产生任何费用）对于没有工作经验的人员提供免费全面的交易培训课程，培训后由交易团队带领锻炼交易及分析能力。注：公司承诺不收取任何费用，被正式录用的员工补发培训期间相关费用。 公司主页：WWW.BJ-YHTZ.COM公司地址：北京市朝阳区东三环中路25号住总大厦 1608 室乘车路线：地铁10号线金台夕照站D口人事主管：王经理（18310813739）（对职位有疑问或有兴趣者，请积极与HR联系）                                                                           职位联系方式                                                        公司主页：WWW.BJ-YHTZ.COM  公司地址：北京市朝阳区东三环中路25号住总大厦 1608 室。  乘车路线：地铁10号线金台夕照站D口。  人事主管：王经理（18310813739）（对职位有疑问或有兴趣者，请积极与HR联系）') ;
COMMIT;
INSERT INTO "User" ("Name","UserType","CreatedDatetime","UpdatedDatetime","Enabled")
                              VALUES ('661722823250052.htm',4,clock_timestamp(),clock_timestamp(),'t') ;
INSERT INTO "ZhilianUser" ("UserId","NickName","Type","Sex","City" ) VALUES(currval('"hero_reduce"."user_id_seq"'),'661722823250052.htm',0,'null','北京') ; INSERT INTO "JobPosition" ("UserId","Name","Address","Title","Salary","Description")
                          VALUES(currval('"hero_reduce"."user_id_seq"'),'661722823250052.htm','北京','证券分析/金融研究','6000-10000','职位叙述：   金融类相关专业优先，男女不限；  对金融行业有强烈的兴趣；  思维反应敏捷，果断的执行力,积极向上的进取精神和较强的学习力；  具有较强的自我约束能力，心理素质好，性格开朗；  有良好的团队合作精神和自我提高意识。 薪资待遇： 底薪+补助+佣金+政策奖励+保险+各项福利 公司提供良好的晋升空间                                                                           职位联系方式                                                      公司名称：北京汇升投资顾问有限公司公司地址：北京市朝阳区安立路60号润枫德尚B座10层 公司主页：www.hsifc.com') ;
COMMIT;
INSERT INTO "User" ("Name","UserType","CreatedDatetime","UpdatedDatetime","Enabled")
                              VALUES ('369050315252604.htm',4,clock_timestamp(),clock_timestamp(),'t') ;
INSERT INTO "ZhilianUser" ("UserId","NickName","Type","Sex","City" ) VALUES(currval('"hero_reduce"."user_id_seq"'),'369050315252604.htm',0,'null','北京-朝阳区') ; INSERT INTO "JobPosition" ("UserId","Name","Address","Title","Salary","Description")
                          VALUES(currval('"hero_reduce"."user_id_seq"'),'369050315252604.htm','北京-朝阳区','证券分析/金融研究','15001-25000','龙阳集团 北京投资第一分公司   因公司发展要求，现招聘优秀交易员、操盘手（要有一套自己应对市场的系统）     任职要求： 1、热爱金融行业有意在金融交易行业崭露头角，有远大抱负，想成为优秀的交易员。2、品格端正，具备执行力强、勇敢、果断、冷静等特点。3、公司氛围融洽，自由的岗位，轻松的挣钱，团结一心，共同发展，且有灵活的晋升体系和广阔的前景。 工作内容：工作自由:全球24小时均可交易，工作时间和地点自己选择。 工作职责:耐心等待属于自己的交易信号，严格按照交易流程执行操作。    1、资金均由公司提供，不需承担风险。 录用人员，公司将统一、全面的给予员工提供免费的、专业的、系统的岗前带薪培训，培训时间（9：30--16:00）周六、日休息。2、公司将全资提供资金支持，交易员所使用交易账户也是公司提供。 注：龙阳集团公司 郑重声明:面试不收取任何费用。正式入职后，培训补助计入首月工资。   薪资待遇：一、初级：底薪5000  + 五险一金+20%提成+福利（收入一般在6000-7000）二、中级：底薪10000 + 五险一金+30%提成+福利（收入一般在12000-15000）三、高级：底薪15000 + 五险一金+40%提成+福利（收入一般在18000-20000） 提成方案： 底薪 + 提成+福利，无封顶。想了解公司更多信息，请与我们HR联系或将您的简历投递到网站，公司期待您的加入。     职位联系方式：公司名称：深圳市龙阳商务咨询有限公司北京第一分公司公司地址：北京市朝阳区三元桥时间国际A座2601室（三元桥10号线地铁直达D口出）联系经理：金经理联系电话：010-57283204 18210662298联系QQ:114342060公司网站：www.bj-lyjt.com简历邮箱：kimhr@bj-lyjt.com                                                                           职位联系方式                                                      职位联系方式：公司名称：深圳市龙阳商务咨询有限公司北京第一分公司公司地址：北京市朝阳区三元桥时间国际A座2601室（三元桥10号线地铁直达D口出）联系经理：金经理联系电话：010-57283204 18210662298联系QQ:114342060公司网站：www.bj-lyjt.com简历                                                          查看职位地图') ;
COMMIT;
INSERT INTO "User" ("Name","UserType","CreatedDatetime","UpdatedDatetime","Enabled")
                              VALUES ('553909420261241.htm',4,clock_timestamp(),clock_timestamp(),'t') ;
INSERT INTO "ZhilianUser" ("UserId","NickName","Type","Sex","City" ) VALUES(currval('"hero_reduce"."user_id_seq"'),'553909420261241.htm',0,'null','北京-朝阳区') ; INSERT INTO "JobPosition" ("UserId","Name","Address","Title","Salary","Description")
                          VALUES(currval('"hero_reduce"."user_id_seq"'),'553909420261241.htm','北京-朝阳区','证券分析/金融研究','10001-15000','岗位要求： 一、初级交易员： 1.接受免费统一的专业学习培训和模拟训练。 2.成绩优秀的交易员将逐步晋升为中级、高级交易员。3.认同公司的发展理念， 愿意与公司共同拓展业务。4.具有很强的工作责任心和团队合作精神。岗位待遇：5500 底薪 + 提成20% + 节假日福利 + 年终奖 二、中级交易员： 1.可承受较大心里压力，有很强的自我调控能力，纪律严格。 2.对公司资高度负责，严格执行安全控制。 3.以持续稳定盈利为最高目标，成为业内精英人才。4.热衷于金融行业的有经验人士，有意与国际经济及货币交易的最新理念保持一致水准，并关注全球外汇实时走势。5.敢于迎接挑战，能独立承受压力、完成公司交赋的工作任务。 6.有很强的分析能力，擅长并酷爱交易工作。 7.具有自信、冷静、理智、果断、坚定、胆识等交易员所要求具备的各项品质。 岗位待遇：10000 底薪 + 提成20% + 节假日福利 + 年终奖 + 五险一金三、高级交易员： 1.负责公司指定客户账户或配资账户的资金运作。 2.具有丰富的市场分析能力，做出每日交易计划，熟练掌握各种分析工具。3.配合培训讲师完成新入公司员工的实盘交易辅导。 4.把握市场机会，及时交易，确保账户达到持续稳定盈利，尽可能的达到利益最大化。 5.专业不限，经济类，理工类专业优先。 6.人品端正，谦虚好学，自信果敢。 7.有很强的数据运算能力及宏观经济数据分析能力。 8.熟悉双边市场，至少三年以上股票交易经验或两年以上双边市场交易经验。 9.公司提供完善的免费提高培训。 岗位待遇：15000 底薪 + 提成20% + 节假日福利 + 年终奖 + 五险一金注： 交易员只操作公司账户，不需外出寻找客户！ 业绩考核：1.是否依照计划目标将任务完成，使其质量达到要求的标准； 2.任务完成的过程或结果是否正确，是否达到标准的要求。 能力考核 1.业务所需要的业务知识、相关知识的掌握程度； 2.是否熟练掌握本岗位技能； 3.在执行任务时，是否能从容应对出现的变化。 态度考核 1.能自觉地尽职尽责的工作，能自始至终的表现出负责的态度；2.在职权范围内，能进行自我管理，能自主、自立、自信地处理业务。北京巨源时代投资管理有限公司（JUYUAN era Investment Management Co., Ltd.）创立于2010年,作为国内的新锐资本机构，巨源投资坐拥北京CBD核心区，公司团队由来自海外或有多年金融投资经验的专业精英组成，巨源投资立志缔造企业品牌价值，以客户服务为主导。为员工、客户及投资者创富增值。公司诚邀您加入我们的团队，创造财富不是梦想。考核内容：初级交易员连续稳定盈利3个月晋升中级交易员 中级交易员连续稳定盈利3个月晋升高级交易                                                                           职位联系方式                                                      公司名称：巨源时代投资管理有限公司 联系人  ：张经理 联系电话：18611860837') ;
COMMIT;
INSERT INTO "User" ("Name","UserType","CreatedDatetime","UpdatedDatetime","Enabled")
                              VALUES ('135038057250578.htm',4,clock_timestamp(),clock_timestamp(),'t') ;
INSERT INTO "ZhilianUser" ("UserId","NickName","Type","Sex","City" ) VALUES(currval('"hero_reduce"."user_id_seq"'),'135038057250578.htm',0,'null','北京-朝阳区') ; INSERT INTO "JobPosition" ("UserId","Name","Address","Title","Salary","Description")
                          VALUES(currval('"hero_reduce"."user_id_seq"'),'135038057250578.htm','北京-朝阳区','证券分析/金融研究','6001-8000','致求职者的话： 首先要恭喜您在打开此页面的同时，您内心的睿智选择已经引领您向金融领域中的高收入职业迈出了幸运并且前景无限的第一步。如果您有意加入到我们操盘手的交易团队当中，公司的交易团队和讲师会引导您坚实而踏实的走好日后职业发展的每一步。请您在相信您自己内心选择的基础上相信公司的团队，认真努力的和我们一路走下去，未来三到五年内在北京相对中心的位置拥有一套属于自己的安身立命之所，绝不是太难的事情。相信您自己的选择，更要相信您自身的能力，加入到我们阳光的交易团队当中，为您今后梦想与人生的启航做好坚实的经济铺垫。   乔治.索罗斯说：“你可以生于贫穷，但绝不能死于贫穷”祝贺所有关心金融市场的投资者，因为你们拥有一个不同于过去的投资时代！   工作内容1.接受公司培训（带薪）。（有经验者可不接受培训，详情面谈。）2.部分初级交易员需要参加交易员晋级培训。每月一次。3.高执行力：关注每次交易系统给出的进场，出场信号，并按照信号指示进行建仓，平仓操作。（交易系统会在培训期间给予指导。）4、严格执行公司各项制度，，并定期整理交易数据，向上级领导账户分析结果；5、按照部门主管的要求进行技术和基本面规律的分析，进行数据的搜集或整理；6、配合其他部门有关工作；7、遵守公司的各项管理制度，承办领导交办的其他工作。素质要求：1、大专以上学历,金融专业优先，培训期间有大量的空余时间；2、热爱交易、对金融经济知识感兴趣；3、有很强的执行力，自制力强；日常生活有规律、有计划；4、有较强的学习能力，新知识的接受能力；5、抗压能力；6、耐心细致，有责任心，具有保密意识；7、对于基础薄弱或者无经验者有专业的入职培训。8、公司提供良好的晋升机制：薪资待遇： 初级薪资待遇：5000底薪 +  提成20%--40%  +  五险一金 + 节假日福利 + 季度奖  月薪可达7000元以上中级薪资待遇：10000底薪 + 提成20%--40% +  五险一金 +  节假日福利 + 季度奖   月薪可达15000元以上高级薪资待遇：15000底薪 + 提成20%--40% +  五险一金 +  节假日福利 + 季度奖   月薪达2-3万元以上 职位要求：年龄：20岁-50岁之间。学历：大专以上（包括大专），有交易经验者面谈。其它素质： 1.对于金融行业有极高的兴趣。2.性格沉稳，情绪不易产生较大波动。3.有极强的时间观念。（交易员的工作性质对于时间和空间上没有要求，相对自由，需要自我约束。）4.对资金流动有较强的驾驭能力。5.能够尽量客观的看待事物的发展。 面试要求： 不提供视频或者电话面试，只能到北京参加一对一面试，无复试，无笔试，不能来北京者请勿投递，面试通过后培训可做延期。实习员工： 前期培训期视为实习，实习期满可成为公司正式员工，可开实习证明，培训期为连续十个工作日，周末双休，每日培训时间：早晨9:30至下午3:30。公司在培训期提供每日餐补及路费补助，并在第一个月的薪资里统一发放。其他福利：五险一金 季度奖+年终奖  带薪免费旅游   公司对于没有交易经验，却对金融衍生品操作有兴趣者，提供正规统一的免费培训。有专业的交易团队手把手带你走进交易市场。我们的交易团队有绝对的信心让你在培训期后，有属于自己的交易系统与理念，让你找到自己在交易市场的立足点。成为我公司的优秀员工，对于成绩优秀学员公司提供交易账户帮助学员完成自我晋升。希望对金融行业有兴趣的应聘者积极与我们联系，了解公司情况，招聘情况及与工作相关的问题。公司承诺将对每位学员认真负责，最大限度发掘每一位学员的交易潜力。      联系电话：010-57349909  15811512051公司地址：北京市朝阳区时间国际大厦A座2601室公司名称：深圳市龙阳商务咨询有限公司北京第一分公司                                                                           职位联系方式                                                        人事经理：陈经理公司网址：http://www.bj-lyjt.com 联系电话：010-57349909  13366412049公司地址：北京市朝阳区时间国际大厦A座2601室公司名称：深圳市龙阳商务咨询有限公司北京第一分公司  各求职者请注意可把简历发至公司                                                           查看职位地图') ;
COMMIT;
INSERT INTO "User" ("Name","UserType","CreatedDatetime","UpdatedDatetime","Enabled")
                              VALUES ('649699228254121.htm',4,clock_timestamp(),clock_timestamp(),'t') ;
INSERT INTO "ZhilianUser" ("UserId","NickName","Type","Sex","City" ) VALUES(currval('"hero_reduce"."user_id_seq"'),'649699228254121.htm',0,'null','北京-东城区') ; INSERT INTO "JobPosition" ("UserId","Name","Address","Title","Salary","Description")
                          VALUES(currval('"hero_reduce"."user_id_seq"'),'649699228254121.htm','北京-东城区','证券分析/金融研究','5000-15000','【职位描述】 交易——游走在投资与投机之间，徜徉于现实与理想之巅，融汇于艺术与技术之湾，它是人类社会对于资金和心理博弈的最直接体现，完美的展现了灵长类之魂创造与行动的宣言，是你实现人生理想的最后一环。 你是否对交易存在浓厚兴趣呢？是否苦于徘徊在交易之河的彼岸而寻不见前路呢？现在机会来到了你的面前 -- 北京融控资本管理有限公司愿意提供免费的培训，带你横越财务自由的天堑，来到人生梦想的顶端。我们有专业的交易团队手把手带你走进交易市场。希望对金融行业有兴趣的你积极与我们电话或邮件联系，了解公司情况，招聘情况及与工作有关的相关问题。 注   无需交易员外出寻找客户，只需操作公司账户即可        【职位要求】  1、年龄20～50之间、性别不限  2、中专以上学历（包括中专学历）,培训期间有大量的空余时间，对金融知识感兴趣；  3、有很强的执行力和自制力，日常生活作息规律；  4、有较强的学习能力，对于新知识有较强的接受能力；  5、心理稳定，耐心细致，有责任心，具有保密意识； 6、对于基础薄弱或无经验者有专业的入职培训。（有交易经验者可直接联系面谈）        【岗位职责】 1、正式成为公司的员工之后，负责公司指定账户的资金运作，在稳定盈利的基础之上会逐步增加操作资金。 2、以稳定且合理的交易方式为前提，及时交易，每月完成公司规定的盈利目标，并在此基础上创造更多的盈利，以求盈利的最大化。 3、定期上交交易报告，报告时间每月一次。      【薪酬待遇】 初级交易员：5500底薪 + 提成20% + 节假日福利 + 年终奖 中级交易员：10000底薪  + 提成30% + 五险一金 + 节假日福利 + 年终奖 高级交易员：15000底薪 + 提成40% + 五险一金 + 节假日福利 + 年终奖   联系人：莫经理    联系电话：13501391731  简历投递邮箱 ahr@rongkongziben.com    【注】  1、请各位求职者仔细、详细的阅读您投递的职位要求，公司将统一进行审核、通知，谢绝重复投递和未经预约的来访。 2、录用人员，公司将统一、全面的给予员工提供为期10天的、免费的、专业的、系统的岗前培训，培训时间（9：30--17:00）(周六、日休息)。  3、公司将全资为盘手提供资金支持，承担风险，同时也将为盘手提供明亮、优雅、舒适的工作环境，提升您的交易心情。节假日公司会不定期的组织外出活动及娱乐活动（费用公司全报销）培训期间公司会组织模拟比赛，在模拟练习期间为做的成绩优秀的学生给予物质奖励。 4、交易员只需操作公司账户，无需外出寻找客户。                                                                           职位联系方式                                                      公司名称：融控(北京)资本管理有限公司  公司地址：北京市东城区建国门南大街7号万豪国际中心写字楼A座9层910号  公司网站：www.rongkongziben.com                                                          查看职位地图') ;
COMMIT;
INSERT INTO "User" ("Name","UserType","CreatedDatetime","UpdatedDatetime","Enabled")
                              VALUES ('649699228254042.htm',4,clock_timestamp(),clock_timestamp(),'t') ;
INSERT INTO "ZhilianUser" ("UserId","NickName","Type","Sex","City" ) VALUES(currval('"hero_reduce"."user_id_seq"'),'649699228254042.htm',0,'null','北京-东城区') ; INSERT INTO "JobPosition" ("UserId","Name","Address","Title","Salary","Description")
                          VALUES(currval('"hero_reduce"."user_id_seq"'),'649699228254042.htm','北京-东城区','证券分析/金融研究','5000-15000','【职位描述】 交易——游走在投资与投机之间，徜徉于现实与理想之巅，融汇于艺术与技术之湾，它是人类社会对于资金和心理博弈的最直接体现，完美的展现了灵长类之魂创造与行动的宣言，是你实现人生理想的最后一环。 你是否对交易存在浓厚兴趣呢？是否苦于徘徊在交易之河的彼岸而寻不见前路呢？现在机会来到了你的面前 -- 北京融控资本管理有限公司愿意提供免费的培训，带你横越财务自由的天堑，来到人生梦想的顶端。我们有专业的交易团队手把手带你走进交易市场。希望对金融行业有兴趣的你积极与我们电话或邮件联系，了解公司情况，招聘情况及与工作有关的相关问题。 注   无需交易员外出寻找客户，只需操作公司账户即可        【职位要求】  1、年龄20～50之间、性别不限  2、中专以上学历（包括中专学历）,培训期间有大量的空余时间，对金融知识感兴趣；  3、有很强的执行力和自制力，日常生活作息规律；  4、有较强的学习能力，对于新知识有较强的接受能力；  5、心理稳定，耐心细致，有责任心，具有保密意识； 6、对于基础薄弱或无经验者有专业的入职培训。（有交易经验者可直接联系面谈）        【岗位职责】 1、正式成为公司的员工之后，负责公司指定账户的资金运作，在稳定盈利的基础之上会逐步增加操作资金。 2、以稳定且合理的交易方式为前提，及时交易，每月完成公司规定的盈利目标，并在此基础上创造更多的盈利，以求盈利的最大化。 3、定期上交交易报告，报告时间每月一次。      【薪酬待遇】 初级交易员：5500底薪 + 提成20% + 节假日福利 + 年终奖 中级交易员：10000底薪  + 提成30% + 五险一金 + 节假日福利 + 年终奖 高级交易员：15000底薪 + 提成40% + 五险一金 + 节假日福利 + 年终奖   联系人：莫经理    联系电话：13501391731  简历投递邮箱 ahr@rongkongziben.com    【注】  1、请各位求职者仔细、详细的阅读您投递的职位要求，公司将统一进行审核、通知，谢绝重复投递和未经预约的来访。 2、录用人员，公司将统一、全面的给予员工提供为期10天的、免费的、专业的、系统的岗前培训，培训时间（9：30--17:00）(周六、日休息)。  3、公司将全资为盘手提供资金支持，承担风险，同时也将为盘手提供明亮、优雅、舒适的工作环境，提升您的交易心情。节假日公司会不定期的组织外出活动及娱乐活动（费用公司全报销）培训期间公司会组织模拟比赛，在模拟练习期间为做的成绩优秀的学生给予物质奖励。 4、交易员只需操作公司账户，无需外出寻找客户。                                                                           职位联系方式                                                      公司名称：融控(北京)资本管理有限公司  公司地址：北京市东城区建国门南大街7号万豪国际中心写字楼A座9层910号  公司网站：www.rongkongziben.com                                                          查看职位地图') ;
COMMIT;
INSERT INTO "User" ("Name","UserType","CreatedDatetime","UpdatedDatetime","Enabled")
                              VALUES ('135038057250550.htm',4,clock_timestamp(),clock_timestamp(),'t') ;
INSERT INTO "ZhilianUser" ("UserId","NickName","Type","Sex","City" ) VALUES(currval('"hero_reduce"."user_id_seq"'),'135038057250550.htm',0,'null','北京-朝阳区') ; INSERT INTO "JobPosition" ("UserId","Name","Address","Title","Salary","Description")
                          VALUES(currval('"hero_reduce"."user_id_seq"'),'135038057250550.htm','北京-朝阳区','股票/期货操盘手','6001-8000','股神巴菲特这样说过：一生能够积累多少财富，不取决于你能够赚多少钱，而取决于你如何投资理财，钱找人胜过人找钱，要懂得钱为你工作，而不是你为钱工作。 什么是交易员：  交易员是个新词，它是随着股市的开启而走进中国人生活的。它的诞生标志着中国经济的变化。 建仓，吸筹，拔高，回档，出货，清仓———是一个交易员的日常工作。 交易——游走在投资与投机之间，徜徉于现实与理想之巅，融汇于艺术与技术之湾，它是人类社会对于资金和心理博弈的最直接体现，完美的展现了灵长类之魂创造与行动的宣言，是你实现人生理想的最后一环。 你是否对交易存在浓厚兴趣呢？是否苦于徘徊在交易之河的彼岸而寻不见前路呢？现在机会来到了你的面前 -- 北京融控资本管理有限公司愿意提供免费的培训，带你横越财务自由的天堑，来到人生梦想的顶端。我们有专业的交易团队手把手带你走进交易市场。希望对金融行业有兴趣的你积极与我们电话或邮件联系，了解公司情况，招聘情况及与工作有关的相关问题。 注   无需交易员外出寻找客户，只需操作公司账户即可   交易员的3个特质 1.要有一点精神。人如果没有一股劲，一股气，就什么事情也做不成。在期货投资上就得有一种愚公精神，傻子精神。所谓愚公精神，就是一种不达目的不罢休，自信能成功，不惟书本、不惟专家，只惟实际的精神。所谓傻子精神，就是我不吃亏谁吃亏，我不下地狱谁下地狱的精神。从不斤斤计较，因小失大。傻子精神还体现在对规矩对原则的坚持上，只见义不惟利，不患得患失。傻子精神，就是一种勇往直前的拼劲，对认准的事，绝不犹犹豫豫、畏首畏尾，言必行、行必果的敢担当精神。敢不敢下决断是失败的投资人和优秀交易员的分水岭。  2.要讲一点方法。学贵得法，有勇还须得有谋。金融投资不是蛮干，关键要反思、要总结、要学习。人们来期货市场投资，目的是赚钱。为了赚钱，就得思考为什么会赔钱？什么情况下赔小钱？什么情况下赔大钱？什么情况下反复赔钱？如果能把这些问题琢磨透了，就一定能够找到期货市场中最基本、最核心的不赔钱规律。也只有不赔钱了，赚钱才能成为惟一的选项。从本质上讲，优秀交易员的过人之处表现在稳健和谨慎上。  3.炼金术就是炼心术。世上无难事，只怕有心人。对一个优秀交易员来说，如何控制“心”的能力，其重要性远远超过如何运用“脑”的能力。如果交易员被期价的大幅波动所影响，不由自主地产生一种不按计划操作的冲动，让价格牵着鼻子走。优秀的交易员是该买就买，不该买绝不买，该买多少就买多少，赚了不过喜，赔了不过悲，赚得明白，赔得清楚，心平气和，处之泰然。  对于没有交易经验，却对金融衍生品操作职位有兴趣者，公司愿意提供免费的培训，有专业的交易团队手把手带你走进交易市场，我们的培训交易团队有绝对的信心让你在培训期后，有自己的交易系统与理论，让你找到自己在交易市场的立足点。成为我公司的优秀交易员。 初级交易员职位要求(可实习） 1、负责公司指定客户账户或配资账户的资金运作。 2、把握市场机会，及时交易，使账户达到稳定盈利。 3、专业不限，金融专业优先。 4、人品端正，谦虚好学，自信果敢。 5、对金融市场有浓厚的兴趣，有股票、期货等投资经验者优先。 6、公司提供完善免费的交易培训。 工资待遇：5000 底薪 + 提成20%--40% + 培训补助 + 年终奖 月薪可达7000元以上  中级交易员职位要求 1、有强烈的以交易为生，希望成为交易高手的意愿。 2、可承受较大心理压力，有很强的自我调控能力，纪律严格。 3、对公司资高度负责，严格执行安全控制。 4、以稳定盈利为最高目标。 工资待遇：10000 底薪 + 提成20%--40% + 培训补助 + 五险一金 + 年终奖 月薪可达到12000-15000元。 高级交易员职位要求 1、负责公司指定客户账户或配资账户的资金运作。 2、分析行情，做出每日交易计划。 3、配合培训讲师完成新入司员工的实盘交易辅导。 4、把握市场机会，及时交易，确保账户达到稳定盈利，尽可能的达到利益最大化。 5、专业不限，经济类、理工类专业优先。 6、人品端正，谦虚好学，自信果敢。 7、有很强的数据运算能力及宏观经济数据分析能力。 8、熟悉双边市场，至少三年以上股票交易经验或一年以上双边市场交易经验。 9、公司提供完善的交易培训.。 工资待遇：15000底薪 + 提成20%--40% + 培训补助 + 五险一金 + 年终奖 月薪可达到2-3万元。  没有经验渴望成为精英一族的  任职要求： 1、热爱金融行业，有强烈的意愿进入金融投资领域，渴望成为金融职场中的精英一族。 2、具有良好的自我学习能力与团队合作精神。 3、具有良好的职业操守，有强烈的责任感。 4、敢于挑战自我，勇于凭自己的努力和本领获得高收益。 享受待遇： 1、 接受免费统一的学习培训和模拟训练。 2、 成绩优秀的操盘手将逐步晋升为中级、高级交易员。 3、 级别越高，机会越多，收入越高。 (本职位无工作时间，地点限制，能做网上交易即可，可在家操作）                                                                            职位联系方式                                                       人事经理：陈经理公司网址：http://www.bj-lyjt.com 联系电话：010-57349909  15811512051公司地址：北京市朝阳区时间国际大厦A座2601室公司名称：深圳市龙阳商务咨询有限公司北京第一分公司 各求职者请注意可把简历发至公司                                                          查看职位地图') ;
COMMIT;
INSERT INTO "User" ("Name","UserType","CreatedDatetime","UpdatedDatetime","Enabled")
                              VALUES ('135038057250551.htm',4,clock_timestamp(),clock_timestamp(),'t') ;
INSERT INTO "ZhilianUser" ("UserId","NickName","Type","Sex","City" ) VALUES(currval('"hero_reduce"."user_id_seq"'),'135038057250551.htm',0,'null','北京-朝阳区') ; INSERT INTO "JobPosition" ("UserId","Name","Address","Title","Salary","Description")
                          VALUES(currval('"hero_reduce"."user_id_seq"'),'135038057250551.htm','北京-朝阳区','证券分析/金融研究','6001-8000','致求职者的话： 首先要恭喜您在打开此页面的同时，您内心的睿智选择已经引领您向金融领域中的高收入职业迈出了幸运并且前景无限的第一步。如果您有意加入到我们操盘手的交易团队当中，公司的交易团队和讲师会引导您坚实而踏实的走好日后职业发展的每一步。请您在相信您自己内心选择的基础上相信公司的团队，认真努力的和我们一路走下去，未来三到五年内在北京相对中心的位置拥有一套属于自己的安身立命之所，绝不是太难的事情。相信您自己的选择，更要相信您自身的能力，加入到我们阳光的交易团队当中，为您今后梦想与人生的启航做好坚实的经济铺垫。   乔治.索罗斯说：“你可以生于贫穷，但绝不能死于贫穷”祝贺所有关心金融市场的投资者，因为你们拥有一个不同于过去的投资时代！   工作内容1.接受公司培训（带薪）。（有经验者可不接受培训，详情面谈。）2.部分初级交易员需要参加交易员晋级培训。每月一次。3.高执行力：关注每次交易系统给出的进场，出场信号，并按照信号指示进行建仓，平仓操作。（交易系统会在培训期间给予指导。）4、严格执行公司各项制度，，并定期整理交易数据，向上级领导账户分析结果；5、按照部门主管的要求进行技术和基本面规律的分析，进行数据的搜集或整理；6、配合其他部门有关工作；7、遵守公司的各项管理制度，承办领导交办的其他工作。素质要求：1、大专以上学历,金融专业优先，培训期间有大量的空余时间；2、热爱交易、对金融经济知识感兴趣；3、有很强的执行力，自制力强；日常生活有规律、有计划；4、有较强的学习能力，新知识的接受能力；5、抗压能力；6、耐心细致，有责任心，具有保密意识；7、对于基础薄弱或者无经验者有专业的入职培训。8、公司提供良好的晋升机制：薪资待遇： 初级薪资待遇：5000底薪 +  提成20%--40%  +  五险一金 + 节假日福利 + 季度奖  月薪可达7000元以上中级薪资待遇：10000底薪 + 提成20%--40% +  五险一金 +  节假日福利 + 季度奖   月薪可达15000元以上高级薪资待遇：15000底薪 + 提成20%--40% +  五险一金 +  节假日福利 + 季度奖   月薪达2-3万元以上 职位要求：年龄：20岁-50岁之间。学历：大专以上（包括大专），有交易经验者面谈。其它素质： 1.对于金融行业有极高的兴趣。2.性格沉稳，情绪不易产生较大波动。3.有极强的时间观念。（交易员的工作性质对于时间和空间上没有要求，相对自由，需要自我约束。）4.对资金流动有较强的驾驭能力。5.能够尽量客观的看待事物的发展。 面试要求： 不提供视频或者电话面试，只能到北京参加一对一面试，无复试，无笔试，不能来北京者请勿投递，面试通过后培训可做延期。实习员工： 前期培训期视为实习，实习期满可成为公司正式员工，可开实习证明，培训期为连续十个工作日，周末双休，每日培训时间：早晨9:30至下午3:30。公司在培训期提供每日餐补及路费补助，并在第一个月的薪资里统一发放。其他福利：五险一金 季度奖+年终奖  带薪免费旅游   公司对于没有交易经验，却对金融衍生品操作有兴趣者，提供正规统一的免费培训。有专业的交易团队手把手带你走进交易市场。我们的交易团队有绝对的信心让你在培训期后，有属于自己的交易系统与理念，让你找到自己在交易市场的立足点。成为我公司的优秀员工，对于成绩优秀学员公司提供交易账户帮助学员完成自我晋升。希望对金融行业有兴趣的应聘者积极与我们联系，了解公司情况，招聘情况及与工作相关的问题。公司承诺将对每位学员认真负责，最大限度发掘每一位学员的交易潜力。      联系电话：010-57349909  15811512051公司地址：北京市朝阳区时间国际大厦A座2601室公司名称：深圳市龙阳商务咨询有限公司北京第一分公司                                                                           职位联系方式                                                        人事经理：陈经理公司网址：http://www.bj-lyjt.com 联系电话：010-57349909  13366412049公司地址：北京市朝阳区时间国际大厦A座2601室公司名称：深圳市龙阳商务咨询有限公司北京第一分公司  各求职者请注意可把简历发至公司                                                           查看职位地图') ;
COMMIT;
INSERT INTO "User" ("Name","UserType","CreatedDatetime","UpdatedDatetime","Enabled")
                              VALUES ('649699228254047.htm',4,clock_timestamp(),clock_timestamp(),'t') ;
INSERT INTO "ZhilianUser" ("UserId","NickName","Type","Sex","City" ) VALUES(currval('"hero_reduce"."user_id_seq"'),'649699228254047.htm',0,'null','北京-东城区') ; INSERT INTO "JobPosition" ("UserId","Name","Address","Title","Salary","Description")
                          VALUES(currval('"hero_reduce"."user_id_seq"'),'649699228254047.htm','北京-东城区','证券分析/金融研究','5000-15000','【职位描述】 交易——游走在投资与投机之间，徜徉于现实与理想之巅，融汇于艺术与技术之湾，它是人类社会对于资金和心理博弈的最直接体现，完美的展现了灵长类之魂创造与行动的宣言，是你实现人生理想的最后一环。 你是否对交易存在浓厚兴趣呢？是否苦于徘徊在交易之河的彼岸而寻不见前路呢？现在机会来到了你的面前 -- 北京融控资本管理有限公司愿意提供免费的培训，带你横越财务自由的天堑，来到人生梦想的顶端。我们有专业的交易团队手把手带你走进交易市场。希望对金融行业有兴趣的你积极与我们电话或邮件联系，了解公司情况，招聘情况及与工作有关的相关问题。 注   无需交易员外出寻找客户，只需操作公司账户即可        【职位要求】  1、年龄20～50之间、性别不限  2、中专以上学历（包括中专学历）,培训期间有大量的空余时间，对金融知识感兴趣；  3、有很强的执行力和自制力，日常生活作息规律；  4、有较强的学习能力，对于新知识有较强的接受能力；  5、心理稳定，耐心细致，有责任心，具有保密意识； 6、对于基础薄弱或无经验者有专业的入职培训。（有交易经验者可直接联系面谈）        【岗位职责】 1、正式成为公司的员工之后，负责公司指定账户的资金运作，在稳定盈利的基础之上会逐步增加操作资金。 2、以稳定且合理的交易方式为前提，及时交易，每月完成公司规定的盈利目标，并在此基础上创造更多的盈利，以求盈利的最大化。 3、定期上交交易报告，报告时间每月一次。      【薪酬待遇】 初级交易员：5500底薪 + 提成20% + 节假日福利 + 年终奖 中级交易员：10000底薪  + 提成30% + 五险一金 + 节假日福利 + 年终奖 高级交易员：15000底薪 + 提成40% + 五险一金 + 节假日福利 + 年终奖   联系人：莫经理    联系电话：13501391731  简历投递邮箱 ahr@rongkongziben.com    【注】  1、请各位求职者仔细、详细的阅读您投递的职位要求，公司将统一进行审核、通知，谢绝重复投递和未经预约的来访。 2、录用人员，公司将统一、全面的给予员工提供为期10天的、免费的、专业的、系统的岗前培训，培训时间（9：30--17:00）(周六、日休息)。  3、公司将全资为盘手提供资金支持，承担风险，同时也将为盘手提供明亮、优雅、舒适的工作环境，提升您的交易心情。节假日公司会不定期的组织外出活动及娱乐活动（费用公司全报销）培训期间公司会组织模拟比赛，在模拟练习期间为做的成绩优秀的学生给予物质奖励。 4、交易员只需操作公司账户，无需外出寻找客户。                                                                           职位联系方式                                                      公司名称：融控(北京)资本管理有限公司  公司地址：北京市东城区建国门南大街7号万豪国际中心写字楼A座9层910号  公司网站：www.rongkongziben.com                                                          查看职位地图') ;
COMMIT;
INSERT INTO "User" ("Name","UserType","CreatedDatetime","UpdatedDatetime","Enabled")
                              VALUES ('150287814250484.htm',4,clock_timestamp(),clock_timestamp(),'t') ;
INSERT INTO "ZhilianUser" ("UserId","NickName","Type","Sex","City" ) VALUES(currval('"hero_reduce"."user_id_seq"'),'150287814250484.htm',0,'null','北京-朝阳区') ; INSERT INTO "JobPosition" ("UserId","Name","Address","Title","Salary","Description")
                          VALUES(currval('"hero_reduce"."user_id_seq"'),'150287814250484.htm','北京-朝阳区','证券/期货/外汇经纪人','8001-10000','初级交易员：1.接受免费统一的学习培训和模拟训练；2.成绩优秀的操盘手将逐步晋升为中级、高级操盘手；3.级别越高，机会越多，收入越高。4.有较强的学习能力、分析能力、风险控制能力。5.年龄20至50之间，大专以上学历，有经验者优先。6.爱岗敬业，诚实负责者优先录用。   职位待遇：基本工资5000 + 提成20%-30% + 节假日福利 + 年终奖 +五险一金 （月收入大约8000--15000） 中级交易员：1.有强烈的以交易为生，希望成为交易高手的意愿；2.可承受较大心里压力，有很强的自我调控能力，纪律严格；3.对公司资高度负责，严格执行安全控制；4.以稳定盈利为最高目标。5.热衷于金融行业的有经验人士，有意与国际经济及货币交易的最新理念保持一致水准，并关注全球外汇实时走势6.敢于迎接挑战、能独立承受压力、完成公司交赋的工作任务7.有很强的分析能力，擅长并酷爱操盘工作8.具有自信、冷静、理智、果断、坚定、胆识等操盘手所要求具备的各项品质  职位待遇：基本工资10000 + 提成30%-40% + 节假日福利 + 年终奖 +五险一金 （月收入大约15000--30000）高级交易员： 1.负责公司指定客户账户或配资账户的资金运作2.分析行情，做出每日交易计划。3.配合培训讲师完成新入司员工的实盘交易辅导。4.把握市场机会，及时交易，确保账户达到稳定盈利，尽可能的达到利益最大化。5.专业不限，经济类、理工类专业优先。6.人品端正，谦虚好学，自信果敢。7.有很强的数据运算能力及宏观经济数据分析能力。8.熟悉双边市场，至少三年以上股票交易经验或一年以上双边市场交易经验。  职位待遇：基本工资15000 + 提成40%-50% + 节假日福利 + 年终奖 +五险一金 （月收入大约20000--50000）   对于没有交易经验，却对金融衍生品操作职位有兴趣者。公司愿意提供免费的培训。有专业的交易团队手把手带你走进交易市场。我们的培训交易团队有绝对的信心让你在培训期后，有自己的交易系统与理论，让你找到自己在交易市场的立足点。成为我公司的优秀交易员。希望对金融行业有兴趣的应聘者积极与我们的HR联系，了解公司情况，招聘情况及与工作有关的相关问题。  公司地址：北京市朝阳区时间国际A座2601、2609室 乘车路线： 地铁10号线三元桥站D口出（地铁门口有标识牌）或A口出（经过凤凰汇购物商业街左转即是时间国际） 公司网址：http://www.bj-lyjt.com/ 联系人：张经理 联系电话: 18612554442 QQ：770638770      工作内容：1.接受公司培训。（有经验者可不接受培训，详情面谈。）2.部分初级交易员需要参加交易员晋级培训。每月一次。3.盯盘频率：至少每15分钟一次。每日交易时间至少6小时。4.高执行力：关注每次交易系统给出的进场，出场信号，并按照信号指示进行建仓，平仓操作。（交易系统会在培训期间给予指导。）5.交易报告：报告时间，每星期一。交易员需要在每个星期一上交一份交易报告，对上星期的盈利，亏损情况做错总结。如有大额（20%以上）的盈利或亏损，需要与其所在交易团队经理进行面谈。6.亏损总结：总结时间，每星期一次，要与交易报告一同上交。总结内容：对上星期所有亏损的交易作出客观总结。如因交易系统漏洞亏损为正常。如因个人情绪不稳定导致亏损，需要与其所在交易部经理进行面谈。职位要求：年龄：20岁-40岁之间。性别：不限。户籍：不限。学历：大专以上（包括大专），有交易经验者面谈。工作经验：不限。（70%的求职者均会得到面试的机会，面试通过后公司会予安排培训。）其它素质：1.对于金融行业有极高的兴趣。2.性格沉稳，情绪不易产生较大波动。3.有极强的时间观念。（交易员的工作性质对于时间和空间上没有要求，相对自由，需要自我约束。）4.对资金流动有较强的驾驭能力。5.能够尽量客观的看待事物的发展。什么是交易员：交易员———其实是一件非常具有艺术性的工作，它是市场的参与者基于对市场的认知、判断而进行的资金、心理博弈。操盘手中，大多性格沉稳，思维独立富有主见，言语缜密。这种性格很多并不是他们的本性，只不过是因为选择了这一职业的原因。守口如瓶是一个职业操盘手最起码的素质。由于动辄就要操纵上亿元的资金，一直以来，外界总有一种误解：成功的交易员都是那些拥有高学位的名牌大学高材生，交易者必须绞尽脑汁才能获利。其实，操盘绝不是学术研究。 跟一般人想象的不同，操盘手每天的生活既不紧张也不神秘，更多的是需要细心，然后剩下的就是枯燥了，因为操作时整天都要盯着走势图。当然压力也很大，因为委托方不仅要求达到每个项目的利润最大化，还要求做到每个阶段利润的最大化。 交易员是个新词，它是随着股市的开启而走进中国人生活的。它的诞生标志着中国经济的变化。交易员不是炒手，他们是不炒单的，因为主力资金不需要炒单，他们做的是趋势，他们的目的是控制盘面而不是靠微小的点差来积累盈利。从一名普通的期货投资者到一名优秀的交易员任职要求：第一，以此为业，栽过跟头，但仍痴心不改，喜欢交易，屡败屡战。交易员是职业交易员，不是票友。专业和业余不可同日而语。在任何一个行业中要取得成功，喜欢此行业并全身心地投入是必不可少的条件。第二，认错不服输，虚心学习，认真总结反思。这是优秀交易员的特质。有信心但不自高自大，精神自由但又遵守纪律，对市场充满了敬畏之心，随时随地听从市场的召唤，绝不会对市场说三道四，幻想着市场会听从自己的意愿。建仓，吸筹，拔高，回档，出货，清仓———是一个交易员的日常工作。交易员泛指金融证券期货市场中受计划指定买卖品种的人。由于动辄就要操纵上亿元的资金，一直以来，外界总有一种误解：成功的交易员都是那些拥有高学位的名牌大学高材生，交易者必须绞尽脑汁才能获利。其实，交易绝不是学术研究。跟一般人想象的不同，交易员每天的生活既不紧张也不神秘，更多的是需要细心，然后剩下的就是枯燥了，因为操作时整天都要盯着走势图。当然压力也很大，因为委托方不仅要求达到每个项目的成本最小化，还要求做到每个阶段利润的最大化。 交易员的九大要点一、正确认识自己，评估自己现在的实际水平；二、在第一步的基础上制定自己补习的方向和内容；三、寻找自己所缺乏的书本知识和真正有好技术又能教授你的老师；四、连续熟读和记忆这些有用的技巧；五、从行情中印证这些新学的东西，改良书本知识为实战内涵；六、大量地看图形和技术分析指标，把形态，成交量等重要的技术学好；七、大量的模拟和训练，以及大胆预测，把自己对大盘分析和个股做出记录，把理由写清楚；八、总结自己学习和实战成果，并作记录背熟，将之变成理论的依据，总结并写出来，系统化、简单化。九、严格意义上，说操盘手只是一个大项目的具体执行者，而且是一个不折不扣的落实人。在执行过程中不得有任何思想的干扰或影响对该项目的执行。                                                                                职位联系方式                                                       公司地址：北京市朝阳区时间国际A座2601、2609室 乘车路线： 地铁10号线三元桥站D口出（地铁门口有标识牌）或A口出（经过凤凰汇购物商业街左转即是时间国际） 公司网址：http://www.bj-lyjt.com/ 联系人：张经理 联系电话: 18612554442 QQ：770638770                                                           查看职位地图') ;
COMMIT;
INSERT INTO "User" ("Name","UserType","CreatedDatetime","UpdatedDatetime","Enabled")
                              VALUES ('501082920250068.htm',4,clock_timestamp(),clock_timestamp(),'t') ;
INSERT INTO "ZhilianUser" ("UserId","NickName","Type","Sex","City" ) VALUES(currval('"hero_reduce"."user_id_seq"'),'501082920250068.htm',0,'null','北京-朝阳区') ; INSERT INTO "JobPosition" ("UserId","Name","Address","Title","Salary","Description")
                          VALUES(currval('"hero_reduce"."user_id_seq"'),'501082920250068.htm','北京-朝阳区','证券分析/金融研究','','职位描述：通过不断的资料搜集与研究，为东北亚贵金属交易所完善交易相关的规则以及设计新产品推出方案，令其符合场内交易和场外市场的发展。此岗位角色需要识别哪些产品具有衍生工具的潜质，以满足市场及投资者对我们提供的产品的需要。岗位职责：1、以欧洲、中东和非洲为范围，研究其中大宗商品市场的产品，并基于自身的经验向分管的联席总裁提出产品设计方案；2、通过与市场参与者、监管机构以及（不仅限于）第三方数据供应商的积极交流，有方向性地制定产品发展方案以及产品向市场推出的上线计划；3、与交易风控结算部门合作，通过评估市场趋势、与投资者深入了解业内意见等方式完成现有产品的相关维护工作以及保持可行性的分析；4、为确保现有产品可以持续应对监管机构的管理，必要时或日常去执行行业产品动态分析。充分把握全球监管条例的变化，了解其中有可能对我们产品线产生的潜在影响；5、提供营销部门所需的数据、分析或研究的结果，制作推广产品所需的相关材料，准备和提供产品演示；6、通过电话、调查报告、业内会议或活动等方式建立工作圈子或社交网络，主力征求收集业内参与者、监管人员、数据供应商的建议或反馈。应用CRM工具，将收集所得的信息通过CRM知会相关应知情人士。任职资格：1、熟悉国内及海外的金融市场；2、熟悉大宗商品市场的知识及其相关的产品； 3、英语听说读写熟练；4、熟练使用MS office、Visual Basic、Macro等；5、有CFA证书可优先考虑；6、本科或以上；研究生、博士优先考虑，欢迎应届毕业生投递简历。                                                                           职位联系方式                                                       公司名称：辽宁东北亚贵金属交易所有限公司 公司地址：大连市中山区万达中心35层  传真： 公司主页：                                                          查看职位地图') ;
COMMIT;
INSERT INTO "User" ("Name","UserType","CreatedDatetime","UpdatedDatetime","Enabled")
                              VALUES ('451982613250286.htm',4,clock_timestamp(),clock_timestamp(),'t') ;
INSERT INTO "ZhilianUser" ("UserId","NickName","Type","Sex","City" ) VALUES(currval('"hero_reduce"."user_id_seq"'),'451982613250286.htm',0,'null','北京') ; INSERT INTO "JobPosition" ("UserId","Name","Address","Title","Salary","Description")
                          VALUES(currval('"hero_reduce"."user_id_seq"'),'451982613250286.htm','北京','产品管理','10000-30000','岗位职责：1、对市场的竞争状况、政策倾向、发展趋势等进行调研，提交相应的调研报告并提出建议，供公司决策参考，及时了解国家政策对本行业的影响2、负责产品规划、业务流程设计、功能设计、产品优化等工作； 3、制定产品需求计划，进行可行性分析及设计，撰写产品功能需求说明书，负责需求的跟踪和控制； 4、深入分析在线信贷竞争对手的产品和推广情况，及时调研和监控； 5、分析目标市场和目标客户特征，根据客户细分情况，设计和开发针对性的在线产品策略及推广政策，推进产品的实施与营销指导，并进行产品的调整和修订； 6、及时收集并处理市场上各产品竞争信息，做好新产品的可行性论证、立项，及时了解同行业发展情况7、构思新的产品思路，设计新的产品模式，完善公司产品线，使客户有更多产品可供选择8、建立业务模型，进行产品设计和测算； 9、与风险政策及审批部门合作监控及优化产品政策； 10、 与研发、市场、服务团队紧密配合，推动规划的落地实施，并对执行效果负责；11、 推动建设平台数据及业务转化率的全流程跟踪分析，及用户满意度的提升。12、了解P2P等第三方理财业务；13、熟悉抵押、质押融资类产品的法律及风控要求，有线下或最好有线上网贷平台产品架构经历；14、能独立设计、整合网贷理财产品。                                                                            职位联系方式                                                      公司名称：中瑞富信资产管理有限公司公司地址：北京市朝阳区新源里16号琨莎中心3座10层                                                           查看职位地图') ;
COMMIT;
INSERT INTO "User" ("Name","UserType","CreatedDatetime","UpdatedDatetime","Enabled")
                              VALUES ('649699228254051.htm',4,clock_timestamp(),clock_timestamp(),'t') ;
INSERT INTO "ZhilianUser" ("UserId","NickName","Type","Sex","City" ) VALUES(currval('"hero_reduce"."user_id_seq"'),'649699228254051.htm',0,'null','北京-东城区') ; INSERT INTO "JobPosition" ("UserId","Name","Address","Title","Salary","Description")
                          VALUES(currval('"hero_reduce"."user_id_seq"'),'649699228254051.htm','北京-东城区','证券分析/金融研究','10000-15000','【职位描述】 交易——游走在投资与投机之间，徜徉于现实与理想之巅，融汇于艺术与技术之湾，它是人类社会对于资金和心理博弈的最直接体现，完美的展现了灵长类之魂创造与行动的宣言，是你实现人生理想的最后一环。 你是否对交易存在浓厚兴趣呢？是否苦于徘徊在交易之河的彼岸而寻不见前路呢？现在机会来到了你的面前 -- 北京融控资本管理有限公司愿意提供免费的培训，带你横越财务自由的天堑，来到人生梦想的顶端。我们有专业的交易团队手把手带你走进交易市场。希望对金融行业有兴趣的你积极与我们电话或邮件联系，了解公司情况，招聘情况及与工作有关的相关问题。 注   无需外出寻找客户，只需操作公司账户即可        【职位要求】  1、年龄20～50之间、性别不限  2、中专以上学历（包括中专学历）,培训期间有大量的空余时间，对金融知识感兴趣；  3、有很强的执行力和自制力，日常生活作息规律；  4、有较强的学习能力，对于新知识有较强的接受能力；  5、心理稳定，耐心细致，有责任心，具有保密意识； 6、对于基础薄弱或无经验者有专业的入职培训。（有交易经验者可直接联系面谈）        【岗位职责】 1、正式成为公司的员工之后，负责公司指定账户的资金运作，在稳定盈利的基础之上会逐步增加操作资金。 2、以稳定且合理的交易方式为前提，及时交易，每月完成公司规定的盈利目标，并在此基础上创造更多的盈利，以求盈利的最大化。 3、定期上交交易报告，报告时间每月一次。      【薪酬待遇】 理财规划师：10000底薪  + 提成30% + 五险一金 + 节假日福利 + 年终奖 资深理财规划师：15000底薪 + 提成40% + 五险一金 + 节假日福利 + 年终奖   联系人：莫经理    联系电话：13501391731  简历投递邮箱 ahr@rongkongziben.com    【注】  1、请各位求职者仔细、详细的阅读您投递的职位要求，公司将统一进行审核、通知，谢绝重复投递和未经预约的来访。 2、录用人员，公司将统一、全面的给予员工提供为期10天的、免费的、专业的、系统的岗前培训，培训时间（9：30--17:00）(周六、日休息)。  3、公司将全资为盘手提供资金支持，承担风险，同时也将为盘手提供明亮、优雅、舒适的工作环境，提升您的交易心情。节假日公司会不定期的组织外出活动及娱乐活动（费用公司全报销）培训期间公司会组织模拟比赛，在模拟练习期间为做的成绩优秀的学生给予物质奖励。 4、只需操作公司账户，无需外出寻找客户。                                                                           职位联系方式                                                      公司名称：融控(北京)资本管理有限公司  公司地址：北京市东城区建国门南大街7号万豪国际中心写字楼A座9层910号  公司网站：www.rongkongziben.com                                                          查看职位地图') ;
COMMIT;
INSERT INTO "User" ("Name","UserType","CreatedDatetime","UpdatedDatetime","Enabled")
                              VALUES ('553909420260829.htm',4,clock_timestamp(),clock_timestamp(),'t') ;
INSERT INTO "ZhilianUser" ("UserId","NickName","Type","Sex","City" ) VALUES(currval('"hero_reduce"."user_id_seq"'),'553909420260829.htm',0,'null','北京-朝阳区') ; INSERT INTO "JobPosition" ("UserId","Name","Address","Title","Salary","Description")
                          VALUES(currval('"hero_reduce"."user_id_seq"'),'553909420260829.htm','北京-朝阳区','证券分析/金融研究','10001-15000','岗位职责：一、初级交易员： 1.接受免费统一的专业学习培训和模拟训练。 2.成绩优秀的交易员将逐步晋升为中级、高级交易员。3.认同公司的发展理念， 愿意与公司共同拓展业务。4.具有很强的工作责任心和团队合作精神。岗位待遇：5500 底薪 + 提成20% + 节假日福利 + 年终奖 二、中级交易员： 1.可承受较大心里压力，有很强的自我调控能力，纪律严格。 2.对公司资高度负责，严格执行安全控制。 3.以持续稳定盈利为最高目标，成为业内精英人才。4.热衷于金融行业的有经验人士，有意与国际经济及货币交易的最新理念保持一致水准，并关注全球外汇实时走势。5.敢于迎接挑战，能独立承受压力、完成公司交赋的工作任务。 6.有很强的分析能力，擅长并酷爱交易工作。 7.具有自信、冷静、理智、果断、坚定、胆识等交易员所要求具备的各项品质。 岗位待遇：10000 底薪 + 提成20% + 节假日福利 + 年终奖 + 五险一金三、高级交易员： 1.负责公司指定客户账户或配资账户的资金运作。 2.具有丰富的市场分析能力，做出每日交易计划，熟练掌握各种分析工具。3.配合培训讲师完成新入公司员工的实盘交易辅导。 4.把握市场机会，及时交易，确保账户达到持续稳定盈利，尽可能的达到利益最大化。 5.专业不限，经济类，理工类专业优先。 6.人品端正，谦虚好学，自信果敢。 7.有很强的数据运算能力及宏观经济数据分析能力。 8.熟悉双边市场，至少三年以上股票交易经验或两年以上双边市场交易经验。 9.公司提供完善的免费提高培训。 岗位待遇：15000 底薪 + 提成20% + 节假日福利 + 年终奖 + 五险一金注： 交易员只操作公司账户，不需外出寻找客户！ 业绩考核：1.是否依照计划目标将任务完成，使其质量达到要求的标准； 2.任务完成的过程或结果是否正确，是否达到标准的要求。 能力考核 1.业务所需要的业务知识、相关知识的掌握程度； 2.是否熟练掌握本岗位技能； 3.在执行任务时，是否能从容应对出现的变化。 态度考核 1.能自觉地尽职尽责的工作，能自始至终的表现出负责的态度；2.在职权范围内，能进行自我管理，能自主、自立、自信地处理业务。北京巨源时代投资管理有限公司（JUYUAN era Investment Management Co., Ltd.）创立于2010年,作为国内的新锐资本机构，巨源投资坐拥北京CBD核心区，公司团队由来自海外或有多年金融投资经验的专业精英组成，巨源投资立志缔造企业品牌价值，以客户服务为主导。为员工、客户及投资者创富增值。公司诚邀您加入我们的团队，创造财富不是梦想。考核内容：初级交易员连续稳定盈利3个月晋升中级交易员 中级交易员连续稳定盈利3个月晋升高级交易                                                                           职位联系方式                                                       公司名称：北京巨源时代投资管理有限公司 公司地址：北京市朝阳区国贸建外soho东区B座806 张经理 ：18611860837') ;
COMMIT;
INSERT INTO "User" ("Name","UserType","CreatedDatetime","UpdatedDatetime","Enabled")
                              VALUES ('150287814250488.htm',4,clock_timestamp(),clock_timestamp(),'t') ;
INSERT INTO "ZhilianUser" ("UserId","NickName","Type","Sex","City" ) VALUES(currval('"hero_reduce"."user_id_seq"'),'150287814250488.htm',0,'null','北京-朝阳区') ; INSERT INTO "JobPosition" ("UserId","Name","Address","Title","Salary","Description")
                          VALUES(currval('"hero_reduce"."user_id_seq"'),'150287814250488.htm','北京-朝阳区','证券/期货/外汇经纪人','8001-10000','初级交易员：1.接受免费统一的学习培训和模拟训练；2.成绩优秀的操盘手将逐步晋升为中级、高级操盘手；3.级别越高，机会越多，收入越高。4.有较强的学习能力、分析能力、风险控制能力。5.年龄20至50之间，大专以上学历，有经验者优先。6.爱岗敬业，诚实负责者优先录用。   职位待遇：基本工资5000 + 提成20%-30% + 节假日福利 + 年终奖 +五险一金 （月收入大约8000--15000） 中级交易员：1.有强烈的以交易为生，希望成为交易高手的意愿；2.可承受较大心里压力，有很强的自我调控能力，纪律严格；3.对公司资高度负责，严格执行安全控制；4.以稳定盈利为最高目标。5.热衷于金融行业的有经验人士，有意与国际经济及货币交易的最新理念保持一致水准，并关注全球外汇实时走势6.敢于迎接挑战、能独立承受压力、完成公司交赋的工作任务7.有很强的分析能力，擅长并酷爱操盘工作8.具有自信、冷静、理智、果断、坚定、胆识等操盘手所要求具备的各项品质  职位待遇：基本工资10000 + 提成30%-40% + 节假日福利 + 年终奖 +五险一金 （月收入大约15000--30000）高级交易员： 1.负责公司指定客户账户或配资账户的资金运作2.分析行情，做出每日交易计划。3.配合培训讲师完成新入司员工的实盘交易辅导。4.把握市场机会，及时交易，确保账户达到稳定盈利，尽可能的达到利益最大化。5.专业不限，经济类、理工类专业优先。6.人品端正，谦虚好学，自信果敢。7.有很强的数据运算能力及宏观经济数据分析能力。8.熟悉双边市场，至少三年以上股票交易经验或一年以上双边市场交易经验。  职位待遇：基本工资15000 + 提成40%-50% + 节假日福利 + 年终奖 +五险一金 （月收入大约20000--50000）   对于没有交易经验，却对金融衍生品操作职位有兴趣者。公司愿意提供免费的培训。有专业的交易团队手把手带你走进交易市场。我们的培训交易团队有绝对的信心让你在培训期后，有自己的交易系统与理论，让你找到自己在交易市场的立足点。成为我公司的优秀交易员。希望对金融行业有兴趣的应聘者积极与我们的HR联系，了解公司情况，招聘情况及与工作有关的相关问题。  公司地址：北京市朝阳区时间国际A座2601、2609室 乘车路线： 地铁10号线三元桥站D口出（地铁门口有标识牌）或A口出（经过凤凰汇购物商业街左转即是时间国际） 公司网址：http://www.bj-lyjt.com/ 联系人：张经理 联系电话: 18612554442 QQ：770638770      工作内容：1.接受公司培训。（有经验者可不接受培训，详情面谈。）2.部分初级交易员需要参加交易员晋级培训。每月一次。3.盯盘频率：至少每15分钟一次。每日交易时间至少6小时。4.高执行力：关注每次交易系统给出的进场，出场信号，并按照信号指示进行建仓，平仓操作。（交易系统会在培训期间给予指导。）5.交易报告：报告时间，每星期一。交易员需要在每个星期一上交一份交易报告，对上星期的盈利，亏损情况做错总结。如有大额（20%以上）的盈利或亏损，需要与其所在交易团队经理进行面谈。6.亏损总结：总结时间，每星期一次，要与交易报告一同上交。总结内容：对上星期所有亏损的交易作出客观总结。如因交易系统漏洞亏损为正常。如因个人情绪不稳定导致亏损，需要与其所在交易部经理进行面谈。职位要求：年龄：20岁-40岁之间。性别：不限。户籍：不限。学历：大专以上（包括大专），有交易经验者面谈。工作经验：不限。（70%的求职者均会得到面试的机会，面试通过后公司会予安排培训。）其它素质：1.对于金融行业有极高的兴趣。2.性格沉稳，情绪不易产生较大波动。3.有极强的时间观念。（交易员的工作性质对于时间和空间上没有要求，相对自由，需要自我约束。）4.对资金流动有较强的驾驭能力。5.能够尽量客观的看待事物的发展。什么是交易员：交易员———其实是一件非常具有艺术性的工作，它是市场的参与者基于对市场的认知、判断而进行的资金、心理博弈。操盘手中，大多性格沉稳，思维独立富有主见，言语缜密。这种性格很多并不是他们的本性，只不过是因为选择了这一职业的原因。守口如瓶是一个职业操盘手最起码的素质。由于动辄就要操纵上亿元的资金，一直以来，外界总有一种误解：成功的交易员都是那些拥有高学位的名牌大学高材生，交易者必须绞尽脑汁才能获利。其实，操盘绝不是学术研究。 跟一般人想象的不同，操盘手每天的生活既不紧张也不神秘，更多的是需要细心，然后剩下的就是枯燥了，因为操作时整天都要盯着走势图。当然压力也很大，因为委托方不仅要求达到每个项目的利润最大化，还要求做到每个阶段利润的最大化。 交易员是个新词，它是随着股市的开启而走进中国人生活的。它的诞生标志着中国经济的变化。交易员不是炒手，他们是不炒单的，因为主力资金不需要炒单，他们做的是趋势，他们的目的是控制盘面而不是靠微小的点差来积累盈利。从一名普通的期货投资者到一名优秀的交易员任职要求：第一，以此为业，栽过跟头，但仍痴心不改，喜欢交易，屡败屡战。交易员是职业交易员，不是票友。专业和业余不可同日而语。在任何一个行业中要取得成功，喜欢此行业并全身心地投入是必不可少的条件。第二，认错不服输，虚心学习，认真总结反思。这是优秀交易员的特质。有信心但不自高自大，精神自由但又遵守纪律，对市场充满了敬畏之心，随时随地听从市场的召唤，绝不会对市场说三道四，幻想着市场会听从自己的意愿。建仓，吸筹，拔高，回档，出货，清仓———是一个交易员的日常工作。交易员泛指金融证券期货市场中受计划指定买卖品种的人。由于动辄就要操纵上亿元的资金，一直以来，外界总有一种误解：成功的交易员都是那些拥有高学位的名牌大学高材生，交易者必须绞尽脑汁才能获利。其实，交易绝不是学术研究。跟一般人想象的不同，交易员每天的生活既不紧张也不神秘，更多的是需要细心，然后剩下的就是枯燥了，因为操作时整天都要盯着走势图。当然压力也很大，因为委托方不仅要求达到每个项目的成本最小化，还要求做到每个阶段利润的最大化。 交易员的九大要点一、正确认识自己，评估自己现在的实际水平；二、在第一步的基础上制定自己补习的方向和内容；三、寻找自己所缺乏的书本知识和真正有好技术又能教授你的老师；四、连续熟读和记忆这些有用的技巧；五、从行情中印证这些新学的东西，改良书本知识为实战内涵；六、大量地看图形和技术分析指标，把形态，成交量等重要的技术学好；七、大量的模拟和训练，以及大胆预测，把自己对大盘分析和个股做出记录，把理由写清楚；八、总结自己学习和实战成果，并作记录背熟，将之变成理论的依据，总结并写出来，系统化、简单化。九、严格意义上，说操盘手只是一个大项目的具体执行者，而且是一个不折不扣的落实人。在执行过程中不得有任何思想的干扰或影响对该项目的执行。                                                                                职位联系方式                                                       公司地址：北京市朝阳区时间国际A座2601、2609室 乘车路线： 地铁10号线三元桥站D口出（地铁门口有标识牌）或A口出（经过凤凰汇购物商业街左转即是时间国际） 公司网址：http://www.bj-lyjt.com/ 联系人：张经理 联系电话: 18612554442 QQ：770638770                                                           查看职位地图') ;
COMMIT;
INSERT INTO "User" ("Name","UserType","CreatedDatetime","UpdatedDatetime","Enabled")
                              VALUES ('135038057250552.htm',4,clock_timestamp(),clock_timestamp(),'t') ;
INSERT INTO "ZhilianUser" ("UserId","NickName","Type","Sex","City" ) VALUES(currval('"hero_reduce"."user_id_seq"'),'135038057250552.htm',0,'null','北京-朝阳区') ; INSERT INTO "JobPosition" ("UserId","Name","Address","Title","Salary","Description")
                          VALUES(currval('"hero_reduce"."user_id_seq"'),'135038057250552.htm','北京-朝阳区','证券分析/金融研究','6001-8000','致求职者的话： 首先要恭喜您在打开此页面的同时，您内心的睿智选择已经引领您向金融领域中的高收入职业迈出了幸运并且前景无限的第一步。如果您有意加入到我们操盘手的交易团队当中，公司的交易团队和讲师会引导您坚实而踏实的走好日后职业发展的每一步。请您在相信您自己内心选择的基础上相信公司的团队，认真努力的和我们一路走下去，未来三到五年内在北京相对中心的位置拥有一套属于自己的安身立命之所，绝不是太难的事情。相信您自己的选择，更要相信您自身的能力，加入到我们阳光的交易团队当中，为您今后梦想与人生的启航做好坚实的经济铺垫。   乔治.索罗斯说：“你可以生于贫穷，但绝不能死于贫穷”祝贺所有关心金融市场的投资者，因为你们拥有一个不同于过去的投资时代！   工作内容1.接受公司培训（带薪）。（有经验者可不接受培训，详情面谈。）2.部分初级交易员需要参加交易员晋级培训。每月一次。3.高执行力：关注每次交易系统给出的进场，出场信号，并按照信号指示进行建仓，平仓操作。（交易系统会在培训期间给予指导。）4、严格执行公司各项制度，，并定期整理交易数据，向上级领导账户分析结果；5、按照部门主管的要求进行技术和基本面规律的分析，进行数据的搜集或整理；6、配合其他部门有关工作；7、遵守公司的各项管理制度，承办领导交办的其他工作。素质要求：1、大专以上学历,金融专业优先，培训期间有大量的空余时间；2、热爱交易、对金融经济知识感兴趣；3、有很强的执行力，自制力强；日常生活有规律、有计划；4、有较强的学习能力，新知识的接受能力；5、抗压能力；6、耐心细致，有责任心，具有保密意识；7、对于基础薄弱或者无经验者有专业的入职培训。8、公司提供良好的晋升机制：薪资待遇： 初级薪资待遇：5000底薪 +  提成20%--40%  +  五险一金 + 节假日福利 + 季度奖  月薪可达7000元以上中级薪资待遇：10000底薪 + 提成20%--40% +  五险一金 +  节假日福利 + 季度奖   月薪可达15000元以上高级薪资待遇：15000底薪 + 提成20%--40% +  五险一金 +  节假日福利 + 季度奖   月薪达2-3万元以上 职位要求：年龄：20岁-50岁之间。学历：大专以上（包括大专），有交易经验者面谈。其它素质： 1.对于金融行业有极高的兴趣。2.性格沉稳，情绪不易产生较大波动。3.有极强的时间观念。（交易员的工作性质对于时间和空间上没有要求，相对自由，需要自我约束。）4.对资金流动有较强的驾驭能力。5.能够尽量客观的看待事物的发展。 面试要求： 不提供视频或者电话面试，只能到北京参加一对一面试，无复试，无笔试，不能来北京者请勿投递，面试通过后培训可做延期。实习员工： 前期培训期视为实习，实习期满可成为公司正式员工，可开实习证明，培训期为连续十个工作日，周末双休，每日培训时间：早晨9:30至下午3:30。公司在培训期提供每日餐补及路费补助，并在第一个月的薪资里统一发放。其他福利：五险一金 季度奖+年终奖  带薪免费旅游   公司对于没有交易经验，却对金融衍生品操作有兴趣者，提供正规统一的免费培训。有专业的交易团队手把手带你走进交易市场。我们的交易团队有绝对的信心让你在培训期后，有属于自己的交易系统与理念，让你找到自己在交易市场的立足点。成为我公司的优秀员工，对于成绩优秀学员公司提供交易账户帮助学员完成自我晋升。希望对金融行业有兴趣的应聘者积极与我们联系，了解公司情况，招聘情况及与工作相关的问题。公司承诺将对每位学员认真负责，最大限度发掘每一位学员的交易潜力。      联系电话：010-57349909  15811512051公司地址：北京市朝阳区时间国际大厦A座2601室公司名称：深圳市龙阳商务咨询有限公司北京第一分公司                                                                           职位联系方式                                                        人事经理：陈经理公司网址：http://www.bj-lyjt.com 联系电话：010-57349909  13366412049公司地址：北京市朝阳区时间国际大厦A座2601室公司名称：深圳市龙阳商务咨询有限公司北京第一分公司  各求职者请注意可把简历发至公司                                                           查看职位地图') ;
COMMIT;
INSERT INTO "User" ("Name","UserType","CreatedDatetime","UpdatedDatetime","Enabled")
                              VALUES ('332580118250041.htm',4,clock_timestamp(),clock_timestamp(),'t') ;
INSERT INTO "ZhilianUser" ("UserId","NickName","Type","Sex","City" ) VALUES(currval('"hero_reduce"."user_id_seq"'),'332580118250041.htm',0,'null','北京') ; INSERT INTO "JobPosition" ("UserId","Name","Address","Title","Salary","Description")
                          VALUES(currval('"hero_reduce"."user_id_seq"'),'332580118250041.htm','北京','情报信息分析','','(一)     岗位职责： 1、    收集银行业信息，撰写银行业务研究报告； 2、    参与银行咨询项目。 (二)     任职资格： 1、    经济学、金融学、管理学相关专业，本科以上学历； 2、    一年以上工作经验，有宏观经济、金融信息分析研究、商业银行对公信贷经验者优先； 3、    思路清晰，逻辑思维能力、书面文字及口头语言表达能力较强； 4、    能够熟练操作WORD、EXCEL及PPT等办公软件； 5、    根据工作需要可适当出差。                                                                           职位联系方式                                                       公司名称：北京佰瑞管理咨询有限公司 公司地址：北京市西城区西直门外大街1号西环广场2号楼8层8C12室  公司主页：www.bankresearch.com.cn 邮    箱：                                                          查看职位地图') ;
COMMIT;
INSERT INTO "User" ("Name","UserType","CreatedDatetime","UpdatedDatetime","Enabled")
                              VALUES ('332580118250115.htm',4,clock_timestamp(),clock_timestamp(),'t') ;
INSERT INTO "ZhilianUser" ("UserId","NickName","Type","Sex","City" ) VALUES(currval('"hero_reduce"."user_id_seq"'),'332580118250115.htm',0,'null','北京') ; INSERT INTO "JobPosition" ("UserId","Name","Address","Title","Salary","Description")
                          VALUES(currval('"hero_reduce"."user_id_seq"'),'332580118250115.htm','北京','证券分析/金融研究','','任职条件：1、金融、经济、工商管理等相关专业在读学生（本科三四年级/研究生）2、有行业研究、市场调研、金融资讯研究工作经验优先；3、语言表达能力和书面表达能力俱佳；4、踏实，勤奋，责任心强。工作职责：1、在部门经理带领下，撰写所负责的研究产品；2、在项目经理带领下，完成客户指定的经济领域的调研及报告撰写。                                                                           职位联系方式                                                       公司名称：北京佰瑞管理咨询有限公司 公司地址：北京市西城区西直门外大街1号西环广场2号楼8层8C12室  传真： 公司主页：http://www.bankresearch.com.cn                                                          查看职位地图') ;
COMMIT;
INSERT INTO "User" ("Name","UserType","CreatedDatetime","UpdatedDatetime","Enabled")
                              VALUES ('675733624250118.htm',4,clock_timestamp(),clock_timestamp(),'t') ;
INSERT INTO "ZhilianUser" ("UserId","NickName","Type","Sex","City" ) VALUES(currval('"hero_reduce"."user_id_seq"'),'675733624250118.htm',0,'null','北京') ; INSERT INTO "JobPosition" ("UserId","Name","Address","Title","Salary","Description")
                          VALUES(currval('"hero_reduce"."user_id_seq"'),'675733624250118.htm','北京','股票/期货操盘手','','岗位职责： 1.负责公司指定客户账户或配资账户的资金运作。 2.具有丰富的市场分析能力，做出每日交易计划，熟练掌握各种分析工具。 3.配合培训讲师完成新入公司员工的实盘交易辅导。 4.把握市场机会，及时交易，确保账户达到持续稳定盈利，尽可能的达到利益最大化。  岗位要求：  1、热爱金融行业，对国内金融市场有独到的观点，良好的逻辑思路能力。 2、专业不限，经济类、理工类，或有相关培训经历、工作经验的优先。 3、人品端正，谦虚好学，自信果敢。 4、热爱并喜欢从事金融行业，勤奋踏实，有远见卓识，并致力于伴随国内的金融市场逐渐发展。 5、有稳定的盈利能力、专业的分析能力，熟悉基本面，技术面的各方面的知识。         联系方式 公司名称：北京金慧通投资管理有限公司 公司地址：北京市朝阳区建国路88号soho现代城A座2606 公司电话：010-53399075  公司邮箱：jht-bj@hotmail.com                                                                              职位联系方式                                                          公司名称：北京金慧通投资管理有限公司 公司地址：北京市朝阳区建国路88号soho现代城A座2606 公司电话：010-53399075  公司                                                            查看职位地图') ;
COMMIT;
INSERT INTO "User" ("Name","UserType","CreatedDatetime","UpdatedDatetime","Enabled")
                              VALUES ('675733624250119.htm',4,clock_timestamp(),clock_timestamp(),'t') ;
INSERT INTO "ZhilianUser" ("UserId","NickName","Type","Sex","City" ) VALUES(currval('"hero_reduce"."user_id_seq"'),'675733624250119.htm',0,'null','北京') ; INSERT INTO "JobPosition" ("UserId","Name","Address","Title","Salary","Description")
                          VALUES(currval('"hero_reduce"."user_id_seq"'),'675733624250119.htm','北京','证券分析/金融研究','','岗位指责： 1、配合分析师撰写理财产品的分析报告，为客户实现资产保值增值； 2、能够独立向客户提供与公司金融业务相关的资产增值服务，并解释清晰； 3、辅助业务团队进行工作，帮助意向客户解答专业问题；  4、在分析师的指导下，完成代理商办座谈会的要求； 5、表现出众者经考核达标后可逐步向高级分析师或市场技术管理阶层发展；     职能描述： 1、大专及以上学历，年龄在20-26岁之间，有1年以上工作经验优先考虑； 2、有较强的学习力，对金融有浓厚兴趣，善于分析思考，有志在金融业长期发展； 3、具有较强的观察、分析能力，能迅速捕捉市场动态，有独立的工作意识，创新能力强； 4、诚实守信、工作细致，具有较强的学习能力和团队合作精神；  5、自信，能承受较大的工作压力，遇到困难不轻易放弃，具有很强工作责任心；      公司联系方式： 公司名称：北京金慧通投资管理有限公司 公司地址：北京市朝阳区建国路88号soho现代城A座2606 公司电话：010-53399075  公司邮箱：jht-hr@hotmail.com                                                                           职位联系方式                                                                                                                查看职位地图') ;
COMMIT;
INSERT INTO "User" ("Name","UserType","CreatedDatetime","UpdatedDatetime","Enabled")
                              VALUES ('148164838250093.htm',4,clock_timestamp(),clock_timestamp(),'t') ;
INSERT INTO "ZhilianUser" ("UserId","NickName","Type","Sex","City" ) VALUES(currval('"hero_reduce"."user_id_seq"'),'148164838250093.htm',0,'null','北京-海淀区') ; INSERT INTO "JobPosition" ("UserId","Name","Address","Title","Salary","Description")
                          VALUES(currval('"hero_reduce"."user_id_seq"'),'148164838250093.htm','北京-海淀区','证券分析/金融研究','','岗位职责：职位简述：1、针对金融类证书考试（如CFA、FRM、AFP、CFP、证券从业、银行从业证书等）及银行内训课程进行备课、授课和网校课程录制；2、深入研究考试特点、规律和趋势，进行课程开发和完善工作；3、制作课程讲义，编写相关习题、模拟试题；4、参与相应出版物的编写工作等。任职资格：1、金融学、经济学、会计等经济金融类相关专业，硕士及以上学历；2、口才佳、有朝气、有亲和力和幽默感，课堂讲解生动贴切；3、有教学经验者优先；4、内训师职位要求有丰富大型金融企业从业经历；5、能够熟练制作PPT，Word、Excel等办公自动化薪酬福利：面议                                                                           职位联系方式                                                      公司名称：北京博文思教育咨询中心公司地址：北京市海淀区中关村苏州街12号西屋国际 联系电话：13366470139公司主页：www.xuewei.net                                                          查看职位地图') ;
COMMIT;
INSERT INTO "User" ("Name","UserType","CreatedDatetime","UpdatedDatetime","Enabled")
                              VALUES ('178806528251764.htm',4,clock_timestamp(),clock_timestamp(),'t') ;
INSERT INTO "ZhilianUser" ("UserId","NickName","Type","Sex","City" ) VALUES(currval('"hero_reduce"."user_id_seq"'),'178806528251764.htm',0,'null','北京') ; INSERT INTO "JobPosition" ("UserId","Name","Address","Title","Salary","Description")
                          VALUES(currval('"hero_reduce"."user_id_seq"'),'178806528251764.htm','北京','证券分析/金融研究','5000-10000','薪酬回报：初级分析师：5000 底薪 + 提成20%+ 节假日福利 + 年终奖 月薪可达8000元以上中级分析师：10000底薪+ 提成30%+五险一金+节假日福利+年终奖  月薪可达15000元以上高级分析师：15000底薪+ 提成40%+五险一金+节假日福利+年终奖 月薪可达20000至30000元以上职位描述:操盘手就是在金融市场做投机，低买高卖赚取金融产品差价。投机一词在中国人眼里是贬义词，及投机倒把或者投机取巧，其实投机词是中性词，真正的含义是利用智慧来赚钱。金融市场的投机是这样的：公众们都认为投机是一种预知未来，去知晓那些无法知晓的游戏。他们错了，其实这是运用成功的投资策略抓住你身边的机会并去实现它的一种游戏。低买高卖这个大家都知道。金融产品包括：股票、期货、黄金、白银、外汇等产品。岗位职责职位描述：1、接受公司培训（带薪）,有经验者可不接受培训，详情面谈。2. 公司出资，为公司的账户进行交易盈利；3、每个月进行交易总结，即时准确汇报公司各项账户信息；4、时刻关注公司账户操作品种的价格变动和相关重要资讯；任职资格：1、热爱交易、对金融经济知识感兴趣；2、有很强的执行力，自制力强；3、有较强的学习能力，新知识的接受能力4、学历：大专以上【包含大专】5、年龄：20岁--40岁之间 6、工作经验： 不限；升至空间：1、清晰明确的晋升空间：初级交易员—中级交易员－高级交易员—交易辅导员—交易经理－交易总监；2、针对高级管理岗位公司采用内部提拔方式，不采用空降或外部招聘等方式，给内部优秀的员工提供了良好的晋升通道。联系方式公司名称：江西亿汇投资有限公司北京投资管理分公司公司地址：北京市朝阳区东三环中路25号住总大厦地铁十号线金台夕照站D口往南100米公司主页：www.bj-yhtz.com联系人：刘经理联系电话：5729 6146                                                                           职位联系方式                                                                                                                  查看职位地图') ;
COMMIT;
INSERT INTO "User" ("Name","UserType","CreatedDatetime","UpdatedDatetime","Enabled")
                              VALUES ('649699228254056.htm',4,clock_timestamp(),clock_timestamp(),'t') ;
INSERT INTO "ZhilianUser" ("UserId","NickName","Type","Sex","City" ) VALUES(currval('"hero_reduce"."user_id_seq"'),'649699228254056.htm',0,'null','北京-东城区') ; INSERT INTO "JobPosition" ("UserId","Name","Address","Title","Salary","Description")
                          VALUES(currval('"hero_reduce"."user_id_seq"'),'649699228254056.htm','北京-东城区','证券分析/金融研究','5000-15000','【职位描述】 交易——游走在投资与投机之间，徜徉于现实与理想之巅，融汇于艺术与技术之湾，它是人类社会对于资金和心理博弈的最直接体现，完美的展现了灵长类之魂创造与行动的宣言，是你实现人生理想的最后一环。 你是否对交易存在浓厚兴趣呢？是否苦于徘徊在交易之河的彼岸而寻不见前路呢？现在机会来到了你的面前 -- 北京融控资本管理有限公司愿意提供免费的培训，带你横越财务自由的天堑，来到人生梦想的顶端。我们有专业的交易团队手把手带你走进交易市场。希望对金融行业有兴趣的你积极与我们电话或邮件联系，了解公司情况，招聘情况及与工作有关的相关问题。 注   无需交易员外出寻找客户，只需操作公司账户即可        【职位要求】  1、年龄20～50之间、性别不限  2、中专以上学历（包括中专学历）,培训期间有大量的空余时间，对金融知识感兴趣；  3、有很强的执行力和自制力，日常生活作息规律；  4、有较强的学习能力，对于新知识有较强的接受能力；  5、心理稳定，耐心细致，有责任心，具有保密意识； 6、对于基础薄弱或无经验者有专业的入职培训。（有交易经验者可直接联系面谈）        【岗位职责】 1、正式成为公司的员工之后，负责公司指定账户的资金运作，在稳定盈利的基础之上会逐步增加操作资金。 2、以稳定且合理的交易方式为前提，及时交易，每月完成公司规定的盈利目标，并在此基础上创造更多的盈利，以求盈利的最大化。 3、定期上交交易报告，报告时间每月一次。      【薪酬待遇】 初级交易员：5500底薪 + 提成20% + 节假日福利 + 年终奖 中级交易员：10000底薪  + 提成30% + 五险一金 + 节假日福利 + 年终奖 高级交易员：15000底薪 + 提成40% + 五险一金 + 节假日福利 + 年终奖   联系人：莫经理    联系电话：13501391731  简历投递邮箱 ahr@rongkongziben.com    【注】  1、请各位求职者仔细、详细的阅读您投递的职位要求，公司将统一进行审核、通知，谢绝重复投递和未经预约的来访。 2、录用人员，公司将统一、全面的给予员工提供为期10天的、免费的、专业的、系统的岗前培训，培训时间（9：30--17:00）(周六、日休息)。  3、公司将全资为盘手提供资金支持，承担风险，同时也将为盘手提供明亮、优雅、舒适的工作环境，提升您的交易心情。节假日公司会不定期的组织外出活动及娱乐活动（费用公司全报销）培训期间公司会组织模拟比赛，在模拟练习期间为做的成绩优秀的学生给予物质奖励。 4、交易员只需操作公司账户，无需外出寻找客户。                                                                           职位联系方式                                                      公司名称：融控(北京)资本管理有限公司  公司地址：北京市东城区建国门南大街7号万豪国际中心写字楼A座9层910号  公司网站：www.rongkongziben.com                                                          查看职位地图') ;
COMMIT;
INSERT INTO "User" ("Name","UserType","CreatedDatetime","UpdatedDatetime","Enabled")
                              VALUES ('135038057250553.htm',4,clock_timestamp(),clock_timestamp(),'t') ;
INSERT INTO "ZhilianUser" ("UserId","NickName","Type","Sex","City" ) VALUES(currval('"hero_reduce"."user_id_seq"'),'135038057250553.htm',0,'null','北京-朝阳区') ; INSERT INTO "JobPosition" ("UserId","Name","Address","Title","Salary","Description")
                          VALUES(currval('"hero_reduce"."user_id_seq"'),'135038057250553.htm','北京-朝阳区','证券分析/金融研究','6001-8000','致求职者的话： 首先要恭喜您在打开此页面的同时，您内心的睿智选择已经引领您向金融领域中的高收入职业迈出了幸运并且前景无限的第一步。如果您有意加入到我们操盘手的交易团队当中，公司的交易团队和讲师会引导您坚实而踏实的走好日后职业发展的每一步。请您在相信您自己内心选择的基础上相信公司的团队，认真努力的和我们一路走下去，未来三到五年内在北京相对中心的位置拥有一套属于自己的安身立命之所，绝不是太难的事情。相信您自己的选择，更要相信您自身的能力，加入到我们阳光的交易团队当中，为您今后梦想与人生的启航做好坚实的经济铺垫。   乔治.索罗斯说：“你可以生于贫穷，但绝不能死于贫穷”祝贺所有关心金融市场的投资者，因为你们拥有一个不同于过去的投资时代！   工作内容1.接受公司培训（带薪）。（有经验者可不接受培训，详情面谈。）2.部分初级交易员需要参加交易员晋级培训。每月一次。3.高执行力：关注每次交易系统给出的进场，出场信号，并按照信号指示进行建仓，平仓操作。（交易系统会在培训期间给予指导。）4、严格执行公司各项制度，，并定期整理交易数据，向上级领导账户分析结果；5、按照部门主管的要求进行技术和基本面规律的分析，进行数据的搜集或整理；6、配合其他部门有关工作；7、遵守公司的各项管理制度，承办领导交办的其他工作。素质要求：1、大专以上学历,金融专业优先，培训期间有大量的空余时间；2、热爱交易、对金融经济知识感兴趣；3、有很强的执行力，自制力强；日常生活有规律、有计划；4、有较强的学习能力，新知识的接受能力；5、抗压能力；6、耐心细致，有责任心，具有保密意识；7、对于基础薄弱或者无经验者有专业的入职培训。8、公司提供良好的晋升机制：薪资待遇： 初级薪资待遇：5000底薪 +  提成20%--40%  +  五险一金 + 节假日福利 + 季度奖  月薪可达7000元以上中级薪资待遇：10000底薪 + 提成20%--40% +  五险一金 +  节假日福利 + 季度奖   月薪可达15000元以上高级薪资待遇：15000底薪 + 提成20%--40% +  五险一金 +  节假日福利 + 季度奖   月薪达2-3万元以上 职位要求：年龄：20岁-50岁之间。学历：大专以上（包括大专），有交易经验者面谈。其它素质： 1.对于金融行业有极高的兴趣。2.性格沉稳，情绪不易产生较大波动。3.有极强的时间观念。（交易员的工作性质对于时间和空间上没有要求，相对自由，需要自我约束。）4.对资金流动有较强的驾驭能力。5.能够尽量客观的看待事物的发展。 面试要求： 不提供视频或者电话面试，只能到北京参加一对一面试，无复试，无笔试，不能来北京者请勿投递，面试通过后培训可做延期。实习员工： 前期培训期视为实习，实习期满可成为公司正式员工，可开实习证明，培训期为连续十个工作日，周末双休，每日培训时间：早晨9:30至下午3:30。公司在培训期提供每日餐补及路费补助，并在第一个月的薪资里统一发放。其他福利：五险一金 季度奖+年终奖  带薪免费旅游   公司对于没有交易经验，却对金融衍生品操作有兴趣者，提供正规统一的免费培训。有专业的交易团队手把手带你走进交易市场。我们的交易团队有绝对的信心让你在培训期后，有属于自己的交易系统与理念，让你找到自己在交易市场的立足点。成为我公司的优秀员工，对于成绩优秀学员公司提供交易账户帮助学员完成自我晋升。希望对金融行业有兴趣的应聘者积极与我们联系，了解公司情况，招聘情况及与工作相关的问题。公司承诺将对每位学员认真负责，最大限度发掘每一位学员的交易潜力。      联系电话：010-57349909  15811512051公司地址：北京市朝阳区时间国际大厦A座2601室公司名称：深圳市龙阳商务咨询有限公司北京第一分公司                                                                           职位联系方式                                                        人事经理：陈经理公司网址：http://www.bj-lyjt.com 联系电话：010-57349909  13366412049公司地址：北京市朝阳区时间国际大厦A座2601室公司名称：深圳市龙阳商务咨询有限公司北京第一分公司  各求职者请注意可把简历发至公司                                                           查看职位地图') ;
COMMIT;
INSERT INTO "User" ("Name","UserType","CreatedDatetime","UpdatedDatetime","Enabled")
                              VALUES ('553909420260837.htm',4,clock_timestamp(),clock_timestamp(),'t') ;
INSERT INTO "ZhilianUser" ("UserId","NickName","Type","Sex","City" ) VALUES(currval('"hero_reduce"."user_id_seq"'),'553909420260837.htm',0,'null','北京-朝阳区') ; INSERT INTO "JobPosition" ("UserId","Name","Address","Title","Salary","Description")
                          VALUES(currval('"hero_reduce"."user_id_seq"'),'553909420260837.htm','北京-朝阳区','证券分析/金融研究','','一、初级交易员： 1.接受免费统一的专业学习培训和模拟训练。 2.成绩优秀的交易员将逐步晋升为中级、高级交易员。3.认同公司的发展理念， 愿意与公司共同拓展业务。4.具有很强的工作责任心和团队合作精神。岗位待遇：5500 底薪 + 提成20% + 节假日福利 + 年终奖 二、中级交易员： 1.可承受较大心里压力，有很强的自我调控能力，纪律严格。 2.对公司资高度负责，严格执行安全控制。 3.以持续稳定盈利为最高目标，成为业内精英人才。4.热衷于金融行业的有经验人士，有意与国际经济及货币交易的最新理念保持一致水准，并关注全球外汇实时走势。5.敢于迎接挑战，能独立承受压力、完成公司交赋的工作任务。 6.有很强的分析能力，擅长并酷爱交易工作。 7.具有自信、冷静、理智、果断、坚定、胆识等交易员所要求具备的各项品质。 岗位待遇：10000 底薪 + 提成20% + 节假日福利 + 年终奖 + 五险一金三、高级交易员： 1.负责公司指定客户账户或配资账户的资金运作。 2.具有丰富的市场分析能力，做出每日交易计划，熟练掌握各种分析工具。3.配合培训讲师完成新入公司员工的实盘交易辅导。 4.把握市场机会，及时交易，确保账户达到持续稳定盈利，尽可能的达到利益最大化。 5.专业不限，经济类，理工类专业优先。 6.人品端正，谦虚好学，自信果敢。 7.有很强的数据运算能力及宏观经济数据分析能力。 8.熟悉双边市场，至少三年以上股票交易经验或两年以上双边市场交易经验。 9.公司提供完善的免费提高培训。 岗位待遇：15000 底薪 + 提成20% + 节假日福利 + 年终奖 + 五险一金注： 交易员只操作公司账户，不需外出寻找客户！ 业绩考核：1.是否依照计划目标将任务完成，使其质量达到要求的标准； 2.任务完成的过程或结果是否正确，是否达到标准的要求。 能力考核 1.业务所需要的业务知识、相关知识的掌握程度； 2.是否熟练掌握本岗位技能； 3.在执行任务时，是否能从容应对出现的变化。 态度考核 1.能自觉地尽职尽责的工作，能自始至终的表现出负责的态度；2.在职权范围内，能进行自我管理，能自主、自立、自信地处理业务。北京巨源时代投资管理有限公司（JUYUAN era Investment Management Co., Ltd.）创立于2010年,作为国内的新锐资本机构，巨源投资坐拥北京CBD核心区，公司团队由来自海外或有多年金融投资经验的专业精英组成，巨源投资立志缔造企业品牌价值，以客户服务为主导。为员工、客户及投资者创富增值。公司诚邀您加入我们的团队，创造财富不是梦想。考核内容：初级交易员连续稳定盈利3个月晋升中级交易员 中级交易员连续稳定盈利3个月晋升高级交易                                                                           职位联系方式                                                      公司名称：巨源时代投资管理有限公司 联系人  ：张经理 联系电话：18611860837') ;
COMMIT;
INSERT INTO "User" ("Name","UserType","CreatedDatetime","UpdatedDatetime","Enabled")
                              VALUES ('178806528251766.htm',4,clock_timestamp(),clock_timestamp(),'t') ;
INSERT INTO "ZhilianUser" ("UserId","NickName","Type","Sex","City" ) VALUES(currval('"hero_reduce"."user_id_seq"'),'178806528251766.htm',0,'null','北京') ; INSERT INTO "JobPosition" ("UserId","Name","Address","Title","Salary","Description")
                          VALUES(currval('"hero_reduce"."user_id_seq"'),'178806528251766.htm','北京','证券分析/金融研究','5000-10000','薪酬回报：初级分析师：5000 底薪 + 提成20%+ 节假日福利 + 年终奖 月薪可达8000元以上中级分析师：10000底薪+ 提成30%+五险一金+节假日福利+年终奖  月薪可达15000元以上高级分析师：15000底薪+ 提成40%+五险一金+节假日福利+年终奖 月薪可达20000至30000元以上职位描述:操盘手就是在金融市场做投机，低买高卖赚取金融产品差价。投机一词在中国人眼里是贬义词，及投机倒把或者投机取巧，其实投机词是中性词，真正的含义是利用智慧来赚钱。金融市场的投机是这样的：公众们都认为投机是一种预知未来，去知晓那些无法知晓的游戏。他们错了，其实这是运用成功的投资策略抓住你身边的机会并去实现它的一种游戏。低买高卖这个大家都知道。金融产品包括：股票、期货、黄金、白银、外汇等产品。岗位职责职位描述：1、接受公司培训（带薪）,有经验者可不接受培训，详情面谈。2. 公司出资，为公司的账户进行交易盈利；3、每个月进行交易总结，即时准确汇报公司各项账户信息；4、时刻关注公司账户操作品种的价格变动和相关重要资讯；任职资格：1、热爱交易、对金融经济知识感兴趣；2、有很强的执行力，自制力强；3、有较强的学习能力，新知识的接受能力4、学历：大专以上【包含大专】5、年龄：20岁--40岁之间 6、工作经验： 不限；升至空间：1、清晰明确的晋升空间：初级交易员—中级交易员－高级交易员—交易辅导员—交易经理－交易总监；2、针对高级管理岗位公司采用内部提拔方式，不采用空降或外部招聘等方式，给内部优秀的员工提供了良好的晋升通道。联系方式公司名称：江西亿汇投资有限公司北京投资管理分公司公司地址：北京市朝阳区东三环中路25号住总大厦地铁十号线金台夕照站D口往南100米公司主页：www.bj-yhtz.com联系人：刘经理联系电话：5729 6146                                                                           职位联系方式                                                                                                                查看职位地图') ;
COMMIT;
INSERT INTO "User" ("Name","UserType","CreatedDatetime","UpdatedDatetime","Enabled")
                              VALUES ('553909420260841.htm',4,clock_timestamp(),clock_timestamp(),'t') ;
INSERT INTO "ZhilianUser" ("UserId","NickName","Type","Sex","City" ) VALUES(currval('"hero_reduce"."user_id_seq"'),'553909420260841.htm',0,'null','北京-朝阳区') ; INSERT INTO "JobPosition" ("UserId","Name","Address","Title","Salary","Description")
                          VALUES(currval('"hero_reduce"."user_id_seq"'),'553909420260841.htm','北京-朝阳区','证券分析/金融研究','10001-15000','岗位要求： 一、初级交易员： 1.接受免费统一的专业学习培训和模拟训练。 2.成绩优秀的交易员将逐步晋升为中级、高级交易员。3.认同公司的发展理念， 愿意与公司共同拓展业务。4.具有很强的工作责任心和团队合作精神。岗位待遇：5500 底薪 + 提成20% + 节假日福利 + 年终奖 二、中级交易员： 1.可承受较大心里压力，有很强的自我调控能力，纪律严格。 2.对公司资高度负责，严格执行安全控制。 3.以持续稳定盈利为最高目标，成为业内精英人才。4.热衷于金融行业的有经验人士，有意与国际经济及货币交易的最新理念保持一致水准，并关注全球外汇实时走势。5.敢于迎接挑战，能独立承受压力、完成公司交赋的工作任务。 6.有很强的分析能力，擅长并酷爱交易工作。 7.具有自信、冷静、理智、果断、坚定、胆识等交易员所要求具备的各项品质。 岗位待遇：10000 底薪 + 提成20% + 节假日福利 + 年终奖 + 五险一金三、高级交易员： 1.负责公司指定客户账户或配资账户的资金运作。 2.具有丰富的市场分析能力，做出每日交易计划，熟练掌握各种分析工具。3.配合培训讲师完成新入公司员工的实盘交易辅导。 4.把握市场机会，及时交易，确保账户达到持续稳定盈利，尽可能的达到利益最大化。 5.专业不限，经济类，理工类专业优先。 6.人品端正，谦虚好学，自信果敢。 7.有很强的数据运算能力及宏观经济数据分析能力。 8.熟悉双边市场，至少三年以上股票交易经验或两年以上双边市场交易经验。 9.公司提供完善的免费提高培训。 岗位待遇：15000 底薪 + 提成20% + 节假日福利 + 年终奖 + 五险一金注： 交易员只操作公司账户，不需外出寻找客户！ 业绩考核：1.是否依照计划目标将任务完成，使其质量达到要求的标准； 2.任务完成的过程或结果是否正确，是否达到标准的要求。 能力考核 1.业务所需要的业务知识、相关知识的掌握程度； 2.是否熟练掌握本岗位技能； 3.在执行任务时，是否能从容应对出现的变化。 态度考核 1.能自觉地尽职尽责的工作，能自始至终的表现出负责的态度；2.在职权范围内，能进行自我管理，能自主、自立、自信地处理业务。北京巨源时代投资管理有限公司（JUYUAN era Investment Management Co., Ltd.）创立于2010年,作为国内的新锐资本机构，巨源投资坐拥北京CBD核心区，公司团队由来自海外或有多年金融投资经验的专业精英组成，巨源投资立志缔造企业品牌价值，以客户服务为主导。为员工、客户及投资者创富增值。公司诚邀您加入我们的团队，创造财富不是梦想。考核内容：初级交易员连续稳定盈利3个月晋升中级交易员 中级交易员连续稳定盈利3个月晋升高级交易                                                                           职位联系方式                                                      公司名称：巨源时代投资管理有限公司 联系人  ：张经理 联系电话：18611860837') ;
COMMIT;
INSERT INTO "User" ("Name","UserType","CreatedDatetime","UpdatedDatetime","Enabled")
                              VALUES ('201834417250588.htm',4,clock_timestamp(),clock_timestamp(),'t') ;
INSERT INTO "ZhilianUser" ("UserId","NickName","Type","Sex","City" ) VALUES(currval('"hero_reduce"."user_id_seq"'),'201834417250588.htm',0,'null','北京') ; INSERT INTO "JobPosition" ("UserId","Name","Address","Title","Salary","Description")
                          VALUES(currval('"hero_reduce"."user_id_seq"'),'201834417250588.htm','北京','证券分析/金融研究','2000-5000','岗位职责：1．协助银行业分析师进行资料整理、数据分类汇总；2．对指定商业银行经营管理动态跟踪监测，分析特定银行特征；3．采集公司相关数据库建设所需数据，并进行整理； 4．定期进行银行业务发展研究分析，在分析师帮助下作出分析研究报告。   任职要求：1．经济、金融类、统计、会计、房地产相关专业，本科或以上学历； 2．对金融有浓厚兴趣，善于分析思考，有志在金融业长期发展；3．有较强的学习力，适应能力和探索精神，积极进取，开朗自信，有良好的情绪控制能力和自律性；4．有独立的工作意识，创新能力强；5．工作态度认真。  应届毕业生实习结束后，凡符合公司任职要求者，可签订劳动合同，成为公司正式员工。   请勿重复投递简历、多岗重复投递简历。我们会根据您的个人情况安排合理并适合您的岗位。 谢谢合作！                                                                           职位联系方式                                                       公司名称：北京银联信投资顾问有限责任公司 公司地址：北京市宣武区广安门外大街248号1706室  公司主页：www.unbank.info                                                          查看职位地图') ;
COMMIT;
INSERT INTO "User" ("Name","UserType","CreatedDatetime","UpdatedDatetime","Enabled")
                              VALUES ('386181918252060.htm',4,clock_timestamp(),clock_timestamp(),'t') ;
INSERT INTO "ZhilianUser" ("UserId","NickName","Type","Sex","City" ) VALUES(currval('"hero_reduce"."user_id_seq"'),'386181918252060.htm',0,'null','北京-海淀区') ; INSERT INTO "JobPosition" ("UserId","Name","Address","Title","Salary","Description")
                          VALUES(currval('"hero_reduce"."user_id_seq"'),'386181918252060.htm','北京-海淀区','证券/投资项目管理','','职位描述和职责：  1、根据公司所投资领域的产业方向，在研究部的配合下，独立完成所分配项目所述的行业、领域的深度研究（数据采集，分析，报告）；  2、发掘所关注行业、领域的投资机会；  3、能够带领团队，完成项目立项报告、项目尽职调查、投资协议谈判等工作；  4、跟踪相关行业、领域的国内外主要企业的动态，在公司相关资源的配合下，形成相对紧密的业务合作网络；  任职要求：     基本要求：  1、具备完善的数据采集渠道、分析框架、研究方法； 2、具有缜密的思维和较强的逻辑分析能力； 3、熟悉相关行业领域国内外、产业链上下游相关企业情况，能够准确地判断和捕捉潜在的投资机会；  4、具备两年以上VC、PE投资经理工作经历者优先；  5、有相关行业内企业人脉资源者更佳；     专业技术背景：  1.      具有理工科背景，能够对于相关技术领域的研究方向进行很好的理解和分析；  2.      复合教育背景优先，具有注册会计师资质者尤佳；                                                                            职位联系方式                                                      公司名称：工道控股有限公司公司地址：北京市海淀区成府路298号方正大厦304室 传真：公司主页：http://www.goodoing.com') ;
COMMIT;
INSERT INTO "User" ("Name","UserType","CreatedDatetime","UpdatedDatetime","Enabled")
                              VALUES ('433911327250828.htm',4,clock_timestamp(),clock_timestamp(),'t') ;
INSERT INTO "ZhilianUser" ("UserId","NickName","Type","Sex","City" ) VALUES(currval('"hero_reduce"."user_id_seq"'),'433911327250828.htm',0,'null','北京') ; INSERT INTO "JobPosition" ("UserId","Name","Address","Title","Salary","Description")
                          VALUES(currval('"hero_reduce"."user_id_seq"'),'433911327250828.htm','北京','证券分析/金融研究','','岗位职责： 1、跟踪银行业动态，负责银行业的研究与分析工作；2、定期进行银行业务和特定银行的发展研究分析，撰写研究报告；3、负责银行相关信息渠道建立、维护、拓展，其中包括银行年报等相关信息源维护、外部统计数据等收集、分析，为该行业研究提供可靠、全面、系统的信息资源；4、负责对外媒体渠道的建立、维护、拓展，不定期在媒体上发布相关研究成果；5、负责定期对研发部及市场部人员就银行知识及热点银行问题的培训工作。 任职要求： 1、经济、金融等相关专业，硕士以上学历；2、熟练使用Word、Excel、PPT等办公软件；3、虚心、好学、责任心强、具备团队合作精神；4、有良好的人际关系处理能力、书面及语言表达能力和沟通能力；5、有过行业研究或同行从业经验者优先。                                                                           职位联系方式                                                       公司名称：汉唐教育集团 公司地址：海淀区花园桥北国际财经中心大厦D座7层  公司主页：www.hentane.com                                                          查看职位地图') ;
COMMIT;
INSERT INTO "User" ("Name","UserType","CreatedDatetime","UpdatedDatetime","Enabled")
                              VALUES ('553909420261243.htm',4,clock_timestamp(),clock_timestamp(),'t') ;
INSERT INTO "ZhilianUser" ("UserId","NickName","Type","Sex","City" ) VALUES(currval('"hero_reduce"."user_id_seq"'),'553909420261243.htm',0,'null','北京-朝阳区') ; INSERT INTO "JobPosition" ("UserId","Name","Address","Title","Salary","Description")
                          VALUES(currval('"hero_reduce"."user_id_seq"'),'553909420261243.htm','北京-朝阳区','证券分析/金融研究','','一、初级交易员： 1.接受免费统一的专业学习培训和模拟训练。 2.成绩优秀的交易员将逐步晋升为中级、高级交易员。3.认同公司的发展理念， 愿意与公司共同拓展业务。4.具有很强的工作责任心和团队合作精神。岗位待遇：5500 底薪 + 提成20% + 节假日福利 + 年终奖 二、中级交易员： 1.可承受较大心里压力，有很强的自我调控能力，纪律严格。 2.对公司资高度负责，严格执行安全控制。 3.以持续稳定盈利为最高目标，成为业内精英人才。4.热衷于金融行业的有经验人士，有意与国际经济及货币交易的最新理念保持一致水准，并关注全球外汇实时走势。5.敢于迎接挑战，能独立承受压力、完成公司交赋的工作任务。 6.有很强的分析能力，擅长并酷爱交易工作。 7.具有自信、冷静、理智、果断、坚定、胆识等交易员所要求具备的各项品质。 岗位待遇：10000 底薪 + 提成20% + 节假日福利 + 年终奖 + 五险一金三、高级交易员： 1.负责公司指定客户账户或配资账户的资金运作。 2.具有丰富的市场分析能力，做出每日交易计划，熟练掌握各种分析工具。3.配合培训讲师完成新入公司员工的实盘交易辅导。 4.把握市场机会，及时交易，确保账户达到持续稳定盈利，尽可能的达到利益最大化。 5.专业不限，经济类，理工类专业优先。 6.人品端正，谦虚好学，自信果敢。 7.有很强的数据运算能力及宏观经济数据分析能力。 8.熟悉双边市场，至少三年以上股票交易经验或两年以上双边市场交易经验。 9.公司提供完善的免费提高培训。 岗位待遇：15000 底薪 + 提成20% + 节假日福利 + 年终奖 + 五险一金注： 交易员只操作公司账户，不需外出寻找客户！ 业绩考核：1.是否依照计划目标将任务完成，使其质量达到要求的标准； 2.任务完成的过程或结果是否正确，是否达到标准的要求。 能力考核 1.业务所需要的业务知识、相关知识的掌握程度； 2.是否熟练掌握本岗位技能； 3.在执行任务时，是否能从容应对出现的变化。 态度考核 1.能自觉地尽职尽责的工作，能自始至终的表现出负责的态度；2.在职权范围内，能进行自我管理，能自主、自立、自信地处理业务。北京巨源时代投资管理有限公司（JUYUAN era Investment Management Co., Ltd.）创立于2010年,作为国内的新锐资本机构，巨源投资坐拥北京CBD核心区，公司团队由来自海外或有多年金融投资经验的专业精英组成，巨源投资立志缔造企业品牌价值，以客户服务为主导。为员工、客户及投资者创富增值。公司诚邀您加入我们的团队，创造财富不是梦想。考核内容：初级交易员连续稳定盈利3个月晋升中级交易员 中级交易员连续稳定盈利3个月晋升高级交易                                                                           职位联系方式                                                      公司名称：巨源时代投资管理有限公司 联系人  ：张经理 联系电话：18611860837') ;
COMMIT;
INSERT INTO "User" ("Name","UserType","CreatedDatetime","UpdatedDatetime","Enabled")
                              VALUES ('617435629250177.htm',4,clock_timestamp(),clock_timestamp(),'t') ;
INSERT INTO "ZhilianUser" ("UserId","NickName","Type","Sex","City" ) VALUES(currval('"hero_reduce"."user_id_seq"'),'617435629250177.htm',0,'null','北京-东城区') ; INSERT INTO "JobPosition" ("UserId","Name","Address","Title","Salary","Description")
                          VALUES(currval('"hero_reduce"."user_id_seq"'),'617435629250177.htm','北京-东城区','股票/期货操盘手','6001-8000','岗位描述： 1:对金融行业和理财投资有浓厚的兴趣及意愿，致力于把金融行业作为事业发展方向；渴望成为金融职场中的精英一族。 2:人品端正，谦虚好学，自信果敢，有较强的学历能力，具有团队合作精神。 3:有较强的分析能力、风险控制能力、思路清晰、心态端正、擅于把握市场机会，及时完成交易确保账户利益最大化。 4:公司内部气氛融洽，共同发展，有灵活的晋升体系和广阔的前景。  述职要求： 1、大专以上学历,金融专业优先，培训期间有大量的空余时间； 2、热爱交易、对金融经济知识感兴趣； 3、有很强的执行力，自制力强；日常生活有规律、有计划； 4、有较强的学习能力，新知识的接受能力； 5、抗压能力； 6、耐心细致，有责任心，具有保密意识； 7、对于基础薄弱或者无经验者有专业的入职培训。    待遇:  1、6000-8000 + 五险一金+手数返佣 月薪可达到15000以上 2、公司提供五险一金，享受国家法定节假日； 3、公司定期员工野外拓展活动； 4、公开透明的晋升机制，给您提供一个广阔的平台。  作息时间：周一至周五9点----12点；13点----晚17；享受国家法定节假日；                                                                            职位联系方式                                                       公司名称：北京高联投资有限公司 公司地址：东城区东直门天恒大厦A座F层 联系电话：010-84608830 在线QQ：1256414677 中国公司官网:www.gltz9.com 新西兰公司官网：www.rgmfx.com                                                          查看职位地图') ;
COMMIT;
INSERT INTO "User" ("Name","UserType","CreatedDatetime","UpdatedDatetime","Enabled")
                              VALUES ('553909420261244.htm',4,clock_timestamp(),clock_timestamp(),'t') ;
INSERT INTO "ZhilianUser" ("UserId","NickName","Type","Sex","City" ) VALUES(currval('"hero_reduce"."user_id_seq"'),'553909420261244.htm',0,'null','北京-朝阳区') ; INSERT INTO "JobPosition" ("UserId","Name","Address","Title","Salary","Description")
                          VALUES(currval('"hero_reduce"."user_id_seq"'),'553909420261244.htm','北京-朝阳区','证券分析/金融研究','8001-10000','乔治.索罗斯说:“你可以生于贫穷,但绝不能死于贫穷”基于其本人当初明智的职业选择，完成了他的财富梦想！也正是因为其1992年对英镑的一笔狙击，获利30多亿美金，一跃成为当年华尔街首富！这就是操盘手创造的财富传奇！其实操盘手的工作很简单！！！一台接入互联网的电脑，一张书桌，一把椅子！设想一下这样的场景：1、 任何时候，当你有想赚钱的想法时；2、 打开电脑，确认互联网接入服务正常；3、 打开交易程序，进入交易平台界面；4、 交易；5、 “捡钱”，放进口袋！怎么样，是不是很简单？没错，赚钱就这么容易！这就是操盘手职业的魅力所在！因公司规模扩大，现招聘培养操盘手：职位要求：热爱金融行业，有财富自由、财务自主的愿望。积极乐观、诚实自信。面试通过者接受免费统一的专业培训和导师一对一的针对指导。薪酬待遇: 初级操盘手：基本工资5500元 + 岗位补贴 + 提成 + 年终奖 中级操盘手：基本工资10000元 + 岗位补贴 + 提成 + 年终奖 + 五险一金 高级操盘手：基本工资15000元 + 岗位补贴 + 提成 + 年终奖 + 五险一金 .职位描述：一、初级操盘手1、无风险操作公司提供的资金帐户2、把握市场机会，及时交易，确保账户达到稳定盈利，尽可能的达到利益最大化。二、中级操盘手1、无风险操作公司提供的资金帐户2、有很强的分析能力，擅长并酷爱交易工作。3、具有丰富的市场分析能力，做出每日交易计划，熟练掌握各种分析工具。4、把握市场机会，及时交易，确保账户达到稳定盈利，尽可能的达到利益最大化。成为业内精英人才.三、高级操盘手1、负责公司指定大资金账户的无风险操作。2、有很强的数据运算能力及宏观经济数据分析能力。 3、交易风格多样化，能承受较强的心理压力，能独立完成大资金账户操作，有稳定盈利交易记 录者优先；4、热衷于金融行业，关注全球金融走势，有交易的最新理念保持一致水准并有较高实操经验人士优先 职位优势: 本职位无工作时间、地点限制,能做网上交易即可，可在家操盘。灵活的晋升体系和广阔的发展空间，可兼职。晋升空间：免费培训—评估—初级操盘手—中级操盘手—高级操盘手—交易经理—交易总监如果您想尝试更回报的行业，体现您的能力，可以投递简历，我们的HR收到您的简历会及时回复联系您。操盘手、交易员的职位可实习，可兼职，工作时间地点随意。不需要外出寻找客户，安心的通过您自主的分析进行交易买卖即可。欢迎有识之士加入公司，共创辉煌。职位联系方式公司名称：北京巨源时代投资管理有限公司公司地址：北京市朝阳区国贸建外soho东区B座806联 系 人： 莫经理  13910170543                                                                           职位联系方式                                                      职位联系方式公司名称：北京巨源时代投资管理有限公司公司地址：北京市朝阳区国贸建外soho东区B座806联 系 人： 莫经理 13910170543') ;
COMMIT;
INSERT INTO "User" ("Name","UserType","CreatedDatetime","UpdatedDatetime","Enabled")
                              VALUES ('433911327250744.htm',4,clock_timestamp(),clock_timestamp(),'t') ;
INSERT INTO "ZhilianUser" ("UserId","NickName","Type","Sex","City" ) VALUES(currval('"hero_reduce"."user_id_seq"'),'433911327250744.htm',0,'null','北京') ; INSERT INTO "JobPosition" ("UserId","Name","Address","Title","Salary","Description")
                          VALUES(currval('"hero_reduce"."user_id_seq"'),'433911327250744.htm','北京','证券分析/金融研究','','岗位职责： 1、负责金融领域热点课题研究，课程大纲开发等；2、撰写金融热点相关文章，有独特见解；3、负责金融课程及相关教材的校对及编写工作；4、完成部门领导交办的其它临时工作。 任职要求： 1、硕士以上学历，金融、经济等相关专业，具备一年以上实务工作经验为佳，优秀应届毕业生可破格录取；2、能够熟练操作office办公软件；3、工作踏实刻苦、能承受工作压力、思维清晰严谨，口齿清楚、善于表达；4、有责任心、诚信、敬业并有团队合作精神；5、热爱教育培训行业及研发工作者优先。                                                                           职位联系方式                                                       公司名称：汉唐教育集团 公司地址：海淀区花园桥北国际财经中心大厦D座7层  公司主页：www.hentane.com                                                          查看职位地图') ;
COMMIT;
INSERT INTO "User" ("Name","UserType","CreatedDatetime","UpdatedDatetime","Enabled")
                              VALUES ('150133715250002.htm',4,clock_timestamp(),clock_timestamp(),'t') ;
INSERT INTO "ZhilianUser" ("UserId","NickName","Type","Sex","City" ) VALUES(currval('"hero_reduce"."user_id_seq"'),'150133715250002.htm',0,'null','北京-宣武区') ; INSERT INTO "JobPosition" ("UserId","Name","Address","Title","Salary","Description")
                          VALUES(currval('"hero_reduce"."user_id_seq"'),'150133715250002.htm','北京-宣武区','情报信息分析','','职位描述： 1. 参与行业咨询项目，能独立完成所负责的咨询内容； 2. 组织行业研究,市场分析调研等项目的规划及实施；   3. 与客户进行充分沟通，正确、清晰、全面的了解客户需求； 4. 依据客户需求设计咨询方案，将设计思路和工作成果清晰的传达给客户； 任职资格：1. 经济,金融或统计类专业硕士以上学历,男女不限 2. 为人诚信，热爱咨询行业、热爱岗位、热爱团队、热爱客户 3..有能源企业（煤炭/电力/石化等）工作经验或咨询经验者优先   4. 具有较强的独立研究能力、逻辑分析能力和解决问题的能力； 5. 具有良好的书面及口头表达能力； 6. 善于沟通合作，学习能力强，有创新意识；                                                                           职位联系方式                                                       公司名称：北京中电经纬咨询有限公司 公司地址：北京市宣武区白广路二条一号  传真：0086-10-63415072 公司主页：www.cemr.org.cn') ;
COMMIT;
INSERT INTO "User" ("Name","UserType","CreatedDatetime","UpdatedDatetime","Enabled")
                              VALUES ('314689617258992.htm',4,clock_timestamp(),clock_timestamp(),'t') ;
INSERT INTO "ZhilianUser" ("UserId","NickName","Type","Sex","City" ) VALUES(currval('"hero_reduce"."user_id_seq"'),'314689617258992.htm',0,'null','北京') ; INSERT INTO "JobPosition" ("UserId","Name","Address","Title","Salary","Description")
                          VALUES(currval('"hero_reduce"."user_id_seq"'),'314689617258992.htm','北京','信贷管理/资信评估/分析','','岗位职责：   1、收集金融行业动态信息，对政策、法规和行业热点事件进行深度解读；   2、组织或独立完成上级交予的专题性或周期性研究报告，进行信息收集、整理与编写等相关工作；   3、深度研究集团三产联动项目，挖掘研究项目核心价值，制定项目包装策划方案；   4、负责金融产品的收益研究和分析，为公司主推产品决策提供研究支持。   任职资格：   1、本科以上学历，金融、财务等相关专业；   2、在银行、证券、信托等金融机构有宏观经济政策研究5年以上工作经历；   3、工作地点：河北石家庄  可接受总裁随行出差。                                                                           职位联系方式                                                         公司主页：www.zhuoda.com') ;
COMMIT;
INSERT INTO "User" ("Name","UserType","CreatedDatetime","UpdatedDatetime","Enabled")
                              VALUES ('150133715250005.htm',4,clock_timestamp(),clock_timestamp(),'t') ;
INSERT INTO "ZhilianUser" ("UserId","NickName","Type","Sex","City" ) VALUES(currval('"hero_reduce"."user_id_seq"'),'150133715250005.htm',0,'null','北京-宣武区') ; INSERT INTO "JobPosition" ("UserId","Name","Address","Title","Salary","Description")
                          VALUES(currval('"hero_reduce"."user_id_seq"'),'150133715250005.htm','北京-宣武区','情报信息分析','','职位描述：1、对多种数据源的进行深度诊断性组合分析、挖掘、深度分析和建模；2、提供行业研究，市场分析报告；并3、参与、组织项目调研，提供项目报告；并与项目经理沟通并完善项目报告。 4、参与、组织客户调研，定期提供行业报告；并与业务部门沟通并推进以上结果。职位要求：1.计算机、统计、数学、信息技术本科及以上学历三年以上相关工作经历，硕士优先考虑；2.熟悉Oracle数据库,熟练运用SQL；熟练操作excel,SAS/SPSS, PPT；3.良好的数据敏感度,能从海量数据提炼核心结果；有丰富的数据分析、挖掘、清洗和建模的经验 ；4.熟练独立编写商业数据分析报告，及时发现和分析其中隐含的变化和问题；5.具备良好的沟通能力和团队精神，有独立开展研究项目经验。                                                                           职位联系方式                                                       公司名称：北京中电经纬咨询有限公司 公司地址：北京市宣武区白广路二条一号  传真：0086-10-63415072 公司主页：www.cemr.org.cn') ;
COMMIT;
INSERT INTO "User" ("Name","UserType","CreatedDatetime","UpdatedDatetime","Enabled")
                              VALUES ('135038057250579.htm',4,clock_timestamp(),clock_timestamp(),'t') ;
INSERT INTO "ZhilianUser" ("UserId","NickName","Type","Sex","City" ) VALUES(currval('"hero_reduce"."user_id_seq"'),'135038057250579.htm',0,'null','北京-朝阳区') ; INSERT INTO "JobPosition" ("UserId","Name","Address","Title","Salary","Description")
                          VALUES(currval('"hero_reduce"."user_id_seq"'),'135038057250579.htm','北京-朝阳区','证券分析/金融研究','6001-8000','致求职者的话： 首先要恭喜您在打开此页面的同时，您内心的睿智选择已经引领您向金融领域中的高收入职业迈出了幸运并且前景无限的第一步。如果您有意加入到我们操盘手的交易团队当中，公司的交易团队和讲师会引导您坚实而踏实的走好日后职业发展的每一步。请您在相信您自己内心选择的基础上相信公司的团队，认真努力的和我们一路走下去，未来三到五年内在北京相对中心的位置拥有一套属于自己的安身立命之所，绝不是太难的事情。相信您自己的选择，更要相信您自身的能力，加入到我们阳光的交易团队当中，为您今后梦想与人生的启航做好坚实的经济铺垫。   乔治.索罗斯说：“你可以生于贫穷，但绝不能死于贫穷”祝贺所有关心金融市场的投资者，因为你们拥有一个不同于过去的投资时代！   工作内容1.接受公司培训（带薪）。（有经验者可不接受培训，详情面谈。）2.部分初级交易员需要参加交易员晋级培训。每月一次。3.高执行力：关注每次交易系统给出的进场，出场信号，并按照信号指示进行建仓，平仓操作。（交易系统会在培训期间给予指导。）4、严格执行公司各项制度，，并定期整理交易数据，向上级领导账户分析结果；5、按照部门主管的要求进行技术和基本面规律的分析，进行数据的搜集或整理；6、配合其他部门有关工作；7、遵守公司的各项管理制度，承办领导交办的其他工作。素质要求：1、大专以上学历,金融专业优先，培训期间有大量的空余时间；2、热爱交易、对金融经济知识感兴趣；3、有很强的执行力，自制力强；日常生活有规律、有计划；4、有较强的学习能力，新知识的接受能力；5、抗压能力；6、耐心细致，有责任心，具有保密意识；7、对于基础薄弱或者无经验者有专业的入职培训。8、公司提供良好的晋升机制：薪资待遇： 初级薪资待遇：5000底薪 +  提成20%--40%  +  五险一金 + 节假日福利 + 季度奖  月薪可达7000元以上中级薪资待遇：10000底薪 + 提成20%--40% +  五险一金 +  节假日福利 + 季度奖   月薪可达15000元以上高级薪资待遇：15000底薪 + 提成20%--40% +  五险一金 +  节假日福利 + 季度奖   月薪达2-3万元以上 职位要求：年龄：20岁-50岁之间。学历：大专以上（包括大专），有交易经验者面谈。其它素质： 1.对于金融行业有极高的兴趣。2.性格沉稳，情绪不易产生较大波动。3.有极强的时间观念。（交易员的工作性质对于时间和空间上没有要求，相对自由，需要自我约束。）4.对资金流动有较强的驾驭能力。5.能够尽量客观的看待事物的发展。 面试要求： 不提供视频或者电话面试，只能到北京参加一对一面试，无复试，无笔试，不能来北京者请勿投递，面试通过后培训可做延期。实习员工： 前期培训期视为实习，实习期满可成为公司正式员工，可开实习证明，培训期为连续十个工作日，周末双休，每日培训时间：早晨9:30至下午3:30。公司在培训期提供每日餐补及路费补助，并在第一个月的薪资里统一发放。其他福利：五险一金 季度奖+年终奖  带薪免费旅游   公司对于没有交易经验，却对金融衍生品操作有兴趣者，提供正规统一的免费培训。有专业的交易团队手把手带你走进交易市场。我们的交易团队有绝对的信心让你在培训期后，有属于自己的交易系统与理念，让你找到自己在交易市场的立足点。成为我公司的优秀员工，对于成绩优秀学员公司提供交易账户帮助学员完成自我晋升。希望对金融行业有兴趣的应聘者积极与我们联系，了解公司情况，招聘情况及与工作相关的问题。公司承诺将对每位学员认真负责，最大限度发掘每一位学员的交易潜力。      联系电话：010-57349909  15811512051公司地址：北京市朝阳区时间国际大厦A座2601室公司名称：深圳市龙阳商务咨询有限公司北京第一分公司                                                                           职位联系方式                                                        人事经理：陈经理公司网址：http://www.bj-lyjt.com 联系电话：010-57349909  13366412049公司地址：北京市朝阳区时间国际大厦A座2601室公司名称：深圳市龙阳商务咨询有限公司北京第一分公司  各求职者请注意可把简历发至公司                                                           查看职位地图') ;
COMMIT;
INSERT INTO "User" ("Name","UserType","CreatedDatetime","UpdatedDatetime","Enabled")
                              VALUES ('615221324264960.htm',4,clock_timestamp(),clock_timestamp(),'t') ;
INSERT INTO "ZhilianUser" ("UserId","NickName","Type","Sex","City" ) VALUES(currval('"hero_reduce"."user_id_seq"'),'615221324264960.htm',0,'null','北京') ; INSERT INTO "JobPosition" ("UserId","Name","Address","Title","Salary","Description")
                          VALUES(currval('"hero_reduce"."user_id_seq"'),'615221324264960.htm','北京','证券分析/金融研究','8001-10000','薪酬待遇: 初级交易员：基本工资5000元+ 岗位补贴 600+ 提成20% + 年终奖 +五险（月收入大约10000--15000)中级交易员：基本工资10000元 + 岗位补贴600 + 提成30% + 年终奖 +五险（月收入大约15000-25000）高级交易员：基本工资15000元 + 岗位补贴600 + 提成50% + 年终奖+五险（月收入大约25000--45000）   培养方式 对于没有交易经验零基础学员，却对金融衍生品操作职位有兴趣者。公司愿意提供免费的培训。有专业的交易团队手把手带你走进交易市场。我们的培训交易团队有绝对的信心让你在培训期后，有自己的交易系统与理论，让你找到自己在交易市场的立足点，为公司和你个人创造更大的利益。   任职要求： 1、中专以上学历,金融专业优先，培训期间有大量的空余时间；2、热爱交易、对金融经济知识感兴趣；3、有很强的执行力，自制力强；日常生活有规律、有计划；4、有较强的学习能力，新知识的接受能力；5、抗压能力；6、耐心细致，有责任心，具有保密意识；7、对于基础薄弱或者无经验者有专业的入职培训。8、公司提供良好的晋升机制； 9.年龄在20--68周岁均可；  ​ 职位描述： 一、初级操盘手 1、无风险操作公司提供的资金帐户 2、把握市场机会，及时交易，确保账户达到稳定盈利，尽可能的达到利益最大化。   二、中级操盘手 1、无风险操作公司提供的资金帐户 2、有很强的分析能力，擅长并酷爱交易工作。 3、具有丰富的市场分析能力，做出每日交易计划，熟练掌握各种分析工具。 4、把握市场机会，及时交易，确保账户达到稳定盈利，尽可能的达到利益最大化。成为业内精英人才。   三、高级操盘手 1、负责公司指定大资金账户的无风险操作。 2、有很强的数据运算能力及宏观经济数据分析能力。  3、交易风格多样化，能承受较强的心理压力，能独立完成大资金账户操作，有稳定盈利交易记录者优先； 4、热衷于金融行业，关注全球金融走势，有交易的最新理念保持一致水准并有较高实操经验人士优先   职位优势:  本职位无工作时间、地点限制,能做网上交易即可，可在家操盘。灵活的晋升体系和广阔的发展空间，可兼职。   联系电话：15810986897 联系  人：毛经理 咨询 qq: 349719370                                                                              职位联系方式                                                       公司名称：北京盛业永信资产管理有限公司   公司地址：北京市朝阳区朝外大街乙6号朝外SOHOA座2502室    联系人：毛经理   联系电话：15810986897   咨询QQ：349719370（注明应聘咨询）') ;
COMMIT;
INSERT INTO "User" ("Name","UserType","CreatedDatetime","UpdatedDatetime","Enabled")
                              VALUES ('229340324250310.htm',4,clock_timestamp(),clock_timestamp(),'t') ;
INSERT INTO "ZhilianUser" ("UserId","NickName","Type","Sex","City" ) VALUES(currval('"hero_reduce"."user_id_seq"'),'229340324250310.htm',0,'null','北京') ; INSERT INTO "JobPosition" ("UserId","Name","Address","Title","Salary","Description")
                          VALUES(currval('"hero_reduce"."user_id_seq"'),'229340324250310.htm','北京','证券分析/金融研究','6001-8000','岗位职责：1、负责跟踪金融市场动态， 搜集、整理数据； 2、对阳光私募基金公司及基金经理进行定期调研，撰写调研报告； 3、分析阳光私募基金市场数据，撰写相关报告； 4、进行阳光私募基金相关的专题研究，撰写专题研究报告； 5、协助公司内部培训。 任职资格:1、全日制本科以上学历，金融学、经济学相关专业；2、具有金融领域研究经验或较好的数量研究基础；3、语言表达能力强，乐于与人沟通，形象气质较好；4、具备较好的领悟能力和总结能力；5、具备信托、券商、银行、基金公司投研、交易工作经验优先，也欢迎应届毕业生应聘。                                                                            职位联系方式                                                      公司名称：北京格上理财顾问有限公司公司地址：北京市朝阳区惠新里240号通联大厦一层 传真：64969088公司主页：http://www.licai.com                                                          查看职位地图') ;
COMMIT;
INSERT INTO "User" ("Name","UserType","CreatedDatetime","UpdatedDatetime","Enabled")
                              VALUES ('147613145251812.htm',4,clock_timestamp(),clock_timestamp(),'t') ;
INSERT INTO "ZhilianUser" ("UserId","NickName","Type","Sex","City" ) VALUES(currval('"hero_reduce"."user_id_seq"'),'147613145251812.htm',0,'null','北京') ; INSERT INTO "JobPosition" ("UserId","Name","Address","Title","Salary","Description")
                          VALUES(currval('"hero_reduce"."user_id_seq"'),'147613145251812.htm','北京','证券分析/金融研究','','岗位职责：  1.协助投资团队进行投资项目的筛选和储备，可以长期跟踪潜在目标项目，并且进行公司价值的分析和判断；  2.协助投资团队进行项目投资前的尽职调查，主要以商业尽职调查为主，包括行业分析，公司基本面分析等；  3.协助投资团队进行项目投资后的投后管理，可以和被投公司和项目保持跟进，定期汇总项目情况；   4.协助投资团队开发投资相关课程，可以独立完成课件的书写。  任职资格:  1. 一年及以上研究分析的工作经验，本科以上学历，经济学、金融专业背景优先；  2. 有较强沟通能力、抗压能力及团队合作能力；  3. 对研究工作具有深厚的兴趣；  4.有良好的文书能力，可以熟练使用办公自动化（word、PPT、excel等）；  5.可接受偶尔加班及出差；                                                                           职位联系方式                                                      公司名称：盛景网联企业管理顾问股份有限公司公司地址：北京市海淀区清华科技园科技大厦B座11层 传真：公司主页：http://www.shengjing360.com') ;
COMMIT;
INSERT INTO "User" ("Name","UserType","CreatedDatetime","UpdatedDatetime","Enabled")
                              VALUES ('150287814250511.htm',4,clock_timestamp(),clock_timestamp(),'t') ;
INSERT INTO "ZhilianUser" ("UserId","NickName","Type","Sex","City" ) VALUES(currval('"hero_reduce"."user_id_seq"'),'150287814250511.htm',0,'null','北京-朝阳区') ; INSERT INTO "JobPosition" ("UserId","Name","Address","Title","Salary","Description")
                          VALUES(currval('"hero_reduce"."user_id_seq"'),'150287814250511.htm','北京-朝阳区','证券/期货/外汇经纪人','8001-10000','初级交易员：1.接受免费统一的学习培训和模拟训练；2.成绩优秀的操盘手将逐步晋升为中级、高级操盘手；3.级别越高，机会越多，收入越高。4.有较强的学习能力、分析能力、风险控制能力。5.年龄20至50之间，大专以上学历，有经验者优先。6.爱岗敬业，诚实负责者优先录用。   职位待遇：基本工资5000 + 提成20%-30% + 节假日福利 + 年终奖 +五险一金 （月收入大约8000--15000） 中级交易员：1.有强烈的以交易为生，希望成为交易高手的意愿；2.可承受较大心里压力，有很强的自我调控能力，纪律严格；3.对公司资高度负责，严格执行安全控制；4.以稳定盈利为最高目标。5.热衷于金融行业的有经验人士，有意与国际经济及货币交易的最新理念保持一致水准，并关注全球外汇实时走势6.敢于迎接挑战、能独立承受压力、完成公司交赋的工作任务7.有很强的分析能力，擅长并酷爱操盘工作8.具有自信、冷静、理智、果断、坚定、胆识等操盘手所要求具备的各项品质  职位待遇：基本工资10000 + 提成30%-40% + 节假日福利 + 年终奖 +五险一金 （月收入大约15000--30000）高级交易员： 1.负责公司指定客户账户或配资账户的资金运作2.分析行情，做出每日交易计划。3.配合培训讲师完成新入司员工的实盘交易辅导。4.把握市场机会，及时交易，确保账户达到稳定盈利，尽可能的达到利益最大化。5.专业不限，经济类、理工类专业优先。6.人品端正，谦虚好学，自信果敢。7.有很强的数据运算能力及宏观经济数据分析能力。8.熟悉双边市场，至少三年以上股票交易经验或一年以上双边市场交易经验。  职位待遇：基本工资15000 + 提成40%-50% + 节假日福利 + 年终奖 +五险一金 （月收入大约20000--50000）   对于没有交易经验，却对金融衍生品操作职位有兴趣者。公司愿意提供免费的培训。有专业的交易团队手把手带你走进交易市场。我们的培训交易团队有绝对的信心让你在培训期后，有自己的交易系统与理论，让你找到自己在交易市场的立足点。成为我公司的优秀交易员。希望对金融行业有兴趣的应聘者积极与我们的HR联系，了解公司情况，招聘情况及与工作有关的相关问题。  公司地址：北京市朝阳区时间国际A座2601、2609室 乘车路线： 地铁10号线三元桥站D口出（地铁门口有标识牌）或A口出（经过凤凰汇购物商业街左转即是时间国际） 公司网址：http://www.bj-lyjt.com/ 联系人：张经理 联系电话: 18612554442 QQ：770638770      工作内容：1.接受公司培训。（有经验者可不接受培训，详情面谈。）2.部分初级交易员需要参加交易员晋级培训。每月一次。3.盯盘频率：至少每15分钟一次。每日交易时间至少6小时。4.高执行力：关注每次交易系统给出的进场，出场信号，并按照信号指示进行建仓，平仓操作。（交易系统会在培训期间给予指导。）5.交易报告：报告时间，每星期一。交易员需要在每个星期一上交一份交易报告，对上星期的盈利，亏损情况做错总结。如有大额（20%以上）的盈利或亏损，需要与其所在交易团队经理进行面谈。6.亏损总结：总结时间，每星期一次，要与交易报告一同上交。总结内容：对上星期所有亏损的交易作出客观总结。如因交易系统漏洞亏损为正常。如因个人情绪不稳定导致亏损，需要与其所在交易部经理进行面谈。职位要求：年龄：20岁-40岁之间。性别：不限。户籍：不限。学历：大专以上（包括大专），有交易经验者面谈。工作经验：不限。（70%的求职者均会得到面试的机会，面试通过后公司会予安排培训。）其它素质：1.对于金融行业有极高的兴趣。2.性格沉稳，情绪不易产生较大波动。3.有极强的时间观念。（交易员的工作性质对于时间和空间上没有要求，相对自由，需要自我约束。）4.对资金流动有较强的驾驭能力。5.能够尽量客观的看待事物的发展。什么是交易员：交易员———其实是一件非常具有艺术性的工作，它是市场的参与者基于对市场的认知、判断而进行的资金、心理博弈。操盘手中，大多性格沉稳，思维独立富有主见，言语缜密。这种性格很多并不是他们的本性，只不过是因为选择了这一职业的原因。守口如瓶是一个职业操盘手最起码的素质。由于动辄就要操纵上亿元的资金，一直以来，外界总有一种误解：成功的交易员都是那些拥有高学位的名牌大学高材生，交易者必须绞尽脑汁才能获利。其实，操盘绝不是学术研究。 跟一般人想象的不同，操盘手每天的生活既不紧张也不神秘，更多的是需要细心，然后剩下的就是枯燥了，因为操作时整天都要盯着走势图。当然压力也很大，因为委托方不仅要求达到每个项目的利润最大化，还要求做到每个阶段利润的最大化。 交易员是个新词，它是随着股市的开启而走进中国人生活的。它的诞生标志着中国经济的变化。交易员不是炒手，他们是不炒单的，因为主力资金不需要炒单，他们做的是趋势，他们的目的是控制盘面而不是靠微小的点差来积累盈利。从一名普通的期货投资者到一名优秀的交易员任职要求：第一，以此为业，栽过跟头，但仍痴心不改，喜欢交易，屡败屡战。交易员是职业交易员，不是票友。专业和业余不可同日而语。在任何一个行业中要取得成功，喜欢此行业并全身心地投入是必不可少的条件。第二，认错不服输，虚心学习，认真总结反思。这是优秀交易员的特质。有信心但不自高自大，精神自由但又遵守纪律，对市场充满了敬畏之心，随时随地听从市场的召唤，绝不会对市场说三道四，幻想着市场会听从自己的意愿。建仓，吸筹，拔高，回档，出货，清仓———是一个交易员的日常工作。交易员泛指金融证券期货市场中受计划指定买卖品种的人。由于动辄就要操纵上亿元的资金，一直以来，外界总有一种误解：成功的交易员都是那些拥有高学位的名牌大学高材生，交易者必须绞尽脑汁才能获利。其实，交易绝不是学术研究。跟一般人想象的不同，交易员每天的生活既不紧张也不神秘，更多的是需要细心，然后剩下的就是枯燥了，因为操作时整天都要盯着走势图。当然压力也很大，因为委托方不仅要求达到每个项目的成本最小化，还要求做到每个阶段利润的最大化。 交易员的九大要点一、正确认识自己，评估自己现在的实际水平；二、在第一步的基础上制定自己补习的方向和内容；三、寻找自己所缺乏的书本知识和真正有好技术又能教授你的老师；四、连续熟读和记忆这些有用的技巧；五、从行情中印证这些新学的东西，改良书本知识为实战内涵；六、大量地看图形和技术分析指标，把形态，成交量等重要的技术学好；七、大量的模拟和训练，以及大胆预测，把自己对大盘分析和个股做出记录，把理由写清楚；八、总结自己学习和实战成果，并作记录背熟，将之变成理论的依据，总结并写出来，系统化、简单化。九、严格意义上，说操盘手只是一个大项目的具体执行者，而且是一个不折不扣的落实人。在执行过程中不得有任何思想的干扰或影响对该项目的执行。                                                                                职位联系方式                                                       公司地址：北京市朝阳区时间国际A座2601、2609室 乘车路线： 地铁10号线三元桥站D口出（地铁门口有标识牌）或A口出（经过凤凰汇购物商业街左转即是时间国际） 公司网址：http://www.bj-lyjt.com/ 联系人：张经理 联系电话: 18612554442 QQ：770638770                                                           查看职位地图') ;
COMMIT;
INSERT INTO "User" ("Name","UserType","CreatedDatetime","UpdatedDatetime","Enabled")
                              VALUES ('135038057250634.htm',4,clock_timestamp(),clock_timestamp(),'t') ;
INSERT INTO "ZhilianUser" ("UserId","NickName","Type","Sex","City" ) VALUES(currval('"hero_reduce"."user_id_seq"'),'135038057250634.htm',0,'null','北京-朝阳区') ; INSERT INTO "JobPosition" ("UserId","Name","Address","Title","Salary","Description")
                          VALUES(currval('"hero_reduce"."user_id_seq"'),'135038057250634.htm','北京-朝阳区','股票/期货操盘手','6001-8000','股神巴菲特这样说过：一生能够积累多少财富，不取决于你能够赚多少钱，而取决于你如何投资理财，钱找人胜过人找钱，要懂得钱为你工作，而不是你为钱工作。 什么是交易员：  交易员是个新词，它是随着股市的开启而走进中国人生活的。它的诞生标志着中国经济的变化。 建仓，吸筹，拔高，回档，出货，清仓———是一个交易员的日常工作。 交易——游走在投资与投机之间，徜徉于现实与理想之巅，融汇于艺术与技术之湾，它是人类社会对于资金和心理博弈的最直接体现，完美的展现了灵长类之魂创造与行动的宣言，是你实现人生理想的最后一环。 你是否对交易存在浓厚兴趣呢？是否苦于徘徊在交易之河的彼岸而寻不见前路呢？现在机会来到了你的面前 -- 北京融控资本管理有限公司愿意提供免费的培训，带你横越财务自由的天堑，来到人生梦想的顶端。我们有专业的交易团队手把手带你走进交易市场。希望对金融行业有兴趣的你积极与我们电话或邮件联系，了解公司情况，招聘情况及与工作有关的相关问题。 注   无需交易员外出寻找客户，只需操作公司账户即可   交易员的3个特质 1.要有一点精神。人如果没有一股劲，一股气，就什么事情也做不成。在期货投资上就得有一种愚公精神，傻子精神。所谓愚公精神，就是一种不达目的不罢休，自信能成功，不惟书本、不惟专家，只惟实际的精神。所谓傻子精神，就是我不吃亏谁吃亏，我不下地狱谁下地狱的精神。从不斤斤计较，因小失大。傻子精神还体现在对规矩对原则的坚持上，只见义不惟利，不患得患失。傻子精神，就是一种勇往直前的拼劲，对认准的事，绝不犹犹豫豫、畏首畏尾，言必行、行必果的敢担当精神。敢不敢下决断是失败的投资人和优秀交易员的分水岭。  2.要讲一点方法。学贵得法，有勇还须得有谋。金融投资不是蛮干，关键要反思、要总结、要学习。人们来期货市场投资，目的是赚钱。为了赚钱，就得思考为什么会赔钱？什么情况下赔小钱？什么情况下赔大钱？什么情况下反复赔钱？如果能把这些问题琢磨透了，就一定能够找到期货市场中最基本、最核心的不赔钱规律。也只有不赔钱了，赚钱才能成为惟一的选项。从本质上讲，优秀交易员的过人之处表现在稳健和谨慎上。  3.炼金术就是炼心术。世上无难事，只怕有心人。对一个优秀交易员来说，如何控制“心”的能力，其重要性远远超过如何运用“脑”的能力。如果交易员被期价的大幅波动所影响，不由自主地产生一种不按计划操作的冲动，让价格牵着鼻子走。优秀的交易员是该买就买，不该买绝不买，该买多少就买多少，赚了不过喜，赔了不过悲，赚得明白，赔得清楚，心平气和，处之泰然。  对于没有交易经验，却对金融衍生品操作职位有兴趣者，公司愿意提供免费的培训，有专业的交易团队手把手带你走进交易市场，我们的培训交易团队有绝对的信心让你在培训期后，有自己的交易系统与理论，让你找到自己在交易市场的立足点。成为我公司的优秀交易员。 初级交易员职位要求(可实习） 1、负责公司指定客户账户或配资账户的资金运作。 2、把握市场机会，及时交易，使账户达到稳定盈利。 3、专业不限，金融专业优先。 4、人品端正，谦虚好学，自信果敢。 5、对金融市场有浓厚的兴趣，有股票、期货等投资经验者优先。 6、公司提供完善免费的交易培训。 工资待遇：5000 底薪 + 提成20%--40% + 培训补助 + 年终奖 月薪可达7000元以上  中级交易员职位要求 1、有强烈的以交易为生，希望成为交易高手的意愿。 2、可承受较大心理压力，有很强的自我调控能力，纪律严格。 3、对公司资高度负责，严格执行安全控制。 4、以稳定盈利为最高目标。 工资待遇：10000 底薪 + 提成20%--40% + 培训补助 + 五险一金 + 年终奖 月薪可达到12000-15000元。 高级交易员职位要求 1、负责公司指定客户账户或配资账户的资金运作。 2、分析行情，做出每日交易计划。 3、配合培训讲师完成新入司员工的实盘交易辅导。 4、把握市场机会，及时交易，确保账户达到稳定盈利，尽可能的达到利益最大化。 5、专业不限，经济类、理工类专业优先。 6、人品端正，谦虚好学，自信果敢。 7、有很强的数据运算能力及宏观经济数据分析能力。 8、熟悉双边市场，至少三年以上股票交易经验或一年以上双边市场交易经验。 9、公司提供完善的交易培训.。 工资待遇：15000底薪 + 提成20%--40% + 培训补助 + 五险一金 + 年终奖 月薪可达到2-3万元。  没有经验渴望成为精英一族的  任职要求： 1、热爱金融行业，有强烈的意愿进入金融投资领域，渴望成为金融职场中的精英一族。 2、具有良好的自我学习能力与团队合作精神。 3、具有良好的职业操守，有强烈的责任感。 4、敢于挑战自我，勇于凭自己的努力和本领获得高收益。 享受待遇： 1、 接受免费统一的学习培训和模拟训练。 2、 成绩优秀的操盘手将逐步晋升为中级、高级交易员。 3、 级别越高，机会越多，收入越高。 (本职位无工作时间，地点限制，能做网上交易即可，可在家操作）                                                                            职位联系方式                                                       人事经理：陈经理公司网址：http://www.bj-lyjt.com 联系电话：010-57349909  15811512051公司地址：北京市朝阳区时间国际大厦A座2601室公司名称：深圳市龙阳商务咨询有限公司北京第一分公司 各求职者请注意可把简历发至公司                                                          查看职位地图') ;
COMMIT;
INSERT INTO "User" ("Name","UserType","CreatedDatetime","UpdatedDatetime","Enabled")
                              VALUES ('540736422252722.htm',4,clock_timestamp(),clock_timestamp(),'t') ;
INSERT INTO "ZhilianUser" ("UserId","NickName","Type","Sex","City" ) VALUES(currval('"hero_reduce"."user_id_seq"'),'540736422252722.htm',0,'null','北京-朝阳区') ; INSERT INTO "JobPosition" ("UserId","Name","Address","Title","Salary","Description")
                          VALUES(currval('"hero_reduce"."user_id_seq"'),'540736422252722.htm','北京-朝阳区','证券/期货/外汇经纪人','4001-6000','乔治.索罗斯说：“你可以生于贫穷，但绝不能死于贫穷”祝贺所有关心外汇市场的投资者，因为你们拥有一个不同于过去的投资时代！    中国新秀外汇市场作为一个国际性的资本投机市场,其历史性要比股票、黄金、期货、利息市场短的多,然而它却以惊人的速度发展,时至今日全球外汇市场每天的交易额已达4万亿美元,其规模远远超过股票期货等其他金融商品市场,已成为当今全球最大的金融市场   外汇市场独特的投资特点:  1、4万亿美元的日成交量; 2、买卖国家货币和经济;  3、简单、透明、无庄; 4、10~400倍杠杆;  5、T+0交易;   6、可以买多和做空;  7、24小时不间断交易;    薪酬待遇:  初级交易员：基本工资5500元+ 提成20% + 年终奖 +五险（月收入大约10000--15000) 中级交易员：基本工资10000元 +  提成30% + 年终奖 +五险（月收入大约15000-25000） 高级交易员：基本工资15000元 + 提成50% + 年终奖+五险（月收入大约25000--45000）    我们提供： 1. 良好的培训机会，邀请国家著名经济评论员培训宏观经济，外汇交易、本币市场、货币市场、银行资金业务等领域的培训课程。  2.交易体系的建立、行业相关知识的了解及广阔的发展平台。  3.良好的的工作和学习氛围，人性化、宽松的办公环境。  4.有机会与高端项目经理和金融专家进行交流，参与课题研究。  5.具有竞争力的薪酬与福利体系。   6.正式进入公司，会视培训期表现，给与现金奖励。  职位要求：  1、大专以上学历,金融专业优先，培训期间有大量的空余时间； 2、热爱交易、对金融经济知识感兴趣； 3、有很强的执行力，自制力强；日常生活有规律、有计划； 4、有较强的学习能力，新知识的接受能力； 5、抗压能力； 6、耐心细致，有责任心，具有保密意识； ​  职位描述：  一、初级操盘手  1、无风险操作公司提供的资金帐户  2、把握市场机会，及时交易，确保账户达到稳定盈利，尽可能的达到利益最大化。    二、中级操盘手  1、无风险操作公司提供的资金帐户  2、有很强的分析能力，擅长并酷爱交易工作。  3、具有丰富的市场分析能力，做出每日交易计划，熟练掌握各种分析工具。  4、把握市场机会，及时交易，确保账户达到稳定盈利，尽可能的达到利益最大化。成为业内精英人才。    三、高级操盘手  1、负责公司指定大资金账户的无风险操作。  2、有很强的数据运算能力及宏观经济数据分析能力。   3、交易风格多样化，能承受较强的心理压力，能独立完成大资金账户操作，有稳定盈利交易记录者优先；  4、热衷于金融行业，关注全球金融走势，有交易的最新理念保持一致水准并有较高实操经验人士优先    职位优势:   本职位无工作时间、地点限制,能做网上交易即可，可在家操盘。灵活的晋升体系和广阔的发展空间，可兼职。    实习员工：   前期培训期视为实习，实习期满可成为公司正式员工，可开实习证明。培训期为连续十个工作日，周末双休。每日培训时间：早晨10:00至下午17:00。公司在培训期提供每日餐补及路费补助，并在第一个月的薪资里统一发放。正式进入公司有奖金。    其它素质：  1.对于金融行业有极高的兴趣。  2.性格沉稳，情绪不易产生较大波动。  3.有极强的时间观念。（交易员的工作性质对于时间和空间上没有要求，相对自由，需要自我约束。）  4.对资金流动有较强的驾驭能力。  5.能够尽量客观的看待事物的发展    加入鑫达博裕（北京）的五大理由:  1、你将掌握最专业的投资理念，扩充你的知识体系，提升你的个人综合能力，你的世界因你而不同；  2、你将拥有高效的、超强的沟通能力，尽显你的语言魅力；  3、你将提升你人脉圈的层次和质量，拓宽自己的眼界和格局；  4、We are one!年轻而富有朝气的团队，完善而优厚的福利待遇，在快乐工作的同时结识更多与你志同道合并肩作战的小伙伴！  5、当这一切都拥有时，你会感谢如此拼搏的自己-----你的月薪=别人的年薪！    公司地址：北京市朝阳区东大桥路尚都国际中心1505室  乘车路线： 地铁6号线东大桥A口出南行，过十字路口100米。或地铁1号线永安里站B口出北行，公交车126、120、403、43、28路芳草地站下，两站地。  公司网址：http://www.xindaboyu.com/                                                                            职位联系方式                                                      公司名称：北京鑫达博裕投资咨询有限公司公司地址：北京市朝阳区东大桥8号尚都国际中心1505   联 系 人；赵经理 联系电话；010-57260652    15311641831 联 系 Q  Q;2901965479（注明应聘咨询）   联 系 人；程经理 联系电话；010-57103457   15300319234 联 系 Q  Q;787616605（注明应聘咨询）') ;
COMMIT;
INSERT INTO "User" ("Name","UserType","CreatedDatetime","UpdatedDatetime","Enabled")
                              VALUES ('55004532290251739000.htm',4,clock_timestamp(),clock_timestamp(),'t') ;
INSERT INTO "ZhilianUser" ("UserId","NickName","Type","Sex","City" ) VALUES(currval('"hero_reduce"."user_id_seq"'),'55004532290251739000.htm',0,'null','北京-朝阳区') ; INSERT INTO "JobPosition" ("UserId","Name","Address","Title","Salary","Description")
                          VALUES(currval('"hero_reduce"."user_id_seq"'),'55004532290251739000.htm','北京-朝阳区','证券分析/金融研究','8001-10000','岗位职责： 1. 为公司的账户进行交易盈利； 2、每个月进行交易总结，即时准确汇报公司各项账户信息；3、时刻关注公司账户操作品种的价格变动和相关重要资讯；4、严格执行公司各项制度，，并定期整理交易数据，向上级领导账户分析结果；5、按照部门主管的要求进行技术和基本面规律的分析，进行数据的搜集或整理；6、配合其他部门有关工作；7、遵守公司的各项管理制度，承办领导交办的任务 任职资格： 无经验者，入职前接受公司专业岗前培训 1.中专及以上学历,金融专业优先2热爱交易、对金融经济知识感兴趣；3.有很强的执行力，自制力强；日常生活有规律、有计划；4.有较强的学习能力，新知识的接受能力；5.有较强的抗压能力；6.耐心细致，有责任心，具有保密意识； 工作时间： AM: 9:30  -- 12:00 PM: 13:30-- 17:50 薪资待遇与员工福利福利： 初级交易员：5000底薪 + 盈利提成20%  + 年终奖 中级交易员：10000底薪+ 提成30%+五险一金+年终奖  高级交易员：15000底薪+ 提成40%+五险一金+年终奖   1、面试通过者,公司给予员工为期10个工作日、免费的、专业的、系统的岗前培训，培训时间（9：30--15:00）周六、日休息。正式入职后，培训薪资计入首月工资。2.公司将全资为盘手提供资金支持（无需交付任何保证金），承担风险，同时也将为盘手提供明亮、优雅、舒适的工作环境，让您更快乐的工作。 对于没有任何金融从业经验的人员，在入职以后公司会有专业的岗前培训，以及会有前辈手把手教你如何熟悉工作。 希望对金融行业有兴趣的应聘者积极与我们的HR联系，了解公司情况，招聘情况及与工作有关的相关问题                                                                             职位联系方式                                                        公司名称：深圳市龙阳商务咨询有限公司北京第一分公司 公司地址：北京市朝阳区时间国际A座2601、2609室 公司主页：http://www.bj-lyjt.com 人事部电话：18210369802') ;
COMMIT;
INSERT INTO "User" ("Name","UserType","CreatedDatetime","UpdatedDatetime","Enabled")
                              VALUES ('178806528251796.htm',4,clock_timestamp(),clock_timestamp(),'t') ;
INSERT INTO "ZhilianUser" ("UserId","NickName","Type","Sex","City" ) VALUES(currval('"hero_reduce"."user_id_seq"'),'178806528251796.htm',0,'null','北京') ; INSERT INTO "JobPosition" ("UserId","Name","Address","Title","Salary","Description")
                          VALUES(currval('"hero_reduce"."user_id_seq"'),'178806528251796.htm','北京','证券分析/金融研究','5000-10000','薪酬回报：初级分析师：5000 底薪 + 提成20%+ 节假日福利 + 年终奖 月薪可达8000元以上中级分析师：10000底薪+ 提成30%+五险一金+节假日福利+年终奖  月薪可达15000元以上高级分析师：15000底薪+ 提成40%+五险一金+节假日福利+年终奖 月薪可达20000至30000元以上职位描述:操盘手就是在金融市场做投机，低买高卖赚取金融产品差价。投机一词在中国人眼里是贬义词，及投机倒把或者投机取巧，其实投机词是中性词，真正的含义是利用智慧来赚钱。金融市场的投机是这样的：公众们都认为投机是一种预知未来，去知晓那些无法知晓的游戏。他们错了，其实这是运用成功的投资策略抓住你身边的机会并去实现它的一种游戏。低买高卖这个大家都知道。金融产品包括：股票、期货、黄金、白银、外汇等产品。岗位职责职位描述：1、接受公司培训（带薪）,有经验者可不接受培训，详情面谈。2. 公司出资，为公司的账户进行交易盈利；3、每个月进行交易总结，即时准确汇报公司各项账户信息；4、时刻关注公司账户操作品种的价格变动和相关重要资讯；任职资格：1、热爱交易、对金融经济知识感兴趣；2、有很强的执行力，自制力强；3、有较强的学习能力，新知识的接受能力4、学历：大专以上【包含大专】5、年龄：20岁--40岁之间 6、工作经验： 不限；升至空间：1、清晰明确的晋升空间：初级交易员—中级交易员－高级交易员—交易辅导员—交易经理－交易总监；2、针对高级管理岗位公司采用内部提拔方式，不采用空降或外部招聘等方式，给内部优秀的员工提供了良好的晋升通道。联系方式公司名称：江西亿汇投资有限公司北京投资管理分公司公司地址：北京市朝阳区东三环中路25号住总大厦地铁十号线金台夕照站D口往南100米公司主页：www.bj-yhtz.com联系人：孙经理联系电话：15822330402                                                                           职位联系方式                                                                                                                查看职位地图') ;
COMMIT;
INSERT INTO "User" ("Name","UserType","CreatedDatetime","UpdatedDatetime","Enabled")
                              VALUES ('553909420261287.htm',4,clock_timestamp(),clock_timestamp(),'t') ;
INSERT INTO "ZhilianUser" ("UserId","NickName","Type","Sex","City" ) VALUES(currval('"hero_reduce"."user_id_seq"'),'553909420261287.htm',0,'null','北京-朝阳区') ; INSERT INTO "JobPosition" ("UserId","Name","Address","Title","Salary","Description")
                          VALUES(currval('"hero_reduce"."user_id_seq"'),'553909420261287.htm','北京-朝阳区','证券/期货/外汇经纪人','10001-15000','岗位要求： 一、初级交易员： 1.接受免费统一的专业学习培训和模拟训练。 2.成绩优秀的交易员将逐步晋升为中级、高级交易员。3.认同公司的发展理念， 愿意与公司共同拓展业务。4.具有很强的工作责任心和团队合作精神。岗位待遇：5500 底薪 + 提成20% + 节假日福利 + 年终奖 二、中级交易员： 1.可承受较大心里压力，有很强的自我调控能力，纪律严格。 2.对公司资高度负责，严格执行安全控制。 3.以持续稳定盈利为最高目标，成为业内精英人才。4.热衷于金融行业的有经验人士，有意与国际经济及货币交易的最新理念保持一致水准，并关注全球外汇实时走势。5.敢于迎接挑战，能独立承受压力、完成公司交赋的工作任务。 6.有很强的分析能力，擅长并酷爱交易工作。 7.具有自信、冷静、理智、果断、坚定、胆识等交易员所要求具备的各项品质。 岗位待遇：10000 底薪 + 提成20% + 节假日福利 + 年终奖 + 五险一金三、高级交易员： 1.负责公司指定客户账户或配资账户的资金运作。 2.具有丰富的市场分析能力，做出每日交易计划，熟练掌握各种分析工具。3.配合培训讲师完成新入公司员工的实盘交易辅导。 4.把握市场机会，及时交易，确保账户达到持续稳定盈利，尽可能的达到利益最大化。 5.专业不限，经济类，理工类专业优先。 6.人品端正，谦虚好学，自信果敢。 7.有很强的数据运算能力及宏观经济数据分析能力。 8.熟悉双边市场，至少三年以上股票交易经验或两年以上双边市场交易经验。 9.公司提供完善的免费提高培训。 岗位待遇：15000 底薪 + 提成20% + 节假日福利 + 年终奖 + 五险一金注： 交易员只操作公司账户，不需外出寻找客户！ 业绩考核：1.是否依照计划目标将任务完成，使其质量达到要求的标准； 2.任务完成的过程或结果是否正确，是否达到标准的要求。 能力考核 1.业务所需要的业务知识、相关知识的掌握程度； 2.是否熟练掌握本岗位技能； 3.在执行任务时，是否能从容应对出现的变化。 态度考核 1.能自觉地尽职尽责的工作，能自始至终的表现出负责的态度；2.在职权范围内，能进行自我管理，能自主、自立、自信地处理业务。北京巨源时代投资管理有限公司（JUYUAN era Investment Management Co., Ltd.）创立于2010年,作为国内的新锐资本机构，巨源投资坐拥北京CBD核心区，公司团队由来自海外或有多年金融投资经验的专业精英组成，巨源投资立志缔造企业品牌价值，以客户服务为主导。为员工、客户及投资者创富增值。公司诚邀您加入我们的团队，创造财富不是梦想。考核内容：初级交易员连续稳定盈利3个月晋升中级交易员 中级交易员连续稳定盈利3个月晋升高级交易                                                                           职位联系方式                                                      公司名称：巨源时代投资管理有限公司 联系人  ：张经理 电话    ：18611860837') ;
COMMIT;
INSERT INTO "User" ("Name","UserType","CreatedDatetime","UpdatedDatetime","Enabled")
                              VALUES ('688547724250045.htm',4,clock_timestamp(),clock_timestamp(),'t') ;
INSERT INTO "ZhilianUser" ("UserId","NickName","Type","Sex","City" ) VALUES(currval('"hero_reduce"."user_id_seq"'),'688547724250045.htm',0,'null','北京-朝阳区') ; INSERT INTO "JobPosition" ("UserId","Name","Address","Title","Salary","Description")
                          VALUES(currval('"hero_reduce"."user_id_seq"'),'688547724250045.htm','北京-朝阳区','股票/期货操盘手','10001-15000','龙腾万泰是一家专注于为企业、机构、VIP客户提供理财投资服务的公司，为国内投资者提供金融讲座和投资咨询的企业。也是具有国家人力资源部和社会保障部联合授权《国家贵金属交易师》北京市招生培训资质的投资管理公司。 岗位描述： 1、热爱交易、对金融经济知识感兴趣,对金融市场有浓厚的兴趣，立志在金融领域长期发展并有一翻建树的有志之士。  2、具有良好的学习能力与团队精神，果断、自信、接受新鲜事物能力强。  3、敢于挑战自我，勇于凭自己的努力和本领获得高收益。 4、无论你之前从事什么行业、学历如何，在这个行业里只要你敢于挑战自我，勇于探索并发现自己的潜力，高收益不是梦想。 5、理想的工作环境且公司内部气氛融洽，有灵活的晋升体系和广阔的前景。 6、提供免费的专业岗前培训，为您提供绝佳的职业发展机会。 任职资格： 1、年龄20～50之间、性别不限  2、中专以上学历（包括中专学历）,培训期间有大量的空余时间，对金融知识感兴趣；  3、有很强的执行力和自制力，日常生活作息规律；  4、有较强的学习能力，对于新知识有较强的接受能力；  5、心理稳定，耐心细致，有责任心，具有保密意识； 6、对于基础薄弱或无经验者有专业的入职培训。（有交易经验者可直接联系面谈。 薪资待遇： 初级交易员：5500底薪 + 提成20% + 节假日福利 + 年终奖 中级交易员：10000底薪 + 提成30% + 五险一金 + 节假日福利 + 年终奖+五险一金 高级交易员：15000底薪 + 提成40% + 五险一金 + 节假日福利 + 年终奖+五险一金 专业的技术培训、高端的交易系统，帮你完成成为交易大师的梦想！                  黄金外汇交易技术培训课程目录 (一) 黄金外汇交易初级课程 黄金市场交易基础 1- k线理论基础 2- 趋势的定义及趋势线的正确画法 3- 趋势反转定义，1-2-3法则应用 4- k线形态篇 5- 趋势指标布林带的应用 6- 趋势指标均线的应用葛兰维尔八大法则 7- 震荡指标macd的精解 8- 震荡指标kd的精解 9- 通道线的正确画法及应用 10- 2b法则的定律及应用 11- 短线交易系统               (二） 黄金外汇交易中级课程 1- 趋势交易系统 2- 波段交易系统 3- 箱体交易系统 4- 市场交易资金管理篇 5- 市场交易心理学 6- 交易系统独立开发的培养                  (三) 外汇黄金交易高级课程 1- 市场交易高级教学市场思想行为学 2- 外汇黄金交易高级晋级 3- 极速交易系统     注：老师在7月10日预测黄金未来走势，现在黄金按照预测，最低下探至1215，距离最终目标位1185只差一步之遥，在1340布局一手空单，现价可获利12500美金。                                                                            职位联系方式                                                      公司名称：龙腾万泰(北京)国际资产管理有限公司公司地址：北京市朝阳区农展馆南路13号 联系人：吴先生电话：15321214843/18001398403                                                          查看职位地图') ;
COMMIT;
INSERT INTO "User" ("Name","UserType","CreatedDatetime","UpdatedDatetime","Enabled")
                              VALUES ('648255524250144.htm',4,clock_timestamp(),clock_timestamp(),'t') ;
INSERT INTO "ZhilianUser" ("UserId","NickName","Type","Sex","City" ) VALUES(currval('"hero_reduce"."user_id_seq"'),'648255524250144.htm',0,'null','北京-西城区') ; INSERT INTO "JobPosition" ("UserId","Name","Address","Title","Salary","Description")
                          VALUES(currval('"hero_reduce"."user_id_seq"'),'648255524250144.htm','北京-西城区','其他','','工作职责：1. 负责销售合同管理；2. 负责销售数据录入、汇总与统计；3. 负责协助销售团队负责人进行PPT制作与报告的撰写；4. 负责销售团队行政服务；5. 销售团队领导及行政主管交办的其他事务；6. 负责销售团队的各种重大会议及活动的实施与组织；7. 负责完成领导临时派发的任务。任职条件：1. 大专及以上学历；2. 一年以上相关工作经验；3. 熟练使用OFFICE办公软件；4. 具有良好的数据分析能力、沟通能力、团队意识和服务意识；5. 工作细心，有亲和力。                                                                             职位联系方式                                                      公司名称：北京普惠多利财富投资管理有限公司公司地址：北京市西城区西直门外大街1号西环广场T3楼21层B5 传真：公司主页：null') ;
COMMIT;
INSERT INTO "User" ("Name","UserType","CreatedDatetime","UpdatedDatetime","Enabled")
                              VALUES ('649699228254155.htm',4,clock_timestamp(),clock_timestamp(),'t') ;
INSERT INTO "ZhilianUser" ("UserId","NickName","Type","Sex","City" ) VALUES(currval('"hero_reduce"."user_id_seq"'),'649699228254155.htm',0,'null','北京-东城区') ; INSERT INTO "JobPosition" ("UserId","Name","Address","Title","Salary","Description")
                          VALUES(currval('"hero_reduce"."user_id_seq"'),'649699228254155.htm','北京-东城区','证券分析/金融研究','5000-15000','【职位描述】交易——游走在投资与投机之间，徜徉于现实与理想之巅，融汇于艺术与技术之湾，它是人类社会对于资金和心理博弈的最直接体现，完美的展现了灵长类之魂创造与行动的宣言，是你实现人生理想的最后一环。你是否对交易存在浓厚兴趣呢？是否苦于徘徊在交易之河的彼岸而寻不见前路呢？现在机会来到了你的面前 -- 北京融控资本管理有限公司愿意提供免费的培训，带你横越财务自由的天堑，来到人生梦想的顶端。我们有专业的交易团队手把手带你走进交易市场。希望对金融行业有兴趣的你积极与我们电话或邮件联系，了解公司情况，招聘情况及与工作有关的相关问题。注   无需交易员外出寻找客户，只需操作公司账户即可      【职位要求】 1、年龄20～50之间、性别不限 2、中专以上学历（包括中专学历）,培训期间有大量的空余时间，对金融知识感兴趣； 3、有很强的执行力和自制力，日常生活作息规律； 4、有较强的学习能力，对于新知识有较强的接受能力； 5、心理稳定，耐心细致，有责任心，具有保密意识；6、对于基础薄弱或无经验者有专业的入职培训。（有交易经验者可直接联系面谈）      【岗位职责】1、正式成为公司的员工之后，负责公司指定账户的资金运作，在稳定盈利的基础之上会逐步增加操作资金。2、以稳定且合理的交易方式为前提，及时交易，每月完成公司规定的盈利目标，并在此基础上创造更多的盈利，以求盈利的最大化。3、定期上交交易报告，报告时间每月一次。     【薪酬待遇】初级交易员：5500底薪 + 提成20% + 节假日福利 + 年终奖中级交易员：10000底薪  + 提成30% + 五险一金 + 节假日福利 + 年终奖高级交易员：15000底薪 + 提成40% + 五险一金 + 节假日福利 + 年终奖 联系人：莫经理    联系电话：13501391731 简历投递邮箱 ahr@rongkongziben.com    【注】 1、请各位求职者仔细、详细的阅读您投递的职位要求，公司将统一进行审核、通知，谢绝重复投递和未经预约的来访。2、录用人员，公司将统一、全面的给予员工提供为期10天的、免费的、专业的、系统的岗前培训，培训时间（9：30--17:00）(周六、日休息)。                                                                              3、公司将全资为盘手提供资金支持，承担风险，同时也将为盘手提供明亮、优雅、舒适的工作环境，提升您的交易心情。节假日公司会不定期 的组织外出活动及娱乐活动（费用公司全报销）培训期间公司会组织模拟比赛，在模拟练习期间为做的成绩优秀的学生给予物质奖励。4、交易员只需操作公司账户，无需外出寻找客户。                                                                            职位联系方式                                                      公司名称：融控(北京)资本管理有限公司公司地址：北京市东城区建国门南大街7号万豪国际中心写字楼A座9层910号 公司网站：www.rongkongziben.com                                                          查看职位地图') ;
COMMIT;
INSERT INTO "User" ("Name","UserType","CreatedDatetime","UpdatedDatetime","Enabled")
                              VALUES ('344435818250005.htm',4,clock_timestamp(),clock_timestamp(),'t') ;
INSERT INTO "ZhilianUser" ("UserId","NickName","Type","Sex","City" ) VALUES(currval('"hero_reduce"."user_id_seq"'),'344435818250005.htm',0,'null','北京-朝阳区') ; INSERT INTO "JobPosition" ("UserId","Name","Address","Title","Salary","Description")
                          VALUES(currval('"hero_reduce"."user_id_seq"'),'344435818250005.htm','北京-朝阳区','证券分析/金融研究','','岗位职责：在总裁领导下，协助总裁制定分管业务的年度工作计划，组织实施、落实投资业务的开展，包括项目的挖掘与沟通、谈判工作，参与项目投资决策；招聘要求：1、要求具有相关专业硕士及以上学历，5年以上投资、投行、或PE基金管理经验；2、有参与投资项目全程管理经验和业绩；3、熟悉私募股权基金的运作，熟悉国内金融政策、法规；4、有较强的执行能力，具备良好的沟通、协调能力；5、在政府、投资及金融机构有人脉资源者优先；候选人应聘需提供的资料1、本人简历及自荐材料；2、本人近期一寸免冠照片；3、学历、学位证书、执业证书、获奖证书等；4、证明本人能力水平的其他书面材料。简历需附照片，发送至luand@qq.com                                                                           职位联系方式                                                       公司名称：北京栢裕投资有限公司公司地址：北京市朝阳区八里庄西里甲616号                                                           查看职位地图') ;
COMMIT;
INSERT INTO "User" ("Name","UserType","CreatedDatetime","UpdatedDatetime","Enabled")
                              VALUES ('572259823250026.htm',4,clock_timestamp(),clock_timestamp(),'t') ;
INSERT INTO "ZhilianUser" ("UserId","NickName","Type","Sex","City" ) VALUES(currval('"hero_reduce"."user_id_seq"'),'572259823250026.htm',0,'null','北京-朝阳区') ; INSERT INTO "JobPosition" ("UserId","Name","Address","Title","Salary","Description")
                          VALUES(currval('"hero_reduce"."user_id_seq"'),'572259823250026.htm','北京-朝阳区','证券分析/金融研究','','职位描述：1、负责拟定公司金融产品整体规划和设计要求，包括财务指标、规模、募资期、最低认购额及其他相关细节要求等；2、调研和收集金融资本市场、投资市场和同行业产品情况，根据客户及市场需求并结合项目实际情况，设计有竞争优势的金融产品，增强客户满意度；3、负责产品发行前的研究、包装和策划及文案；负责支持金融产品的销售，制作销售工具包，对已有金融产品进行优化和重新包装定位、组合，并开展相关产品培训及协助产品推介工作。负责售后服务和反馈信息收集，并建立产品档案；4、负责项目计划书、招募说明书、合伙协议等文书的撰写、美化及排版，对已有金融产品进行优化和重新包装定位、组合；负责撰写各类分析报告及实施方案；负责公司各类基金产品的方案设计以及产品推广方案的制定，从事过私募基金设计、产业投资基金设计并购基金设计者优先；5、负责对公司金融产品需求调研、设计、产品创新及产品生命周期进行全过程管理；6、制定金融产品创新方法、管理原则和市场需求分析方法、工具，确保金融产品的实用性、安全性和便捷性。7、对产品的长期发展战略提出建设性意见，为企业决策层提供讨论参考依据。职位要求：1、专科以上学历，金融相关专业；2、曾在基金公司、信托公司、银行投行部等从事过信托设计，基金产品设计和理财产品设计，3年以上产品设计岗位工作经验；3、熟悉财务、法律、税务等知识，会做盈利预测分析、行业分析等；4、熟悉各种产品的交易结构和风险控制措施；5、身体健康、品行端正、态度良好、积极向上、普通话流利，良好的谈判技能及沟通能力；6、精通各种办公软件，精通平面设计。 一经录用，公司将为您提供最具竞争力的福利待遇：五险一金+双休+奖励（提成）+带薪假期+专业培训+广阔的发展平台                                                                           职位联系方式                                                       公司名称：北京泰康财富投资管理有限公司公司地址：朝阳区建国路91号金地中心A座30层3012 联系方式：010-56297933联 系 人：人资部                                                          查看职位地图') ;
COMMIT;
INSERT INTO "User" ("Name","UserType","CreatedDatetime","UpdatedDatetime","Enabled")
                              VALUES ('55004532290251750000.htm',4,clock_timestamp(),clock_timestamp(),'t') ;
INSERT INTO "ZhilianUser" ("UserId","NickName","Type","Sex","City" ) VALUES(currval('"hero_reduce"."user_id_seq"'),'55004532290251750000.htm',0,'null','北京-朝阳区') ; INSERT INTO "JobPosition" ("UserId","Name","Address","Title","Salary","Description")
                          VALUES(currval('"hero_reduce"."user_id_seq"'),'55004532290251750000.htm','北京-朝阳区','证券分析/金融研究','8001-10000','岗位职责： 1. 为公司的账户进行交易盈利； 2、每个月进行交易总结，即时准确汇报公司各项账户信息；3、时刻关注公司账户操作品种的价格变动和相关重要资讯；4、严格执行公司各项制度，，并定期整理交易数据，向上级领导账户分析结果；5、按照部门主管的要求进行技术和基本面规律的分析，进行数据的搜集或整理；6、配合其他部门有关工作；7、遵守公司的各项管理制度，承办领导交办的任务 任职资格： 无经验者，入职前接受公司专业岗前培训 1.中专及以上学历,金融专业优先2热爱交易、对金融经济知识感兴趣；3.有很强的执行力，自制力强；日常生活有规律、有计划；4.有较强的学习能力，新知识的接受能力；5.有较强的抗压能力；6.耐心细致，有责任心，具有保密意识； 工作时间： AM: 9:30  -- 12:00 PM: 13:30-- 17:50 薪资待遇与员工福利福利： 初级交易员：5000底薪 + 盈利提成20%  + 年终奖 中级交易员：10000底薪+ 提成30%+五险一金+年终奖  高级交易员：15000底薪+ 提成40%+五险一金+年终奖   1、面试通过者,公司给予员工为期10个工作日、免费的、专业的、系统的岗前培训，培训时间（9：30--15:00）周六、日休息。正式入职后，培训薪资计入首月工资。2.公司将全资为盘手提供资金支持（无需交付任何保证金），承担风险，同时也将为盘手提供明亮、优雅、舒适的工作环境，让您更快乐的工作。 对于没有任何金融从业经验的人员，在入职以后公司会有专业的岗前培训，以及会有前辈手把手教你如何熟悉工作。 希望对金融行业有兴趣的应聘者积极与我们的HR联系，了解公司情况，招聘情况及与工作有关的相关问题                                                                             职位联系方式                                                        公司名称：深圳市龙阳商务咨询有限公司北京第一分公司 公司地址：北京市朝阳区时间国际A座2601、2609室 公司主页：http://www.bj-lyjt.com 人事部电话：18210369802') ;
COMMIT;
INSERT INTO "User" ("Name","UserType","CreatedDatetime","UpdatedDatetime","Enabled")
                              VALUES ('638941626250006.htm',4,clock_timestamp(),clock_timestamp(),'t') ;
INSERT INTO "ZhilianUser" ("UserId","NickName","Type","Sex","City" ) VALUES(currval('"hero_reduce"."user_id_seq"'),'638941626250006.htm',0,'null','北京-西城区') ; INSERT INTO "JobPosition" ("UserId","Name","Address","Title","Salary","Description")
                          VALUES(currval('"hero_reduce"."user_id_seq"'),'638941626250006.htm','北京-西城区','证券分析/金融研究','','北京中金信诚贵金属经营有限公司（以下简称“中金信诚”）是一家专业从事贵金属投资服务的金融机构，具有行业内正规交易机构牌照，是海西商品交易所059号会员。公司注册资金为1000万元人民币，主要经营贵金属现货及现货延期交收交易业务（白银、铂金等电子交易），实行24小时T+0不间断双向交易机制，时间与价格和国际市场接轨，同时提供相关贵金属经营领域投资咨询服务。 工作职责：  1、设计客户投资计划2、学习并掌握理财规划，理财投资含义及技巧，准备为顾客做好指导等工作；3、负责每日收集、分析投资市场要闻与行情，为客户提供满意的投资报告；4、负责维护销售渠道，保持与客户的联系，收集市场信息和客户建议，通过日常指导与活动邀约，维护良好客户关系；5、负责公司白银投资理财产品的宣传和推广。6、参与新投资项目的计划与实施, 并出具投资建议7、参与资金业务管理的编制、业务制度、交易清算安排等计划 任职要求：1、金融财务相关经济类专业，具有良好的金融，财务专业知识；2、头脑灵活，思维敏捷，有自信，心理素质好；3、执行力强，高效率的完成分析师交予的工作任务；4、良好的逻辑运算能力5、有天通银工作经验的优先                                                                           职位联系方式                                                       公司名称：北京中金信诚贵金属经营有限公司 公司地址：北京市西直门外大街1号院1号楼第九层9B2-B4  邮编：100044电话：010-57967918网站：http://www.haixi059.com                                                          查看职位地图') ;
COMMIT;
INSERT INTO "User" ("Name","UserType","CreatedDatetime","UpdatedDatetime","Enabled")
                              VALUES ('655502729251702.htm',4,clock_timestamp(),clock_timestamp(),'t') ;
INSERT INTO "ZhilianUser" ("UserId","NickName","Type","Sex","City" ) VALUES(currval('"hero_reduce"."user_id_seq"'),'655502729251702.htm',0,'null','北京-朝阳区') ; INSERT INTO "JobPosition" ("UserId","Name","Address","Title","Salary","Description")
                          VALUES(currval('"hero_reduce"."user_id_seq"'),'655502729251702.htm','北京-朝阳区','证券分析/金融研究','8001-10000','乔治.索罗斯说：“你可以生于贫穷，但绝不能死于贫穷”金融市场是一个高挑战的行业，也是众所周知的高收入行业，最终资金的曲线，能否盈利，足以证明你的成就和能力。我们不看重与交易无关的因素。我们需要的是专业人才，或正在努力成为专业人才的人。如果你是，请联系我们，相信我们不会令你失望。招聘岗位及要求：初级交易员：1、对金融行业有较强的兴趣，立志成为交易市场内的一员。2、有较强的学习能力、分析能力、风险控制能力。3、面对风险有较强的心理承受能力和冷静的心态分析。4、对数字及图形有较强的反应。5、能够独立操作公司账户，完成公司要求的业绩。6、有较强的执行力和责任心。中级交易员：1、对金融市场交易有一定的认识和操作经验，能够分析市场价格整体趋势。2、有很强的分析能力，擅长并酷爱操盘工作，有意愿成为交易高手。3、对公司资金高度负责，严格执行风险控制，把握时机及时进行交易。4、对市场走势准确判断，对待市场价格变化能够冷静、自信的分析。5、敢于迎接挑战、能独立承受压力、完成公司交赋的业绩。高级交易员：1、操作公司大金额账户，有强烈的责任心和风险意识。2、分析市场行情，每日制定交易计划。3、配合培训讲师辅导新员工共同进步。4、较强的理解盘面，合理运用账户资源达到盈利最大化。5、有过金融交易（股票、期货、现货、贵金属）三年经验以上，双边交易2年经验以上。6、专业不限，金融专业优先、有交易经验者优先。7、对世界整体金融动向有较强的分析能力，可以较好的分析运用基本面、技术面，对市场价格变化反应快。工作内容：1、为公司的账户进行交易盈利；2、每个月进行交易总结，即时准确汇报公司各项账户信息；3、时刻关注公司账户操作品种的价格变动和相关重要资讯；4、严格执行公司各项制度，，并定期整理交易数据，向上级领导账户分析结果；5、按照部门主管的要求进行技术和基本面规律的分析，进行数据的搜集或整理；6、配合其他部门有关工作；7、遵守公司的各项管理制度，承办领导交办的其他工作。素质要求：1、大专以上学历,金融专业优先，培训期间有大量的空余时间；2、热爱交易、对金融经济知识感兴趣；3、有很强的执行力，自制力强；日常生活有规律、有计划；4、有较强的学习能力，新知识的接受能力；5、抗压能力；6、耐心细致，有责任心，具有保密意识；7、对于基础薄弱或者无经验者有专业的入职培训。8、公司提供良好的晋升机制：初级交易员：5000 底薪起 + 提成(25%-50%)  节假日福利，年终奖，五险一金，各种福利补助，每年可享受15天带薪年假 中级交易员：10000底薪起 + 提成(30%-50%) 节假日福利，年终奖，五险一金，各种福利补助，每年可享受15天带薪年假 高级交易员：15000底薪起 + 提成(40%-60%)  节假日福利，年终奖，五险一金，各种福利补助，每年可享受15天带薪年假 晋升条件： 1：初级交易员稳定连续三个月的月盈利10%晋升为公司中级交易员 。2：中级交易员稳定连续三个月的月盈利15%晋升为公司高级交易员 。晋升空间：免费培训—评估—初级/中级交易员 —高级交易员 —交易主管—投资总监注：1、以上操作资金均由公司提供。2、录用人员，公司将统一、全面的给予员工提供免费的、专业的、系统的岗前培训，培训时间（9：30--17:00）周六、日休息。3、公司将全资为交易员提供资金支持，同时也将为交易员提供明亮、优雅、舒适的工作环境，提升您的交易心情。4、想了解公司更多信息，请与我们HR联系或将您的简历投递到网站，公司期待您的加入。                                                                           职位联系方式                                                        澳信恒泰(北京)国际投资管理有限公司   联系方式   公司名称：澳信恒泰(北京)国际投资管理有限公司 公司地址：北京市朝阳区国贸东三环中路39号建外SOHO东区A座506（国贸地铁站C口南行80米） 公司主页：www.aoxinguoji.com 联系人：张经理 电话：13521220706                                                          查看职位地图') ;
COMMIT;
INSERT INTO "User" ("Name","UserType","CreatedDatetime","UpdatedDatetime","Enabled")
                              VALUES ('636827227250007.htm',4,clock_timestamp(),clock_timestamp(),'t') ;
INSERT INTO "ZhilianUser" ("UserId","NickName","Type","Sex","City" ) VALUES(currval('"hero_reduce"."user_id_seq"'),'636827227250007.htm',0,'null','北京-朝阳区') ; INSERT INTO "JobPosition" ("UserId","Name","Address","Title","Salary","Description")
                          VALUES(currval('"hero_reduce"."user_id_seq"'),'636827227250007.htm','北京-朝阳区','证券分析/金融研究','2001-4000','职业描述： 1：负责公司指定客户账户或公司账户的资金运作； 2：把握市场机会，严格风控，使账户达到稳定盈利； 3：分析国际现货黄金、外汇市场走势，进行操作； 4：高效完成部门经理交给的各种工作计划和任务。 职业要求： 1：热爱金融行业，在金融行业有长期发展意愿； 2：有较强的学习能力、分析能力、风险控制能力； 3：年龄20-28之间，大专以上学历，有经验者优先； 4：成绩优秀的将正式成为公司的分析师或者团队经理； 5：交易是一项很刺激金钱游戏，有强烈的意愿进入金融投资领域，渴望成为金融精英； 6：对金融市场有浓厚的兴趣，应届毕业生优先考虑。 福利待遇： 1：底薪+提成+专业实盘讲师培训+晋升机会+社保； 2：交易手法和操作系统稳定后工作时间可以灵活； 3：完善和持续的晋升培训机制，丰富多彩的员工活动、国内外旅行奖励； 4：上班时间：早10:00~晚5：00，周六日双休，法定节假日休息。 5：实习生一周最少上岗4天，公司提供实习证明。 注：简历请勿重复投递，否则不给予面试机会，谢谢合作。                                                                             职位联系方式                                                            公司名称：佰瑞汇鑫(北京)投资管理有限公司 面试经理 林经理 （面试需电话预约）联系方式 TEL. 010-57260653 15311641832   QQ   422603136面试地址： 北京市朝阳区东大桥路8号尚都国际中心1505乘车路线： 地铁6号线东大桥A出口往南200米 总公司网址；www.xindaboyu.com                                                          查看职位地图') ;
COMMIT;
INSERT INTO "User" ("Name","UserType","CreatedDatetime","UpdatedDatetime","Enabled")
                              VALUES ('688547724250046.htm',4,clock_timestamp(),clock_timestamp(),'t') ;
INSERT INTO "ZhilianUser" ("UserId","NickName","Type","Sex","City" ) VALUES(currval('"hero_reduce"."user_id_seq"'),'688547724250046.htm',0,'null','北京-朝阳区') ; INSERT INTO "JobPosition" ("UserId","Name","Address","Title","Salary","Description")
                          VALUES(currval('"hero_reduce"."user_id_seq"'),'688547724250046.htm','北京-朝阳区','股票/期货操盘手','10001-15000','龙腾万泰是一家专注于为企业、机构、VIP客户提供理财投资服务的公司，为国内投资者提供金融讲座和投资咨询的企业。也是具有国家人力资源部和社会保障部联合授权《国家贵金属交易师》北京市招生培训资质的投资管理公司。 岗位描述： 1、热爱交易、对金融经济知识感兴趣,对金融市场有浓厚的兴趣，立志在金融领域长期发展并有一翻建树的有志之士。  2、具有良好的学习能力与团队精神，果断、自信、接受新鲜事物能力强。  3、敢于挑战自我，勇于凭自己的努力和本领获得高收益。 4、无论你之前从事什么行业、学历如何，在这个行业里只要你敢于挑战自我，勇于探索并发现自己的潜力，高收益不是梦想。 5、理想的工作环境且公司内部气氛融洽，有灵活的晋升体系和广阔的前景。 6、提供免费的专业岗前培训，为您提供绝佳的职业发展机会。 任职资格： 1、年龄20～50之间、性别不限  2、中专以上学历（包括中专学历）,培训期间有大量的空余时间，对金融知识感兴趣；  3、有很强的执行力和自制力，日常生活作息规律；  4、有较强的学习能力，对于新知识有较强的接受能力；  5、心理稳定，耐心细致，有责任心，具有保密意识； 6、对于基础薄弱或无经验者有专业的入职培训。（有交易经验者可直接联系面谈。 薪资待遇： 初级交易员：5500底薪 + 提成20% + 节假日福利 + 年终奖 中级交易员：10000底薪 + 提成30% + 五险一金 + 节假日福利 + 年终奖+五险一金 高级交易员：15000底薪 + 提成40% + 五险一金 + 节假日福利 + 年终奖+五险一金 专业的技术培训、高端的交易系统，帮你完成成为交易大师的梦想！                  黄金外汇交易技术培训课程目录 (一) 黄金外汇交易初级课程 黄金市场交易基础 1- k线理论基础 2- 趋势的定义及趋势线的正确画法 3- 趋势反转定义，1-2-3法则应用 4- k线形态篇 5- 趋势指标布林带的应用 6- 趋势指标均线的应用葛兰维尔八大法则 7- 震荡指标macd的精解 8- 震荡指标kd的精解 9- 通道线的正确画法及应用 10- 2b法则的定律及应用 11- 短线交易系统               (二） 黄金外汇交易中级课程 1- 趋势交易系统 2- 波段交易系统 3- 箱体交易系统 4- 市场交易资金管理篇 5- 市场交易心理学 6- 交易系统独立开发的培养                  (三) 外汇黄金交易高级课程 1- 市场交易高级教学市场思想行为学 2- 外汇黄金交易高级晋级 3- 极速交易系统     注：老师在7月10日预测黄金未来走势，现在黄金按照预测，最低下探至1215，距离最终目标位1185只差一步之遥，在1340布局一手空单，现价可获利12500美金。                                                                            职位联系方式                                                      公司名称：龙腾万泰(北京)国际资产管理有限公司公司地址：北京市朝阳区农展馆南路13号 联系人：吴先生电话：15321214843/18001398403') ;
COMMIT;
INSERT INTO "User" ("Name","UserType","CreatedDatetime","UpdatedDatetime","Enabled")
                              VALUES ('135038057250637.htm',4,clock_timestamp(),clock_timestamp(),'t') ;
INSERT INTO "ZhilianUser" ("UserId","NickName","Type","Sex","City" ) VALUES(currval('"hero_reduce"."user_id_seq"'),'135038057250637.htm',0,'null','北京-朝阳区') ; INSERT INTO "JobPosition" ("UserId","Name","Address","Title","Salary","Description")
                          VALUES(currval('"hero_reduce"."user_id_seq"'),'135038057250637.htm','北京-朝阳区','证券分析/金融研究','6001-8000','致求职者的话： 首先要恭喜您在打开此页面的同时，您内心的睿智选择已经引领您向金融领域中的高收入职业迈出了幸运并且前景无限的第一步。如果您有意加入到我们操盘手的交易团队当中，公司的交易团队和讲师会引导您坚实而踏实的走好日后职业发展的每一步。请您在相信您自己内心选择的基础上相信公司的团队，认真努力的和我们一路走下去，未来三到五年内在北京相对中心的位置拥有一套属于自己的安身立命之所，绝不是太难的事情。相信您自己的选择，更要相信您自身的能力，加入到我们阳光的交易团队当中，为您今后梦想与人生的启航做好坚实的经济铺垫。   乔治.索罗斯说：“你可以生于贫穷，但绝不能死于贫穷”祝贺所有关心金融市场的投资者，因为你们拥有一个不同于过去的投资时代！   工作内容1.接受公司培训（带薪）。（有经验者可不接受培训，详情面谈。）2.部分初级交易员需要参加交易员晋级培训。每月一次。3.高执行力：关注每次交易系统给出的进场，出场信号，并按照信号指示进行建仓，平仓操作。（交易系统会在培训期间给予指导。）4、严格执行公司各项制度，，并定期整理交易数据，向上级领导账户分析结果；5、按照部门主管的要求进行技术和基本面规律的分析，进行数据的搜集或整理；6、配合其他部门有关工作；7、遵守公司的各项管理制度，承办领导交办的其他工作。素质要求：1、大专以上学历,金融专业优先，培训期间有大量的空余时间；2、热爱交易、对金融经济知识感兴趣；3、有很强的执行力，自制力强；日常生活有规律、有计划；4、有较强的学习能力，新知识的接受能力；5、抗压能力；6、耐心细致，有责任心，具有保密意识；7、对于基础薄弱或者无经验者有专业的入职培训。8、公司提供良好的晋升机制：薪资待遇： 初级薪资待遇：5000底薪 +  提成20%--40%  +  五险一金 + 节假日福利 + 季度奖  月薪可达7000元以上中级薪资待遇：10000底薪 + 提成20%--40% +  五险一金 +  节假日福利 + 季度奖   月薪可达15000元以上高级薪资待遇：15000底薪 + 提成20%--40% +  五险一金 +  节假日福利 + 季度奖   月薪达2-3万元以上 职位要求：年龄：20岁-50岁之间。学历：大专以上（包括大专），有交易经验者面谈。其它素质： 1.对于金融行业有极高的兴趣。2.性格沉稳，情绪不易产生较大波动。3.有极强的时间观念。（交易员的工作性质对于时间和空间上没有要求，相对自由，需要自我约束。）4.对资金流动有较强的驾驭能力。5.能够尽量客观的看待事物的发展。 面试要求： 不提供视频或者电话面试，只能到北京参加一对一面试，无复试，无笔试，不能来北京者请勿投递，面试通过后培训可做延期。实习员工： 前期培训期视为实习，实习期满可成为公司正式员工，可开实习证明，培训期为连续十个工作日，周末双休，每日培训时间：早晨9:30至下午3:30。公司在培训期提供每日餐补及路费补助，并在第一个月的薪资里统一发放。其他福利：五险一金 季度奖+年终奖  带薪免费旅游   公司对于没有交易经验，却对金融衍生品操作有兴趣者，提供正规统一的免费培训。有专业的交易团队手把手带你走进交易市场。我们的交易团队有绝对的信心让你在培训期后，有属于自己的交易系统与理念，让你找到自己在交易市场的立足点。成为我公司的优秀员工，对于成绩优秀学员公司提供交易账户帮助学员完成自我晋升。希望对金融行业有兴趣的应聘者积极与我们联系，了解公司情况，招聘情况及与工作相关的问题。公司承诺将对每位学员认真负责，最大限度发掘每一位学员的交易潜力。      联系电话：010-57349909  15811512051公司地址：北京市朝阳区时间国际大厦A座2601室公司名称：深圳市龙阳商务咨询有限公司北京第一分公司                                                                           职位联系方式                                                        人事经理：陈经理公司网址：http://www.bj-lyjt.com 联系电话：010-57349909  13366412049公司地址：北京市朝阳区时间国际大厦A座2601室公司名称：深圳市龙阳商务咨询有限公司北京第一分公司  各求职者请注意可把简历发至公司                                                           查看职位地图') ;
COMMIT;
INSERT INTO "User" ("Name","UserType","CreatedDatetime","UpdatedDatetime","Enabled")
                              VALUES ('553909420261288.htm',4,clock_timestamp(),clock_timestamp(),'t') ;
INSERT INTO "ZhilianUser" ("UserId","NickName","Type","Sex","City" ) VALUES(currval('"hero_reduce"."user_id_seq"'),'553909420261288.htm',0,'null','北京-朝阳区') ; INSERT INTO "JobPosition" ("UserId","Name","Address","Title","Salary","Description")
                          VALUES(currval('"hero_reduce"."user_id_seq"'),'553909420261288.htm','北京-朝阳区','证券分析/金融研究','10001-15000','岗位要求： 一、初级交易员： 1.接受免费统一的专业学习培训和模拟训练。 2.成绩优秀的交易员将逐步晋升为中级、高级交易员。3.认同公司的发展理念， 愿意与公司共同拓展业务。4.具有很强的工作责任心和团队合作精神。岗位待遇：5500 底薪 + 提成20% + 节假日福利 + 年终奖 二、中级交易员： 1.可承受较大心里压力，有很强的自我调控能力，纪律严格。 2.对公司资高度负责，严格执行安全控制。 3.以持续稳定盈利为最高目标，成为业内精英人才。4.热衷于金融行业的有经验人士，有意与国际经济及货币交易的最新理念保持一致水准，并关注全球外汇实时走势。5.敢于迎接挑战，能独立承受压力、完成公司交赋的工作任务。 6.有很强的分析能力，擅长并酷爱交易工作。 7.具有自信、冷静、理智、果断、坚定、胆识等交易员所要求具备的各项品质。 岗位待遇：10000 底薪 + 提成20% + 节假日福利 + 年终奖 + 五险一金三、高级交易员： 1.负责公司指定客户账户或配资账户的资金运作。 2.具有丰富的市场分析能力，做出每日交易计划，熟练掌握各种分析工具。3.配合培训讲师完成新入公司员工的实盘交易辅导。 4.把握市场机会，及时交易，确保账户达到持续稳定盈利，尽可能的达到利益最大化。 5.专业不限，经济类，理工类专业优先。 6.人品端正，谦虚好学，自信果敢。 7.有很强的数据运算能力及宏观经济数据分析能力。 8.熟悉双边市场，至少三年以上股票交易经验或两年以上双边市场交易经验。 9.公司提供完善的免费提高培训。 岗位待遇：15000 底薪 + 提成20% + 节假日福利 + 年终奖 + 五险一金注： 交易员只操作公司账户，不需外出寻找客户！ 业绩考核：1.是否依照计划目标将任务完成，使其质量达到要求的标准； 2.任务完成的过程或结果是否正确，是否达到标准的要求。 能力考核 1.业务所需要的业务知识、相关知识的掌握程度； 2.是否熟练掌握本岗位技能； 3.在执行任务时，是否能从容应对出现的变化。 态度考核 1.能自觉地尽职尽责的工作，能自始至终的表现出负责的态度；2.在职权范围内，能进行自我管理，能自主、自立、自信地处理业务。北京巨源时代投资管理有限公司（JUYUAN era Investment Management Co., Ltd.）创立于2010年,作为国内的新锐资本机构，巨源投资坐拥北京CBD核心区，公司团队由来自海外或有多年金融投资经验的专业精英组成，巨源投资立志缔造企业品牌价值，以客户服务为主导。为员工、客户及投资者创富增值。公司诚邀您加入我们的团队，创造财富不是梦想。考核内容：初级交易员连续稳定盈利3个月晋升中级交易员 中级交易员连续稳定盈利3个月晋升高级交易                                                                           职位联系方式                                                      公司名称：巨源时代投资管理有限公司 联系人  ：张经理 联系电话：18611860837') ;
COMMIT;
INSERT INTO "User" ("Name","UserType","CreatedDatetime","UpdatedDatetime","Enabled")
                              VALUES ('516338828253745.htm',4,clock_timestamp(),clock_timestamp(),'t') ;
INSERT INTO "ZhilianUser" ("UserId","NickName","Type","Sex","City" ) VALUES(currval('"hero_reduce"."user_id_seq"'),'516338828253745.htm',0,'null','北京') ; INSERT INTO "JobPosition" ("UserId","Name","Address","Title","Salary","Description")
                          VALUES(currval('"hero_reduce"."user_id_seq"'),'516338828253745.htm','北京','数据分析师','8000-15000','岗位说明：1、负责数据采集，清理，分析，建模，解释，总结，结果展示；2、能准确、及时的完成数据分析日常工作，如：客户分析、投资行为分析、业绩分析等等；3、独自撰写行业及市场分析报告；4、理解业务方向和战略，为业务战略决策、产品方向提供决策支持，竞争分析及建议；任职要求：1、本科及以上学历。2、两年或以上金融行业相关工作经验或两年以上数据分析工作经验；3、有较强的逻辑思维能力、分析能力；4、掌握经济学理论，有较强的信息搜集能力和数据处理能力，以及独立的行情研究和判断能力；5、能独立开展调查研究和专题研究工作，能独立撰写研发；6、有注册金融分析师或其他类似资格者优先。                                                                           职位联系方式                                                       联系方式： 公司名称：普汇大通投资咨询（北京）有限公司 公司地址：北京市朝阳区雅宝路12号华声国际大厦15层 联系电话：010-52877190 公司主页：www.365datong.com                                                          查看职位地图') ;
COMMIT;
INSERT INTO "User" ("Name","UserType","CreatedDatetime","UpdatedDatetime","Enabled")
                              VALUES ('135038057250638.htm',4,clock_timestamp(),clock_timestamp(),'t') ;
INSERT INTO "ZhilianUser" ("UserId","NickName","Type","Sex","City" ) VALUES(currval('"hero_reduce"."user_id_seq"'),'135038057250638.htm',0,'null','北京-朝阳区') ; INSERT INTO "JobPosition" ("UserId","Name","Address","Title","Salary","Description")
                          VALUES(currval('"hero_reduce"."user_id_seq"'),'135038057250638.htm','北京-朝阳区','证券分析/金融研究','6001-8000','致求职者的话： 首先要恭喜您在打开此页面的同时，您内心的睿智选择已经引领您向金融领域中的高收入职业迈出了幸运并且前景无限的第一步。如果您有意加入到我们操盘手的交易团队当中，公司的交易团队和讲师会引导您坚实而踏实的走好日后职业发展的每一步。请您在相信您自己内心选择的基础上相信公司的团队，认真努力的和我们一路走下去，未来三到五年内在北京相对中心的位置拥有一套属于自己的安身立命之所，绝不是太难的事情。相信您自己的选择，更要相信您自身的能力，加入到我们阳光的交易团队当中，为您今后梦想与人生的启航做好坚实的经济铺垫。   乔治.索罗斯说：“你可以生于贫穷，但绝不能死于贫穷”祝贺所有关心金融市场的投资者，因为你们拥有一个不同于过去的投资时代！   工作内容1.接受公司培训（带薪）。（有经验者可不接受培训，详情面谈。）2.部分初级交易员需要参加交易员晋级培训。每月一次。3.高执行力：关注每次交易系统给出的进场，出场信号，并按照信号指示进行建仓，平仓操作。（交易系统会在培训期间给予指导。）4、严格执行公司各项制度，，并定期整理交易数据，向上级领导账户分析结果；5、按照部门主管的要求进行技术和基本面规律的分析，进行数据的搜集或整理；6、配合其他部门有关工作；7、遵守公司的各项管理制度，承办领导交办的其他工作。素质要求：1、大专以上学历,金融专业优先，培训期间有大量的空余时间；2、热爱交易、对金融经济知识感兴趣；3、有很强的执行力，自制力强；日常生活有规律、有计划；4、有较强的学习能力，新知识的接受能力；5、抗压能力；6、耐心细致，有责任心，具有保密意识；7、对于基础薄弱或者无经验者有专业的入职培训。8、公司提供良好的晋升机制：薪资待遇： 初级薪资待遇：5000底薪 +  提成20%--40%  +  五险一金 + 节假日福利 + 季度奖  月薪可达7000元以上中级薪资待遇：10000底薪 + 提成20%--40% +  五险一金 +  节假日福利 + 季度奖   月薪可达15000元以上高级薪资待遇：15000底薪 + 提成20%--40% +  五险一金 +  节假日福利 + 季度奖   月薪达2-3万元以上 职位要求：年龄：20岁-50岁之间。学历：大专以上（包括大专），有交易经验者面谈。其它素质： 1.对于金融行业有极高的兴趣。2.性格沉稳，情绪不易产生较大波动。3.有极强的时间观念。（交易员的工作性质对于时间和空间上没有要求，相对自由，需要自我约束。）4.对资金流动有较强的驾驭能力。5.能够尽量客观的看待事物的发展。 面试要求： 不提供视频或者电话面试，只能到北京参加一对一面试，无复试，无笔试，不能来北京者请勿投递，面试通过后培训可做延期。实习员工： 前期培训期视为实习，实习期满可成为公司正式员工，可开实习证明，培训期为连续十个工作日，周末双休，每日培训时间：早晨9:30至下午3:30。公司在培训期提供每日餐补及路费补助，并在第一个月的薪资里统一发放。其他福利：五险一金 季度奖+年终奖  带薪免费旅游   公司对于没有交易经验，却对金融衍生品操作有兴趣者，提供正规统一的免费培训。有专业的交易团队手把手带你走进交易市场。我们的交易团队有绝对的信心让你在培训期后，有属于自己的交易系统与理念，让你找到自己在交易市场的立足点。成为我公司的优秀员工，对于成绩优秀学员公司提供交易账户帮助学员完成自我晋升。希望对金融行业有兴趣的应聘者积极与我们联系，了解公司情况，招聘情况及与工作相关的问题。公司承诺将对每位学员认真负责，最大限度发掘每一位学员的交易潜力。      联系电话：010-57349909  15811512051公司地址：北京市朝阳区时间国际大厦A座2601室公司名称：深圳市龙阳商务咨询有限公司北京第一分公司                                                                           职位联系方式                                                        人事经理：陈经理公司网址：http://www.bj-lyjt.com 联系电话：010-57349909  13366412049公司地址：北京市朝阳区时间国际大厦A座2601室公司名称：深圳市龙阳商务咨询有限公司北京第一分公司  各求职者请注意可把简历发至公司                                                           查看职位地图') ;
COMMIT;
INSERT INTO "User" ("Name","UserType","CreatedDatetime","UpdatedDatetime","Enabled")
                              VALUES ('632971627250594.htm',4,clock_timestamp(),clock_timestamp(),'t') ;
INSERT INTO "ZhilianUser" ("UserId","NickName","Type","Sex","City" ) VALUES(currval('"hero_reduce"."user_id_seq"'),'632971627250594.htm',0,'null','北京-朝阳区') ; INSERT INTO "JobPosition" ("UserId","Name","Address","Title","Salary","Description")
                          VALUES(currval('"hero_reduce"."user_id_seq"'),'632971627250594.htm','北京-朝阳区','证券分析/金融研究','4001-6000','【岗位职责】1.热爱金融行业，有励志于长期发展这个行业的意愿；2.投融资项目尽职调查，可行性研究，风险评估和控制；3.负责筛选、编辑制作研究报告；4.对客户进行回访咨询服务工作；5.投融资方案和产品的设计和创新；6.负责对行情的分析及喊单；7.编写专业性文稿；8.宏观经济和行业研究；【任职资格】1、掌握经济学理论，有较强的信息搜集能力和数据处理能力，以及独立的行情研究和判断能力； 2、富有激情，较强的亲和力和感染力、良好的文字和语言表达能力、沟通能力，思维敏捷；3、能独立开展调查研究和专题研究工作，熟悉贵金属产业链，能独立撰写研发；4、熟悉双边市场，至少三年以上股票交易经验或一年以上双边市场交易经验。5、具有较强的行情把握能力和投资分析能力和客户沟通能力； 6、能持续性支持培训潜在客户或现有客户； 7、能够吃苦耐劳，有耐心！对于之前没有交易经验，但对金融交易方面产生浓厚兴趣的人才，公司会提供为期两周的免费带薪培训！大学生公司可提供实习或兼职机会！底薪（5000）+高提成+五险+带薪培训+定期旅游、聚餐+年终奖+终身免费晋升培训，收入上不封顶【福利待遇】1、条件符合者，公司将统一安排专业职业技能培训；2、签订全日制固定期限劳动合同、五险一金、底薪+奖金+补贴+绩效+团队业绩奖励；2、周末双休、法定节假日，圣诞、万圣、Bank Holiday休息3、做五休二、OFFICE作息时间，无需加班；4、正式员工享受带薪培训、带薪年假、定期体检，一年四次旅游，每月多聚餐游5、完善成熟的晋升渠道，专业的职业生涯规划，助你成为金融行业精英所述人员一经录用，公司提供完善的在职培训，并有广阔的个人发展空间。 公司名称：嘉城基业投资咨询(北京)有限公司公司地址：北京市朝阳区朝外大街3号山水广场B座804室(地铁六号线东大桥A口出向西走200米) 联系电话：18513315770 周经理公司主页：www.jiachengjiye.com                                                                           职位联系方式                                                       公司名称：嘉城基业投资咨询(北京)有限公司 公司地址：北京市朝阳区朝外大街3号山水广场B座804室(地铁六号线东大桥A口出向西走200米)  联系电话：18513315770 周经理 公司主页：www.jiachengjiye.com                                                          查看职位地图') ;
COMMIT;
INSERT INTO "User" ("Name","UserType","CreatedDatetime","UpdatedDatetime","Enabled")
                              VALUES ('649699228254157.htm',4,clock_timestamp(),clock_timestamp(),'t') ;
INSERT INTO "ZhilianUser" ("UserId","NickName","Type","Sex","City" ) VALUES(currval('"hero_reduce"."user_id_seq"'),'649699228254157.htm',0,'null','北京-东城区') ; INSERT INTO "JobPosition" ("UserId","Name","Address","Title","Salary","Description")
                          VALUES(currval('"hero_reduce"."user_id_seq"'),'649699228254157.htm','北京-东城区','证券分析/金融研究','5000-15000','【职位描述】 交易——游走在投资与投机之间，徜徉于现实与理想之巅，融汇于艺术与技术之湾，它是人类社会对于资金和心理博弈的最直接体现，完美的展现了灵长类之魂创造与行动的宣言，是你实现人生理想的最后一环。 你是否对交易存在浓厚兴趣呢？是否苦于徘徊在交易之河的彼岸而寻不见前路呢？现在机会来到了你的面前 -- 北京融控资本管理有限公司愿意提供免费的培训，带你横越财务自由的天堑，来到人生梦想的顶端。我们有专业的交易团队手把手带你走进交易市场。希望对金融行业有兴趣的你积极与我们电话或邮件联系，了解公司情况，招聘情况及与工作有关的相关问题。 注   无需交易员外出寻找客户，只需操作公司账户即可        【职位要求】  1、年龄20～50之间、性别不限  2、中专以上学历（包括中专学历）,培训期间有大量的空余时间，对金融知识感兴趣；  3、有很强的执行力和自制力，日常生活作息规律；  4、有较强的学习能力，对于新知识有较强的接受能力；  5、心理稳定，耐心细致，有责任心，具有保密意识； 6、对于基础薄弱或无经验者有专业的入职培训。（有交易经验者可直接联系面谈）        【岗位职责】 1、正式成为公司的员工之后，负责公司指定账户的资金运作，在稳定盈利的基础之上会逐步增加操作资金。 2、以稳定且合理的交易方式为前提，及时交易，每月完成公司规定的盈利目标，并在此基础上创造更多的盈利，以求盈利的最大化。 3、定期上交交易报告，报告时间每月一次。      【薪酬待遇】 初级交易员：5500底薪 + 提成20% + 节假日福利 + 年终奖 中级交易员：10000底薪  + 提成30% + 五险一金 + 节假日福利 + 年终奖 高级交易员：15000底薪 + 提成40% + 五险一金 + 节假日福利 + 年终奖   联系人：莫经理    联系电话：13501391731  简历投递邮箱 ahr@rongkongziben.com    【注】  1、请各位求职者仔细、详细的阅读您投递的职位要求，公司将统一进行审核、通知，谢绝重复投递和未经预约的来访。 2、录用人员，公司将统一、全面的给予员工提供为期10天的、免费的、专业的、系统的岗前培训，培训时间（9：30--17:00）(周六、日休息)。  3、公司将全资为盘手提供资金支持，承担风险，同时也将为盘手提供明亮、优雅、舒适的工作环境，提升您的交易心情。节假日公司会不定期的组织外出活动及娱乐活动（费用公司全报销）培训期间公司会组织模拟比赛，在模拟练习期间为做的成绩优秀的学生给予物质奖励。 4、交易员只需操作公司账户，无需外出寻找客户。                                                                           职位联系方式                                                      公司名称：融控(北京)资本管理有限公司  公司地址：北京市东城区建国门南大街7号万豪国际中心写字楼A座9层910号  公司网站：www.rongkongziben.com                                                          查看职位地图') ;
COMMIT;
INSERT INTO "User" ("Name","UserType","CreatedDatetime","UpdatedDatetime","Enabled")
                              VALUES ('674134027250032.htm',4,clock_timestamp(),clock_timestamp(),'t') ;
INSERT INTO "ZhilianUser" ("UserId","NickName","Type","Sex","City" ) VALUES(currval('"hero_reduce"."user_id_seq"'),'674134027250032.htm',0,'null','北京-西城区') ; INSERT INTO "JobPosition" ("UserId","Name","Address","Title","Salary","Description")
                          VALUES(currval('"hero_reduce"."user_id_seq"'),'674134027250032.htm','北京-西城区','会计经理/主管','','岗位职责：一：负责公司的全面财务会计工作。二：负责制定并完成公司的财务会计制度、规定和办法。三：解释、解答与公司的财务会计有关的法规和制度。四：分析检查公司财务收支和预算的执行情况。五：审核公司的原始单据和办理日常的会计业务。六：审核公司的记帐凭证，审核公司的会计报表。七：定期检查公司库存现金和银行存款是否帐实相符。八：负责定期财产清查。九：承办总经理交办的其他财务工作。十：加强日常财务管理和成本控制，开展全面预算管理，严格控制财务收支；按期汇集、计算和分析成本控制情况，加强成本控制和管理，向高层领导提出成本控制分析报告和成本计划。十一：保证按时纳税，负责按照国家税法和其他规定，严格审查应交税金，督促有关岗位人员及时办理手续。 岗位要求：一、年龄65岁以下，大专以上学历；二、财务等相关专业5年以上工作经验，具有中级以上职称优先；三、爱岗敬业、具有团队合作精神，5年以上财务管理工作经验。                                                                           职位联系方式                                                      公司名称：某知名中资资产管理公司公司地址：天津市和平区 传真：公司主页：null') ;
COMMIT;
INSERT INTO "User" ("Name","UserType","CreatedDatetime","UpdatedDatetime","Enabled")
                              VALUES ('135038057250639.htm',4,clock_timestamp(),clock_timestamp(),'t') ;
INSERT INTO "ZhilianUser" ("UserId","NickName","Type","Sex","City" ) VALUES(currval('"hero_reduce"."user_id_seq"'),'135038057250639.htm',0,'null','北京-朝阳区') ; INSERT INTO "JobPosition" ("UserId","Name","Address","Title","Salary","Description")
                          VALUES(currval('"hero_reduce"."user_id_seq"'),'135038057250639.htm','北京-朝阳区','证券分析/金融研究','6001-8000','致求职者的话： 首先要恭喜您在打开此页面的同时，您内心的睿智选择已经引领您向金融领域中的高收入职业迈出了幸运并且前景无限的第一步。如果您有意加入到我们操盘手的交易团队当中，公司的交易团队和讲师会引导您坚实而踏实的走好日后职业发展的每一步。请您在相信您自己内心选择的基础上相信公司的团队，认真努力的和我们一路走下去，未来三到五年内在北京相对中心的位置拥有一套属于自己的安身立命之所，绝不是太难的事情。相信您自己的选择，更要相信您自身的能力，加入到我们阳光的交易团队当中，为您今后梦想与人生的启航做好坚实的经济铺垫。   乔治.索罗斯说：“你可以生于贫穷，但绝不能死于贫穷”祝贺所有关心金融市场的投资者，因为你们拥有一个不同于过去的投资时代！   工作内容1.接受公司培训（带薪）。（有经验者可不接受培训，详情面谈。）2.部分初级交易员需要参加交易员晋级培训。每月一次。3.高执行力：关注每次交易系统给出的进场，出场信号，并按照信号指示进行建仓，平仓操作。（交易系统会在培训期间给予指导。）4、严格执行公司各项制度，，并定期整理交易数据，向上级领导账户分析结果；5、按照部门主管的要求进行技术和基本面规律的分析，进行数据的搜集或整理；6、配合其他部门有关工作；7、遵守公司的各项管理制度，承办领导交办的其他工作。素质要求：1、大专以上学历,金融专业优先，培训期间有大量的空余时间；2、热爱交易、对金融经济知识感兴趣；3、有很强的执行力，自制力强；日常生活有规律、有计划；4、有较强的学习能力，新知识的接受能力；5、抗压能力；6、耐心细致，有责任心，具有保密意识；7、对于基础薄弱或者无经验者有专业的入职培训。8、公司提供良好的晋升机制：薪资待遇： 初级薪资待遇：5000底薪 +  提成20%--40%  +  五险一金 + 节假日福利 + 季度奖  月薪可达7000元以上中级薪资待遇：10000底薪 + 提成20%--40% +  五险一金 +  节假日福利 + 季度奖   月薪可达15000元以上高级薪资待遇：15000底薪 + 提成20%--40% +  五险一金 +  节假日福利 + 季度奖   月薪达2-3万元以上 职位要求：年龄：20岁-50岁之间。学历：大专以上（包括大专），有交易经验者面谈。其它素质： 1.对于金融行业有极高的兴趣。2.性格沉稳，情绪不易产生较大波动。3.有极强的时间观念。（交易员的工作性质对于时间和空间上没有要求，相对自由，需要自我约束。）4.对资金流动有较强的驾驭能力。5.能够尽量客观的看待事物的发展。 面试要求： 不提供视频或者电话面试，只能到北京参加一对一面试，无复试，无笔试，不能来北京者请勿投递，面试通过后培训可做延期。实习员工： 前期培训期视为实习，实习期满可成为公司正式员工，可开实习证明，培训期为连续十个工作日，周末双休，每日培训时间：早晨9:30至下午3:30。公司在培训期提供每日餐补及路费补助，并在第一个月的薪资里统一发放。其他福利：五险一金 季度奖+年终奖  带薪免费旅游   公司对于没有交易经验，却对金融衍生品操作有兴趣者，提供正规统一的免费培训。有专业的交易团队手把手带你走进交易市场。我们的交易团队有绝对的信心让你在培训期后，有属于自己的交易系统与理念，让你找到自己在交易市场的立足点。成为我公司的优秀员工，对于成绩优秀学员公司提供交易账户帮助学员完成自我晋升。希望对金融行业有兴趣的应聘者积极与我们联系，了解公司情况，招聘情况及与工作相关的问题。公司承诺将对每位学员认真负责，最大限度发掘每一位学员的交易潜力。      联系电话：010-57349909  15811512051公司地址：北京市朝阳区时间国际大厦A座2601室公司名称：深圳市龙阳商务咨询有限公司北京第一分公司                                                                           职位联系方式                                                        人事经理：陈经理公司网址：http://www.bj-lyjt.com 联系电话：010-57349909  13366412049公司地址：北京市朝阳区时间国际大厦A座2601室公司名称：深圳市龙阳商务咨询有限公司北京第一分公司  各求职者请注意可把简历发至公司                                                           查看职位地图') ;
COMMIT;
INSERT INTO "User" ("Name","UserType","CreatedDatetime","UpdatedDatetime","Enabled")
                              VALUES ('553909420261293.htm',4,clock_timestamp(),clock_timestamp(),'t') ;
INSERT INTO "ZhilianUser" ("UserId","NickName","Type","Sex","City" ) VALUES(currval('"hero_reduce"."user_id_seq"'),'553909420261293.htm',0,'null','北京-朝阳区') ; INSERT INTO "JobPosition" ("UserId","Name","Address","Title","Salary","Description")
                          VALUES(currval('"hero_reduce"."user_id_seq"'),'553909420261293.htm','北京-朝阳区','证券分析/金融研究','8001-10000','乔治.索罗斯说:“你可以生于贫穷,但绝不能死于贫穷”基于其本人当初明智的职业选择，完成了他的财富梦想！也正是因为其1992年对英镑的一笔狙击，获利30多亿美金，一跃成为当年华尔街首富！这就是操盘手创造的财富传奇！其实操盘手的工作很简单！！！一台接入互联网的电脑，一张书桌，一把椅子！设想一下这样的场景：1、 任何时候，当你有想赚钱的想法时；2、 打开电脑，确认互联网接入服务正常；3、 打开交易程序，进入交易平台界面；4、 交易；5、 “捡钱”，放进口袋！怎么样，是不是很简单？没错，赚钱就这么容易！这就是操盘手职业的魅力所在！因公司规模扩大，现招聘培养操盘手：职位要求：热爱金融行业，有财富自由、财务自主的愿望。积极乐观、诚实自信。面试通过者接受免费统一的专业培训和导师一对一的针对指导。薪酬待遇: 初级操盘手：基本工资5500元 + 岗位补贴 + 提成 + 年终奖 中级操盘手：基本工资10000元 + 岗位补贴 + 提成 + 年终奖 + 五险一金 高级操盘手：基本工资15000元 + 岗位补贴 + 提成 + 年终奖 + 五险一金 .职位描述：一、初级操盘手1、无风险操作公司提供的资金帐户2、把握市场机会，及时交易，确保账户达到稳定盈利，尽可能的达到利益最大化。二、中级操盘手1、无风险操作公司提供的资金帐户2、有很强的分析能力，擅长并酷爱交易工作。3、具有丰富的市场分析能力，做出每日交易计划，熟练掌握各种分析工具。4、把握市场机会，及时交易，确保账户达到稳定盈利，尽可能的达到利益最大化。成为业内精英人才.三、高级操盘手1、负责公司指定大资金账户的无风险操作。2、有很强的数据运算能力及宏观经济数据分析能力。 3、交易风格多样化，能承受较强的心理压力，能独立完成大资金账户操作，有稳定盈利交易记 录者优先；4、热衷于金融行业，关注全球金融走势，有交易的最新理念保持一致水准并有较高实操经验人士优先 职位优势: 本职位无工作时间、地点限制,能做网上交易即可，可在家操盘。灵活的晋升体系和广阔的发展空间，可兼职。晋升空间：免费培训—评估—初级操盘手—中级操盘手—高级操盘手—交易经理—交易总监如果您想尝试更回报的行业，体现您的能力，可以投递简历，我们的HR收到您的简历会及时回复联系您。操盘手、交易员的职位可实习，可兼职，工作时间地点随意。不需要外出寻找客户，安心的通过您自主的分析进行交易买卖即可。欢迎有识之士加入公司，共创辉煌。职位联系方式公司名称：北京巨源时代投资管理有限公司公司地址：北京市朝阳区国贸建外soho东区B座806联 系 人： 莫经理  13910170543                                                                           职位联系方式                                                      职位联系方式公司名称：北京巨源时代投资管理有限公司公司地址：北京市朝阳区国贸建外soho东区B座806联 系 人： 莫经理 13910170543') ;
COMMIT;
INSERT INTO "User" ("Name","UserType","CreatedDatetime","UpdatedDatetime","Enabled")
                              VALUES ('663606924250867.htm',4,clock_timestamp(),clock_timestamp(),'t') ;
INSERT INTO "ZhilianUser" ("UserId","NickName","Type","Sex","City" ) VALUES(currval('"hero_reduce"."user_id_seq"'),'663606924250867.htm',0,'null','北京-朝阳区') ; INSERT INTO "JobPosition" ("UserId","Name","Address","Title","Salary","Description")
                          VALUES(currval('"hero_reduce"."user_id_seq"'),'663606924250867.htm','北京-朝阳区','证券分析/金融研究','4001-6000','(投递简历前，请确定您近期可以参加本公司面试，投递简历后经过筛选会有工作人员给您电话预约面试，请将电话保持开机状态)     金融市场是一个高挑战的行业，也是众所周知的高收入行业，最终资金的曲线，能否盈利，足以证明你的成就和能力。我们不看重与交易无关的因素。我们需要的是专业人才，或正在努力成为专业人才的人。如果你是，请联系我们，相信我们不会令你失望。    【岗位描述】 1、热爱金融行业，有强烈的意愿进入金融投资领域，渴望成为金融职场中的精英。 2、具有良好的自我学习能力与团队合作精神。 3、具有良好的职业操守，有强烈的责任感。 4、无论你之前从事什么行业、学历如何，在这个行业里只要你敢于挑战自我，勇于探索并发现自己的潜力，高收益不是梦想。 5、公司内部气氛融洽，共同发展，有灵活的晋体系和广阔的前景。 6、提供免费的专业岗前培训，为您提供广阔的职业发展机会。  【岗位职责】 1、负责公司指定客户账户或配资账户的资金运作。 2、 配合培训讲师完成新入公司员工的实盘交易辅导。 3、业不限，经济类、理工类专业优先。 4、人品端正，谦虚好学，自信果敢。 5、有很强的数据运算能力及宏观经济数据分析能力。 6、公司提供完善的免费提高培训。     底薪（3000）+高提成+五险+带薪培训+定期旅游、聚餐+年终奖+终身免费晋升培训，收入上不封顶  【福利待遇】 1、条件符合者，公司将统一安排专业职业技能培训； 2、签订全日制固定期限劳动合同、五险一金、底薪+奖金+补贴+绩效+团队业绩奖励；周末双休、法定节假日，圣诞、万圣、Bank Holiday休息 3、做五休二、OFFICE作息时间，无需加班； 4、正式员工享受带薪培训、带薪年假、定期体检，一年四次旅游，每月多聚餐游 5、完善成熟的晋升渠道，专业的职业生涯规划，助你成为金融行业精英     工作时间：朝九晚五  周一到周五   让我们一起成长，嘉城基业欢迎您的加入！！！                                                                                职位联系方式                                                       公司名称：嘉城基业投资咨询(北京)有限公司公司地址：北京市朝阳区朝外大街3号山水广场B座804室(地铁六号线东大桥A口出向西走200米) 联系人：张经理 公司主页：www.jiachengjiye.com                                                          查看职位地图') ;
COMMIT;
INSERT INTO "User" ("Name","UserType","CreatedDatetime","UpdatedDatetime","Enabled")
                              VALUES ('178806528251800.htm',4,clock_timestamp(),clock_timestamp(),'t') ;
INSERT INTO "ZhilianUser" ("UserId","NickName","Type","Sex","City" ) VALUES(currval('"hero_reduce"."user_id_seq"'),'178806528251800.htm',0,'null','北京-朝阳区') ; INSERT INTO "JobPosition" ("UserId","Name","Address","Title","Salary","Description")
                          VALUES(currval('"hero_reduce"."user_id_seq"'),'178806528251800.htm','北京-朝阳区','证券/期货/外汇经纪人','5000-10000','薪酬回报：初级分析师：5000 底薪 + 提成20%+ 节假日福利 + 年终奖 月薪可达8000元以上中级分析师：10000底薪+ 提成30%+五险一金+节假日福利+年终奖  月薪可达15000元以上高级分析师：15000底薪+ 提成40%+五险一金+节假日福利+年终奖 月薪可达20000至30000元以上职位描述:交易员就是在金融市场做投机，低买高卖赚取金融产品差价。投机一词在中国人眼里是贬义词，及投机倒把或者投机取巧，其实投机词是中性词，真正的含义是利用智慧来赚钱。金融市场的投机是这样的：公众们都认为投机是一种预知未来，去知晓那些无法知晓的游戏。他们错了，其实这是运用成功的投资策略抓住你身边的机会并去实现它的一种游戏。低买高卖这个大家都知道。金融产品包括：股票、期货、黄金、白银、外汇等产品。岗位职责职位描述：1、接受公司培训（带薪）,有经验者可不接受培训，详情面谈。2. 公司出资，为公司的账户进行交易盈利；3、每个月进行交易总结，即时准确汇报公司各项账户信息；4、时刻关注公司账户操作品种的价格变动和相关重要资讯；任职资格：1、热爱交易、对金融经济知识感兴趣；2、有很强的执行力，自制力强；3、有较强的学习能力，新知识的接受能力4、学历：大专以上【包含大专】5、年龄：20岁--40岁之间 6、工作经验： 不限；了解公司其他招聘信息请点击......升至空间：1、清晰明确的晋升空间：初级交易员—中级交易员－高级交易员—交易辅导员—交易经理－交易总监；2、针对高级管理岗位公司采用内部提拔方式，不采用空降或外部招聘等方式，给内部优秀的员工提供了良好的晋升通道。联系方式公司名称：江西亿汇投资有限公司北京投资管理分公司公司地址：北京市朝阳区东三环中路25号住总大厦地铁十号线金台夕照站D口往南100米公司主页：www.bj-yhtz.com联系人：刘经理联系电话：5729 6146                                                                           职位联系方式                                                                                                                查看职位地图') ;
COMMIT;
INSERT INTO "User" ("Name","UserType","CreatedDatetime","UpdatedDatetime","Enabled")
                              VALUES ('649699228254159.htm',4,clock_timestamp(),clock_timestamp(),'t') ;
INSERT INTO "ZhilianUser" ("UserId","NickName","Type","Sex","City" ) VALUES(currval('"hero_reduce"."user_id_seq"'),'649699228254159.htm',0,'null','北京-东城区') ; INSERT INTO "JobPosition" ("UserId","Name","Address","Title","Salary","Description")
                          VALUES(currval('"hero_reduce"."user_id_seq"'),'649699228254159.htm','北京-东城区','证券分析/金融研究','10000-15000','【职位描述】 交易——游走在投资与投机之间，徜徉于现实与理想之巅，融汇于艺术与技术之湾，它是人类社会对于资金和心理博弈的最直接体现，完美的展现了灵长类之魂创造与行动的宣言，是你实现人生理想的最后一环。 你是否对交易存在浓厚兴趣呢？是否苦于徘徊在交易之河的彼岸而寻不见前路呢？现在机会来到了你的面前 -- 北京融控资本管理有限公司愿意提供免费的培训，带你横越财务自由的天堑，来到人生梦想的顶端。我们有专业的交易团队手把手带你走进交易市场。希望对金融行业有兴趣的你积极与我们电话或邮件联系，了解公司情况，招聘情况及与工作有关的相关问题。 注   无需外出寻找客户，只需操作公司账户即可        【职位要求】  1、年龄20～50之间、性别不限  2、中专以上学历（包括中专学历）,培训期间有大量的空余时间，对金融知识感兴趣；  3、有很强的执行力和自制力，日常生活作息规律；  4、有较强的学习能力，对于新知识有较强的接受能力；  5、心理稳定，耐心细致，有责任心，具有保密意识； 6、对于基础薄弱或无经验者有专业的入职培训。（有交易经验者可直接联系面谈）        【岗位职责】 1、正式成为公司的员工之后，负责公司指定账户的资金运作，在稳定盈利的基础之上会逐步增加操作资金。 2、以稳定且合理的交易方式为前提，及时交易，每月完成公司规定的盈利目标，并在此基础上创造更多的盈利，以求盈利的最大化。 3、定期上交交易报告，报告时间每月一次。      【薪酬待遇】 理财规划师：10000底薪  + 提成30% + 五险一金 + 节假日福利 + 年终奖 资深理财规划师：15000底薪 + 提成40% + 五险一金 + 节假日福利 + 年终奖   联系人：莫经理    联系电话：13501391731  简历投递邮箱 ahr@rongkongziben.com    【注】  1、请各位求职者仔细、详细的阅读您投递的职位要求，公司将统一进行审核、通知，谢绝重复投递和未经预约的来访。 2、录用人员，公司将统一、全面的给予员工提供为期10天的、免费的、专业的、系统的岗前培训，培训时间（9：30--17:00）(周六、日休息)。  3、公司将全资为盘手提供资金支持，承担风险，同时也将为盘手提供明亮、优雅、舒适的工作环境，提升您的交易心情。节假日公司会不定期的组织外出活动及娱乐活动（费用公司全报销）培训期间公司会组织模拟比赛，在模拟练习期间为做的成绩优秀的学生给予物质奖励。 4、只需操作公司账户，无需外出寻找客户。                                                                           职位联系方式                                                      公司名称：融控(北京)资本管理有限公司  公司地址：北京市东城区建国门南大街7号万豪国际中心写字楼A座9层910号  公司网站：www.rongkongziben.com                                                          查看职位地图') ;
COMMIT;
INSERT INTO "User" ("Name","UserType","CreatedDatetime","UpdatedDatetime","Enabled")
                              VALUES ('635949521253619.htm',4,clock_timestamp(),clock_timestamp(),'t') ;
INSERT INTO "ZhilianUser" ("UserId","NickName","Type","Sex","City" ) VALUES(currval('"hero_reduce"."user_id_seq"'),'635949521253619.htm',0,'null','北京-朝阳区') ; INSERT INTO "JobPosition" ("UserId","Name","Address","Title","Salary","Description")
                          VALUES(currval('"hero_reduce"."user_id_seq"'),'635949521253619.htm','北京-朝阳区','股票/期货操盘手','8001-10000','入职待遇: 初级操盘手：底薪5000 + 20%-50%提成 + 奖金 + 节假日双休 + 交补、餐补、住房补助+ 年终奖；  中级操盘手：底薪12000 +  20%-50%提成  + 奖金 + 节假日双休 + 交补、餐补、住房补助+ 年终奖 + 五险一金；  高级操盘手：底薪18000 +  20%-50%提成 + 奖金 + 节假日双休 + 交补、餐补、住房补助+ 年终奖 +五险一金；       初级、中级交易师连续3个月完成公司业绩晋升一级交易师，高级交易师连续三个月完成公司业绩公司可直接申请《国家贵金属交易师》资格证培训考试，并有国家人力资源部和社会保障部联合颁发。 晋升空间：初级交易师—中级交易师—高级交易师—交易部总监 岗位职责: 1、正式成为公司的高级员工之后，负责公司指定客户账户或配资账户的资金运作，在稳定盈利的基础之上会逐步增加操作资金。 2、以稳定且合理的交易方式为前提，及时交易，每月必须完成公司规定的盈利目标，并在此基础上创造更多的盈利，以求盈利的最大化。 3、能够冷静分析金融市场并判断行情走势，配合公司给客户制定参考性的日常策略。 4、配合培训讲师完成新员工的实盘交易辅导。 5、把握市场机会，及时交易，确保账户达到稳定盈利，尽可能的达到利益最大化。 6、成绩优秀者将逐步向中级、高级晋升，自主独立操作公司理财资金并管理交易团队。 任职资格: 1、专业不限，国际金融专业及有实际操作经验者优先考虑。 2、有很强的数据运算能力及宏观经济数据分析能力。可以正确解读全球基本面消息，强大的市场心理面作为支撑。 3、对金融市场有浓厚的兴趣，立志在金融领域长期发展并有一番建树的有志之士。 4、人品端正谦虚好学富有团队精神，性格果断、自信、接受新鲜事物能力强。 具有良好的职业操守，有强烈的责任感，敢于面对挑战可承受较大心理压力。 5、善于分析、能够保持冷静的交易思路和制定合理的交易策略。 6、熟悉国内外金融市场，对市场有独特的见解。 年龄20至50之间，大专以上学历，有经验者优先，培训期间成绩优秀者，可直接进入公司交易团队。 注： 1、请各位求职者仔细、详细的阅读您投递的职位要求，公司将统一进行审核、通知，谢绝重复投递。 2、录用人员，公司将统一全面的给予员工提供为期10天的系统化岗前免费培训（带薪培训，有经验者可不接受培训，详情面谈），培训时间（10：00--12：00、13：30--16:00）周六、日休息。   咨询联系电话：13521572627  QQ:1952103731                                                                           职位联系方式                                                       公司名称：南盛(北京)国际投资管理有限公司 公司地址：北京市朝阳区工体东路20号百富国际大厦17层GH 咨询联系电话：13521572627  QQ:1952103731') ;
COMMIT;
INSERT INTO "User" ("Name","UserType","CreatedDatetime","UpdatedDatetime","Enabled")
                              VALUES ('553909420261296.htm',4,clock_timestamp(),clock_timestamp(),'t') ;
INSERT INTO "ZhilianUser" ("UserId","NickName","Type","Sex","City" ) VALUES(currval('"hero_reduce"."user_id_seq"'),'553909420261296.htm',0,'null','北京-朝阳区') ; INSERT INTO "JobPosition" ("UserId","Name","Address","Title","Salary","Description")
                          VALUES(currval('"hero_reduce"."user_id_seq"'),'553909420261296.htm','北京-朝阳区','证券分析/金融研究','','一、初级交易员： 1.接受免费统一的专业学习培训和模拟训练。 2.成绩优秀的交易员将逐步晋升为中级、高级交易员。3.认同公司的发展理念， 愿意与公司共同拓展业务。4.具有很强的工作责任心和团队合作精神。岗位待遇：5500 底薪 + 提成20% + 节假日福利 + 年终奖 二、中级交易员： 1.可承受较大心里压力，有很强的自我调控能力，纪律严格。 2.对公司资高度负责，严格执行安全控制。 3.以持续稳定盈利为最高目标，成为业内精英人才。4.热衷于金融行业的有经验人士，有意与国际经济及货币交易的最新理念保持一致水准，并关注全球外汇实时走势。5.敢于迎接挑战，能独立承受压力、完成公司交赋的工作任务。 6.有很强的分析能力，擅长并酷爱交易工作。 7.具有自信、冷静、理智、果断、坚定、胆识等交易员所要求具备的各项品质。 岗位待遇：10000 底薪 + 提成20% + 节假日福利 + 年终奖 + 五险一金三、高级交易员： 1.负责公司指定客户账户或配资账户的资金运作。 2.具有丰富的市场分析能力，做出每日交易计划，熟练掌握各种分析工具。3.配合培训讲师完成新入公司员工的实盘交易辅导。 4.把握市场机会，及时交易，确保账户达到持续稳定盈利，尽可能的达到利益最大化。 5.专业不限，经济类，理工类专业优先。 6.人品端正，谦虚好学，自信果敢。 7.有很强的数据运算能力及宏观经济数据分析能力。 8.熟悉双边市场，至少三年以上股票交易经验或两年以上双边市场交易经验。 9.公司提供完善的免费提高培训。 岗位待遇：15000 底薪 + 提成20% + 节假日福利 + 年终奖 + 五险一金注： 交易员只操作公司账户，不需外出寻找客户！ 业绩考核：1.是否依照计划目标将任务完成，使其质量达到要求的标准； 2.任务完成的过程或结果是否正确，是否达到标准的要求。 能力考核 1.业务所需要的业务知识、相关知识的掌握程度； 2.是否熟练掌握本岗位技能； 3.在执行任务时，是否能从容应对出现的变化。 态度考核 1.能自觉地尽职尽责的工作，能自始至终的表现出负责的态度；2.在职权范围内，能进行自我管理，能自主、自立、自信地处理业务。北京巨源时代投资管理有限公司（JUYUAN era Investment Management Co., Ltd.）创立于2010年,作为国内的新锐资本机构，巨源投资坐拥北京CBD核心区，公司团队由来自海外或有多年金融投资经验的专业精英组成，巨源投资立志缔造企业品牌价值，以客户服务为主导。为员工、客户及投资者创富增值。公司诚邀您加入我们的团队，创造财富不是梦想。考核内容：初级交易员连续稳定盈利3个月晋升中级交易员 中级交易员连续稳定盈利3个月晋升高级交易                                                                           职位联系方式                                                      公司名称：巨源时代投资管理有限公司 联系人  ：张经理 联系电话：18611860837') ;
COMMIT;
INSERT INTO "User" ("Name","UserType","CreatedDatetime","UpdatedDatetime","Enabled")
                              VALUES ('615221324265051.htm',4,clock_timestamp(),clock_timestamp(),'t') ;
INSERT INTO "ZhilianUser" ("UserId","NickName","Type","Sex","City" ) VALUES(currval('"hero_reduce"."user_id_seq"'),'615221324265051.htm',0,'null','北京') ; INSERT INTO "JobPosition" ("UserId","Name","Address","Title","Salary","Description")
                          VALUES(currval('"hero_reduce"."user_id_seq"'),'615221324265051.htm','北京','证券总监/部门经理','10001-15000','薪酬待遇: 初级交易员：基本工资5000元+ 岗位补贴 600+ 提成20% + 年终奖 +五险（月收入大约10000--15000)中级交易员：基本工资10000元 + 岗位补贴600 + 提成30% + 年终奖 +五险（月收入大约15000-25000）高级交易员：基本工资15000元 + 岗位补贴600 + 提成50% + 年终奖+五险（月收入大约25000--45000）   培养方式 对于没有交易经验零基础学员，却对金融衍生品操作职位有兴趣者。公司愿意提供免费的培训。有专业的交易团队手把手带你走进交易市场。我们的培训交易团队有绝对的信心让你在培训期后，有自己的交易系统与理论，让你找到自己在交易市场的立足点，为公司和你个人创造更大的利益。   任职要求： 1、中专以上学历,金融专业优先，培训期间有大量的空余时间；2、热爱交易、对金融经济知识感兴趣；3、有很强的执行力，自制力强；日常生活有规律、有计划；4、有较强的学习能力，新知识的接受能力；5、抗压能力；6、耐心细致，有责任心，具有保密意识；7、对于基础薄弱或者无经验者有专业的入职培训；8、公司提供良好的晋升机制； 9.年龄在20--68周岁均可；  ​ 职位描述： 一、初级操盘手 1、无风险操作公司提供的资金帐户 2、把握市场机会，及时交易，确保账户达到稳定盈利，尽可能的达到利益最大化。   二、中级操盘手 1、无风险操作公司提供的资金帐户 2、有很强的分析能力，擅长并酷爱交易工作。 3、具有丰富的市场分析能力，做出每日交易计划，熟练掌握各种分析工具。 4、把握市场机会，及时交易，确保账户达到稳定盈利，尽可能的达到利益最大化。成为业内精英人才。   三、高级操盘手 1、负责公司指定大资金账户的无风险操作。 2、有很强的数据运算能力及宏观经济数据分析能力。  3、交易风格多样化，能承受较强的心理压力，能独立完成大资金账户操作，有稳定盈利交易记录者优先； 4、热衷于金融行业，关注全球金融走势，有交易的最新理念保持一致水准并有较高实操经验人士优先   职位优势:  本职位无工作时间、地点限制,能做网上交易即可，可在家操盘。灵活的晋升体系和广阔的发展空间，可兼职。   联系电话：15810986897 联系  人：毛经理 咨询 qq: 349719370                                                                              职位联系方式                                                       公司名称：北京盛业永信资产管理有限公司   公司地址：北京市朝阳区朝外大街乙6号朝外SOHOA座2502室    联系人：毛经理   联系电话：15810986897   咨询QQ：349719370（注明应聘咨询）') ;
COMMIT;
INSERT INTO "User" ("Name","UserType","CreatedDatetime","UpdatedDatetime","Enabled")
                              VALUES ('540736422252727.htm',4,clock_timestamp(),clock_timestamp(),'t') ;
INSERT INTO "ZhilianUser" ("UserId","NickName","Type","Sex","City" ) VALUES(currval('"hero_reduce"."user_id_seq"'),'540736422252727.htm',0,'null','北京') ; INSERT INTO "JobPosition" ("UserId","Name","Address","Title","Salary","Description")
                          VALUES(currval('"hero_reduce"."user_id_seq"'),'540736422252727.htm','北京','实习生','2001-4000','职业描述： 1：负责公司指定客户账户或公司账户的资金运作； 2：把握市场机会，严格风控，使账户达到稳定盈利； 3：分析国际现货黄金、外汇市场走势，进行操作； 4：高效完成部门经理交给的各种工作计划和任务。 职业要求： 1：热爱金融行业，在金融行业有长期发展意愿； 2：有较强的学习能力、分析能力、风险控制能力； 3：年龄20-26之间，大专以上学历，有股票、期货、理财经验者优先考虑； 4：成绩优秀的将正式成为公司的分析师或者团队经理； 5：操盘是一项很刺激金钱游戏，有强烈的意愿进入金融投资领域，渴望成为金融精英； 6：对金融市场有浓厚的兴趣，应届毕业生优先考虑。 福利待遇： 1：底薪+提成+补助+专业实盘讲师培训+晋升机会； 2：交易手法和操作系统稳定后工作时间可以灵活； 3：完善和持续的晋升培训机制，丰富多彩的员工活动，良好的工作环境； 4：上班时间：早10:00~晚5：00，周六日双休，法定节假日休息； 5：实习生一周最少上岗3天，公司提供实习证明。 注：简历请勿重复投递，否则不给予面试机会，谢谢合作。                                                                           职位联系方式                                                      公司名称：北京鑫达博裕投资咨询有限公司面试经理：林经理 联系方式  TEL. 010-57260653 15311641832   QQ ： 422603136面试地址：北京市朝阳区东大桥路8号尚都国际中心1505乘车路线：地铁6号线东大桥A口出南行，过十字路口100米。或地铁1号线永安里站B口出北行，公交车126、120、403、43、28路芳草地站下，两站地公司网址：www.xindaboyu.com') ;
COMMIT;
INSERT INTO "User" ("Name","UserType","CreatedDatetime","UpdatedDatetime","Enabled")
                              VALUES ('635949521253620.htm',4,clock_timestamp(),clock_timestamp(),'t') ;
INSERT INTO "ZhilianUser" ("UserId","NickName","Type","Sex","City" ) VALUES(currval('"hero_reduce"."user_id_seq"'),'635949521253620.htm',0,'null','北京') ; INSERT INTO "JobPosition" ("UserId","Name","Address","Title","Salary","Description")
                          VALUES(currval('"hero_reduce"."user_id_seq"'),'635949521253620.htm','北京','证券分析/金融研究','5000-15000','南盛资本是一家专注于为个人和家庭提供理财服务的公司，为国内投资者提供金融讲座和投资咨询的企业。也是具有国家人力资源部和社会保障部联合授权《国家贵金属交易师》北京市招生培训资质的投资管理公司。  岗位描述： 1、热爱交易、对金融经济知识感兴趣,对金融市场有浓厚的兴趣，立志在金融领域长期发展并有一翻建树的有志之士。  2、具有良好的学习能力与团队精神，果断、自信、接受新鲜事物能力强。   3、敢于挑战自我，勇于凭自己的努力和本领获得高收益。 4、无论你之前从事什么行业、学历如何，在这个行业里只要你敢于挑战自我，勇于探索并发现自己的潜力，高收益不是梦想。 5、理想的工作环境且公司内部气氛融洽，有灵活的晋升体系和广阔的前景。 6、提供免费的专业岗前培训，为您提供绝佳的职业发展机会。   初级交易员： 1.接受免费统一的专业学习培训和模拟训练。 2.成绩优秀的交易员将逐步晋升为中级、高级交易员。 3.认同公司的发展理念，愿意与公司共同拓展业务。 4.具有很强的工作责任心和团队合作精神。 岗位待遇：底薪5000  + 车补、饭补、通讯补助 + 20%（美金）提成 + 节假日福利 + 年终奖金  中级交易员：  1、可承受较大心里压力，有很强的自我调控能力，纪律操作严格； 2、对公司资金高度负责，严格执行安全控制；  3、有很强的分析能力，擅长并酷爱交易工作。 4、热衷于金融行业的有经验人士，有意与国际经济及货币交易的最新理念保持一致水准，并关注全球外汇实时走势。  5、敢于迎接挑战、能独立承受压力、完成公司交赋的工作任务。  6、具有自信、冷静、理智、果断、坚定、胆识等交易员所要求具备的各项品质。  岗位待遇：底薪8000 + 车补、饭补、通讯补助 + 20%（美金）提成 + 节假日福利 + 年终奖金 + 五险一金  高级交易员： 1.负责公司指定客户账户或配资账户的资金运作。 2.具有丰富的市场分析能力，做出每日交易计划，熟练掌握各种分析工具。 3.配合培训讲师完成新入公司员工的实盘交易辅导。 4.把握市场机会，及时交易，确保账户达到持续稳定盈利，尽可能的达到利益最大化。 5.专业不限，经济类、理工类专业优先。 6.人品端正，谦虚好学，自信果敢。 7.有很强的数据运算能力及宏观经济数据分析能力。 8.熟悉双边市场，至少三年以上股票交易经验或两年以上双边市场交易经验。 岗位待遇：底薪12000 + 车补、饭补、通讯补助 + 20%（美金）提成 + 节假日福利 + 年终奖金 + 五险一金  注：工作时间朝十晚四 ，交易员只操作公司账户，不需外出寻找客户！  入职待遇: 初级交易员:底薪5000 + 车补、饭补、通讯补助500 + 盈利20%提成 + 年终奖金 中级交易员:底薪8000 + 车补、饭补、通讯补助500 + 盈利20%提成 + 年终奖金 + 五险一金 高级交易员:底薪12000 + 车补、饭补、通讯补助500 + 盈利20%提成 + 年终奖金 + 五险一金 中、高级交易员如成绩优异者可申请加入公司技术团队，与公司交易部团队协作把公司利益最大化。 初级、中级交易员连续3个月完成公司业绩晋升一级，中、高级交易员连续三个月完成公司业绩公司可直接申请《国家贵金属交易师》资格证培训考试，并有国家人力资源部和社会保障部联合颁发。  金融市场中风云变幻，充斥着未知与变数。投资理财更有如大海行船，危机重重。怎样才能把握机会，赢取财富？ 机会和财富，从来就不是上天的恩赐。众所周知，机会只属于有准备的人。而财富——则属于其中的智者。 南盛资本，带您尽情博览此起彼伏的金融浪潮，帮您立于不动如山的安泰之地。 财富为智者掌控                                                                             职位联系方式                                                       联 系 人：刘经理 (联系时请说在智联网上看到的)  联系电话： 13501127200 工作地点：朝阳东大桥东三环北路工体20号百富国际大厦A座') ;
COMMIT;
INSERT INTO "User" ("Name","UserType","CreatedDatetime","UpdatedDatetime","Enabled")
                              VALUES ('615221324265052.htm',4,clock_timestamp(),clock_timestamp(),'t') ;
INSERT INTO "ZhilianUser" ("UserId","NickName","Type","Sex","City" ) VALUES(currval('"hero_reduce"."user_id_seq"'),'615221324265052.htm',0,'null','北京') ; INSERT INTO "JobPosition" ("UserId","Name","Address","Title","Salary","Description")
                          VALUES(currval('"hero_reduce"."user_id_seq"'),'615221324265052.htm','北京','证券分析/金融研究','4000-20000','职位描述     工作内容 1.接受公司培训（有经验者可不接受培训，详情面谈。）2.部分初级交易员需要参加交易员晋级培训。每月一次。3.高执行力：关注每次交易系统给出的进场，出场信号，并按照信号指示进行建仓，平仓操作。（交易系统会在培训期间给予指导。） 4、严格执行公司各项制度，，并定期整理交易数据，向上级领导账户分析结果；5、按照部门主管的要求进行技术和基本面规律的分析，进行数据的搜集或整理；6、配合其他部门有关工作；7、遵守公司的各项管理制度，承办领导交办的其他工作。 素质要求：1、大专以上学历,金融专业优先，培训期间有大量的空余时间；2、热爱交易、对金融经济知识感兴趣；3、有很强的执行力，自制力强；日常生活有规律、有计划；4、有较强的学习能力，新知识的接受能力；5、抗压能力；6、耐心细致，有责任心，具有保密意识；7、对于基础薄弱或者无经验者有专业的入职培训。8、公司提供良好的晋升机制： 初级交易员：5000底薪 + 提成20%  +  五险一金 + 节假日福利 + 季度奖  月薪可达10000元以上 中级交易员：10000底薪 + 提成30% +  五险一金+  节假日福利  +  季度奖   月薪可达20000元以上 高级交易员：15000底薪 + 提成50% +  五险一金 +  节假日福利 +  季度奖   月薪达3-5万元以上  公司对于没有交易经验，却对金融衍生品操作有兴趣者，提供正规统一的免费培训。有专业的交易团队手把手带你走进交易市场。我们的交易团队有绝对的信心让你在培训期后，有属于自己的交易系统与理念，让你找到自己在交易市场的立足点。成为我公司的优秀员工，对于成绩优秀学员公司提供交易账户帮助学员完成自我晋升。希望对金融行业有兴趣的应聘者积极与我们联系，了解公司情况，招聘情况及与工作相关的问题。公司承诺将对每位学员认真负责，最大限度发掘每一位学员的交易潜力。 面试要求：不提供视频或者电话面试，只能到北京参加一对一面试，无复试，无笔试，不能来北京者请勿投递，面试通过后培训可做延期。  其他福利： 五险一金 季度奖+年终奖  带薪免费旅游 职位要求： 年龄：20岁-50岁之间。 学历：大专以上（包括大专），有交易经验者面谈。 其它素质：  1.对于金融行业有极高的兴趣。 2.性格沉稳，情绪不易产生较大波动。 3.有极强的时间观念。（交易员的工作性质对于时间和空间上没有要求，相对自由，需要自我约束。） 4.对资金流动有较强的驾驭能力。 5.能够尽量客观的看待事物的发展                                                                           职位联系方式                                                      公司名称：北京盛业永信资产管理有限公司 公司网址：www.inteous.com公司地址：北京市朝阳区朝外大街乙6号朝外SOHOA座2502室 乘车路线：地铁6号线到东大桥D出口向南50米联系人：高经理联系电话：13120150105QQ：2723921991（注明应聘咨询）') ;
COMMIT;
INSERT INTO "User" ("Name","UserType","CreatedDatetime","UpdatedDatetime","Enabled")
                              VALUES ('178774425250084.htm',4,clock_timestamp(),clock_timestamp(),'t') ;
INSERT INTO "ZhilianUser" ("UserId","NickName","Type","Sex","City" ) VALUES(currval('"hero_reduce"."user_id_seq"'),'178774425250084.htm',0,'null','北京-东城区') ; INSERT INTO "JobPosition" ("UserId","Name","Address","Title","Salary","Description")
                          VALUES(currval('"hero_reduce"."user_id_seq"'),'178774425250084.htm','北京-东城区','证券分析/金融研究','15001-25000','工作职责：1.负责商品及行业的指数研究和开发 2.负责指数日常与定期管理维护 3.提供指数规则研究等工作 任职资格：1.经济、金融、统计及其他相关专业本科及以上学历2.熟悉国内、国际证券市场规则及财务知识3.三年以上证券从业经验，条件优秀的应届学生可适当放宽从业经验限制4.有证券期货市场研究、上市公司研究、衍生品研究、量化投资及研究、产品设计以及其他指数相关研究开发工作经验者优先                                                                           职位联系方式                                                       公司名称：北京金瀚科资讯有限公司 公司地址：北京市东城区安定门东大街28号雍和大厦D座  传真： 公司主页：www.eportcn.com') ;
COMMIT;
INSERT INTO "User" ("Name","UserType","CreatedDatetime","UpdatedDatetime","Enabled")
                              VALUES ('678591628250000.htm',4,clock_timestamp(),clock_timestamp(),'t') ;
INSERT INTO "ZhilianUser" ("UserId","NickName","Type","Sex","City" ) VALUES(currval('"hero_reduce"."user_id_seq"'),'678591628250000.htm',0,'null','北京-海淀区') ; INSERT INTO "JobPosition" ("UserId","Name","Address","Title","Salary","Description")
                          VALUES(currval('"hero_reduce"."user_id_seq"'),'678591628250000.htm','北京-海淀区','证券分析/金融研究','10001-15000','工作内容：1. 负责公司客户资产的证券市场股票投资2. 负责公司的证券投资研究，向公司经营决策层提供有关报告和建议3. 关注并跟踪宏观经济重大事件、行业政策、上市公司经营动态，搜集、挖掘具有潜在投资价值的股票 4. 根据目前投资状况，结合即时的金融信息做出精确的分析和判断，负责股票池的维护及池中股票的跟踪  岗位要求：1.  金融、经济、财会等专业背景，大学本科或以上学历2.  热爱从事证券行业，诚实守信、勤奋好学，有积极向上的进取心，具备团队合作精神3.  有过3-5年私募基金、证券公司、基金管理公司等相关工作经验  有意者，请把简历发送到：qianyuantaihe@126.com                                                                             职位联系方式                                                        公司名称：北京乾元泰和资产管理有限公司 公司地址：北京市海淀区中关村南大街2号') ;
COMMIT;
INSERT INTO "User" ("Name","UserType","CreatedDatetime","UpdatedDatetime","Enabled")
                              VALUES ('678591628250001.htm',4,clock_timestamp(),clock_timestamp(),'t') ;
INSERT INTO "ZhilianUser" ("UserId","NickName","Type","Sex","City" ) VALUES(currval('"hero_reduce"."user_id_seq"'),'678591628250001.htm',0,'null','北京-海淀区') ; INSERT INTO "JobPosition" ("UserId","Name","Address","Title","Salary","Description")
                          VALUES(currval('"hero_reduce"."user_id_seq"'),'678591628250001.htm','北京-海淀区','证券分析/金融研究','5000-8000','工作内容：1. 负责记录每日基金产品净值，做好统计工作2. 负责公司网站的建立和维护3. 负责客户维护和沟通工作  岗位要求：1. 金融、经济、市场营销、管理类相关专业，本科或以上学历2. 熟悉金融，信托，私募证券投资等相关业务，具有扎实的金融基础理论，财务管理知识，投资理论知识，熟悉行业管理的法律，法规和其他相关政策3. 熟练使用MS Office软件编写产品文档、产品演示文稿和进行数据分析 有意者，请把简历发送到：qianyuantaihe@126.com                                                                              职位联系方式                                                        公司名称：北京乾元泰和资产管理有限公司 公司地址：北京市海淀区中关村南大街2号') ;
COMMIT;
INSERT INTO "User" ("Name","UserType","CreatedDatetime","UpdatedDatetime","Enabled")
                              VALUES ('000569460250070.htm',4,clock_timestamp(),clock_timestamp(),'t') ;
INSERT INTO "ZhilianUser" ("UserId","NickName","Type","Sex","City" ) VALUES(currval('"hero_reduce"."user_id_seq"'),'000569460250070.htm',0,'null','北京') ; INSERT INTO "JobPosition" ("UserId","Name","Address","Title","Salary","Description")
                          VALUES(currval('"hero_reduce"."user_id_seq"'),'000569460250070.htm','北京','证券分析/金融研究','','工作职责 1、 擅长交流并建立相应信息采集渠道，积极参与培训和学习； 2、 根据信息产品要求，按时保质的完成信息采编及上传工作； 3、 配合部门要求，进行市场调研、数据整理、推广产品或会议等； 4、 能够对市场形势做好简单的评论性分析； 5、参加国内外行业会议，获取行业信息；  职位要求 1、大学本科以上学历，冶金类、国际贸易、金属材料、经济金融类专业； 2、熟悉网站运营，热爱网站编辑工作； 3、熟练使用办公软件，熟悉商务信函，具有一定的文字、图形编辑能力； 4、性格开朗，擅长与人沟通，团队协作意识强； 5、有较强的文字功底及主动学习的能力。') ;
COMMIT;
INSERT INTO "User" ("Name","UserType","CreatedDatetime","UpdatedDatetime","Enabled")
                              VALUES ('000569460250071.htm',4,clock_timestamp(),clock_timestamp(),'t') ;
INSERT INTO "ZhilianUser" ("UserId","NickName","Type","Sex","City" ) VALUES(currval('"hero_reduce"."user_id_seq"'),'000569460250071.htm',0,'null','北京') ; INSERT INTO "JobPosition" ("UserId","Name","Address","Title","Salary","Description")
                          VALUES(currval('"hero_reduce"."user_id_seq"'),'000569460250071.htm','北京','证券分析/金融研究','','工作职责：1、 负责网站报告和信息类的翻译；2、 负责海外数据的搜集、整理、翻译及分析；3、 负责网站英文产品的海外推广；4、 参加国内外行业会议，获取海外行业信息；职位要求:1、大学本科以上学历，专业英语或冶金类专业；2、英语专业8级或同等水平；3、熟悉网站运营，热爱网站编辑工作；4、对冶金新闻类文章翻译有一定了解，熟悉钢铁行业外语；对英文数据的操作和翻译有一定了解，熟练操作EXCEL表格；5、口语优秀，能独立完成与国外客户的沟通；熟悉商务信函，能熟练把控各种问题与国外公司洽谈业务。') ;
COMMIT;
INSERT INTO "User" ("Name","UserType","CreatedDatetime","UpdatedDatetime","Enabled")
                              VALUES ('597693925250003.htm',4,clock_timestamp(),clock_timestamp(),'t') ;
INSERT INTO "ZhilianUser" ("UserId","NickName","Type","Sex","City" ) VALUES(currval('"hero_reduce"."user_id_seq"'),'597693925250003.htm',0,'null','北京') ; INSERT INTO "JobPosition" ("UserId","Name","Address","Title","Salary","Description")
                          VALUES(currval('"hero_reduce"."user_id_seq"'),'597693925250003.htm','北京','证券分析/金融研究','','岗位职责：1、协助高级研究员构建宏观经济研究方法，建立和丰富宏观信息数据库，跟踪重大宏观政策的预期、制定和出台，跟踪业内专家的观点；2、撰写并更新宏观研究报告和事件研究报告，针对产业特色做出宏观面对产业的影响分析；3、培训研究员对宏观经济的把握和分析；4、跟踪研究货币体系的流动性问题。任职要求：1、金融、经济、统计等相关专业硕士以上学历；相关研究所首席研究员、所长及留学归国人士优先考虑；2、具有较强的宏观金融研究能力、报告撰写等相关工作经历；3、收集宏观金融类信息，维护相关研究信息库，适应双微信息跟踪；4、熟练使用office软件，尤其是Excel、Word、PowerPoint等，具有优秀的语言表达与沟通能力，具有较好的写作能力和分析能力；5、英文熟练，能够阅读外文资料，并提炼核心内容；6、适应以项目为基础的短期出差、加班，工作敬业，严谨认真，诚实守信，善于思考，勇于承担责任，具有良好的团队合作精神、较强的耐压能力和自我驱动力；7、研究方向为宏观经济及金融期货。简历投送：请将简历转成PDF格式发送至 hr@wdqh.net                                                                            职位联系方式                                                      公司名称：北京华融启明咨询服务有限公司公司地址：北京海淀区长春桥路11号万柳亿城中心B座709') ;
COMMIT;
INSERT INTO "User" ("Name","UserType","CreatedDatetime","UpdatedDatetime","Enabled")
                              VALUES ('663606924250872.htm',4,clock_timestamp(),clock_timestamp(),'t') ;
INSERT INTO "ZhilianUser" ("UserId","NickName","Type","Sex","City" ) VALUES(currval('"hero_reduce"."user_id_seq"'),'663606924250872.htm',0,'null','北京-朝阳区') ; INSERT INTO "JobPosition" ("UserId","Name","Address","Title","Salary","Description")
                          VALUES(currval('"hero_reduce"."user_id_seq"'),'663606924250872.htm','北京-朝阳区','股票/期货操盘手','10001-15000','(投递简历前，请确定您近期可以参加本公司面试，投递简历后经过筛选会有工作人员给您电话预约面试，请将电话保持开机状态)      操盘———其实是一件非常具有艺术性的工作，因为金融市场并不存在诸如物理与数学之类的真理，交易的艺术成分远远超过科学。由于动辄就要操纵上亿元的资金，一直以来，外界总有一种误解：成功的交易员都是那些拥有高学位的名牌大学高材生，交易者必须绞尽脑汁才能获利。其实，操盘绝不是学术研究。 跟一般人想象的不同，交易员每天的生活既不紧张也不神秘，更多的是需要细心。当然压力也很大，因为委托方不仅要求达到每个项目的利润最大化，还要求做到每个阶段利润的最大化。 【岗位职责】 （初级交易员）1.接受免费统一的学习培训和模拟训练；2.成绩优秀的学员将逐步晋升为中级、高级交易员；3.级别越高，机会越多，收入越高。4 谦虚好学，积极进取，严格遵守公司规章制度及课程安排。 （中级交易员）1.有强烈的以交易为生，希望成为交易高手的意愿；2.可承受较大心理压力，有很强的自控能力；3.对公司资金高度负责，严格执行风险控制；4.以稳定盈利为最高目标。5.热衷于金融行业的有经验人士，有意与国际经济及货币交易的最新理念保持一致 水准，并关注全球外汇实时走势。 （高级交易员）1.负责公司指定客户账户或配资账户的资金运作。3.配合培训讲师完成新入司员工的实盘交易辅导。4.确保账户达到稳定盈利。5.熟悉双边市场，至少一年以上双边市场交易经验。6 具有自信、冷静、理智、果断、坚定、胆识及高度责任感等交易员所必备品质。  【薪资待遇】 （初级交易员）：5000底薪+ 提成(50%) +节假日福利+年终奖月薪可达8000元以上 （中级交易员）：10000底薪+提成(50%)+节假日福利+年终奖+五险一金月薪可达到1万5元以上 （高级交易员）：15000底薪+提成(50%)+节假日福利+年终奖+五险一金月薪可达到2-3万元 【福利待遇】1、条件符合者，公司将统一安排专业职业技能培训；2、签订全日制固定期限劳动合同、五险一金、底薪+奖金+补贴+绩效+团队业绩奖励；2、周末双休、法定节假日，圣诞、万圣、Bank Holiday休息3、做五休二、OFFICE作息时间，无需加班；4、正式员工享受带薪培训、带薪年假、定期体检，一年四次旅游，每月多聚餐5、完善成熟的晋升渠道，专业的职业生涯规划，助你成为金融行业精英       对于没有交易经验，却对金融衍生品操作职位有兴趣者，公司提供免费培训。有专业的交易团队手把手带你走进交易市场。   工作时间：朝九晚五  周一到周五 让我们一起成长，嘉城基业欢迎您的加入！！！                                                                             职位联系方式                                                       公司名称：嘉城基业投资咨询(北京)有限公司公司地址：北京市朝阳区朝外大街3号山水广场B座804室(地铁六号线东大桥A口出向西走200米) 联系人：张经理 联系电话：13366799904  公司主页：www.jiachengjiye.com                                                          查看职位地图') ;
COMMIT;
INSERT INTO "User" ("Name","UserType","CreatedDatetime","UpdatedDatetime","Enabled")
                              VALUES ('135038057250640.htm',4,clock_timestamp(),clock_timestamp(),'t') ;
INSERT INTO "ZhilianUser" ("UserId","NickName","Type","Sex","City" ) VALUES(currval('"hero_reduce"."user_id_seq"'),'135038057250640.htm',0,'null','北京-朝阳区') ; INSERT INTO "JobPosition" ("UserId","Name","Address","Title","Salary","Description")
                          VALUES(currval('"hero_reduce"."user_id_seq"'),'135038057250640.htm','北京-朝阳区','证券分析/金融研究','6001-8000','致求职者的话： 首先要恭喜您在打开此页面的同时，您内心的睿智选择已经引领您向金融领域中的高收入职业迈出了幸运并且前景无限的第一步。如果您有意加入到我们操盘手的交易团队当中，公司的交易团队和讲师会引导您坚实而踏实的走好日后职业发展的每一步。请您在相信您自己内心选择的基础上相信公司的团队，认真努力的和我们一路走下去，未来三到五年内在北京相对中心的位置拥有一套属于自己的安身立命之所，绝不是太难的事情。相信您自己的选择，更要相信您自身的能力，加入到我们阳光的交易团队当中，为您今后梦想与人生的启航做好坚实的经济铺垫。   乔治.索罗斯说：“你可以生于贫穷，但绝不能死于贫穷”祝贺所有关心金融市场的投资者，因为你们拥有一个不同于过去的投资时代！   工作内容1.接受公司培训（带薪）。（有经验者可不接受培训，详情面谈。）2.部分初级交易员需要参加交易员晋级培训。每月一次。3.高执行力：关注每次交易系统给出的进场，出场信号，并按照信号指示进行建仓，平仓操作。（交易系统会在培训期间给予指导。）4、严格执行公司各项制度，，并定期整理交易数据，向上级领导账户分析结果；5、按照部门主管的要求进行技术和基本面规律的分析，进行数据的搜集或整理；6、配合其他部门有关工作；7、遵守公司的各项管理制度，承办领导交办的其他工作。素质要求：1、大专以上学历,金融专业优先，培训期间有大量的空余时间；2、热爱交易、对金融经济知识感兴趣；3、有很强的执行力，自制力强；日常生活有规律、有计划；4、有较强的学习能力，新知识的接受能力；5、抗压能力；6、耐心细致，有责任心，具有保密意识；7、对于基础薄弱或者无经验者有专业的入职培训。8、公司提供良好的晋升机制：薪资待遇： 初级薪资待遇：5000底薪 +  提成20%--40%  +  五险一金 + 节假日福利 + 季度奖  月薪可达7000元以上中级薪资待遇：10000底薪 + 提成20%--40% +  五险一金 +  节假日福利 + 季度奖   月薪可达15000元以上高级薪资待遇：15000底薪 + 提成20%--40% +  五险一金 +  节假日福利 + 季度奖   月薪达2-3万元以上 职位要求：年龄：20岁-50岁之间。学历：大专以上（包括大专），有交易经验者面谈。其它素质： 1.对于金融行业有极高的兴趣。2.性格沉稳，情绪不易产生较大波动。3.有极强的时间观念。（交易员的工作性质对于时间和空间上没有要求，相对自由，需要自我约束。）4.对资金流动有较强的驾驭能力。5.能够尽量客观的看待事物的发展。 面试要求： 不提供视频或者电话面试，只能到北京参加一对一面试，无复试，无笔试，不能来北京者请勿投递，面试通过后培训可做延期。实习员工： 前期培训期视为实习，实习期满可成为公司正式员工，可开实习证明，培训期为连续十个工作日，周末双休，每日培训时间：早晨9:30至下午3:30。公司在培训期提供每日餐补及路费补助，并在第一个月的薪资里统一发放。其他福利：五险一金 季度奖+年终奖  带薪免费旅游   公司对于没有交易经验，却对金融衍生品操作有兴趣者，提供正规统一的免费培训。有专业的交易团队手把手带你走进交易市场。我们的交易团队有绝对的信心让你在培训期后，有属于自己的交易系统与理念，让你找到自己在交易市场的立足点。成为我公司的优秀员工，对于成绩优秀学员公司提供交易账户帮助学员完成自我晋升。希望对金融行业有兴趣的应聘者积极与我们联系，了解公司情况，招聘情况及与工作相关的问题。公司承诺将对每位学员认真负责，最大限度发掘每一位学员的交易潜力。      联系电话：010-57349909  15811512051公司地址：北京市朝阳区时间国际大厦A座2601室公司名称：深圳市龙阳商务咨询有限公司北京第一分公司                                                                           职位联系方式                                                        人事经理：陈经理公司网址：http://www.bj-lyjt.com 联系电话：010-57349909  13366412049公司地址：北京市朝阳区时间国际大厦A座2601室公司名称：深圳市龙阳商务咨询有限公司北京第一分公司  各求职者请注意可把简历发至公司                                                           查看职位地图') ;
COMMIT;
INSERT INTO "User" ("Name","UserType","CreatedDatetime","UpdatedDatetime","Enabled")
                              VALUES ('430309819250181.htm',4,clock_timestamp(),clock_timestamp(),'t') ;
INSERT INTO "ZhilianUser" ("UserId","NickName","Type","Sex","City" ) VALUES(currval('"hero_reduce"."user_id_seq"'),'430309819250181.htm',0,'null','北京-朝阳区') ; INSERT INTO "JobPosition" ("UserId","Name","Address","Title","Salary","Description")
                          VALUES(currval('"hero_reduce"."user_id_seq"'),'430309819250181.htm','北京-朝阳区','证券总监/部门经理','','岗位职责：                           1、根据公司战略发展方向，参与基金战略、管理、投资组合等重大事宜的决策； 2、负责制定基金的规章制度和操作流程；3、负责设计基金产品和实施方案；4、负责确定公司基金募集策略与渠道的选择，选择高质量长期稳定的投资人；  5、负责组织召开投融资决策会议，参与对拟投资项目的最终决策； 6、负责项目的投后管理，参与企业的战略、财务、组织、人力等重大事项的决策，降低投资风险，定期分析投资组合运作情况，提高投资回报率；  7、根据投资协议内容，选择时机制定具体退出方案并实施； 8、全面负责基金部门的管理与建设； 9、完成公司其他工作。任职资格： 1、熟悉国际、国内私募基金环境，精通私募股权基金业务的各个环节； 2、熟悉私募股权基金的融资技巧及策略私募股权基金的融资形式、方向及关键因素； 3、掌握私募股权投资基金的组织形式、治理结构、募集程序及会计税收处理与风险防范； 4、负责整个基金运作流程的搭建，参与基金设立、募集、项目的发现与谈判、投资后管理与退出； 5负责基金投资业绩和控制投资风险，研究政策信息，根据公司决议不断调整基金配置； 6、拥有私募股权基金领域丰富的人脉，有广泛的上市公司、银行、券商、保险、信托等机构投资或金融合作部人脉； 7、有十年以上投资公司、投资银行部相关工作经验； 8、经济管理、金融财务等相关专业本科以上学历.                                                                           职位联系方式                                                       公司名称：中昂地产(集团)有限公司 公司地址：北京市朝阳区霄云路26号鹏润大厦A座1902  传真： 公司主页：                                                          查看职位地图') ;
COMMIT;
INSERT INTO "User" ("Name","UserType","CreatedDatetime","UpdatedDatetime","Enabled")
                              VALUES ('147613145251746.htm',4,clock_timestamp(),clock_timestamp(),'t') ;
INSERT INTO "ZhilianUser" ("UserId","NickName","Type","Sex","City" ) VALUES(currval('"hero_reduce"."user_id_seq"'),'147613145251746.htm',0,'null','北京-海淀区') ; INSERT INTO "JobPosition" ("UserId","Name","Address","Title","Salary","Description")
                          VALUES(currval('"hero_reduce"."user_id_seq"'),'147613145251746.htm','北京-海淀区','证券分析/金融研究','','岗位职责：1、 就拟投资项目的背景、行业进行深入研究，整理信息、有独立观察；2、 配合参与项目执行，包括尽职调查、第三方协调；3、 深度学习并依据盛景的中小企业经营方法论，进行持续的投后管理；4、 主动参与投资者教育与投资者关系维护。任职要求：1、 一定的VC股权投资操作经验，以及很强的执行力、项目推进能力2、 具备很强的组织能力、协调管理能力、逻辑能力，以及快速的学习能力、良好的沟通能力3、 具备相关的法律常识，投融资领域的常识和人脉，具有较好的财务功底；4、 为人正直、细心、负责，具有团队协作精神。                                                                           职位联系方式                                                       公司名称：盛景网联企业管理顾问股份有限公司 公司地址：北京市海淀区清华科技园科技大厦B座11层  传真： 公司主页：http://www.shengjing360.com') ;
COMMIT;
INSERT INTO "User" ("Name","UserType","CreatedDatetime","UpdatedDatetime","Enabled")
                              VALUES ('663606924250863.htm',4,clock_timestamp(),clock_timestamp(),'t') ;
INSERT INTO "ZhilianUser" ("UserId","NickName","Type","Sex","City" ) VALUES(currval('"hero_reduce"."user_id_seq"'),'663606924250863.htm',0,'null','北京-朝阳区') ; INSERT INTO "JobPosition" ("UserId","Name","Address","Title","Salary","Description")
                          VALUES(currval('"hero_reduce"."user_id_seq"'),'663606924250863.htm','北京-朝阳区','证券分析/金融研究','4001-6000','(投递简历前，请确定您近期可以参加本公司面试，投递简历后经过筛选会有工作人员给您电话预约面试，请将电话保持开机状态)     金融市场是一个高挑战的行业，也是众所周知的高收入行业，最终资金的曲线，能否盈利，足以证明你的成就和能力。我们不看重与交易无关的因素。我们需要的是专业人才，或正在努力成为专业人才的人。如果你是，请联系我们，相信我们不会令你失望。    【岗位描述】 1、热爱金融行业，有强烈的意愿进入金融投资领域，渴望成为金融职场中的精英。 2、具有良好的自我学习能力与团队合作精神。 3、具有良好的职业操守，有强烈的责任感。 4、无论你之前从事什么行业、学历如何，在这个行业里只要你敢于挑战自我，勇于探索并发现自己的潜力，高收益不是梦想。 5、公司内部气氛融洽，共同发展，有灵活的晋体系和广阔的前景。 6、提供免费的专业岗前培训，为您提供广阔的职业发展机会。  【岗位职责】 1、负责公司指定客户账户或配资账户的资金运作。 2、 配合培训讲师完成新入公司员工的实盘交易辅导。 3、业不限，经济类、理工类专业优先。 4、人品端正，谦虚好学，自信果敢。 5、有很强的数据运算能力及宏观经济数据分析能力。 6、公司提供完善的免费提高培训。     底薪（3000）+高提成+五险+带薪培训+定期旅游、聚餐+年终奖+终身免费晋升培训，收入上不封顶  【福利待遇】 1、条件符合者，公司将统一安排专业职业技能培训； 2、签订全日制固定期限劳动合同、五险一金、底薪+奖金+补贴+绩效+团队业绩奖励；周末双休、法定节假日，圣诞、万圣、Bank Holiday休息 3、做五休二、OFFICE作息时间，无需加班； 4、正式员工享受带薪培训、带薪年假、定期体检，一年四次旅游，每月多聚餐游 5、完善成熟的晋升渠道，专业的职业生涯规划，助你成为金融行业精英     工作时间：朝九晚五  周一到周五   让我们一起成长，嘉城基业欢迎您的加入！！！                                                                                职位联系方式                                                       公司名称：嘉城基业投资咨询(北京)有限公司公司地址：北京市朝阳区朝外大街3号山水广场B座804室(地铁六号线东大桥A口出向西走200米) 联系人：张经理 联系电话：13366799894 公司主页：www.jiachengjiye.com                                                          查看职位地图') ;
COMMIT;
INSERT INTO "User" ("Name","UserType","CreatedDatetime","UpdatedDatetime","Enabled")
                              VALUES ('688547724250043.htm',4,clock_timestamp(),clock_timestamp(),'t') ;
INSERT INTO "ZhilianUser" ("UserId","NickName","Type","Sex","City" ) VALUES(currval('"hero_reduce"."user_id_seq"'),'688547724250043.htm',0,'null','北京-朝阳区') ; INSERT INTO "JobPosition" ("UserId","Name","Address","Title","Salary","Description")
                          VALUES(currval('"hero_reduce"."user_id_seq"'),'688547724250043.htm','北京-朝阳区','股票/期货操盘手','10001-15000','龙腾万泰是一家专注于为企业、机构、VIP客户提供理财投资服务的公司，为国内投资者提供金融讲座和投资咨询的企业。也是具有国家人力资源部和社会保障部联合授权《国家贵金属交易师》北京市招生培训资质的投资管理公司。 岗位描述： 1、热爱交易、对金融经济知识感兴趣,对金融市场有浓厚的兴趣，立志在金融领域长期发展并有一翻建树的有志之士。  2、具有良好的学习能力与团队精神，果断、自信、接受新鲜事物能力强。  3、敢于挑战自我，勇于凭自己的努力和本领获得高收益。 4、无论你之前从事什么行业、学历如何，在这个行业里只要你敢于挑战自我，勇于探索并发现自己的潜力，高收益不是梦想。 5、理想的工作环境且公司内部气氛融洽，有灵活的晋升体系和广阔的前景。 6、提供免费的专业岗前培训，为您提供绝佳的职业发展机会。 任职资格： 1、年龄20～50之间、性别不限  2、中专以上学历（包括中专学历）,培训期间有大量的空余时间，对金融知识感兴趣；  3、有很强的执行力和自制力，日常生活作息规律；  4、有较强的学习能力，对于新知识有较强的接受能力；  5、心理稳定，耐心细致，有责任心，具有保密意识； 6、对于基础薄弱或无经验者有专业的入职培训。（有交易经验者可直接联系面谈。 薪资待遇： 初级交易员：5500底薪 + 提成20% + 节假日福利 + 年终奖 中级交易员：10000底薪 + 提成30% + 五险一金 + 节假日福利 + 年终奖+五险一金 高级交易员：15000底薪 + 提成40% + 五险一金 + 节假日福利 + 年终奖+五险一金 （注 无需交易员外出寻找客户，只需操作公司账户即可） 你的人生起点并不重要，重要的是你最终抵达了哪里！                                                                           职位联系方式                                                       职位联系方式  公司名称：龙腾万泰(北京)国际资产管理有限公司公司地址：北京市朝阳区农展馆南路13号 联系人：吴先生电话：15321214843/18001398403                                                          查看职位地图') ;
COMMIT;
INSERT INTO "User" ("Name","UserType","CreatedDatetime","UpdatedDatetime","Enabled")
                              VALUES ('370535715250261.htm',4,clock_timestamp(),clock_timestamp(),'t') ;
INSERT INTO "ZhilianUser" ("UserId","NickName","Type","Sex","City" ) VALUES(currval('"hero_reduce"."user_id_seq"'),'370535715250261.htm',0,'null','北京') ; INSERT INTO "JobPosition" ("UserId","Name","Address","Title","Salary","Description")
                          VALUES(currval('"hero_reduce"."user_id_seq"'),'370535715250261.htm','北京','证券分析/金融研究','','岗位职责： 1、负责投资项目前期调研工作，对标的企业的经营情况、财务状况等进行评审，出具调研报告；2、按照公司要求，寻找、筛选、评估医疗健康、TMT行业投融资项目机会；3、对项目初期投资进行动态跟踪、数据收集、分析评价；4、尽职调查工作，准备相关尽职调查报告及投资分析报告。包括行业及市场分析、建立财务估值模型、财务预测、交易结构设计等，完成尽职调查报告、投资可行性分析报告等； 5、协助完成投资项目的沟通、协调与谈判。   岗位要求： 1、硕士及以上学历，财务、金融等相关专业毕业，有临床医学、制药、计算机、通信电子等复合型背景优先考虑；2、至少3年以上医疗健康、TMT行业股权投资相关工作经历，有项目投资运作经验并有项目成功实现退出（IPO或者并购）经验者优先考虑；3、能带领团队独立完成项目尽职调查，并撰写尽职调查报告及投资可行性分析报告；4、熟悉行业分析、企业融资及上市等相关专业知识，具备组织数据和撰写报告的基本能力；5、文字表达能力和财务分析能力俱佳；6、有职业道德、勤勉尽责、责任心强，学习能力强，有较强的沟通能力、协调能力和团队协作精神。                                                                           职位联系方式                                                       公司名称：久银投资基金管理(北京)有限公司 公司地址：北京市海淀区文慧桥金运大厦B座701室  传真：82273586 公司主页：www.eagle-fund.com                                                          查看职位地图') ;
COMMIT;
INSERT INTO "User" ("Name","UserType","CreatedDatetime","UpdatedDatetime","Enabled")
                              VALUES ('542839326250085.htm',4,clock_timestamp(),clock_timestamp(),'t') ;
INSERT INTO "ZhilianUser" ("UserId","NickName","Type","Sex","City" ) VALUES(currval('"hero_reduce"."user_id_seq"'),'542839326250085.htm',0,'null','北京-西城区') ; INSERT INTO "JobPosition" ("UserId","Name","Address","Title","Salary","Description")
                          VALUES(currval('"hero_reduce"."user_id_seq"'),'542839326250085.htm','北京-西城区','证券分析/金融研究','','岗位职责： 1、参与选题策划； 2、整理收集专业资料，形成脚本； 3、根据栏目或节目需求，完成撰稿、编辑工作； 4、根据既定策划方案，结合市场情况完成每期节目内容规划及主题选取，完成主持人口播稿文本。； 5、负责与嘉宾、主持人的日常沟通，以确保每期节目按时按策划思路进行录制。 任职要求： 1、具备良好的财经、经济学专业相关背景，有财经节目或金融行业工作经验者优先考虑； 2、具备良好的文字功底，财经选题组织、策划能力； 3、具有一定的新闻敏锐度、善于发现新闻以及资料整合能力； 4、具有较强的学习能力、创新能力、团队合作精神。                                                                           职位联系方式                                                       公司名称：证金(福建)贵金属投资有限公司北京分公司 公司地址：北京市宣武区宣武门外大街10号庄胜广场中央办公楼南翼11层 （100052）  传真： 公司主页：www.zhengjin99.com                                                          查看职位地图') ;
COMMIT;
INSERT INTO "User" ("Name","UserType","CreatedDatetime","UpdatedDatetime","Enabled")
                              VALUES ('480000926250739.htm',4,clock_timestamp(),clock_timestamp(),'t') ;
INSERT INTO "ZhilianUser" ("UserId","NickName","Type","Sex","City" ) VALUES(currval('"hero_reduce"."user_id_seq"'),'480000926250739.htm',0,'null','北京') ; INSERT INTO "JobPosition" ("UserId","Name","Address","Title","Salary","Description")
                          VALUES(currval('"hero_reduce"."user_id_seq"'),'480000926250739.htm','北京','证券分析/金融研究','','岗位职责：1.市场金融产品跟踪研究及产品筛选模型设计；2.优选财富管理产品开发与引入，包括但不限于P2P产品、信托产品、资管产品、阳光私募等； 3.对拟引入项目开展事前尽职调查、事中管理、事后维护，设计交易结构并进行产品对接谈判；4.遵照监管规则及内部风险控制流程开展产品风险监控及预警;5.公司产品推介资料的编写，进行产品培训和推介会宣讲。任职条件：1.全日制大学本科及以上学历，金融、经济、法律相关专业；2.金融行业3年以上工作经验，熟悉p2p、信托、银行理财、券商资管、基金等产品运作模式及相关法律法规对互联网金融产品有一定认知；3.具有较强的市场拓展能力、组织协调能力、沟通表达能力及谈判能力，有较好的团队意识和团队协作能力；身体健康，形象端正，良好的道德品质和职业操守；4.信托、资管、第三方财富管理机构复合工作经验者优先                                                                           职位联系方式                                                       公司名称：北京市西城区华金金融培训中心 公司地址：北京市西城区德外大街3号辽宁饭店写字楼三层  传真：010-84195815 公司主页：www.huajin100.com                                                          查看职位地图') ;
COMMIT;
INSERT INTO "User" ("Name","UserType","CreatedDatetime","UpdatedDatetime","Enabled")
                              VALUES ('688547724250044.htm',4,clock_timestamp(),clock_timestamp(),'t') ;
INSERT INTO "ZhilianUser" ("UserId","NickName","Type","Sex","City" ) VALUES(currval('"hero_reduce"."user_id_seq"'),'688547724250044.htm',0,'null','北京-朝阳区') ; INSERT INTO "JobPosition" ("UserId","Name","Address","Title","Salary","Description")
                          VALUES(currval('"hero_reduce"."user_id_seq"'),'688547724250044.htm','北京-朝阳区','股票/期货操盘手','10001-15000','龙腾万泰是一家专注于为企业、机构、VIP客户提供理财投资服务的公司，为国内投资者提供金融讲座和投资咨询的企业。也是具有国家人力资源部和社会保障部联合授权《国家贵金属交易师》北京市招生培训资质的投资管理公司。 岗位描述： 1、热爱交易、对金融经济知识感兴趣,对金融市场有浓厚的兴趣，立志在金融领域长期发展并有一翻建树的有志之士。  2、具有良好的学习能力与团队精神，果断、自信、接受新鲜事物能力强。  3、敢于挑战自我，勇于凭自己的努力和本领获得高收益。 4、无论你之前从事什么行业、学历如何，在这个行业里只要你敢于挑战自我，勇于探索并发现自己的潜力，高收益不是梦想。 5、理想的工作环境且公司内部气氛融洽，有灵活的晋升体系和广阔的前景。 6、提供免费的专业岗前培训，为您提供绝佳的职业发展机会。 任职资格： 1、年龄20～50之间、性别不限  2、中专以上学历（包括中专学历）,培训期间有大量的空余时间，对金融知识感兴趣；  3、有很强的执行力和自制力，日常生活作息规律；  4、有较强的学习能力，对于新知识有较强的接受能力；  5、心理稳定，耐心细致，有责任心，具有保密意识； 6、对于基础薄弱或无经验者有专业的入职培训。（有交易经验者可直接联系面谈。 薪资待遇： 初级交易员：5500底薪 + 提成20% + 节假日福利 + 年终奖 中级交易员：10000底薪 + 提成30% + 五险一金 + 节假日福利 + 年终奖+五险一金 高级交易员：15000底薪 + 提成40% + 五险一金 + 节假日福利 + 年终奖+五险一金 （注 无需交易员外出寻找客户，只需操作公司账户即可） 你的人生起点并不重要，重要的是你最终抵达了哪里！                                                                           职位联系方式                                                       职位联系方式  公司名称：龙腾万泰(北京)国际资产管理有限公司公司地址：北京市朝阳区农展馆南路13号 联系人：吴先生电话：15321214843/18001398403                                                          查看职位地图') ;
COMMIT;
INSERT INTO "User" ("Name","UserType","CreatedDatetime","UpdatedDatetime","Enabled")
                              VALUES ('649699228254146.htm',4,clock_timestamp(),clock_timestamp(),'t') ;
INSERT INTO "ZhilianUser" ("UserId","NickName","Type","Sex","City" ) VALUES(currval('"hero_reduce"."user_id_seq"'),'649699228254146.htm',0,'null','北京-东城区') ; INSERT INTO "JobPosition" ("UserId","Name","Address","Title","Salary","Description")
                          VALUES(currval('"hero_reduce"."user_id_seq"'),'649699228254146.htm','北京-东城区','证券分析/金融研究','10000-15000','【职位描述】交易——游走在投资与投机之间，徜徉于现实与理想之巅，融汇于艺术与技术之湾，它是人类社会对于资金和心理博弈的最直接体现，完美的展现了灵长类之魂创造与行动的宣言，是你实现人生理想的最后一环。你是否对交易存在浓厚兴趣呢？是否苦于徘徊在交易之河的彼岸而寻不见前路呢？现在机会来到了你的面前 -- 北京融控资本管理有限公司愿意提供免费的培训，带你横越财务自由的天堑，来到人生梦想的顶端。我们有专业的交易团队手把手带你走进交易市场。希望对金融行业有兴趣的你积极与我们电话或邮件联系，了解公司情况，招聘情况及与工作有关的相关问题。注   无需外出寻找客户，只需操作公司账户即可      【职位要求】 1、年龄20～50之间、性别不限 2、中专以上学历（包括中专学历）,培训期间有大量的空余时间，对金融知识感兴趣； 3、有很强的执行力和自制力，日常生活作息规律； 4、有较强的学习能力，对于新知识有较强的接受能力； 5、心理稳定，耐心细致，有责任心，具有保密意识；6、对于基础薄弱或无经验者有专业的入职培训。（有交易经验者可直接联系面谈）      【岗位职责】1、正式成为公司的员工之后，负责公司指定账户的资金运作，在稳定盈利的基础之上会逐步增加操作资金。2、以稳定且合理的交易方式为前提，及时交易，每月完成公司规定的盈利目标，并在此基础上创造更多的盈利，以求盈利的最大化。3、定期上交交易报告，报告时间每月一次。     【薪酬待遇】理财规划师：10000底薪  + 提成30% + 五险一金 + 节假日福利 + 年终奖资深理财规划师：15000底薪 + 提成40% + 五险一金 + 节假日福利 + 年终奖 联系人：莫经理    联系电话：13501391731 简历投递邮箱 ahr@rongkongziben.com    【注】 1、请各位求职者仔细、详细的阅读您投递的职位要求，公司将统一进行审核、通知，谢绝重复投递和未经预约的来访。2、录用人员，公司将统一、全面的给予员工提供为期10天的、免费的、专业的、系统的岗前培训，培训时间（9：30--17:00）(周六、日休息)。                                                                              3、公司将全资为盘手提供资金支持，承担风险，同时也将为盘手提供明亮、优雅、舒适的工作环境，提升您的交易心情。节假日公司会不定期 的组织外出活动及娱乐活动（费用公司全报销）培训期间公司会组织模拟比赛，在模拟练习期间为做的成绩优秀的学生给予物质奖励。4、只需操作公司账户，无需外出寻找客户。                                                                            职位联系方式                                                      公司名称：融控(北京)资本管理有限公司公司地址：北京市东城区建国门南大街7号万豪国际中心写字楼A座9层910号 公司网站：www.rongkongziben.com                                                          查看职位地图') ;
COMMIT;
INSERT INTO "User" ("Name","UserType","CreatedDatetime","UpdatedDatetime","Enabled")
                              VALUES ('615221324265031.htm',4,clock_timestamp(),clock_timestamp(),'t') ;
INSERT INTO "ZhilianUser" ("UserId","NickName","Type","Sex","City" ) VALUES(currval('"hero_reduce"."user_id_seq"'),'615221324265031.htm',0,'null','北京') ; INSERT INTO "JobPosition" ("UserId","Name","Address","Title","Salary","Description")
                          VALUES(currval('"hero_reduce"."user_id_seq"'),'615221324265031.htm','北京','证券分析/金融研究','8001-10000','薪酬待遇: 初级交易员：基本工资5000元+ 岗位补贴 600+ 提成20% + 年终奖 +五险（月收入大约10000--15000)中级交易员：基本工资10000元 + 岗位补贴600 + 提成30% + 年终奖 +五险（月收入大约15000-25000）高级交易员：基本工资15000元 + 岗位补贴600 + 提成50% + 年终奖+五险（月收入大约25000--45000）   培养方式 对于没有交易经验零基础学员，却对金融衍生品操作职位有兴趣者。公司愿意提供免费的培训。有专业的交易团队手把手带你走进交易市场。我们的培训交易团队有绝对的信心让你在培训期后，有自己的交易系统与理论，让你找到自己在交易市场的立足点，为公司和你个人创造更大的利益。   任职要求： 1、中专以上学历,金融专业优先，培训期间有大量的空余时间；2、热爱交易、对金融经济知识感兴趣；3、有很强的执行力，自制力强；日常生活有规律、有计划；4、有较强的学习能力，新知识的接受能力；5、抗压能力；6、耐心细致，有责任心，具有保密意识；7、对于基础薄弱或者无经验者有专业的入职培训。8、公司提供良好的晋升机制； 9.年龄在20--68周岁均可；  ​ 职位描述： 一、初级操盘手 1、无风险操作公司提供的资金帐户 2、把握市场机会，及时交易，确保账户达到稳定盈利，尽可能的达到利益最大化。   二、中级操盘手 1、无风险操作公司提供的资金帐户 2、有很强的分析能力，擅长并酷爱交易工作。 3、具有丰富的市场分析能力，做出每日交易计划，熟练掌握各种分析工具。 4、把握市场机会，及时交易，确保账户达到稳定盈利，尽可能的达到利益最大化。成为业内精英人才。   三、高级操盘手 1、负责公司指定大资金账户的无风险操作。 2、有很强的数据运算能力及宏观经济数据分析能力。  3、交易风格多样化，能承受较强的心理压力，能独立完成大资金账户操作，有稳定盈利交易记录者优先； 4、热衷于金融行业，关注全球金融走势，有交易的最新理念保持一致水准并有较高实操经验人士优先   职位优势:  本职位无工作时间、地点限制,能做网上交易即可，可在家操盘。灵活的晋升体系和广阔的发展空间，可兼职。   联系电话：15810986897 联系  人：毛经理 咨询 qq: 349719370                                                                              职位联系方式                                                       公司名称：北京盛业永信资产管理有限公司   公司地址：北京市朝阳区朝外大街乙6号朝外SOHOA座2502室    联系人：毛经理   联系电话：15810986897   咨询QQ：349719370（注明应聘咨询）') ;
COMMIT;
INSERT INTO "User" ("Name","UserType","CreatedDatetime","UpdatedDatetime","Enabled")
                              VALUES ('553909420261278.htm',4,clock_timestamp(),clock_timestamp(),'t') ;
INSERT INTO "ZhilianUser" ("UserId","NickName","Type","Sex","City" ) VALUES(currval('"hero_reduce"."user_id_seq"'),'553909420261278.htm',0,'null','北京-朝阳区') ; INSERT INTO "JobPosition" ("UserId","Name","Address","Title","Salary","Description")
                          VALUES(currval('"hero_reduce"."user_id_seq"'),'553909420261278.htm','北京-朝阳区','证券分析/金融研究','8001-10000','乔治.索罗斯说:“你可以生于贫穷,但绝不能死于贫穷”基于其本人当初明智的职业选择，完成了他的财富梦想！也正是因为其1992年对英镑的一笔狙击，获利30多亿美金，一跃成为当年华尔街首富！这就是操盘手创造的财富传奇！其实操盘手的工作很简单！！！一台接入互联网的电脑，一张书桌，一把椅子！设想一下这样的场景：1、 任何时候，当你有想赚钱的想法时；2、 打开电脑，确认互联网接入服务正常；3、 打开交易程序，进入交易平台界面；4、 交易；5、 “捡钱”，放进口袋！怎么样，是不是很简单？没错，赚钱就这么容易！这就是操盘手职业的魅力所在！因公司规模扩大，现招聘培养操盘手：职位要求：热爱金融行业，有财富自由、财务自主的愿望。积极乐观、诚实自信。面试通过者接受免费统一的专业培训和导师一对一的针对指导。薪酬待遇: 初级操盘手：基本工资5500元 + 岗位补贴 + 提成 + 年终奖 中级操盘手：基本工资10000元 + 岗位补贴 + 提成 + 年终奖 + 五险一金 高级操盘手：基本工资15000元 + 岗位补贴 + 提成 + 年终奖 + 五险一金 .职位描述：一、初级操盘手1、无风险操作公司提供的资金帐户2、把握市场机会，及时交易，确保账户达到稳定盈利，尽可能的达到利益最大化。二、中级操盘手1、无风险操作公司提供的资金帐户2、有很强的分析能力，擅长并酷爱交易工作。3、具有丰富的市场分析能力，做出每日交易计划，熟练掌握各种分析工具。4、把握市场机会，及时交易，确保账户达到稳定盈利，尽可能的达到利益最大化。成为业内精英人才.三、高级操盘手1、负责公司指定大资金账户的无风险操作。2、有很强的数据运算能力及宏观经济数据分析能力。 3、交易风格多样化，能承受较强的心理压力，能独立完成大资金账户操作，有稳定盈利交易记 录者优先；4、热衷于金融行业，关注全球金融走势，有交易的最新理念保持一致水准并有较高实操经验人士优先 职位优势: 本职位无工作时间、地点限制,能做网上交易即可，可在家操盘。灵活的晋升体系和广阔的发展空间，可兼职。晋升空间：免费培训—评估—初级操盘手—中级操盘手—高级操盘手—交易经理—交易总监如果您想尝试更回报的行业，体现您的能力，可以投递简历，我们的HR收到您的简历会及时回复联系您。操盘手、交易员的职位可实习，可兼职，工作时间地点随意。不需要外出寻找客户，安心的通过您自主的分析进行交易买卖即可。欢迎有识之士加入公司，共创辉煌。职位联系方式公司名称：北京巨源时代投资管理有限公司公司地址：北京市朝阳区国贸建外soho东区B座806联 系 人： 莫经理  13910170543                                                                           职位联系方式                                                      职位联系方式公司名称：北京巨源时代投资管理有限公司公司地址：北京市朝阳区国贸建外soho东区B座806联 系 人： 莫经理 13910170543') ;
COMMIT;
INSERT INTO "User" ("Name","UserType","CreatedDatetime","UpdatedDatetime","Enabled")
                              VALUES ('617435629250179.htm',4,clock_timestamp(),clock_timestamp(),'t') ;
INSERT INTO "ZhilianUser" ("UserId","NickName","Type","Sex","City" ) VALUES(currval('"hero_reduce"."user_id_seq"'),'617435629250179.htm',0,'null','北京-东城区') ; INSERT INTO "JobPosition" ("UserId","Name","Address","Title","Salary","Description")
                          VALUES(currval('"hero_reduce"."user_id_seq"'),'617435629250179.htm','北京-东城区','股票/期货操盘手','6001-8000','岗位描述： 1:对金融行业和理财投资有浓厚的兴趣及意愿，致力于把金融行业作为事业发展方向；渴望成为金融职场中的精英一族。 2:人品端正，谦虚好学，自信果敢，有较强的学历能力，具有团队合作精神。 3:有较强的分析能力、风险控制能力、思路清晰、心态端正、擅于把握市场机会，及时完成交易确保账户利益最大化。 4:公司内部气氛融洽，共同发展，有灵活的晋升体系和广阔的前景。  述职要求： 1、大专以上学历,金融专业优先，培训期间有大量的空余时间； 2、热爱交易、对金融经济知识感兴趣； 3、有很强的执行力，自制力强；日常生活有规律、有计划； 4、有较强的学习能力，新知识的接受能力； 5、抗压能力； 6、耐心细致，有责任心，具有保密意识； 7、对于基础薄弱或者无经验者有专业的入职培训。    待遇:  1、6000-8000 + 五险一金+手数返佣 月薪可达到15000以上 2、公司提供五险一金，享受国家法定节假日； 3、公司定期员工野外拓展活动； 4、公开透明的晋升机制，给您提供一个广阔的平台。  作息时间：周一至周五9点----12点；13点----晚17；享受国家法定节假日；                                                                            职位联系方式                                                      公司名称：北京高联投资有限公司公司地址：东城区东直门天恒大厦A座F层联系电话：010-84608830在线QQ：1256414677中国公司官网:www.gltz9.com新西兰公司官网：www.rgmfx.com                                                          查看职位地图') ;
COMMIT;
INSERT INTO "User" ("Name","UserType","CreatedDatetime","UpdatedDatetime","Enabled")
                              VALUES ('135038057250635.htm',4,clock_timestamp(),clock_timestamp(),'t') ;
INSERT INTO "ZhilianUser" ("UserId","NickName","Type","Sex","City" ) VALUES(currval('"hero_reduce"."user_id_seq"'),'135038057250635.htm',0,'null','北京-朝阳区') ; INSERT INTO "JobPosition" ("UserId","Name","Address","Title","Salary","Description")
                          VALUES(currval('"hero_reduce"."user_id_seq"'),'135038057250635.htm','北京-朝阳区','证券分析/金融研究','6001-8000','致求职者的话： 首先要恭喜您在打开此页面的同时，您内心的睿智选择已经引领您向金融领域中的高收入职业迈出了幸运并且前景无限的第一步。如果您有意加入到我们操盘手的交易团队当中，公司的交易团队和讲师会引导您坚实而踏实的走好日后职业发展的每一步。请您在相信您自己内心选择的基础上相信公司的团队，认真努力的和我们一路走下去，未来三到五年内在北京相对中心的位置拥有一套属于自己的安身立命之所，绝不是太难的事情。相信您自己的选择，更要相信您自身的能力，加入到我们阳光的交易团队当中，为您今后梦想与人生的启航做好坚实的经济铺垫。   乔治.索罗斯说：“你可以生于贫穷，但绝不能死于贫穷”祝贺所有关心金融市场的投资者，因为你们拥有一个不同于过去的投资时代！   工作内容1.接受公司培训（带薪）。（有经验者可不接受培训，详情面谈。）2.部分初级交易员需要参加交易员晋级培训。每月一次。3.高执行力：关注每次交易系统给出的进场，出场信号，并按照信号指示进行建仓，平仓操作。（交易系统会在培训期间给予指导。）4、严格执行公司各项制度，，并定期整理交易数据，向上级领导账户分析结果；5、按照部门主管的要求进行技术和基本面规律的分析，进行数据的搜集或整理；6、配合其他部门有关工作；7、遵守公司的各项管理制度，承办领导交办的其他工作。素质要求：1、大专以上学历,金融专业优先，培训期间有大量的空余时间；2、热爱交易、对金融经济知识感兴趣；3、有很强的执行力，自制力强；日常生活有规律、有计划；4、有较强的学习能力，新知识的接受能力；5、抗压能力；6、耐心细致，有责任心，具有保密意识；7、对于基础薄弱或者无经验者有专业的入职培训。8、公司提供良好的晋升机制：薪资待遇： 初级薪资待遇：5000底薪 +  提成20%--40%  +  五险一金 + 节假日福利 + 季度奖  月薪可达7000元以上中级薪资待遇：10000底薪 + 提成20%--40% +  五险一金 +  节假日福利 + 季度奖   月薪可达15000元以上高级薪资待遇：15000底薪 + 提成20%--40% +  五险一金 +  节假日福利 + 季度奖   月薪达2-3万元以上 职位要求：年龄：20岁-50岁之间。学历：大专以上（包括大专），有交易经验者面谈。其它素质： 1.对于金融行业有极高的兴趣。2.性格沉稳，情绪不易产生较大波动。3.有极强的时间观念。（交易员的工作性质对于时间和空间上没有要求，相对自由，需要自我约束。）4.对资金流动有较强的驾驭能力。5.能够尽量客观的看待事物的发展。 面试要求： 不提供视频或者电话面试，只能到北京参加一对一面试，无复试，无笔试，不能来北京者请勿投递，面试通过后培训可做延期。实习员工： 前期培训期视为实习，实习期满可成为公司正式员工，可开实习证明，培训期为连续十个工作日，周末双休，每日培训时间：早晨9:30至下午3:30。公司在培训期提供每日餐补及路费补助，并在第一个月的薪资里统一发放。其他福利：五险一金 季度奖+年终奖  带薪免费旅游   公司对于没有交易经验，却对金融衍生品操作有兴趣者，提供正规统一的免费培训。有专业的交易团队手把手带你走进交易市场。我们的交易团队有绝对的信心让你在培训期后，有属于自己的交易系统与理念，让你找到自己在交易市场的立足点。成为我公司的优秀员工，对于成绩优秀学员公司提供交易账户帮助学员完成自我晋升。希望对金融行业有兴趣的应聘者积极与我们联系，了解公司情况，招聘情况及与工作相关的问题。公司承诺将对每位学员认真负责，最大限度发掘每一位学员的交易潜力。      联系电话：010-57349909  15811512051公司地址：北京市朝阳区时间国际大厦A座2601室公司名称：深圳市龙阳商务咨询有限公司北京第一分公司                                                                           职位联系方式                                                        人事经理：陈经理公司网址：http://www.bj-lyjt.com 联系电话：010-57349909  13366412049公司地址：北京市朝阳区时间国际大厦A座2601室公司名称：深圳市龙阳商务咨询有限公司北京第一分公司  各求职者请注意可把简历发至公司                                                           查看职位地图') ;
COMMIT;
INSERT INTO "User" ("Name","UserType","CreatedDatetime","UpdatedDatetime","Enabled")
                              VALUES ('290447816250026.htm',4,clock_timestamp(),clock_timestamp(),'t') ;
INSERT INTO "ZhilianUser" ("UserId","NickName","Type","Sex","City" ) VALUES(currval('"hero_reduce"."user_id_seq"'),'290447816250026.htm',0,'null','北京-西城区') ; INSERT INTO "JobPosition" ("UserId","Name","Address","Title","Salary","Description")
                          VALUES(currval('"hero_reduce"."user_id_seq"'),'290447816250026.htm','北京-西城区','证券分析/金融研究','','A股研究员1名（生物医疗）   岗位职责： 1、对所负责的行业进行深入研究，为资产行业配置提出建议； 2、对上市公司进行调研，撰写调研报告，提交公司投资研究联席会议讨论； 3、与证券公司研发部门和专业研究所保持密切联系，充分利用外部研究成果，获取对投资管理有价值的信息 4、投资总监及研究总监布置的其他任务。   任职要求： 1、 重点院校本科及以上学历； 2、 具备生物医疗行业相关专业背景或相关工作经验者优先；有海外市场研究经验者优先。 3、 具备较强的信息搜集能力、逻辑推理能力和财务分析能力； 4、 有良好的人际沟通和书面表达能力，英语好； 5、 性格严谨自律，能承受较大的工作压力。                                                                           职位联系方式                                                       公司名称：天津远策投资管理有限公司北京咨询分公司 公司地址：北京市西城区西直门外大街18号 金贸大厦A座2219  100044  传真： 公司主页：www.yuancefund.com                                                          查看职位地图') ;
COMMIT;
INSERT INTO "User" ("Name","UserType","CreatedDatetime","UpdatedDatetime","Enabled")
                              VALUES ('55004532290251743000.htm',4,clock_timestamp(),clock_timestamp(),'t') ;
INSERT INTO "ZhilianUser" ("UserId","NickName","Type","Sex","City" ) VALUES(currval('"hero_reduce"."user_id_seq"'),'55004532290251743000.htm',0,'null','北京-朝阳区') ; INSERT INTO "JobPosition" ("UserId","Name","Address","Title","Salary","Description")
                          VALUES(currval('"hero_reduce"."user_id_seq"'),'55004532290251743000.htm','北京-朝阳区','证券分析/金融研究','8001-10000','岗位职责： 1. 为公司的账户进行交易盈利； 2、每个月进行交易总结，即时准确汇报公司各项账户信息；3、时刻关注公司账户操作品种的价格变动和相关重要资讯；4、严格执行公司各项制度，，并定期整理交易数据，向上级领导账户分析结果；5、按照部门主管的要求进行技术和基本面规律的分析，进行数据的搜集或整理；6、配合其他部门有关工作；7、遵守公司的各项管理制度，承办领导交办的任务 任职资格： 无经验者，入职前接受公司专业岗前培训 1.中专及以上学历,金融专业优先2热爱交易、对金融经济知识感兴趣；3.有很强的执行力，自制力强；日常生活有规律、有计划；4.有较强的学习能力，新知识的接受能力；5.有较强的抗压能力；6.耐心细致，有责任心，具有保密意识； 工作时间： AM: 9:30  -- 12:00 PM: 13:30-- 17:50 薪资待遇与员工福利福利： 初级交易员：5000底薪 + 盈利提成20%  + 年终奖 中级交易员：10000底薪+ 提成30%+五险一金+年终奖  高级交易员：15000底薪+ 提成40%+五险一金+年终奖   1、面试通过者,公司给予员工为期10个工作日、免费的、专业的、系统的岗前培训，培训时间（9：30--15:00）周六、日休息。正式入职后，培训薪资计入首月工资。2.公司将全资为盘手提供资金支持（无需交付任何保证金），承担风险，同时也将为盘手提供明亮、优雅、舒适的工作环境，让您更快乐的工作。 对于没有任何金融从业经验的人员，在入职以后公司会有专业的岗前培训，以及会有前辈手把手教你如何熟悉工作。 希望对金融行业有兴趣的应聘者积极与我们的HR联系，了解公司情况，招聘情况及与工作有关的相关问题                                                                             职位联系方式                                                        公司名称：深圳市龙阳商务咨询有限公司北京第一分公司 公司地址：北京市朝阳区时间国际A座2601、2609室 公司主页：http://www.bj-lyjt.com 人事部电话：18210369802') ;
COMMIT;
INSERT INTO "User" ("Name","UserType","CreatedDatetime","UpdatedDatetime","Enabled")
                              VALUES ('649699228254148.htm',4,clock_timestamp(),clock_timestamp(),'t') ;
INSERT INTO "ZhilianUser" ("UserId","NickName","Type","Sex","City" ) VALUES(currval('"hero_reduce"."user_id_seq"'),'649699228254148.htm',0,'null','北京-东城区') ; INSERT INTO "JobPosition" ("UserId","Name","Address","Title","Salary","Description")
                          VALUES(currval('"hero_reduce"."user_id_seq"'),'649699228254148.htm','北京-东城区','证券分析/金融研究','6001-8000','乔治.索罗斯说：“你可以生于贫穷，但绝不能死于贫穷”祝贺所有关心金融市场的投资者，因为你们拥有一个不同于过去的投资时代！在这个世界上，有一群人，他们靠思考，靠信息，靠一个机会就获得终身的财富自由。他们相信：任何的财富，任何的创造，任何的奇迹都起源于一个观念，他们相信好的观念才能带来财富，财富的自由流动才能带来更大的财富。他们相信，唯有让财富进入互助圈，开始涌流，才能带来更加丰饶的财富。他们不用很努力，不用很辛苦，不用特别勤劳，关键是要懂得世界上最伟大的财富增长法则，那就是以互助的，多赢的，游戏的心态让财富流动，财富才会s裂变般的巨增，这就是交易员。【任职要求】1、热爱金融行业，有强烈的意愿进入金融投资领域，渴望成为金融职场中的精英一族；2、具有良好的自我学习能力与团队合作精神；3、具有良好的职业操守，有强烈的责任感；4、敢于挑战自我，勇于凭自己的努力和本领获得高收益。 【工作内容】1、为公司的账户进行交易盈利；2、每个月进行交易总结，即时准确汇报公司各项账户信息；3、时刻关注公司账户操作品种的价格变动和相关重要资讯；4、严格执行公司各项制度，并定期整理交易数据，向上级领导账户分析结果；5、按照部门主管的要求进行技术和基本面规律的分析，进行数据的搜集或整理；6、配合其他部门有关工作；7、遵守公司的各项管理制度，承办领导交办的其他工作。 【素质要求】1、大专以上学历,金融专业，培训期间有大量的空余时间；2、热爱交易、对金融经济知识感兴趣；3、有很强的执行力，自制力强；日常生活有规律、有计划；4、有较强的学习能力，新知识的接受能力；5、抗压能力；6、耐心细致，有责任心，具有保密意识；7、对于基础薄弱或者无经验者有专业的入职培训。8、公司提供良好的晋升机制，表现优异者每三个月进行登记评定。 【职位待遇】初级交易员：5000 底薪 + 提成20% + 节假日福利 + 年终奖中级交易员：10000底薪+ 提成30%+五险一金+节假日福利+年终奖高级交易员：15000底薪+ 提成50%+五险一金+节假日福利+年终奖加入盛业永信的五大理由:    1、你将掌握最专业的投资理念，扩充你的知识体系，提升你的个人综合能力，你的世界因你而不同；    2、你将拥有高效的、超强的沟通能力，尽显你的语言魅力；    3、你将提升你人脉圈的层次和质量，拓宽自己的眼界和格局；    4、We are one!年轻而富有朝气的团队，完善而优厚的福利待遇，在快乐工作的同时结识更多与你志同道合并肩作战的小伙伴！    5、当这一切都拥有时，你会感谢如此拼搏的自己-----你的月薪=别人的年薪联系人：莫经理联系电话：                                                                            职位联系方式                                                      公司名称：融控(北京)资本管理有限公司公司地址：北京东城建国门南大街7号万豪国际中心9层910号联系人：莫经理联系电话：') ;
COMMIT;
INSERT INTO "User" ("Name","UserType","CreatedDatetime","UpdatedDatetime","Enabled")
                              VALUES ('290447816250027.htm',4,clock_timestamp(),clock_timestamp(),'t') ;
INSERT INTO "ZhilianUser" ("UserId","NickName","Type","Sex","City" ) VALUES(currval('"hero_reduce"."user_id_seq"'),'290447816250027.htm',0,'null','北京-西城区') ; INSERT INTO "JobPosition" ("UserId","Name","Address","Title","Salary","Description")
                          VALUES(currval('"hero_reduce"."user_id_seq"'),'290447816250027.htm','北京-西城区','证券分析/金融研究','','一、行业研究员1名（医药）   岗位职责： 1、对所负责的行业进行深入研究，为资产行业配置提出建议； 2、对上市公司进行调研，撰写调研报告，提交公司投资研究联席会议讨论； 3、与证券公司研发部门和专业研究所保持密切联系，充分利用外部研究成果，获取对投资管理有价值的信息 4、投资总监及研究总监布置的其他任务。   任职要求： 1、 重点院校本科及以上学历； 2、 具备医药行业相关专业背景或相关工作经验者优先； 3、 具备较强的信息搜集能力、逻辑推理能力和财务分析能力； 4、 有良好的人际沟通和书面表达能力； 5、 性格严谨自律，能承受较大的工作压力。                                                                           职位联系方式                                                       公司名称：天津远策投资管理有限公司北京咨询分公司 公司地址：北京市西城区西直门外大街18号 金贸大厦A座2219  100044  传真： 公司主页：www.yuancefund.com                                                          查看职位地图') ;
COMMIT;
INSERT INTO "User" ("Name","UserType","CreatedDatetime","UpdatedDatetime","Enabled")
                              VALUES ('540736422252730.htm',4,clock_timestamp(),clock_timestamp(),'t') ;
INSERT INTO "ZhilianUser" ("UserId","NickName","Type","Sex","City" ) VALUES(currval('"hero_reduce"."user_id_seq"'),'540736422252730.htm',0,'null','北京-朝阳区') ; INSERT INTO "JobPosition" ("UserId","Name","Address","Title","Salary","Description")
                          VALUES(currval('"hero_reduce"."user_id_seq"'),'540736422252730.htm','北京-朝阳区','证券分析/金融研究','2001-4000','职业描述： 1：负责公司指定客户账户或公司账户的资金运作； 2：把握市场机会，严格风控，使账户达到稳定盈利； 3：分析国际现货黄金、外汇市场走势，进行操作； 4：高效完成部门经理交给的各种工作计划和任务。 职业要求： 1：热爱金融行业，在金融行业有长期发展意愿； 2：有较强的学习能力、分析能力、风险控制能力； 3：年龄20-28之间，大专以上学历，有经验者优先； 4：成绩优秀的将正式成为公司的分析师或者团队经理； 5：交易是一项很刺激金钱游戏，有强烈的意愿进入金融投资领域，渴望成为金融精英； 6：对金融市场有浓厚的兴趣，应届毕业生优先考虑。 福利待遇： 1：底薪+提成+专业实盘讲师培训+晋升机会+社保； 2：交易手法和操作系统稳定后工作时间可以灵活； 3：完善和持续的晋升培训机制，丰富多彩的员工活动、国内外旅行奖励； 4：上班时间：早10:00~晚5：00，周六日双休，法定节假日休息。 5：实习生一周最少上岗4天，公司提供实习证明。 注：简历请勿重复投递，否则不给予面试机会，谢谢合作。                                                                           职位联系方式                                                      公司名称：北京鑫达博裕投资咨询有限公司面试经理：林经理 联系方式 TEL. 010-57260653 15311641832 QQ ： 422603136面试地址：北京市朝阳区东大桥路8号尚都国际中心1505乘车路线：地铁6号线东大桥A口出南行，过十字路口100米。或地铁1号线永安里站B口出北行，公交车126、120、403、43、28路芳草地站下，两站地公司网址：www.xindaboyu.com') ;
COMMIT;
INSERT INTO "User" ("Name","UserType","CreatedDatetime","UpdatedDatetime","Enabled")
                              VALUES ('369050315252619.htm',4,clock_timestamp(),clock_timestamp(),'t') ;
INSERT INTO "ZhilianUser" ("UserId","NickName","Type","Sex","City" ) VALUES(currval('"hero_reduce"."user_id_seq"'),'369050315252619.htm',0,'null','北京-朝阳区') ; INSERT INTO "JobPosition" ("UserId","Name","Address","Title","Salary","Description")
                          VALUES(currval('"hero_reduce"."user_id_seq"'),'369050315252619.htm','北京-朝阳区','股票/期货操盘手','5000-15000','龙阳集团 北京投资第一分公司   因公司发展要求，现招聘培养交易员、操盘手     任职要求： 1、热爱金融行业有意在金融交易行业崭露头角，有远大抱负，想成为优秀的交易员。2、品格端正，具备执行力强、勇敢、果断、冷静等特点。3、公司氛围融洽，自由的岗位，轻松的挣钱，团结一心，共同发展，且有灵活的晋升体系和广阔的前景。 工作内容：工作自由:全球24小时均可交易，工作时间和地点自己选择。 工作职责:耐心等待属于自己的交易信号，严格按照交易流程执行操作。    1、资金均由公司提供，不需承担风险。 录用人员，公司将统一、全面的给予员工提供免费的、专业的、系统的岗前带薪培训，培训时间（9：30--16:00）周六、日休息。2、公司将全资提供资金支持，交易员所使用交易账户也是公司提供。 注：龙阳集团公司 郑重声明:面试不收取任何费用。正式入职后，培训补助计入首月工资。   薪资待遇：一、初级：底薪5000  + 五险一金+20%提成+福利（收入一般在6000-7000）二、中级：底薪10000 + 五险一金+30%提成+福利（收入一般在12000-15000）三、高级：底薪15000 + 五险一金+40%提成+福利（收入一般在18000-20000） 提成方案： 底薪 + 提成+福利，无封顶。想了解公司更多信息，请与我们HR联系或将您的简历投递到网站，公司期待您的加入。     职位联系方式：公司名称：深圳市龙阳商务咨询有限公司北京第一分公司公司地址：北京市朝阳区三元桥时间国际A座2601室（三元桥10号线地铁直达D口出）联系经理：金经理联系电话：010-57283204 18210662298联系QQ:114342060公司网站：www.bj-lyjt.com简历邮箱：kimhr@bj-lyjt.com                                                                           职位联系方式                                                      职位联系方式：公司名称：深圳市龙阳商务咨询有限公司北京第一分公司公司地址：北京市朝阳区三元桥时间国际A座2601室（三元桥10号线地铁直达D口出）联系经理：金经理联系电话：010-57283204 18210662298联系QQ:114342060公司网站：www.bj-lyjt.com简历                                                          查看职位地图') ;
COMMIT;
INSERT INTO "User" ("Name","UserType","CreatedDatetime","UpdatedDatetime","Enabled")
                              VALUES ('642956226250005.htm',4,clock_timestamp(),clock_timestamp(),'t') ;
INSERT INTO "ZhilianUser" ("UserId","NickName","Type","Sex","City" ) VALUES(currval('"hero_reduce"."user_id_seq"'),'642956226250005.htm',0,'null','北京-西城区') ; INSERT INTO "JobPosition" ("UserId","Name","Address","Title","Salary","Description")
                          VALUES(currval('"hero_reduce"."user_id_seq"'),'642956226250005.htm','北京-西城区','证券分析/金融研究','8001-10000','职业描述:1、具有较强的工作责任心及团队合作精神;2、对金融行业及金融衍生品市场有深入的了解和研究。(有双边市场交易经验和成熟交易系统者优先);3、具备较强的实战交易能力,做到资金稳定增值。(交易经验2年以上,有半年以上8%的盈利者优先。);4、具备较强的教学讲授能力及制作交易系统训练课程能力;5、具备一定的理财规划能力,及风险控制能力。就业方向:带客操盘，提供咨询分析服务，开发及授讲职业操盘手实战课程  长澄国际投资管理（北京）有限公司 公司地址：北京市西城区南礼士路66号建威大厦15层1503-1505室 乘车路线：地铁一号线南礼士路站B口出右转50米即到。 联 系 人：邵经理   联系电话：13691030568咨 询Q Q：326676233（注明应聘咨询）                                                                           职位联系方式                                                       长澄国际投资管理（北京）有限公司 公司地址：北京市西城区南礼士路66号建威大厦15层1503-1505室 乘车路线：地铁一号线南礼士路站B口出右转50米即到。 联 系 人：邵经理 联系电话：13691030568 咨 询Q Q：326676233（注明应聘咨询）') ;
COMMIT;
INSERT INTO "User" ("Name","UserType","CreatedDatetime","UpdatedDatetime","Enabled")
                              VALUES ('656832827250014.htm',4,clock_timestamp(),clock_timestamp(),'t') ;
INSERT INTO "ZhilianUser" ("UserId","NickName","Type","Sex","City" ) VALUES(currval('"hero_reduce"."user_id_seq"'),'656832827250014.htm',0,'null','北京-朝阳区') ; INSERT INTO "JobPosition" ("UserId","Name","Address","Title","Salary","Description")
                          VALUES(currval('"hero_reduce"."user_id_seq"'),'656832827250014.htm','北京-朝阳区','证券分析/金融研究','','岗位职责： 1． 进行黄金白银等贵金属市场研究，撰写相关分析研究报告； 2． 为公司提供内部贵金属投资知识培训和会议营销投资讲座； 3． 为公司重要客户提供理财咨询，制定合理的投资计划； 4． 编写公司黄金白银等贵金属信息评论等咨询工作； 任职资格： 1． 本科及以上学历，金融、经济学、金融数学或统计学等相关专业； 2． 三年以上黄金白银等贵金属研究与分析工作经验； 3． 熟悉金融学、经济与金融数据统计原理； 4．具有清晰的逻辑思维能力，良好的中英文读写能力，语言表达能力及语言组织能力强； 5． 具有三年以上实盘操作经验，并且能够提供实盘交易记录；  基础福利： 1、 养老、医疗、失业、工伤、生育五项社会 2、 完善的假期：年假、婚假、产假、丧假等3、 培训支持：包括公司和自行参加部分 用人准则：重才，惜才，育才，以人为本，视人才为企业最宝贵的财富。人力资源指导思想：1、灵活的人才机制，为员工的发展提供广阔的平台； 2、重视培养与培训，重视人才成长及人性化关怀，优先选拔内部人才； 3、优厚的薪资待遇及完善的福利体系，为人才提供保障；4、完善的规章制度，明确的职责与绩效考核标准。企业愿景：成为国内贵金属交易服务商中的No.1！企业经营理念：勤奋、诚信、专业、创新。                                                                           职位联系方式                                                       公司名称：国金汇银(北京)贵金属经营有限公司公司地址：北京市朝阳区光华路7号汉威大厦东区23层电    话：010-57112146公司主页：www.guojinhuiyin.com                                                          查看职位地图') ;
COMMIT;
INSERT INTO "User" ("Name","UserType","CreatedDatetime","UpdatedDatetime","Enabled")
                              VALUES ('589989324251847.htm',4,clock_timestamp(),clock_timestamp(),'t') ;
INSERT INTO "ZhilianUser" ("UserId","NickName","Type","Sex","City" ) VALUES(currval('"hero_reduce"."user_id_seq"'),'589989324251847.htm',0,'null','北京-朝阳区') ; INSERT INTO "JobPosition" ("UserId","Name","Address","Title","Salary","Description")
                          VALUES(currval('"hero_reduce"."user_id_seq"'),'589989324251847.htm','北京-朝阳区','股票/期货操盘手','5000-15000','职位描述：  操盘手就是在金融市场做投机，低买高卖赚取金融产品差价。投机一词在中国人眼里是贬义词，及投机倒把或者投机取巧，其实投机词是中性词，真正的含义是利用智慧来赚钱。金融市场的投机是这样的：公众们都认为投机是一种预知未来，去知晓那些无法知晓的游戏。他们错了，其实这是运用成功的投资策略抓住你身边的机会并去实现它的一种游戏。低买高卖这个大家都知道。金融产品包括：股票、期货、黄金、白银、外汇等产品。 工作内容：1.浏览影响所操作品种价格的国际新闻；2.回到价格盘面分析今天价格可能的几种走势；  3.按分析的几种价格可能走势制定出相应的投资策略； 4.执行投资策略。 职位要求： 1、心态平稳；2、分析能力；3、策略能力；4、执行力。     对于没有交易经验，却对金融衍生品操作职位有兴趣者，公司愿意提供免费的培训，有专业的交易团队手把手带你走进交易市场。培训内容主要为：1、怎么去分析市场；2、怎么制定投资策略。所以对于新手来说重点要做到的是心态平稳的去执行客观分析后制定的投资策略。 薪资待遇:   初级操盘手：底薪5000 + 20%-30%提成 + 奖金 + 节假日双休 + 交补、餐补、住房补助、+ 年终奖 + 五险一金 ；月收入可达6000-8000   中级操盘手：底薪8000-12000 + 20%-30%提成 + 奖金 + 节假日双休 + 交补、餐补、住房补助、+ 年终奖 + 五险一金；月收入可达10000-20000   高级操盘手：底薪12000-18000 + 20%-30%提成 + + 奖金 + 节假日双休 + 交补、餐补、住房补助、+ 年终奖 +五险一金；月收入可达30000以上                                                                             职位联系方式                                                      联系人王经理：18614069178人事部QQ：2058818735公司网址：www.jsz999.com                                                          查看职位地图') ;
COMMIT;
INSERT INTO "User" ("Name","UserType","CreatedDatetime","UpdatedDatetime","Enabled")
                              VALUES ('469907914251344.htm',4,clock_timestamp(),clock_timestamp(),'t') ;
INSERT INTO "ZhilianUser" ("UserId","NickName","Type","Sex","City" ) VALUES(currval('"hero_reduce"."user_id_seq"'),'469907914251344.htm',0,'null','北京-朝阳区') ; INSERT INTO "JobPosition" ("UserId","Name","Address","Title","Salary","Description")
                          VALUES(currval('"hero_reduce"."user_id_seq"'),'469907914251344.htm','北京-朝阳区','销售代表','8001-10000','【财务顾问师职位介绍】财务顾问师）是为客户进行理财规划的专业人员，是客户的“私人理财顾问”，是客户的“理财经纪人”。财务顾问师应以客户的利益为出发点，帮助客户进行产品选择，产品组合和资产配置，达到帮客户“赚钱”和回避风险的目的。财务顾问师需要具备丰富的金融理财实践经验，具备投资理财实际操作能力，必须在为客户理财的过程中，为客户创造价值，也就是必须具备帮助客户“赚钱”的能力。财务顾问师不仅要具备一定金融或财务相关专业知识，还要具备极强的与人沟通能力，不断的学习能力，开拓能力、市场营销能力等等，所以此职业极具挑战性，需要复合型人才。财务顾问师属于顾问型销售职业，是站在金字塔尖的一群销售人员。他们备受尊重，收入甚高，因为他们以”顾问”的身份出现，遵循以客户需求为导向的顾问式行销服务，根据客户的需求，提供个性化理财策划方案。他们拥有客户的尊重，对手的尊重，自由的时间，快乐的心境。【工作职责】 1、服务于公司VIP客户及京城高价值个人客户，为高价值个人客户提供全方面金融理财服务； 2、通过与客户沟通，了解客户在家庭财务方面存在的问题以及理财方面的需求； 3、根据客户的资产规模、生活目标、预期收益目标和风险承受能力进行需求分析，出具专业的理财计划方案，推荐合适的理财产品； 4、通过调整存款、股票、债券、基金、保险等各种金融产品的理财产品比重达到资产的合理配置，使客户的资产在安全、稳健的基础上保值升值； 5、协助客户开立帐户及一系列后期服务； 6、定期与客户联系，报告理财产品的收益情况，向客户介绍新的金融服务、理财产品及金融市场动向，维护良好的信任关系。【职位要求】1、24岁以上，本科以上学历（海归优先）,专业不限 受过市场营销、产品知识等方面的培训。 2、具有极强的中高端客户市场开拓能力以及良好的客户沟通能力，关系管理能力及优秀的谈判技巧；3、有地区销售网络和销售关系。4、坦诚自信，乐观进取，高度的工作热情； 5、有良好的团队合作精神，有敬业精神； 6、具有独立的分析和解决问题的能力； 7、良好的沟通技巧和说服能力，能承受较大的工作压力。 薪酬： 上不封顶有竞争力的国际惯例薪酬待遇及晋升机制，成长空间巨大，是我们的绝对优势。 (薪酬：底薪 + 产品佣金 + 津贴补助 + 季度奖 + 年终奖 + 公司各项福利 + 商业保险)【优势】 1、 公司提供完善优厚有竞争力的薪酬福利，多元化的收入来源(多达三十项)，上不封顶。目前我公司理财人员年薪普遍在10万至30万，高级金融理财师和营销主管年薪已达到100万以上！ 2、一经录用，公司提供高端客户资源，并配备专职理财助理负责联系约访客户，提供终身免费理财培训平台，享受国际惯例公平竞争晋升机遇！3、专业培训：中国平安引进国际领先的理财顾问教育课程（PAPPM）平安金融学院所设立的各种课程让平安理财顾问的到全方位的提升，造就新一代的金融理财师。4、福利保障：考虑到人才发展的长远性，本理财顾问创业计划在福利保障方面为您想到更多，基本医疗、意外保险、养老公积金，长期服务奖等使员工能够发展于平安，留存于平安。【金融理财行业简介】： 　　在美国，一个成功的人背后一定要站有三个人：私人医生、律师和理财规划师。医生用来保命，律师用来规范行为和保护个人权力，理财规划师用来打理自己的资产，这三人缺一不可，这三个职位都属于高收入职位，而理财规划师的收入又高于私人医生和律师，因此，理财规划师在全世界被称谓“第一职位”。 理财行业在金融产业中就像一个接线板，它一头连接着客户，一头则连接着各种金融机构和金融产品。它起着一个桥梁纽带的作用。然而在现实工作中，由于我国金融理财业才刚刚起步，各项环节还没有完全理顺，导致理财顾问在工作中至少还面临产品、渠道、服务三方面的挑战。现在银行、证券公司、基金公司和各家保险公司都叫理财，都在招募理财规划师或理财顾问，但因各公司涉及产品的单一性，不能实现真正意义上的理财，因为证券公司、基金公司只能为客户提供股票和基金产品，关注的是客户资产的投资升值部分，应该叫投资顾问；而银行的功能是储蓄，或代售基金代售银行保险，应该叫客户经理；而各家保险公司也只能卖人寿保单，关注的是客户家庭风险规划，应该叫风险规划师更适合一些。                                                                            职位联系方式                                                      公司地址： 北京市朝阳区新源里南路1-3号：平安国际金融中心B座五层505室（东三环燕莎桥西昆仑饭店对面）联系人：高杰经理 010-52881653因应聘人员较多，请直接通过智联投递简历或者发送个人简历至公司，我公司收到您的简历后会尽快阅评，如符合我公司用人条件，我们采用邮件、短信、电话形式通知您面试时间，请注意查收邮件，并按通知时间着正装带简历、学历复印件准时参加面试。                                                          查看职位地图') ;
COMMIT;
INSERT INTO "User" ("Name","UserType","CreatedDatetime","UpdatedDatetime","Enabled")
                              VALUES ('135038057250636.htm',4,clock_timestamp(),clock_timestamp(),'t') ;
INSERT INTO "ZhilianUser" ("UserId","NickName","Type","Sex","City" ) VALUES(currval('"hero_reduce"."user_id_seq"'),'135038057250636.htm',0,'null','北京-朝阳区') ; INSERT INTO "JobPosition" ("UserId","Name","Address","Title","Salary","Description")
                          VALUES(currval('"hero_reduce"."user_id_seq"'),'135038057250636.htm','北京-朝阳区','证券分析/金融研究','6001-8000','致求职者的话： 首先要恭喜您在打开此页面的同时，您内心的睿智选择已经引领您向金融领域中的高收入职业迈出了幸运并且前景无限的第一步。如果您有意加入到我们操盘手的交易团队当中，公司的交易团队和讲师会引导您坚实而踏实的走好日后职业发展的每一步。请您在相信您自己内心选择的基础上相信公司的团队，认真努力的和我们一路走下去，未来三到五年内在北京相对中心的位置拥有一套属于自己的安身立命之所，绝不是太难的事情。相信您自己的选择，更要相信您自身的能力，加入到我们阳光的交易团队当中，为您今后梦想与人生的启航做好坚实的经济铺垫。   乔治.索罗斯说：“你可以生于贫穷，但绝不能死于贫穷”祝贺所有关心金融市场的投资者，因为你们拥有一个不同于过去的投资时代！   工作内容1.接受公司培训（带薪）。（有经验者可不接受培训，详情面谈。）2.部分初级交易员需要参加交易员晋级培训。每月一次。3.高执行力：关注每次交易系统给出的进场，出场信号，并按照信号指示进行建仓，平仓操作。（交易系统会在培训期间给予指导。）4、严格执行公司各项制度，，并定期整理交易数据，向上级领导账户分析结果；5、按照部门主管的要求进行技术和基本面规律的分析，进行数据的搜集或整理；6、配合其他部门有关工作；7、遵守公司的各项管理制度，承办领导交办的其他工作。素质要求：1、大专以上学历,金融专业优先，培训期间有大量的空余时间；2、热爱交易、对金融经济知识感兴趣；3、有很强的执行力，自制力强；日常生活有规律、有计划；4、有较强的学习能力，新知识的接受能力；5、抗压能力；6、耐心细致，有责任心，具有保密意识；7、对于基础薄弱或者无经验者有专业的入职培训。8、公司提供良好的晋升机制：薪资待遇： 初级薪资待遇：5000底薪 +  提成20%--40%  +  五险一金 + 节假日福利 + 季度奖  月薪可达7000元以上中级薪资待遇：10000底薪 + 提成20%--40% +  五险一金 +  节假日福利 + 季度奖   月薪可达15000元以上高级薪资待遇：15000底薪 + 提成20%--40% +  五险一金 +  节假日福利 + 季度奖   月薪达2-3万元以上 职位要求：年龄：20岁-50岁之间。学历：大专以上（包括大专），有交易经验者面谈。其它素质： 1.对于金融行业有极高的兴趣。2.性格沉稳，情绪不易产生较大波动。3.有极强的时间观念。（交易员的工作性质对于时间和空间上没有要求，相对自由，需要自我约束。）4.对资金流动有较强的驾驭能力。5.能够尽量客观的看待事物的发展。 面试要求： 不提供视频或者电话面试，只能到北京参加一对一面试，无复试，无笔试，不能来北京者请勿投递，面试通过后培训可做延期。实习员工： 前期培训期视为实习，实习期满可成为公司正式员工，可开实习证明，培训期为连续十个工作日，周末双休，每日培训时间：早晨9:30至下午3:30。公司在培训期提供每日餐补及路费补助，并在第一个月的薪资里统一发放。其他福利：五险一金 季度奖+年终奖  带薪免费旅游   公司对于没有交易经验，却对金融衍生品操作有兴趣者，提供正规统一的免费培训。有专业的交易团队手把手带你走进交易市场。我们的交易团队有绝对的信心让你在培训期后，有属于自己的交易系统与理念，让你找到自己在交易市场的立足点。成为我公司的优秀员工，对于成绩优秀学员公司提供交易账户帮助学员完成自我晋升。希望对金融行业有兴趣的应聘者积极与我们联系，了解公司情况，招聘情况及与工作相关的问题。公司承诺将对每位学员认真负责，最大限度发掘每一位学员的交易潜力。      联系电话：010-57349909  15811512051公司地址：北京市朝阳区时间国际大厦A座2601室公司名称：深圳市龙阳商务咨询有限公司北京第一分公司                                                                           职位联系方式                                                        人事经理：陈经理公司网址：http://www.bj-lyjt.com 联系电话：010-57349909  13366412049公司地址：北京市朝阳区时间国际大厦A座2601室公司名称：深圳市龙阳商务咨询有限公司北京第一分公司  各求职者请注意可把简历发至公司                                                           查看职位地图') ;
COMMIT;
INSERT INTO "User" ("Name","UserType","CreatedDatetime","UpdatedDatetime","Enabled")
                              VALUES ('000136236253627.htm',4,clock_timestamp(),clock_timestamp(),'t') ;
INSERT INTO "ZhilianUser" ("UserId","NickName","Type","Sex","City" ) VALUES(currval('"hero_reduce"."user_id_seq"'),'000136236253627.htm',0,'null','北京-朝阳区') ; INSERT INTO "JobPosition" ("UserId","Name","Address","Title","Salary","Description")
                          VALUES(currval('"hero_reduce"."user_id_seq"'),'000136236253627.htm','北京-朝阳区','证券分析/金融研究','5000-6000','岗位职责： 1、熟悉大公企业文化； 2、完成项目的陪访，并撰写访谈纪要； 3、完成工作底稿的录入； 4、了解评审会流程，独立出具正式评级报告； 5、完成数据更新工作； 6、完成中英文发布稿； 7、独立承担科研项目，完成科研报告的部分撰写； 8、完成报告数据核对工作； 9、完成部门分配的其他工作任务。 任职资格： 1、专业：金融、经济、财会、数理、统计等专业，以及有过经济背景的其他专业； 2、学历：硕士、博士，在读可实习； 3、工作经验：未毕业可实习，正式毕业后留用； 4、学校：国内各校硕士、博士以及留学归国人才； 5、较强的抗压能力和团队协调性。联系方式：1、010-51087768-2147兰2、lanjing@dagongcredit.com                                                                             职位联系方式                                                      公司名称：大公国际资信评估有限公司公司地址：北京市朝阳区霄云路26号鹏润大厦A座29层 联系方式：010-51087768-2147兰女士公司主页：http://www.dagongcredit.com                                                          查看职位地图') ;
COMMIT;
INSERT INTO "User" ("Name","UserType","CreatedDatetime","UpdatedDatetime","Enabled")
                              VALUES ('632971627250593.htm',4,clock_timestamp(),clock_timestamp(),'t') ;
INSERT INTO "ZhilianUser" ("UserId","NickName","Type","Sex","City" ) VALUES(currval('"hero_reduce"."user_id_seq"'),'632971627250593.htm',0,'null','北京-朝阳区') ; INSERT INTO "JobPosition" ("UserId","Name","Address","Title","Salary","Description")
                          VALUES(currval('"hero_reduce"."user_id_seq"'),'632971627250593.htm','北京-朝阳区','证券分析/金融研究','4001-6000','【岗位职责】1.热爱金融行业，有励志于长期发展这个行业的意愿；2.投融资项目尽职调查，可行性研究，风险评估和控制；3.负责筛选、编辑制作研究报告；4.对客户进行回访咨询服务工作；5.投融资方案和产品的设计和创新；6.负责对行情的分析及喊单；7.编写专业性文稿；8.宏观经济和行业研究；【任职资格】1、掌握经济学理论，有较强的信息搜集能力和数据处理能力，以及独立的行情研究和判断能力； 2、富有激情，较强的亲和力和感染力、良好的文字和语言表达能力、沟通能力，思维敏捷；3、能独立开展调查研究和专题研究工作，熟悉贵金属产业链，能独立撰写研发；4、熟悉双边市场，至少三年以上股票交易经验或一年以上双边市场交易经验。5、具有较强的行情把握能力和投资分析能力和客户沟通能力； 6、能持续性支持培训潜在客户或现有客户； 7、能够吃苦耐劳，有耐心！对于之前没有交易经验，但对金融交易方面产生浓厚兴趣的人才，公司会提供为期两周的免费带薪培训！大学生公司可提供实习或兼职机会！底薪（5000）+高提成+五险+带薪培训+定期旅游、聚餐+年终奖+终身免费晋升培训，收入上不封顶【福利待遇】1、条件符合者，公司将统一安排专业职业技能培训；2、签订全日制固定期限劳动合同、五险一金、底薪+奖金+补贴+绩效+团队业绩奖励；2、周末双休、法定节假日，圣诞、万圣、Bank Holiday休息3、做五休二、OFFICE作息时间，无需加班；4、正式员工享受带薪培训、带薪年假、定期体检，一年四次旅游，每月多聚餐游5、完善成熟的晋升渠道，专业的职业生涯规划，助你成为金融行业精英所述人员一经录用，公司提供完善的在职培训，并有广阔的个人发展空间。 公司名称：嘉城基业投资咨询(北京)有限公司公司地址：北京市朝阳区朝外大街3号山水广场B座804室(地铁六号线东大桥A口出向西走200米) 联系电话：18513315770 周经理公司主页：www.jiachengjiye.com                                                                           职位联系方式                                                       公司名称：嘉城基业投资咨询(北京)有限公司 公司地址：北京市朝阳区朝外大街3号山水广场B座804室(地铁六号线东大桥A口出向西走200米)  联系电话：18513315770 周经理 公司主页：www.jiachengjiye.com                                                          查看职位地图') ;
COMMIT;
INSERT INTO "User" ("Name","UserType","CreatedDatetime","UpdatedDatetime","Enabled")
                              VALUES ('546867529250443.htm',4,clock_timestamp(),clock_timestamp(),'t') ;
INSERT INTO "ZhilianUser" ("UserId","NickName","Type","Sex","City" ) VALUES(currval('"hero_reduce"."user_id_seq"'),'546867529250443.htm',0,'null','北京-朝阳区') ; INSERT INTO "JobPosition" ("UserId","Name","Address","Title","Salary","Description")
                          VALUES(currval('"hero_reduce"."user_id_seq"'),'546867529250443.htm','北京-朝阳区','证券分析/金融研究','','在职人数：1人年龄：27-40岁文化水平：大专以上学历岗位职责：1、接收客户资料申请，进行资料审核，进行真假性识别；2、申请表填写完整、提高资料完整性；3、对于客户有行资产和其抵押物做到准确评估；4、根据网络进行三分信息核查，面审客户及所有的联系方式，交叉检验客户信息，符合逻辑性关系；5、集合客户资料进行抗风险分析、疑点分析、稳定性分析、真实性分析、还款能力分析，整体的风险点汇总，初步授信。任职要求：1、大专或以上学历；2、主动周到的客户服务意识，较强的风险防控意识；3、善于沟通，书面及语言表达能力良好；4、金融、法律专业优先考虑；5如有上述应聘者从业资历较强，硬件条件可放宽优待。薪金待遇：1、上班时间早九晚六，周末双休；2、工资面议，3-7天带薪培训+五险+全勤奖+各项补助及季度、年度奖励；3、享有国家规定的法定假日（带薪）以及年假、婚假及产假；4、公司免费提供带薪技术培训和业务培训，以及工作日的国内及国际旅游。我们公司会永远期待有思想、爱挑战、有创新的您来参加，我们公司永远为您敞开大门，不管是拥有人脉的精英，还是刚毕业的小苗，我们都会更加呵护你成长，并给您无限的发挥空间和平台，让您自豪，在此，东亿融合（北京）管理顾问有限公司等着您的到来！欢迎您致电公司，我们会等您的到来。                                                                            职位联系方式                                                      公司名称：东亿融合(北京)管理顾问有限公司公司地址：北京市朝阳区百子湾桥大成国际中心A1座309 公司电话：15300076687 15321371928 联系人： 孙小姐') ;
COMMIT;
INSERT INTO "User" ("Name","UserType","CreatedDatetime","UpdatedDatetime","Enabled")
                              VALUES ('675733624250146.htm',4,clock_timestamp(),clock_timestamp(),'t') ;
INSERT INTO "ZhilianUser" ("UserId","NickName","Type","Sex","City" ) VALUES(currval('"hero_reduce"."user_id_seq"'),'675733624250146.htm',0,'null','北京') ; INSERT INTO "JobPosition" ("UserId","Name","Address","Title","Salary","Description")
                          VALUES(currval('"hero_reduce"."user_id_seq"'),'675733624250146.htm','北京','股票/期货操盘手','','岗位职责：1.负责公司指定客户账户或配资账户的资金运作。2.具有丰富的市场分析能力，做出每日交易计划，熟练掌握各种分析工具。3.配合培训讲师完成新入公司员工的实盘交易辅导。4.把握市场机会，及时交易，确保账户达到持续稳定盈利，尽可能的达到利益最大化。  岗位要求：1、热爱金融行业，对国内金融市场有独到的观点，良好的逻辑思路能力。2、专业不限，经济类、理工类，或有相关培训经历、工作经验的优先。3、人品端正，谦虚好学，自信果敢。4、有很强的数据运算能力及宏观经济数据分析能力。5、有稳定的盈利能力、专业的分析能力，熟悉基本面，技术面的各方面的知识。   联系方式公司名称：北京金慧通投资管理有限公司公司地址：北京市朝阳区建国路88号soho现代城A座2606公司电话：010-53399075 公司邮箱：jht-hr@hotmail.com                                                                                                                          职位联系方式                                                      公司名称：北京金慧通投资管理有限公司  公司地址：北京市朝阳区建国路88号soho现代城A座2606  公司电话：010-53399075   公司                                                             查看职位地图') ;
COMMIT;
INSERT INTO "User" ("Name","UserType","CreatedDatetime","UpdatedDatetime","Enabled")
                              VALUES ('675733624250152.htm',4,clock_timestamp(),clock_timestamp(),'t') ;
INSERT INTO "ZhilianUser" ("UserId","NickName","Type","Sex","City" ) VALUES(currval('"hero_reduce"."user_id_seq"'),'675733624250152.htm',0,'null','北京') ; INSERT INTO "JobPosition" ("UserId","Name","Address","Title","Salary","Description")
                          VALUES(currval('"hero_reduce"."user_id_seq"'),'675733624250152.htm','北京','证券分析/金融研究','','岗位指责：  1、配合分析师撰写理财产品的分析报告，为客户实现资产保值增值；  2、能够独立向客户提供与公司金融业务相关的资产增值服务，并解释清晰；  3、辅助业务团队进行工作，帮助意向客户解答专业问题；   4、在分析师的指导下，完成代理商办座谈会的要求；  5、表现出众者经考核达标后可逐步向高级分析师或市场技术管理阶层发展；        职能描述：  1、大专及以上学历，年龄在20-26岁之间，有1年以上工作经验优先考虑；  2、有较强的学习力，对金融有浓厚兴趣，善于分析思考，有志在金融业长期发展；  3、具有较强的观察、分析能力，能迅速捕捉市场动态，有独立的工作意识，创新能力强；  4、诚实守信、工作细致，具有较强的学习能力和团队合作精神；   5、自信，能承受较大的工作压力，遇到困难不轻易放弃，具有很强工作责任心；        公司联系方式：  公司名称：北京金慧通投资管理有限公司  公司地址：北京市朝阳区建国路88号soho现代城A座2606  公司电话：010-53399075   公司邮箱：jht-hr@hotmail.com                                                                            职位联系方式                                                                                                                查看职位地图') ;
COMMIT;
INSERT INTO "User" ("Name","UserType","CreatedDatetime","UpdatedDatetime","Enabled")
                              VALUES ('675733624250153.htm',4,clock_timestamp(),clock_timestamp(),'t') ;
INSERT INTO "ZhilianUser" ("UserId","NickName","Type","Sex","City" ) VALUES(currval('"hero_reduce"."user_id_seq"'),'675733624250153.htm',0,'null','北京') ; INSERT INTO "JobPosition" ("UserId","Name","Address","Title","Salary","Description")
                          VALUES(currval('"hero_reduce"."user_id_seq"'),'675733624250153.htm','北京','股票/期货操盘手','','岗位职责：1.负责公司指定客户账户或配资账户的资金运作。2.具有丰富的市场分析能力，做出每日交易计划，熟练掌握各种分析工具。3.配合培训讲师完成新入公司员工的实盘交易辅导。4.把握市场机会，及时交易，确保账户达到持续稳定盈利，尽可能的达到利益最大化。岗位要求： 1、热爱金融行业，对国内金融市场有独到的观点，良好的逻辑思路能力。2、专业不限，经济类、理工类，或有相关培训经历、工作经验的优先。3、人品端正，谦虚好学，自信果敢。4、热爱并喜欢从事金融行业，勤奋踏实，有远见卓识，并致力于伴随国内的金融市场逐渐发展。5、有稳定的盈利能力、专业的分析能力，熟悉基本面，技术面的各方面的知识。    联系方式公司名称：北京金慧通投资管理有限公司公司地址：北京市朝阳区建国路88号soho现代城A座2606公司电话：010-53399075 公司邮箱：jht-bj@hotmail.com                                                                                                                     职位联系方式                                                      公司名称：北京金慧通投资管理有限公司  公司地址：北京市朝阳区建国路88号soho现代城A座2606  公司电话：010-53399075   公司                                                             查看职位地图') ;
COMMIT;
INSERT INTO "User" ("Name","UserType","CreatedDatetime","UpdatedDatetime","Enabled")
                              VALUES ('675733624250154.htm',4,clock_timestamp(),clock_timestamp(),'t') ;
INSERT INTO "ZhilianUser" ("UserId","NickName","Type","Sex","City" ) VALUES(currval('"hero_reduce"."user_id_seq"'),'675733624250154.htm',0,'null','北京') ; INSERT INTO "JobPosition" ("UserId","Name","Address","Title","Salary","Description")
                          VALUES(currval('"hero_reduce"."user_id_seq"'),'675733624250154.htm','北京','证券分析/金融研究','','岗位职责：  1、熟悉金融市场，具备基本的金融知识和分析技巧。  2、负责为客户提供各种理财咨询、建议服务；  3、学习金融、经济新闻事件，了解市场行情的不断变化。  4、完成部门每天要求的学习任务以及工作任务。        任职要求：  1、18-25岁、五官端正，性格开朗，大专以上学历；  2、对金融行业有浓厚兴趣，金融、国际贸易，市场营销、工商管理等相关专业优先；  3、有良好的沟通能力，很好的亲和力和较强的人际交往能力；  4、守纪侓和行业规范，能接受严格专业培训，具有敬业精神及团队合作意识；  5、谦虚好学，思维敏捷、具有良好的心里素质。              联系方式  公司名称：北京金慧通投资管理有限公司  公司地址：北京市朝阳区建国路88号soho现代城A座2606  公司电话：010-53399075   公司邮箱：jht-hr@hotmail.com                                                                                 职位联系方式                                                                                                                查看职位地图') ;
COMMIT;
INSERT INTO "User" ("Name","UserType","CreatedDatetime","UpdatedDatetime","Enabled")
                              VALUES ('675733624250155.htm',4,clock_timestamp(),clock_timestamp(),'t') ;
INSERT INTO "ZhilianUser" ("UserId","NickName","Type","Sex","City" ) VALUES(currval('"hero_reduce"."user_id_seq"'),'675733624250155.htm',0,'null','北京') ; INSERT INTO "JobPosition" ("UserId","Name","Address","Title","Salary","Description")
                          VALUES(currval('"hero_reduce"."user_id_seq"'),'675733624250155.htm','北京','证券分析/金融研究','','岗位职责  1、熟悉国际及国内金融市场，分析相关的行业信息数据,为客户提供投资建议  2、较强的行情把握能力和投资分析能力。  3、熟悉金融衍生品市场,能及时把握各方面信息,有敏锐的视角,独特的见解  4、为客户提供金融投资咨询，以及全球市场行情和评论，提供专业的投资分析报告；  5、接受客户咨询，辅导客户进行投资理财。  6、为投资者进行金融投资培训和操作指导及其他日常服务。     任职要求  1：18-30岁海外留学生、硕士以上学历  2：五官端正、性格开朗、思维敏捷、有良好的沟通与表达能力  3：熟悉国际金融交易体系 、了解国际金融衍生品市场  4：金融、经济学或数学专业、有国际金融衍生品交易经验者优先；  5：热爱并喜欢从事金融行业，勤奋踏实，有远见卓识，并致力于伴随国内的金融市场逐渐发展。              联系方式  公司名称：北京金慧通投资管理有限公司  公司地址：北京市朝阳区建国路88号soho现代城A座2606  公司电话：010-53399075   公司邮箱：jht-hr@hotmail.com                                                                                 职位联系方式                                                                                                                查看职位地图') ;
COMMIT;
INSERT INTO "User" ("Name","UserType","CreatedDatetime","UpdatedDatetime","Enabled")
                              VALUES ('520384621251619.htm',4,clock_timestamp(),clock_timestamp(),'t') ;
INSERT INTO "ZhilianUser" ("UserId","NickName","Type","Sex","City" ) VALUES(currval('"hero_reduce"."user_id_seq"'),'520384621251619.htm',0,'null','北京-朝阳区') ; INSERT INTO "JobPosition" ("UserId","Name","Address","Title","Salary","Description")
                          VALUES(currval('"hero_reduce"."user_id_seq"'),'520384621251619.htm','北京-朝阳区','证券分析/金融研究','','岗位职责：1、负责公募基金、券商资管、阳光私募等理财产品跟踪研究，撰写相关投资研究报告;2、负责宏观经济及分管行业的跟踪分析，定期撰写研究报告，及时完成事件点评;3、对基金管理过程中的影响因素进行深入分析，构建基金投资组合并进行维护;4、根据公司要求，完成证券二级市场专项研究;5、进行公司网站负责板块的日常维护;6、定期和产品管理人投研人员进行交流，对市场部进行支持。7、撰写投资策略报告。任职资格：1、硕士学历及以上，经济或金融专业；2、具备扎实的专业基础知识及较强的研究能力；3、具有较强的信息搜集能力、逻辑思维能力、文字表达能力和沟通能力；4、具备扎实的理论水平、较强的数据分析能力，能够熟练运用各种分析工具；5、人品端正，敬业，踏实严谨，具有很强的工作责任心和团队合作精神。6、做事认真、细致，逻辑性强；7、具备良好的沟通能力、具有良好的团队合作精神8、具有基金从业资格，曾任职于公募基金，保险，券商资管或其他金融机构，并有相关从业经验者优先。                                                                           职位联系方式                                                       公司名称：万银财富(北京)基金销售有限公司 公司地址：北京市朝阳区北四环中路27号盘古大观3201室  联系电话：010-59393923 公司主页：www.wy-fund.com 微信公众号：万银财富                                                          查看职位地图') ;
COMMIT;
INSERT INTO "User" ("Name","UserType","CreatedDatetime","UpdatedDatetime","Enabled")
                              VALUES ('520384621251629.htm',4,clock_timestamp(),clock_timestamp(),'t') ;
INSERT INTO "ZhilianUser" ("UserId","NickName","Type","Sex","City" ) VALUES(currval('"hero_reduce"."user_id_seq"'),'520384621251629.htm',0,'null','北京-朝阳区') ; INSERT INTO "JobPosition" ("UserId","Name","Address","Title","Salary","Description")
                          VALUES(currval('"hero_reduce"."user_id_seq"'),'520384621251629.htm','北京-朝阳区','证券/期货/外汇经纪人','','岗位职责：1、独自撰写理财产品的分析材料，形成市场化语言，为客户提供理财咨询、建议，实现资产保值增值；2、能够独立向客户提供与公司理财产品业务相关的资产增值服务并有清晰的分析思路；3、带动市场业务团队进行市场推广工作，帮助意向客户解决理财问题，并能促使达成成交； 4、为高净值客户提供一对一的金融理财服务，筛选符合客户的金融产品（信托产品、券商资管产品、基金产品等），帮助高净值客户进行资产配置，实现客户财富保值增值的目的。5、对客户的综合理财需求分析，帮助客户制订资产配置方案。6.对高端客户持续跟进与服务，为客户不断提供专业的财富管理咨询及建议。7、在研究中心及产品部提供的主流理财产品中，能独立完成市场推广策划，并形成清晰的分析思路。任职资格：1、金融学或财经相关专业本科及以上学历优先。2、具有高端地产、高端会所、私人银行、证券及基金从业经验者优先。3、有银行、证券、保险、基金、第三方理财等从业资格和理财师等资格证书者优先。4、熟悉金融、信托业务，资管业务具有较好的金融行业基础、财务管理、投资知识，熟悉行业管理的法律、法规和其他相关政策5、具备良好的沟通能力、敏锐快捷的市场反应能力、能独立于客户进行沟通过。6、具有超强的责任心、踏实、敬业；具有较强的团队合作意识。                                                                           职位联系方式                                                       公司名称：万银财富(北京)基金销售有限公司 公司地址：北京市朝阳区北四环中路27号盘古大观3201室  联系电话：010-59393923 公司主页：www.wy-fund.com 微信公众号：万银财富                                                          查看职位地图') ;
COMMIT;
INSERT INTO "User" ("Name","UserType","CreatedDatetime","UpdatedDatetime","Enabled")
                              VALUES ('520384621251653.htm',4,clock_timestamp(),clock_timestamp(),'t') ;
INSERT INTO "ZhilianUser" ("UserId","NickName","Type","Sex","City" ) VALUES(currval('"hero_reduce"."user_id_seq"'),'520384621251653.htm',0,'null','北京-朝阳区') ; INSERT INTO "JobPosition" ("UserId","Name","Address","Title","Salary","Description")
                          VALUES(currval('"hero_reduce"."user_id_seq"'),'520384621251653.htm','北京-朝阳区','证券/投资项目管理','','岗位职责：1.根据部门统一安排，负责项目的开发与具体执行，参与投资项目的寻找、跟踪、筛选和考察；2.对公司的投资项目进行市场调研、数据收集和风险分析，开展客户关系管理工作；3.协助上级领导完成投资交易和进行已投资项目的管理，协助组织投融资项目的运作管理；4.组织募集说明会等相关文件的拟写和实施，熟悉相关政策法规；5.对于启动项目，参与投资项目的直接或间接管理，监控和分析投资项目的经营管理；6.根据部门安排，完成部门间协作任务。任职资格：1.本科以上学历，金融、经济、财务、法律专业优先；2.3年以上金融行业工作经验，有股权投资基金、信托公司，券商资管部门从业经历者优先；3.精通项目投资与运作流程，资本运作相关流程，有丰富的项目管理经验；4.具有较高的投资管理、财务及法律知识水平，熟悉金融投资领域相关政策和法律法规 ；5、具有良好的文字表达、沟通能力，良好的服务意识和团队合作精神。                                                                           职位联系方式                                                       公司名称：万银财富(北京)基金销售有限公司 公司地址：北京市朝阳区北四环中路27号盘古大观3201室  联系电话：010-59393923 公司主页：www.wy-fund.com 微信公众号：万银财富                                                          查看职位地图') ;
COMMIT;
INSERT INTO "User" ("Name","UserType","CreatedDatetime","UpdatedDatetime","Enabled")
                              VALUES ('649699228254151.htm',4,clock_timestamp(),clock_timestamp(),'t') ;
INSERT INTO "ZhilianUser" ("UserId","NickName","Type","Sex","City" ) VALUES(currval('"hero_reduce"."user_id_seq"'),'649699228254151.htm',0,'null','北京-东城区') ; INSERT INTO "JobPosition" ("UserId","Name","Address","Title","Salary","Description")
                          VALUES(currval('"hero_reduce"."user_id_seq"'),'649699228254151.htm','北京-东城区','证券分析/金融研究','5000-15000','【职位描述】 交易——游走在投资与投机之间，徜徉于现实与理想之巅，融汇于艺术与技术之湾，它是人类社会对于资金和心理博弈的最直接体现，完美的展现了灵长类之魂创造与行动的宣言，是你实现人生理想的最后一环。 你是否对交易存在浓厚兴趣呢？是否苦于徘徊在交易之河的彼岸而寻不见前路呢？现在机会来到了你的面前 -- 北京融控资本管理有限公司愿意提供免费的培训，带你横越财务自由的天堑，来到人生梦想的顶端。我们有专业的交易团队手把手带你走进交易市场。希望对金融行业有兴趣的你积极与我们电话或邮件联系，了解公司情况，招聘情况及与工作有关的相关问题。 注   无需交易员外出寻找客户，只需操作公司账户即可        【职位要求】  1、年龄20～50之间、性别不限  2、中专以上学历（包括中专学历）,培训期间有大量的空余时间，对金融知识感兴趣；  3、有很强的执行力和自制力，日常生活作息规律；  4、有较强的学习能力，对于新知识有较强的接受能力；  5、心理稳定，耐心细致，有责任心，具有保密意识； 6、对于基础薄弱或无经验者有专业的入职培训。（有交易经验者可直接联系面谈）        【岗位职责】 1、正式成为公司的员工之后，负责公司指定账户的资金运作，在稳定盈利的基础之上会逐步增加操作资金。 2、以稳定且合理的交易方式为前提，及时交易，每月完成公司规定的盈利目标，并在此基础上创造更多的盈利，以求盈利的最大化。 3、定期上交交易报告，报告时间每月一次。      【薪酬待遇】 初级交易员：5500底薪 + 提成20% + 节假日福利 + 年终奖 中级交易员：10000底薪  + 提成30% + 五险一金 + 节假日福利 + 年终奖 高级交易员：15000底薪 + 提成40% + 五险一金 + 节假日福利 + 年终奖   联系人：莫经理    联系电话：13501391731  简历投递邮箱 ahr@rongkongziben.com    【注】  1、请各位求职者仔细、详细的阅读您投递的职位要求，公司将统一进行审核、通知，谢绝重复投递和未经预约的来访。 2、录用人员，公司将统一、全面的给予员工提供为期10天的、免费的、专业的、系统的岗前培训，培训时间（9：30--17:00）(周六、日休息)。  3、公司将全资为盘手提供资金支持，承担风险，同时也将为盘手提供明亮、优雅、舒适的工作环境，提升您的交易心情。节假日公司会不定期的组织外出活动及娱乐活动（费用公司全报销）培训期间公司会组织模拟比赛，在模拟练习期间为做的成绩优秀的学生给予物质奖励。 4、交易员只需操作公司账户，无需外出寻找客户。                                                                           职位联系方式                                                      公司名称：融控(北京)资本管理有限公司  公司地址：北京市东城区建国门南大街7号万豪国际中心写字楼A座9层910号  公司网站：www.rongkongziben.com                                                          查看职位地图') ;
COMMIT;
INSERT INTO "User" ("Name","UserType","CreatedDatetime","UpdatedDatetime","Enabled")
                              VALUES ('478582115251843.htm',4,clock_timestamp(),clock_timestamp(),'t') ;
INSERT INTO "ZhilianUser" ("UserId","NickName","Type","Sex","City" ) VALUES(currval('"hero_reduce"."user_id_seq"'),'478582115251843.htm',0,'null','北京-朝阳区') ; INSERT INTO "JobPosition" ("UserId","Name","Address","Title","Salary","Description")
                          VALUES(currval('"hero_reduce"."user_id_seq"'),'478582115251843.htm','北京-朝阳区','证券分析/金融研究','6001-8000','工作职责:1、服务于公司VIP客户及京城高价值个人客户，为高价值个人客户提供全方面金融理财服务；2、通过与客户沟通，了解客户在家庭财务方面存在的问题以及理财方面的需求；3、根据客户的资产规模、生活目标、预期收益目标和风险承受能力进行需求分析，出具专业的理财计划方案，推荐合适的理财产品；4、通过调整存款、股票、债券、基金、保险等各种金融产品的理财产品比重达到资产的合理配置，使客户的资产在安全、稳健的基础上保值升值；5、协助客户开立帐户及一系列后期服务；6、定期与客户联系，报告理财产品的收益情况，向客户介绍新的金融服务、理财产品及金融市场动向，维护良好的信任关系。招聘要求:1、25岁以上，金融或相关专业，本科以上学历（海归优先）2、1年以上证券、银行、保险、信托、期货、投资公司（其中之一）工作经历， 3、具有扎实的经济、金融、投资等领域的相关理论知识，4、深厚的行业与公司研究能力，敏锐快捷的市场反应能力和较强的风险控制意识； 5、善于对宏观经济形势和股票市场进行深入分析，为客户提出行业配置以及投资策略建议；6、具有严密的逻辑思维和分析判断能力，良好的公众演讲能力和沟通能力；6、取得金融业专业资格认证者优先,。 业务助理职位描述/要求：1、做好销售经理安排的各项工作2、形象良好，沟通能力强，有稳定的客户资源者优先选用3、有较强的服务意识，善于沟通协调，能够适应高效率的工作环境4、工作积极主动，认真负责；做事有条理，善于处理繁杂事务5、虚心好学，善于思考，善于在工作中总结、改进和提高6、为人勤奋，自信，热情、有亲和力，具备很强的行动力、学习能力和自律性；7、组织开展广泛的市场调查活动，搜集客户的需求信息，掌握本行业的市场动态；·国内唯一可以一人同时兼作寿险、车险、财险、团体险及其他金融产品的平台！·这是一份可以终身从事事业而绝不仅仅是一份工作！薪酬待遇： 1 、责任底薪 + 初年度服务津贴 + 续年服务津贴 + 续期服务津贴 + 个人季度奖金 + 年终奖金 + 团队奖金 + 团队年终奖金 + 多项公司提供的国外旅游奖励。 2 、还可享受人身保障，医疗保险等各项福利待遇。 3 、为您提供完善的职业生涯计划，参加公司提供的各项系统封闭培训。 4、享有完全公开、公平、公正的晋升渠道、升迁机会把握在自己手中。                                                                           职位联系方式                                                      诚聘海归金融人才加盟，挑战百万年薪，获得创业成功机会！（公司目前已有数名海归人才依托公司综合金融业务平台，年薪已达到30万-50万，并向更高迈进！他们拥有自己的团队，自由的时间，快乐的心境！）公司地址：北京市朝阳区新源南路1-3号平安国际金融中心B座5层505室联系人：乜主任联系电话：010-52299486公司主页：www.pingan.com') ;
COMMIT;
INSERT INTO "User" ("Name","UserType","CreatedDatetime","UpdatedDatetime","Enabled")
                              VALUES ('615221324265040.htm',4,clock_timestamp(),clock_timestamp(),'t') ;
INSERT INTO "ZhilianUser" ("UserId","NickName","Type","Sex","City" ) VALUES(currval('"hero_reduce"."user_id_seq"'),'615221324265040.htm',0,'null','北京') ; INSERT INTO "JobPosition" ("UserId","Name","Address","Title","Salary","Description")
                          VALUES(currval('"hero_reduce"."user_id_seq"'),'615221324265040.htm','北京','证券总监/部门经理','10001-15000','薪酬待遇: 初级交易员：基本工资5000元+ 岗位补贴 600+ 提成20% + 年终奖 +五险（月收入大约10000--15000)中级交易员：基本工资10000元 + 岗位补贴600 + 提成30% + 年终奖 +五险（月收入大约15000-25000）高级交易员：基本工资15000元 + 岗位补贴600 + 提成50% + 年终奖+五险（月收入大约25000--45000）   培养方式 对于没有交易经验零基础学员，却对金融衍生品操作职位有兴趣者。公司愿意提供免费的培训。有专业的交易团队手把手带你走进交易市场。我们的培训交易团队有绝对的信心让你在培训期后，有自己的交易系统与理论，让你找到自己在交易市场的立足点，为公司和你个人创造更大的利益。   任职要求： 1、中专以上学历,金融专业优先，培训期间有大量的空余时间；2、热爱交易、对金融经济知识感兴趣；3、有很强的执行力，自制力强；日常生活有规律、有计划；4、有较强的学习能力，新知识的接受能力；5、抗压能力；6、耐心细致，有责任心，具有保密意识；7、对于基础薄弱或者无经验者有专业的入职培训；8、公司提供良好的晋升机制； 9.年龄在20--68周岁均可；  ​ 职位描述： 一、初级操盘手 1、无风险操作公司提供的资金帐户 2、把握市场机会，及时交易，确保账户达到稳定盈利，尽可能的达到利益最大化。   二、中级操盘手 1、无风险操作公司提供的资金帐户 2、有很强的分析能力，擅长并酷爱交易工作。 3、具有丰富的市场分析能力，做出每日交易计划，熟练掌握各种分析工具。 4、把握市场机会，及时交易，确保账户达到稳定盈利，尽可能的达到利益最大化。成为业内精英人才。   三、高级操盘手 1、负责公司指定大资金账户的无风险操作。 2、有很强的数据运算能力及宏观经济数据分析能力。  3、交易风格多样化，能承受较强的心理压力，能独立完成大资金账户操作，有稳定盈利交易记录者优先； 4、热衷于金融行业，关注全球金融走势，有交易的最新理念保持一致水准并有较高实操经验人士优先   职位优势:  本职位无工作时间、地点限制,能做网上交易即可，可在家操盘。灵活的晋升体系和广阔的发展空间，可兼职。   联系电话：15810986897 联系  人：毛经理 咨询 qq: 349719370                                                                              职位联系方式                                                       公司名称：北京盛业永信资产管理有限公司   公司地址：北京市朝阳区朝外大街乙6号朝外SOHOA座2502室    联系人：毛经理   联系电话：15810986897   咨询QQ：349719370（注明应聘咨询）') ;
COMMIT;
INSERT INTO "User" ("Name","UserType","CreatedDatetime","UpdatedDatetime","Enabled")
                              VALUES ('139720701250634.htm',4,clock_timestamp(),clock_timestamp(),'t') ;
INSERT INTO "ZhilianUser" ("UserId","NickName","Type","Sex","City" ) VALUES(currval('"hero_reduce"."user_id_seq"'),'139720701250634.htm',0,'null','北京-西城区') ; INSERT INTO "JobPosition" ("UserId","Name","Address","Title","Salary","Description")
                          VALUES(currval('"hero_reduce"."user_id_seq"'),'139720701250634.htm','北京-西城区','证券分析/金融研究','','岗位职责：   1、根据宏观经济环境和相关政策变化，负责股票二级市场分析； 2、对上市公司进行调研，撰写调研报告，提交公司投资研究联席会议讨论； 3、与证券公司研发部门和专业研究所保持密切联系，充分利用外部研究成果，获取对基金投资管理有价值的信息。     任职资格：  1、重点院校硕士及以上学历，经济金融或理工科相关复合专业背景优先； 2、具有2年以上相关行业研究分析经验，具有CFA资格者优先，有券商及基金公司等机构工作经验者优先； 3、具有较强的信息搜集能力、逻辑思维能力、分析判断能力、沟通表达能力和良好的团队合作精神。                                                                           职位联系方式                                                       公司名称：华商基金管理有限公司 公司地址：北京市西城区平安里西大街28号中海国际中心19层  传真： 公司主页：http://www.hsfund.com/                                                          查看职位地图') ;
COMMIT;
INSERT INTO "User" ("Name","UserType","CreatedDatetime","UpdatedDatetime","Enabled")
                              VALUES ('632971627250601.htm',4,clock_timestamp(),clock_timestamp(),'t') ;
INSERT INTO "ZhilianUser" ("UserId","NickName","Type","Sex","City" ) VALUES(currval('"hero_reduce"."user_id_seq"'),'632971627250601.htm',0,'null','北京-朝阳区') ; INSERT INTO "JobPosition" ("UserId","Name","Address","Title","Salary","Description")
                          VALUES(currval('"hero_reduce"."user_id_seq"'),'632971627250601.htm','北京-朝阳区','证券分析/金融研究','4001-6000','【岗位职责】1.热爱金融行业，有励志于长期发展这个行业的意愿；2.投融资项目尽职调查，可行性研究，风险评估和控制；3.负责筛选、编辑制作研究报告；4.对客户进行回访咨询服务工作；5.投融资方案和产品的设计和创新；6.负责对行情的分析及喊单；7.编写专业性文稿；8.宏观经济和行业研究；【任职资格】1、掌握经济学理论，有较强的信息搜集能力和数据处理能力，以及独立的行情研究和判断能力； 2、富有激情，较强的亲和力和感染力、良好的文字和语言表达能力、沟通能力，思维敏捷；3、能独立开展调查研究和专题研究工作，熟悉贵金属产业链，能独立撰写研发；4、熟悉双边市场，至少三年以上股票交易经验或一年以上双边市场交易经验。5、具有较强的行情把握能力和投资分析能力和客户沟通能力； 6、能持续性支持培训潜在客户或现有客户； 7、能够吃苦耐劳，有耐心！对于之前没有交易经验，但对金融交易方面产生浓厚兴趣的人才，公司会提供为期两周的免费带薪培训！大学生公司可提供实习或兼职机会！底薪（5000）+高提成+五险+带薪培训+定期旅游、聚餐+年终奖+终身免费晋升培训，收入上不封顶【福利待遇】1、条件符合者，公司将统一安排专业职业技能培训；2、签订全日制固定期限劳动合同、五险一金、底薪+奖金+补贴+绩效+团队业绩奖励；2、周末双休、法定节假日，圣诞、万圣、Bank Holiday休息3、做五休二、OFFICE作息时间，无需加班；4、正式员工享受带薪培训、带薪年假、定期体检，一年四次旅游，每月多聚餐游5、完善成熟的晋升渠道，专业的职业生涯规划，助你成为金融行业精英所述人员一经录用，公司提供完善的在职培训，并有广阔的个人发展空间。 公司名称：嘉城基业投资咨询(北京)有限公司公司地址：北京市朝阳区朝外大街3号山水广场B座804室(地铁六号线东大桥A口出向西走200米) 联系电话：18513315770 周经理公司主页：www.jiachengjiye.com                                                                           职位联系方式                                                       公司名称：嘉城基业投资咨询(北京)有限公司 公司地址：北京市朝阳区朝外大街3号山水广场B座804室(地铁六号线东大桥A口出向西走200米)  联系电话：18513315770 周经理 公司主页：www.jiachengjiye.com                                                          查看职位地图') ;
COMMIT;
INSERT INTO "User" ("Name","UserType","CreatedDatetime","UpdatedDatetime","Enabled")
                              VALUES ('000341300250195.htm',4,clock_timestamp(),clock_timestamp(),'t') ;
INSERT INTO "ZhilianUser" ("UserId","NickName","Type","Sex","City" ) VALUES(currval('"hero_reduce"."user_id_seq"'),'000341300250195.htm',0,'null','北京') ; INSERT INTO "JobPosition" ("UserId","Name","Address","Title","Salary","Description")
                          VALUES(currval('"hero_reduce"."user_id_seq"'),'000341300250195.htm','北京','证券分析/金融研究','','工作职责：★ 在金融和宏观经济、政策领域独立开展广泛的日常基础性研究；★ 在首席研究员或研究部主管领导下独立开展项目课题研究；★ 通过信息交流、合作、联络等方式，对市场部门提供研究支持；★ 主持公司宏观类日常文章的写作，并为这些产品提供独到的观点；★ 对公司研究部内部员工给予专业指导；★ 向首席研究员或研究部主管负责；能力要求：★ 硕士及以上文化程度，年龄32岁以上，经济、金融、国际政治、人文地理类专业最佳；★ 8年以上经济问题研究经历，长年关注财经和政策问题，并有良好的思考习惯；★ 对经济、政策问题有独到的观点，文字表达出色，语言表达能力强，有良好的英文水准；★ 应聘者如有较多研究成果者，有大量研究文章发表，可放宽学历限制；★ 有管理经验者优先考虑；★ 申请者如未符合高级研究员的条件，将考虑聘请为研究员或助理研究员；招聘程序：－ 应聘者可采用电子邮件、传真、信函等方式，将个人简历发给安邦咨询人力资源部； － 通过电子邮件发送简历时，请务必在邮件主题中注明关键词："姓名－应聘职位－来自某某招聘网"；－ 人力资源部收到应聘简历后会及时加以处理，通常2周内电话通知面试； － 通常我们有2次面试， 请应聘者做好准备，应聘者可以与负责通知您面试的工作人员协商面试时间； － 2周内没有收到面试通知的应聘者，我们会将您的简历存入公司人才库，待有新的招聘需求时，还会从中筛选合适人员； － 应聘者请勿直接来访特别提示：内容详尽的个人介绍，将有助于您获得申请的职位，因此，请在个人履历中附带照片、相关证明资料、期望的薪酬待遇和可入职时间，发送电子邮件至北京安邦咨询公司人力资源部：hr9@anbound.com;') ;
COMMIT;
INSERT INTO "User" ("Name","UserType","CreatedDatetime","UpdatedDatetime","Enabled")
                              VALUES ('000341300250196.htm',4,clock_timestamp(),clock_timestamp(),'t') ;
INSERT INTO "ZhilianUser" ("UserId","NickName","Type","Sex","City" ) VALUES(currval('"hero_reduce"."user_id_seq"'),'000341300250196.htm',0,'null','北京') ; INSERT INTO "JobPosition" ("UserId","Name","Address","Title","Salary","Description")
                          VALUES(currval('"hero_reduce"."user_id_seq"'),'000341300250196.htm','北京','证券分析/金融研究','','工作职责：★ 在高级研究员带领下进行项目研究；★ 在城市发展、政策领域或重点行业领域开展广泛的研究和分析；★ 执行项目研究和策略；★ 通过信息交流、合作、联络等方式，对市场部门提供研究支持；★ 参与公司研究产品内容的写作，并为这些产品提供独到的观点；能力要求：★ 国家重点大学（211工程）硕士毕业生，★ 专业领域为城市规划、区域经济、产业经济，经济地理学涉及城市社会学等方面；★ 应聘人应具备在研究领域或重点行业领域开展广泛的研究和分析的能力；★ 长期关注相关政策问题，具备较强的研究能力，善于学习，并有良好的思考习惯；★ 对经济、政策、行业发展问题有独到的观点，文字表达出色，语言表达能力强，有良好的英文更佳招聘程序：－ 应聘者可采用电子邮件、传真、信函等方式，将个人简历发给安邦咨询人力资源部； － 通过电子邮件发送简历时，请务必在邮件主题中注明关键词："姓名－应聘职位－来自某某招聘网"；－ 人力资源部收到应聘简历后会及时加以处理，通常2周内电话通知面试； － 通常我们有2次面试， 请应聘者做好准备，应聘者可以与负责通知您面试的工作人员协商面试时间； － 2周内没有收到面试通知的应聘者，我们会将您的简历存入公司人才库，待有新的招聘需求时，还会从中筛选合适人员； － 应聘者请勿直接来访特别提示：内容详尽的个人介绍，将有助于您获得申请的职位，因此，请在个人履历中附带照片、相关证明资料、期望的薪酬待遇和可入职时间，发送电子邮件至北京安邦咨询公司人力资源部：hr9@anbound.com;') ;
COMMIT;
INSERT INTO "User" ("Name","UserType","CreatedDatetime","UpdatedDatetime","Enabled")
                              VALUES ('688547724250047.htm',4,clock_timestamp(),clock_timestamp(),'t') ;
INSERT INTO "ZhilianUser" ("UserId","NickName","Type","Sex","City" ) VALUES(currval('"hero_reduce"."user_id_seq"'),'688547724250047.htm',0,'null','北京-朝阳区') ; INSERT INTO "JobPosition" ("UserId","Name","Address","Title","Salary","Description")
                          VALUES(currval('"hero_reduce"."user_id_seq"'),'688547724250047.htm','北京-朝阳区','股票/期货操盘手','10001-15000','龙腾万泰是一家专注于为企业、机构、VIP客户提供理财投资服务的公司，为国内投资者提供金融讲座和投资咨询的企业。也是具有国家人力资源部和社会保障部联合授权《国家贵金属交易师》北京市招生培训资质的投资管理公司。 岗位描述： 1、热爱交易、对金融经济知识感兴趣,对金融市场有浓厚的兴趣，立志在金融领域长期发展并有一翻建树的有志之士。  2、具有良好的学习能力与团队精神，果断、自信、接受新鲜事物能力强。  3、敢于挑战自我，勇于凭自己的努力和本领获得高收益。 4、无论你之前从事什么行业、学历如何，在这个行业里只要你敢于挑战自我，勇于探索并发现自己的潜力，高收益不是梦想。 5、理想的工作环境且公司内部气氛融洽，有灵活的晋升体系和广阔的前景。 6、提供免费的专业岗前培训，为您提供绝佳的职业发展机会。 任职资格： 1、年龄20～50之间、性别不限  2、中专以上学历（包括中专学历）,培训期间有大量的空余时间，对金融知识感兴趣；  3、有很强的执行力和自制力，日常生活作息规律；  4、有较强的学习能力，对于新知识有较强的接受能力；  5、心理稳定，耐心细致，有责任心，具有保密意识； 6、对于基础薄弱或无经验者有专业的入职培训。（有交易经验者可直接联系面谈。 薪资待遇： 初级交易员：5500底薪 + 提成20% + 节假日福利 + 年终奖 中级交易员：10000底薪 + 提成30% + 五险一金 + 节假日福利 + 年终奖+五险一金 高级交易员：15000底薪 + 提成40% + 五险一金 + 节假日福利 + 年终奖+五险一金 专业的技术培训、高端的交易系统，帮你完成成为交易大师的梦想！                  黄金外汇交易技术培训课程目录 (一) 黄金外汇交易初级课程 黄金市场交易基础 1- k线理论基础 2- 趋势的定义及趋势线的正确画法 3- 趋势反转定义，1-2-3法则应用 4- k线形态篇 5- 趋势指标布林带的应用 6- 趋势指标均线的应用葛兰维尔八大法则 7- 震荡指标macd的精解 8- 震荡指标kd的精解 9- 通道线的正确画法及应用 10- 2b法则的定律及应用 11- 短线交易系统               (二） 黄金外汇交易中级课程 1- 趋势交易系统 2- 波段交易系统 3- 箱体交易系统 4- 市场交易资金管理篇 5- 市场交易心理学 6- 交易系统独立开发的培养                  (三) 外汇黄金交易高级课程 1- 市场交易高级教学市场思想行为学 2- 外汇黄金交易高级晋级 3- 极速交易系统     注：老师在7月10日预测黄金未来走势，现在黄金按照预测，最低下探至1215，距离最终目标位1185只差一步之遥，在1340布局一手空单，现价可获利12500美金。                                                                            职位联系方式                                                      公司名称：龙腾万泰(北京)国际资产管理有限公司公司地址：北京市朝阳区农展馆南路13号 联系人：吴先生电话：15321214843/18001398403                                                          查看职位地图') ;
COMMIT;
INSERT INTO "User" ("Name","UserType","CreatedDatetime","UpdatedDatetime","Enabled")
                              VALUES ('382753918250414.htm',4,clock_timestamp(),clock_timestamp(),'t') ;
INSERT INTO "ZhilianUser" ("UserId","NickName","Type","Sex","City" ) VALUES(currval('"hero_reduce"."user_id_seq"'),'382753918250414.htm',0,'null','北京-西城区') ; INSERT INTO "JobPosition" ("UserId","Name","Address","Title","Salary","Description")
                          VALUES(currval('"hero_reduce"."user_id_seq"'),'382753918250414.htm','北京-西城区','证券分析/金融研究','','任职要求： 1. 本科及以上学历，金融、计算机、数学等相关专业。具备两年数据规划经验；2. 同时具备金融和计算机专业背景者优先考虑； 3. 熟练掌握应用 股票、期货、指数、港股、债券、基金、财报、全球行情、新闻资讯等两个以上领域的业务知识，熟悉其他两个以上领域的业务知识，有研究经历者尤佳；4. 熟练掌握SQL Server的基础查询操作，了解触发器；熟悉数据库表设计，独立完成表结构设计；5. 熟悉数据处理相关的方式和工具，了解软件开发流程，有数据分析处理经验者尤佳；6. 熟练使用WORD和EXCEL，能撰写清晰、严谨、全面的规划文档。 7. 责任心强，踏实细心，具有良好的沟通和团队合作能力，较强的学习和自我管理能力，适应复杂的工作任务，具有较好的抗压能力。 岗位职责： 1. 维护现有表结构：需求分析，跟踪业务变化，及时调整库表结构；修正不合理的校验规则和录入规则,优化表结构；分析解决数据错误和缺失等问题；2. 独立规划新业务：需求调研分析，设计表结构，制定校验规则和录入规则，进行多方沟通评审，处理升级反馈；  3. 独立完成中小型数据库产品（项目）或配合产品经理完成大型数据库产品（项目）；4. 以上工作均需要按照文档要求撰写清晰、严谨、全面的规划文档；5. 作为导师帮、带、教 新进的数据规划人员。                                                                              职位联系方式                                                      公司名称：上海恒生聚源数据服务有限公司公司地址：上海浦东新区峨山路91弄61号陆家嘴软件园10号楼7-8层 传真：公司主页：http://www.gildata.com/                                                          查看职位地图') ;
COMMIT;
INSERT INTO "User" ("Name","UserType","CreatedDatetime","UpdatedDatetime","Enabled")
                              VALUES ('552941729250101.htm',4,clock_timestamp(),clock_timestamp(),'t') ;
INSERT INTO "ZhilianUser" ("UserId","NickName","Type","Sex","City" ) VALUES(currval('"hero_reduce"."user_id_seq"'),'552941729250101.htm',0,'null','北京-海淀区') ; INSERT INTO "JobPosition" ("UserId","Name","Address","Title","Salary","Description")
                          VALUES(currval('"hero_reduce"."user_id_seq"'),'552941729250101.htm','北京-海淀区','证券分析/金融研究','','岗位职责： 1、新员工金融知识的培训，为主要工作内容； 2、同时研究资本市场，预测市场发展变化趋势，提供投资策略和建议； 3、建立相关资料库，跟踪投资组合，提供投资建议； 4、配合销售人员进行市场营销和客户培训，使客户达到收益。   岗位要求： 1、金融专业，具有大专或以上学历，热爱金融行业； 2、具有投资研究分析方面的工作经验，熟练掌握各类量化金融分析理论、模型与计算工具，熟练掌握市场分析工具，有较强的研究分析能力、文字能力和表达沟通能力； 3、对白银投资市场有较好的投资分析能力，能够准确的把握市场； 4、为人正直诚信，有高度的责任心和主动性，有良好的职业操守，有敏锐的判断力、独立的逻辑分析能力。 4、热爱投资，逻辑清晰，思维严密，具有团队合作精神，沟通能力强，能承受较强的工作压力，熟悉国内金融市场及各类证券产品及相关衍生品。  薪资待遇面议，公司业务繁忙，应聘者请来电咨询相关事宜！                                                                           职位联系方式                                                       公司名称：中鼎瑞达投资管理(北京)有限公司 公司地址：北京市海淀区上地三街（上地环岛西）金隅嘉华大厦D座401室  传真：57971807 公司主页：www.zdcf888.com 联系电话：010-56955522   联系人：赵女士                                                          查看职位地图') ;
COMMIT;
INSERT INTO "User" ("Name","UserType","CreatedDatetime","UpdatedDatetime","Enabled")
                              VALUES ('229340324250311.htm',4,clock_timestamp(),clock_timestamp(),'t') ;
INSERT INTO "ZhilianUser" ("UserId","NickName","Type","Sex","City" ) VALUES(currval('"hero_reduce"."user_id_seq"'),'229340324250311.htm',0,'null','北京') ; INSERT INTO "JobPosition" ("UserId","Name","Address","Title","Salary","Description")
                          VALUES(currval('"hero_reduce"."user_id_seq"'),'229340324250311.htm','北京','证券分析/金融研究','6001-8000','岗位职责：1、负责跟踪金融市场动态， 搜集、整理数据；2、负责提供信托产品研究报告、行业分析报告； 3、分析信托市场数据，撰写相关报告； 4、进行信托相关的专题研究，撰写专题研究报告；5、协助公司内部培训。 任职资格:1、全日制本科以上学历，金融学、经济学相关专业；2、具有金融领域研究经验或较好的数量研究基础；3、语言表达能力强，乐于与人沟通，形象气质较好；4、具备较好的领悟能力和总结能力；5、具备信托、券商、银行、基金公司投研、交易工作经验优先，也欢迎应届毕业生应聘。                                                                            职位联系方式                                                      公司名称：北京格上理财顾问有限公司公司地址：北京市朝阳区惠新里240号通联大厦一层 传真：64969088公司主页：http://www.licai.com                                                          查看职位地图') ;
COMMIT;
INSERT INTO "User" ("Name","UserType","CreatedDatetime","UpdatedDatetime","Enabled")
                              VALUES ('229340324250312.htm',4,clock_timestamp(),clock_timestamp(),'t') ;
INSERT INTO "ZhilianUser" ("UserId","NickName","Type","Sex","City" ) VALUES(currval('"hero_reduce"."user_id_seq"'),'229340324250312.htm',0,'null','北京') ; INSERT INTO "JobPosition" ("UserId","Name","Address","Title","Salary","Description")
                          VALUES(currval('"hero_reduce"."user_id_seq"'),'229340324250312.htm','北京','证券分析/金融研究','6001-8000','岗位职责： 1、负责跟踪PE行业动态，包括业内企业动态及行业发展动向； 2、参与业内企业的访谈及其它一手调研； 3、对行业数据及调研结果加以归纳、整理、分析； 4、完成PE行业的相关分析报告,撰写专题研究报告； 5、协助公司内部培训。 任职资格:1、全日制本科以上学历，金融学、经济学相关专业；2、具有金融领域研究经验或较好的数量研究基础；3、语言表达能力强，乐于与人沟通，形象气质较好；4、具备较好的领悟能力和总结能力；5、具备信托、券商、银行、基金公司投研、交易工作经验优先，也欢迎应届毕业生应聘。                                                                            职位联系方式                                                      公司名称：北京格上理财顾问有限公司公司地址：北京市朝阳区惠新里240号通联大厦一层 传真：64969088公司主页：http://www.licai.com                                                          查看职位地图') ;
COMMIT;
INSERT INTO "User" ("Name","UserType","CreatedDatetime","UpdatedDatetime","Enabled")
                              VALUES ('576522120250552.htm',4,clock_timestamp(),clock_timestamp(),'t') ;
INSERT INTO "ZhilianUser" ("UserId","NickName","Type","Sex","City" ) VALUES(currval('"hero_reduce"."user_id_seq"'),'576522120250552.htm',0,'null','北京-朝阳区') ; INSERT INTO "JobPosition" ("UserId","Name","Address","Title","Salary","Description")
                          VALUES(currval('"hero_reduce"."user_id_seq"'),'576522120250552.htm','北京-朝阳区','证券分析/金融研究','','岗位职责： 1. 建立集团公司金融风险管理的整体框架； 2. 建立集团公司金融风险文化，即时反映金融机构对待风险的策略； 3. 培育集团公司健康金融风险文化； 4. 制订集团公司风险管理目标、政策与策略； 5. 制订集团公司风险识别、风险评估、风险应对与控制； 6. 定时或不定时提出风险报告与监控; 7. 建立涵盖信用险、市场风险、操作风险、环境风险等在内的全面风险管理组织架构； 8. 定时提报资产质量和风险管理情况； 9. 建立风险管理人员和专业资深人士团队。 任职要求： 1. 本科以上学历，金融相关专业毕业；  2. 6~8年以上金融类行业工作经验，熟悉执行有关金融法规及政策制度，确保公司金融业务健康合规发展； 3. 熟悉框架管理流程和审查标准，并对资料判断、逻辑判断、审查等技巧和方式有丰富经验；  4. 熟悉公司风险及法务管理相关工作，具备一定的风险框架管理经验，具有较强的分析能力、文字表达能力、沟通协调能力以及组织能力；  5. 认同公司的发展战略，具有强烈的责任感和事业心，具有高度的敬业精神。                                                                             职位联系方式                                                       公司名称：北京大有兴达商业管理有限公司 公司地址：北京市朝阳区高碑店乡西店村A区4号楼3门 北京市朝阳区百子湾路苹果社区北区3号楼A座612/615室 传真： 公司主页：www.fortunexd.com                                                          查看职位地图') ;
COMMIT;
INSERT INTO "User" ("Name","UserType","CreatedDatetime","UpdatedDatetime","Enabled")
                              VALUES ('365233427250625.htm',4,clock_timestamp(),clock_timestamp(),'t') ;
INSERT INTO "ZhilianUser" ("UserId","NickName","Type","Sex","City" ) VALUES(currval('"hero_reduce"."user_id_seq"'),'365233427250625.htm',0,'null','北京-朝阳区') ; INSERT INTO "JobPosition" ("UserId","Name","Address","Title","Salary","Description")
                          VALUES(currval('"hero_reduce"."user_id_seq"'),'365233427250625.htm','北京-朝阳区','证券分析/金融研究','','市场研究  副经理（1名）  岗位职责：  1.   整理收集市场调研信息，分析调研资料，并形成可行性规划报告；  2.   根据市场调研业务的需要以及公司内部的研究需要撰写行业分析报告；  3.   把握私募基金、投资行业的发展动态，收集行业数据，对金融行业的企业、媒体进行调研分析，为公司自身的发展和业务的需要提供研究资讯；  4.   对拟开发项目进行专项市场研究，独立撰写市场分析报告及商业计划书；  5.   与上级公司进行有关企业战略、经营分析、商业计划等相关业务的衔接。  任职职格：  1.   本科或以上学历，5年以上市场分析或战略规划咨询岗位工作经验；  2.   有各地区政府、事业单位人脉的优先考虑；  3.   对金融行业发展状况有深刻的理解；  4.   良好的中文书面及口头表达能力，良好的报告撰写能力，能与大客户或中高层领导进行较好的交流和沟通；  5.   熟练操作Micro Office等办公软件，良好的PPT制作功底；  6.   良好的学习能力和强烈的进取心，思维缜密、思路清晰，注重细节，较好的逻辑分析能力。                                                                            职位联系方式                                                      公司名称：北京貔亿投资管理有限公司公司地址：北京市朝阳区东三环北路甲19号嘉盛中心29层 传真：公司主页：http://www.dkicap.com') ;
COMMIT;
INSERT INTO "User" ("Name","UserType","CreatedDatetime","UpdatedDatetime","Enabled")
                              VALUES ('150287814250514.htm',4,clock_timestamp(),clock_timestamp(),'t') ;
INSERT INTO "ZhilianUser" ("UserId","NickName","Type","Sex","City" ) VALUES(currval('"hero_reduce"."user_id_seq"'),'150287814250514.htm',0,'null','北京-朝阳区') ; INSERT INTO "JobPosition" ("UserId","Name","Address","Title","Salary","Description")
                          VALUES(currval('"hero_reduce"."user_id_seq"'),'150287814250514.htm','北京-朝阳区','证券/期货/外汇经纪人','8001-10000','初级交易员：1.接受免费统一的学习培训和模拟训练；2.成绩优秀的操盘手将逐步晋升为中级、高级操盘手；3.级别越高，机会越多，收入越高。4.有较强的学习能力、分析能力、风险控制能力。5.年龄20至50之间，大专以上学历，有经验者优先。6.爱岗敬业，诚实负责者优先录用。   职位待遇：基本工资5000 + 提成20%-30% + 节假日福利 + 年终奖 +五险一金 （月收入大约8000--15000） 中级交易员：1.有强烈的以交易为生，希望成为交易高手的意愿；2.可承受较大心里压力，有很强的自我调控能力，纪律严格；3.对公司资高度负责，严格执行安全控制；4.以稳定盈利为最高目标。5.热衷于金融行业的有经验人士，有意与国际经济及货币交易的最新理念保持一致水准，并关注全球外汇实时走势6.敢于迎接挑战、能独立承受压力、完成公司交赋的工作任务7.有很强的分析能力，擅长并酷爱操盘工作8.具有自信、冷静、理智、果断、坚定、胆识等操盘手所要求具备的各项品质  职位待遇：基本工资10000 + 提成30%-40% + 节假日福利 + 年终奖 +五险一金 （月收入大约15000--30000）高级交易员： 1.负责公司指定客户账户或配资账户的资金运作2.分析行情，做出每日交易计划。3.配合培训讲师完成新入司员工的实盘交易辅导。4.把握市场机会，及时交易，确保账户达到稳定盈利，尽可能的达到利益最大化。5.专业不限，经济类、理工类专业优先。6.人品端正，谦虚好学，自信果敢。7.有很强的数据运算能力及宏观经济数据分析能力。8.熟悉双边市场，至少三年以上股票交易经验或一年以上双边市场交易经验。  职位待遇：基本工资15000 + 提成40%-50% + 节假日福利 + 年终奖 +五险一金 （月收入大约20000--50000）   对于没有交易经验，却对金融衍生品操作职位有兴趣者。公司愿意提供免费的培训。有专业的交易团队手把手带你走进交易市场。我们的培训交易团队有绝对的信心让你在培训期后，有自己的交易系统与理论，让你找到自己在交易市场的立足点。成为我公司的优秀交易员。希望对金融行业有兴趣的应聘者积极与我们的HR联系，了解公司情况，招聘情况及与工作有关的相关问题。  公司地址：北京市朝阳区时间国际A座2601、2609室 乘车路线： 地铁10号线三元桥站D口出（地铁门口有标识牌）或A口出（经过凤凰汇购物商业街左转即是时间国际） 公司网址：http://www.bj-lyjt.com/ 联系人：张经理 联系电话: 18612554442 QQ：770638770      工作内容：1.接受公司培训。（有经验者可不接受培训，详情面谈。）2.部分初级交易员需要参加交易员晋级培训。每月一次。3.盯盘频率：至少每15分钟一次。每日交易时间至少6小时。4.高执行力：关注每次交易系统给出的进场，出场信号，并按照信号指示进行建仓，平仓操作。（交易系统会在培训期间给予指导。）5.交易报告：报告时间，每星期一。交易员需要在每个星期一上交一份交易报告，对上星期的盈利，亏损情况做错总结。如有大额（20%以上）的盈利或亏损，需要与其所在交易团队经理进行面谈。6.亏损总结：总结时间，每星期一次，要与交易报告一同上交。总结内容：对上星期所有亏损的交易作出客观总结。如因交易系统漏洞亏损为正常。如因个人情绪不稳定导致亏损，需要与其所在交易部经理进行面谈。职位要求：年龄：20岁-40岁之间。性别：不限。户籍：不限。学历：大专以上（包括大专），有交易经验者面谈。工作经验：不限。（70%的求职者均会得到面试的机会，面试通过后公司会予安排培训。）其它素质：1.对于金融行业有极高的兴趣。2.性格沉稳，情绪不易产生较大波动。3.有极强的时间观念。（交易员的工作性质对于时间和空间上没有要求，相对自由，需要自我约束。）4.对资金流动有较强的驾驭能力。5.能够尽量客观的看待事物的发展。什么是交易员：交易员———其实是一件非常具有艺术性的工作，它是市场的参与者基于对市场的认知、判断而进行的资金、心理博弈。操盘手中，大多性格沉稳，思维独立富有主见，言语缜密。这种性格很多并不是他们的本性，只不过是因为选择了这一职业的原因。守口如瓶是一个职业操盘手最起码的素质。由于动辄就要操纵上亿元的资金，一直以来，外界总有一种误解：成功的交易员都是那些拥有高学位的名牌大学高材生，交易者必须绞尽脑汁才能获利。其实，操盘绝不是学术研究。 跟一般人想象的不同，操盘手每天的生活既不紧张也不神秘，更多的是需要细心，然后剩下的就是枯燥了，因为操作时整天都要盯着走势图。当然压力也很大，因为委托方不仅要求达到每个项目的利润最大化，还要求做到每个阶段利润的最大化。 交易员是个新词，它是随着股市的开启而走进中国人生活的。它的诞生标志着中国经济的变化。交易员不是炒手，他们是不炒单的，因为主力资金不需要炒单，他们做的是趋势，他们的目的是控制盘面而不是靠微小的点差来积累盈利。从一名普通的期货投资者到一名优秀的交易员任职要求：第一，以此为业，栽过跟头，但仍痴心不改，喜欢交易，屡败屡战。交易员是职业交易员，不是票友。专业和业余不可同日而语。在任何一个行业中要取得成功，喜欢此行业并全身心地投入是必不可少的条件。第二，认错不服输，虚心学习，认真总结反思。这是优秀交易员的特质。有信心但不自高自大，精神自由但又遵守纪律，对市场充满了敬畏之心，随时随地听从市场的召唤，绝不会对市场说三道四，幻想着市场会听从自己的意愿。建仓，吸筹，拔高，回档，出货，清仓———是一个交易员的日常工作。交易员泛指金融证券期货市场中受计划指定买卖品种的人。由于动辄就要操纵上亿元的资金，一直以来，外界总有一种误解：成功的交易员都是那些拥有高学位的名牌大学高材生，交易者必须绞尽脑汁才能获利。其实，交易绝不是学术研究。跟一般人想象的不同，交易员每天的生活既不紧张也不神秘，更多的是需要细心，然后剩下的就是枯燥了，因为操作时整天都要盯着走势图。当然压力也很大，因为委托方不仅要求达到每个项目的成本最小化，还要求做到每个阶段利润的最大化。 交易员的九大要点一、正确认识自己，评估自己现在的实际水平；二、在第一步的基础上制定自己补习的方向和内容；三、寻找自己所缺乏的书本知识和真正有好技术又能教授你的老师；四、连续熟读和记忆这些有用的技巧；五、从行情中印证这些新学的东西，改良书本知识为实战内涵；六、大量地看图形和技术分析指标，把形态，成交量等重要的技术学好；七、大量的模拟和训练，以及大胆预测，把自己对大盘分析和个股做出记录，把理由写清楚；八、总结自己学习和实战成果，并作记录背熟，将之变成理论的依据，总结并写出来，系统化、简单化。九、严格意义上，说操盘手只是一个大项目的具体执行者，而且是一个不折不扣的落实人。在执行过程中不得有任何思想的干扰或影响对该项目的执行。                                                                                职位联系方式                                                       公司地址：北京市朝阳区时间国际A座2601、2609室 乘车路线： 地铁10号线三元桥站D口出（地铁门口有标识牌）或A口出（经过凤凰汇购物商业街左转即是时间国际） 公司网址：http://www.bj-lyjt.com/ 联系人：张经理 联系电话: 18612554442 QQ：770638770                                                           查看职位地图') ;
COMMIT;
INSERT INTO "User" ("Name","UserType","CreatedDatetime","UpdatedDatetime","Enabled")
                              VALUES ('540736422252719.htm',4,clock_timestamp(),clock_timestamp(),'t') ;
INSERT INTO "ZhilianUser" ("UserId","NickName","Type","Sex","City" ) VALUES(currval('"hero_reduce"."user_id_seq"'),'540736422252719.htm',0,'null','北京-朝阳区') ; INSERT INTO "JobPosition" ("UserId","Name","Address","Title","Salary","Description")
                          VALUES(currval('"hero_reduce"."user_id_seq"'),'540736422252719.htm','北京-朝阳区','实习生','2001-4000','中国新秀外汇市场作为一个国际性的资本投资、投机市场，其历史性要比股票、黄金、期货、利息市场短的多，然而它却以惊人的速度发展，时至今日全球外汇市场每天的交易额已达4万亿美元，其规模远远超过股票期货等其他金融商品市场，已成为当今全球最大的金融市场。    对于没有交易经验却对金融市场充满兴趣的你，公司提供免费的培训和团队培养，旨在为想在金融舞台上展露头角的你一个学习和提升的平台！    【外汇市场特点】：    1、4万亿美元的日成交量； 2、买卖国家货币和经济；  3、简单、透明、无庄家操纵； 4、10~400倍杠杆； 5、T+0交易；  6、可以双向交易，买多和做空； 7、24小时不间断交易。    【职位描述】：   1、公司提供专业化系统化培训，一对一的技术指导和操作讲解，跟随公司资深的培训讲师学习外汇黄金交易的基本知识； 2、在轻松的氛围中学习交易的基本知识和技术分析； 3、开立模拟账户练习技术水平，提升技术分析能力； 4、分析外汇、黄金等行情，做出准确判断。    【我们提供】：   1、良好的培训机会，邀请国家著名经济评论员培训宏观经济，外汇交易、本币市场、货币市场、银行资金业务等领域的培训课程；  2、交易体系的建立、行业相关知识的了解及广阔的发展平台；  3、良好的的工作和学习氛围，人性化、宽松的办公环境；  4、有机会与高端项目经理和金融专家进行交流，参与课题研究；  5、具有竞争力的薪酬与福利体系；  6、正式进入公司，会视培训期表现，给予现金奖励。 【职位要求】：   1、大专以上学历,金融专业优先，培训期间有大量的空余时间； 2、热爱金融投资市场、对金融经济知识感兴趣； 3、有很强的执行力，自制力强，日常生活有规律、有计划； 4、有较强的学习能力，新知识的接受能力； 5、抗压能力较强。  6,实习生每周上岗最少4天，实习期两个月以上。    面试要求：不提供视频或者电话面试，只能到北京参加一对一面试，不能来北京者请勿投递，面试通过后培训可做延期。    公司地址：北京市朝阳区东大桥路尚都国际中心1505室  乘车路线： 地铁6号线东大桥A口出南行，过十字路口100米。或地铁1号线永安里站B口出北行，公交车126、120、403、43、28路芳草地站下，两站地。  公司网址：http://www.xindaboyu.com/                                                                            职位联系方式                                                      公司名称：北京鑫达博裕投资咨询有限公司公司地址：北京市朝阳区东大桥8号尚都国际中心1505 联 系 人；赵经理 联系电话；010-57260652    15311641831 联 系 Q  Q;2901965479（注明应聘咨询）   联 系 人；程经理 联系电话；010-57103457   15300319234 联 系 Q  Q;787616605（注明应聘咨询）') ;
COMMIT;
INSERT INTO "User" ("Name","UserType","CreatedDatetime","UpdatedDatetime","Enabled")
                              VALUES ('615221324265138.htm',4,clock_timestamp(),clock_timestamp(),'t') ;
INSERT INTO "ZhilianUser" ("UserId","NickName","Type","Sex","City" ) VALUES(currval('"hero_reduce"."user_id_seq"'),'615221324265138.htm',0,'null','北京') ; INSERT INTO "JobPosition" ("UserId","Name","Address","Title","Salary","Description")
                          VALUES(currval('"hero_reduce"."user_id_seq"'),'615221324265138.htm','北京','证券总监/部门经理','10001-15000','薪酬待遇: 初级交易员：基本工资5000元+ 岗位补贴 600+ 提成20% + 年终奖 +五险（月收入大约10000--15000)中级交易员：基本工资10000元 + 岗位补贴600 + 提成30% + 年终奖 +五险（月收入大约15000-25000）高级交易员：基本工资15000元 + 岗位补贴600 + 提成50% + 年终奖+五险（月收入大约25000--45000）   培养方式 对于没有交易经验零基础学员，却对金融衍生品操作职位有兴趣者。公司愿意提供免费的培训。有专业的交易团队手把手带你走进交易市场。我们的培训交易团队有绝对的信心让你在培训期后，有自己的交易系统与理论，让你找到自己在交易市场的立足点，为公司和你个人创造更大的利益。   任职要求： 1、中专以上学历,金融专业优先，培训期间有大量的空余时间；2、热爱交易、对金融经济知识感兴趣；3、有很强的执行力，自制力强；日常生活有规律、有计划；4、有较强的学习能力，新知识的接受能力；5、抗压能力；6、耐心细致，有责任心，具有保密意识；7、对于基础薄弱或者无经验者有专业的入职培训；8、公司提供良好的晋升机制； 9.年龄在20--68周岁均可；  ​ 职位描述： 一、初级操盘手 1、无风险操作公司提供的资金帐户 2、把握市场机会，及时交易，确保账户达到稳定盈利，尽可能的达到利益最大化。   二、中级操盘手 1、无风险操作公司提供的资金帐户 2、有很强的分析能力，擅长并酷爱交易工作。 3、具有丰富的市场分析能力，做出每日交易计划，熟练掌握各种分析工具。 4、把握市场机会，及时交易，确保账户达到稳定盈利，尽可能的达到利益最大化。成为业内精英人才。   三、高级操盘手 1、负责公司指定大资金账户的无风险操作。 2、有很强的数据运算能力及宏观经济数据分析能力。  3、交易风格多样化，能承受较强的心理压力，能独立完成大资金账户操作，有稳定盈利交易记录者优先； 4、热衷于金融行业，关注全球金融走势，有交易的最新理念保持一致水准并有较高实操经验人士优先   职位优势:  本职位无工作时间、地点限制,能做网上交易即可，可在家操盘。灵活的晋升体系和广阔的发展空间，可兼职。   联系电话：15810986897 联系  人：毛经理 咨询 qq: 349719370                                                                              职位联系方式                                                       公司名称：北京盛业永信资产管理有限公司   公司地址：北京市朝阳区朝外大街乙6号朝外SOHOA座2502室    联系人：毛经理   联系电话：15810986897   咨询QQ：349719370（注明应聘咨询）') ;
COMMIT;
INSERT INTO "User" ("Name","UserType","CreatedDatetime","UpdatedDatetime","Enabled")
                              VALUES ('675733624250161.htm',4,clock_timestamp(),clock_timestamp(),'t') ;
INSERT INTO "ZhilianUser" ("UserId","NickName","Type","Sex","City" ) VALUES(currval('"hero_reduce"."user_id_seq"'),'675733624250161.htm',0,'null','北京') ; INSERT INTO "JobPosition" ("UserId","Name","Address","Title","Salary","Description")
                          VALUES(currval('"hero_reduce"."user_id_seq"'),'675733624250161.htm','北京','股票/期货操盘手','','岗位职责：1.负责公司指定客户账户或配资账户的资金运作。2.具有丰富的市场分析能力，做出每日交易计划，熟练掌握各种分析工具。3.配合培训讲师完成新入公司员工的实盘交易辅导。4.把握市场机会，及时交易，确保账户达到持续稳定盈利，尽可能的达到利益最大化。岗位要求： 1、热爱金融行业，对国内金融市场有独到的观点，良好的逻辑思路能力。2、专业不限，经济类、理工类，或有相关培训经历、工作经验的优先。3、人品端正，谦虚好学，自信果敢。4、热爱并喜欢从事金融行业，勤奋踏实，有远见卓识，并致力于伴随国内的金融市场逐渐发展。5、有稳定的盈利能力、专业的分析能力，熟悉基本面，技术面的各方面的知识。    联系方式公司名称：北京金慧通投资管理有限公司公司地址：北京市朝阳区建国路88号soho现代城A座2606公司电话：010-53399075 公司邮箱：jht-bj@hotmail.com                                                                                                                     职位联系方式                                                      公司名称：北京金慧通投资管理有限公司  公司地址：北京市朝阳区建国路88号soho现代城A座2606  公司电话：010-53399075   公司                                                             查看职位地图') ;
COMMIT;
INSERT INTO "User" ("Name","UserType","CreatedDatetime","UpdatedDatetime","Enabled")
                              VALUES ('675733624250162.htm',4,clock_timestamp(),clock_timestamp(),'t') ;
INSERT INTO "ZhilianUser" ("UserId","NickName","Type","Sex","City" ) VALUES(currval('"hero_reduce"."user_id_seq"'),'675733624250162.htm',0,'null','北京') ; INSERT INTO "JobPosition" ("UserId","Name","Address","Title","Salary","Description")
                          VALUES(currval('"hero_reduce"."user_id_seq"'),'675733624250162.htm','北京','证券分析/金融研究','','岗位职责：  1、熟悉金融市场，具备基本的金融知识和分析技巧。  2、负责为客户提供各种理财咨询、建议服务；  3、学习金融、经济新闻事件，了解市场行情的不断变化。  4、完成部门每天要求的学习任务以及工作任务。        任职要求：  1、18-25岁、五官端正，性格开朗，大专以上学历；  2、对金融行业有浓厚兴趣，金融、国际贸易，市场营销、工商管理等相关专业优先；  3、有良好的沟通能力，很好的亲和力和较强的人际交往能力；  4、守纪侓和行业规范，能接受严格专业培训，具有敬业精神及团队合作意识；  5、谦虚好学，思维敏捷、具有良好的心里素质。              联系方式  公司名称：北京金慧通投资管理有限公司  公司地址：北京市朝阳区建国路88号soho现代城A座2606  公司电话：010-53399075   公司邮箱：jht-hr@hotmail.com                                                                                 职位联系方式                                                                                                                查看职位地图') ;
COMMIT;
INSERT INTO "User" ("Name","UserType","CreatedDatetime","UpdatedDatetime","Enabled")
                              VALUES ('675733624250163.htm',4,clock_timestamp(),clock_timestamp(),'t') ;
INSERT INTO "ZhilianUser" ("UserId","NickName","Type","Sex","City" ) VALUES(currval('"hero_reduce"."user_id_seq"'),'675733624250163.htm',0,'null','北京') ; INSERT INTO "JobPosition" ("UserId","Name","Address","Title","Salary","Description")
                          VALUES(currval('"hero_reduce"."user_id_seq"'),'675733624250163.htm','北京','证券分析/金融研究','','岗位职责  1、熟悉国际及国内金融市场，分析相关的行业信息数据,为客户提供投资建议  2、较强的行情把握能力和投资分析能力。  3、熟悉金融衍生品市场,能及时把握各方面信息,有敏锐的视角,独特的见解  4、为客户提供金融投资咨询，以及全球市场行情和评论，提供专业的投资分析报告；  5、接受客户咨询，辅导客户进行投资理财。  6、为投资者进行金融投资培训和操作指导及其他日常服务。     任职要求  1：18-30岁海外留学生、硕士以上学历  2：五官端正、性格开朗、思维敏捷、有良好的沟通与表达能力  3：熟悉国际金融交易体系 、了解国际金融衍生品市场  4：金融、经济学或数学专业、有国际金融衍生品交易经验者优先；  5：热爱并喜欢从事金融行业，勤奋踏实，有远见卓识，并致力于伴随国内的金融市场逐渐发展。              联系方式  公司名称：北京金慧通投资管理有限公司  公司地址：北京市朝阳区建国路88号soho现代城A座2606  公司电话：010-53399075   公司邮箱：jht-hr@hotmail.com                                                                                 职位联系方式                                                                                                                查看职位地图') ;
COMMIT;
INSERT INTO "User" ("Name","UserType","CreatedDatetime","UpdatedDatetime","Enabled")
                              VALUES ('317344619250298.htm',4,clock_timestamp(),clock_timestamp(),'t') ;
INSERT INTO "ZhilianUser" ("UserId","NickName","Type","Sex","City" ) VALUES(currval('"hero_reduce"."user_id_seq"'),'317344619250298.htm',0,'null','北京-西城区') ; INSERT INTO "JobPosition" ("UserId","Name","Address","Title","Salary","Description")
                          VALUES(currval('"hero_reduce"."user_id_seq"'),'317344619250298.htm','北京-西城区','证券分析/金融研究','8000-15000','1.利用公司网络平台，每日对股票大盘走势进行分析讲解； 2.对某一支股票持有个人独特的见解，能够较准确预测未来趋势； 3.及时、专业地解答客户提出的各种股票交易方面的问题； 4.根据每日盘面行情，收集并分析市场数据； 5.根据操盘经验及交易技巧，协助公司做好内部培训及经验交流； 6.有在网络课堂讲课经验者优先录用； 7.有客户资源者优先录取。                                                                           职位联系方式                                                       公司名称：北京联众创富投资管理有限公司 公司地址：北京市西城区西环广场塔2座15楼C9  传真：010-58301431 公司电话：010-56126979 公司主页：www.lzcf.com.cn') ;
COMMIT;
INSERT INTO "User" ("Name","UserType","CreatedDatetime","UpdatedDatetime","Enabled")
                              VALUES ('135038057250641.htm',4,clock_timestamp(),clock_timestamp(),'t') ;
INSERT INTO "ZhilianUser" ("UserId","NickName","Type","Sex","City" ) VALUES(currval('"hero_reduce"."user_id_seq"'),'135038057250641.htm',0,'null','北京-朝阳区') ; INSERT INTO "JobPosition" ("UserId","Name","Address","Title","Salary","Description")
                          VALUES(currval('"hero_reduce"."user_id_seq"'),'135038057250641.htm','北京-朝阳区','股票/期货操盘手','6001-8000','股神巴菲特这样说过：一生能够积累多少财富，不取决于你能够赚多少钱，而取决于你如何投资理财，钱找人胜过人找钱，要懂得钱为你工作，而不是你为钱工作。 什么是交易员：  交易员是个新词，它是随着股市的开启而走进中国人生活的。它的诞生标志着中国经济的变化。 建仓，吸筹，拔高，回档，出货，清仓———是一个交易员的日常工作。 交易——游走在投资与投机之间，徜徉于现实与理想之巅，融汇于艺术与技术之湾，它是人类社会对于资金和心理博弈的最直接体现，完美的展现了灵长类之魂创造与行动的宣言，是你实现人生理想的最后一环。 你是否对交易存在浓厚兴趣呢？是否苦于徘徊在交易之河的彼岸而寻不见前路呢？现在机会来到了你的面前 -- 北京融控资本管理有限公司愿意提供免费的培训，带你横越财务自由的天堑，来到人生梦想的顶端。我们有专业的交易团队手把手带你走进交易市场。希望对金融行业有兴趣的你积极与我们电话或邮件联系，了解公司情况，招聘情况及与工作有关的相关问题。 注   无需交易员外出寻找客户，只需操作公司账户即可   交易员的3个特质 1.要有一点精神。人如果没有一股劲，一股气，就什么事情也做不成。在期货投资上就得有一种愚公精神，傻子精神。所谓愚公精神，就是一种不达目的不罢休，自信能成功，不惟书本、不惟专家，只惟实际的精神。所谓傻子精神，就是我不吃亏谁吃亏，我不下地狱谁下地狱的精神。从不斤斤计较，因小失大。傻子精神还体现在对规矩对原则的坚持上，只见义不惟利，不患得患失。傻子精神，就是一种勇往直前的拼劲，对认准的事，绝不犹犹豫豫、畏首畏尾，言必行、行必果的敢担当精神。敢不敢下决断是失败的投资人和优秀交易员的分水岭。  2.要讲一点方法。学贵得法，有勇还须得有谋。金融投资不是蛮干，关键要反思、要总结、要学习。人们来期货市场投资，目的是赚钱。为了赚钱，就得思考为什么会赔钱？什么情况下赔小钱？什么情况下赔大钱？什么情况下反复赔钱？如果能把这些问题琢磨透了，就一定能够找到期货市场中最基本、最核心的不赔钱规律。也只有不赔钱了，赚钱才能成为惟一的选项。从本质上讲，优秀交易员的过人之处表现在稳健和谨慎上。  3.炼金术就是炼心术。世上无难事，只怕有心人。对一个优秀交易员来说，如何控制“心”的能力，其重要性远远超过如何运用“脑”的能力。如果交易员被期价的大幅波动所影响，不由自主地产生一种不按计划操作的冲动，让价格牵着鼻子走。优秀的交易员是该买就买，不该买绝不买，该买多少就买多少，赚了不过喜，赔了不过悲，赚得明白，赔得清楚，心平气和，处之泰然。  对于没有交易经验，却对金融衍生品操作职位有兴趣者，公司愿意提供免费的培训，有专业的交易团队手把手带你走进交易市场，我们的培训交易团队有绝对的信心让你在培训期后，有自己的交易系统与理论，让你找到自己在交易市场的立足点。成为我公司的优秀交易员。 初级交易员职位要求(可实习） 1、负责公司指定客户账户或配资账户的资金运作。 2、把握市场机会，及时交易，使账户达到稳定盈利。 3、专业不限，金融专业优先。 4、人品端正，谦虚好学，自信果敢。 5、对金融市场有浓厚的兴趣，有股票、期货等投资经验者优先。 6、公司提供完善免费的交易培训。 工资待遇：5000 底薪 + 提成20%--40% + 培训补助 + 年终奖 月薪可达7000元以上  中级交易员职位要求 1、有强烈的以交易为生，希望成为交易高手的意愿。 2、可承受较大心理压力，有很强的自我调控能力，纪律严格。 3、对公司资高度负责，严格执行安全控制。 4、以稳定盈利为最高目标。 工资待遇：10000 底薪 + 提成20%--40% + 培训补助 + 五险一金 + 年终奖 月薪可达到12000-15000元。 高级交易员职位要求 1、负责公司指定客户账户或配资账户的资金运作。 2、分析行情，做出每日交易计划。 3、配合培训讲师完成新入司员工的实盘交易辅导。 4、把握市场机会，及时交易，确保账户达到稳定盈利，尽可能的达到利益最大化。 5、专业不限，经济类、理工类专业优先。 6、人品端正，谦虚好学，自信果敢。 7、有很强的数据运算能力及宏观经济数据分析能力。 8、熟悉双边市场，至少三年以上股票交易经验或一年以上双边市场交易经验。 9、公司提供完善的交易培训.。 工资待遇：15000底薪 + 提成20%--40% + 培训补助 + 五险一金 + 年终奖 月薪可达到2-3万元。  没有经验渴望成为精英一族的  任职要求： 1、热爱金融行业，有强烈的意愿进入金融投资领域，渴望成为金融职场中的精英一族。 2、具有良好的自我学习能力与团队合作精神。 3、具有良好的职业操守，有强烈的责任感。 4、敢于挑战自我，勇于凭自己的努力和本领获得高收益。 享受待遇： 1、 接受免费统一的学习培训和模拟训练。 2、 成绩优秀的操盘手将逐步晋升为中级、高级交易员。 3、 级别越高，机会越多，收入越高。 (本职位无工作时间，地点限制，能做网上交易即可，可在家操作）                                                                            职位联系方式                                                       人事经理：陈经理公司网址：http://www.bj-lyjt.com 联系电话：010-57349909  15811512051公司地址：北京市朝阳区时间国际大厦A座2601室公司名称：深圳市龙阳商务咨询有限公司北京第一分公司 各求职者请注意可把简历发至公司                                                          查看职位地图') ;
COMMIT;
INSERT INTO "User" ("Name","UserType","CreatedDatetime","UpdatedDatetime","Enabled")
                              VALUES ('178806528251802.htm',4,clock_timestamp(),clock_timestamp(),'t') ;
INSERT INTO "ZhilianUser" ("UserId","NickName","Type","Sex","City" ) VALUES(currval('"hero_reduce"."user_id_seq"'),'178806528251802.htm',0,'null','北京-朝阳区') ; INSERT INTO "JobPosition" ("UserId","Name","Address","Title","Salary","Description")
                          VALUES(currval('"hero_reduce"."user_id_seq"'),'178806528251802.htm','北京-朝阳区','证券/期货/外汇经纪人','5000-10000','薪酬回报：初级分析师：5000 底薪 + 提成20%+ 节假日福利 + 年终奖 月薪可达8000元以上中级分析师：10000底薪+ 提成30%+五险一金+节假日福利+年终奖  月薪可达15000元以上高级分析师：15000底薪+ 提成40%+五险一金+节假日福利+年终奖 月薪可达20000至30000元以上职位描述:交易员就是在金融市场做投机，低买高卖赚取金融产品差价。投机一词在中国人眼里是贬义词，及投机倒把或者投机取巧，其实投机词是中性词，真正的含义是利用智慧来赚钱。金融市场的投机是这样的：公众们都认为投机是一种预知未来，去知晓那些无法知晓的游戏。他们错了，其实这是运用成功的投资策略抓住你身边的机会并去实现它的一种游戏。低买高卖这个大家都知道。金融产品包括：股票、期货、黄金、白银、外汇等产品。岗位职责职位描述：1、接受公司培训（带薪）,有经验者可不接受培训，详情面谈。2. 公司出资，为公司的账户进行交易盈利；3、每个月进行交易总结，即时准确汇报公司各项账户信息；4、时刻关注公司账户操作品种的价格变动和相关重要资讯；任职资格：1、热爱交易、对金融经济知识感兴趣；2、有很强的执行力，自制力强；3、有较强的学习能力，新知识的接受能力4、学历：大专以上【包含大专】5、年龄：20岁--40岁之间 6、工作经验： 不限；了解公司其他招聘信息请点击......升至空间：1、清晰明确的晋升空间：初级交易员—中级交易员－高级交易员—交易辅导员—交易经理－交易总监；2、针对高级管理岗位公司采用内部提拔方式，不采用空降或外部招聘等方式，给内部优秀的员工提供了良好的晋升通道。联系方式公司名称：江西亿汇投资有限公司北京投资管理分公司公司地址：北京市朝阳区东三环中路25号住总大厦地铁十号线金台夕照站D口往南100米公司主页：www.bj-yhtz.com联系人：刘经理联系电话：5729 6146                                                                           职位联系方式                                                                                                                查看职位地图') ;
COMMIT;
INSERT INTO "User" ("Name","UserType","CreatedDatetime","UpdatedDatetime","Enabled")
                              VALUES ('555014429250074.htm',4,clock_timestamp(),clock_timestamp(),'t') ;
INSERT INTO "ZhilianUser" ("UserId","NickName","Type","Sex","City" ) VALUES(currval('"hero_reduce"."user_id_seq"'),'555014429250074.htm',0,'null','北京-朝阳区') ; INSERT INTO "JobPosition" ("UserId","Name","Address","Title","Salary","Description")
                          VALUES(currval('"hero_reduce"."user_id_seq"'),'555014429250074.htm','北京-朝阳区','证券/投资项目管理','','岗位职责:1. 负责进行产品（各类资本市场产品）引入前期的市场分析、财务分析，并监督协调整体产品上线流程；2. 按照公司发展战略合理规划基金产品，选取合适基金项目，设计、筛选公司投资业务所需基金产品；3. 负责投资项目推介性文件的准备和起草；4. 参与投资项目谈判及策划等文件的准备和起草；5. 负责完成基金产品结构设计与内部风控流程；6. 文件归档及其他日常事务性工作。任职资格:1. 诚实稳重，有责任心、细心；2. 经济、金融、财会等相关专业本科以上学历，可考虑优秀的应届毕业生；3. 具备一定的文字写作功底，有PE项目产品材料撰写经验者优先，有基金、券商、财富管理行业从业经验者优先；4. 具有良好的数据统计分析能力、逻辑思维能力、沟通能力，协同能力强，抗压能力强，能适应短期出差；5. 拥有基金职业资格证书优先。                                                                           职位联系方式                                                      公司名称：建州(北京)投资基金管理有限公司公司地址：北京市朝阳区国贸CBD，中海广场 传真：公司主页：') ;
COMMIT;
INSERT INTO "User" ("Name","UserType","CreatedDatetime","UpdatedDatetime","Enabled")
                              VALUES ('346061317250288.htm',4,clock_timestamp(),clock_timestamp(),'t') ;
INSERT INTO "ZhilianUser" ("UserId","NickName","Type","Sex","City" ) VALUES(currval('"hero_reduce"."user_id_seq"'),'346061317250288.htm',0,'null','北京') ; INSERT INTO "JobPosition" ("UserId","Name","Address","Title","Salary","Description")
                          VALUES(currval('"hero_reduce"."user_id_seq"'),'346061317250288.htm','北京','证券分析/金融研究','','岗位职责： 1. 参与交易业务日常场务管理工作，包括但不限于业务信息接收、信息录入核查、数据整理、信息维护等； 2. 参与交易业务日常客户服务工作，包括但不限于客户疑难解答、客户查询服务、客户培训服务等。   任职资格： 1. 硕士及以上学历，金融或经济专业优先，5年以上金融、咨询行业工作经验； 2. 熟悉国内外资本市场运作；证券二级市场业务操作； 3. 逻辑思维能力强，优秀的文字表达、业务理解、学习能力，能够承受较高强度的工作压力； 4. 具备较强的人际沟通及协调技能。                                                                           职位联系方式                                                                                                                查看职位地图') ;
COMMIT;
INSERT INTO "User" ("Name","UserType","CreatedDatetime","UpdatedDatetime","Enabled")
                              VALUES ('649699228254169.htm',4,clock_timestamp(),clock_timestamp(),'t') ;
INSERT INTO "ZhilianUser" ("UserId","NickName","Type","Sex","City" ) VALUES(currval('"hero_reduce"."user_id_seq"'),'649699228254169.htm',0,'null','北京-东城区') ; INSERT INTO "JobPosition" ("UserId","Name","Address","Title","Salary","Description")
                          VALUES(currval('"hero_reduce"."user_id_seq"'),'649699228254169.htm','北京-东城区','证券分析/金融研究','5000-15000','【职位描述】 交易——游走在投资与投机之间，徜徉于现实与理想之巅，融汇于艺术与技术之湾，它是人类社会对于资金和心理博弈的最直接体现，完美的展现了灵长类之魂创造与行动的宣言，是你实现人生理想的最后一环。 你是否对交易存在浓厚兴趣呢？是否苦于徘徊在交易之河的彼岸而寻不见前路呢？现在机会来到了你的面前 -- 北京融控资本管理有限公司愿意提供免费的培训，带你横越财务自由的天堑，来到人生梦想的顶端。我们有专业的交易团队手把手带你走进交易市场。希望对金融行业有兴趣的你积极与我们电话或邮件联系，了解公司情况，招聘情况及与工作有关的相关问题。 注   无需交易员外出寻找客户，只需操作公司账户即可        【职位要求】  1、年龄20～50之间、性别不限  2、中专以上学历（包括中专学历）,培训期间有大量的空余时间，对金融知识感兴趣；  3、有很强的执行力和自制力，日常生活作息规律；  4、有较强的学习能力，对于新知识有较强的接受能力；  5、心理稳定，耐心细致，有责任心，具有保密意识； 6、对于基础薄弱或无经验者有专业的入职培训。（有交易经验者可直接联系面谈）        【岗位职责】 1、正式成为公司的员工之后，负责公司指定账户的资金运作，在稳定盈利的基础之上会逐步增加操作资金。 2、以稳定且合理的交易方式为前提，及时交易，每月完成公司规定的盈利目标，并在此基础上创造更多的盈利，以求盈利的最大化。 3、定期上交交易报告，报告时间每月一次。      【薪酬待遇】 初级交易员：5500底薪 + 提成20% + 节假日福利 + 年终奖 中级交易员：10000底薪  + 提成30% + 五险一金 + 节假日福利 + 年终奖 高级交易员：15000底薪 + 提成40% + 五险一金 + 节假日福利 + 年终奖   联系人：莫经理    联系电话：13501391731  简历投递邮箱 ahr@rongkongziben.com    【注】  1、请各位求职者仔细、详细的阅读您投递的职位要求，公司将统一进行审核、通知，谢绝重复投递和未经预约的来访。 2、录用人员，公司将统一、全面的给予员工提供为期10天的、免费的、专业的、系统的岗前培训，培训时间（9：30--17:00）(周六、日休息)。  3、公司将全资为盘手提供资金支持，承担风险，同时也将为盘手提供明亮、优雅、舒适的工作环境，提升您的交易心情。节假日公司会不定期的组织外出活动及娱乐活动（费用公司全报销）培训期间公司会组织模拟比赛，在模拟练习期间为做的成绩优秀的学生给予物质奖励。 4、交易员只需操作公司账户，无需外出寻找客户。                                                                           职位联系方式                                                      公司名称：融控(北京)资本管理有限公司  公司地址：北京市东城区建国门南大街7号万豪国际中心写字楼A座9层910号  公司网站：www.rongkongziben.com                                                          查看职位地图') ;
COMMIT;
INSERT INTO "User" ("Name","UserType","CreatedDatetime","UpdatedDatetime","Enabled")
                              VALUES ('188085714251275.htm',4,clock_timestamp(),clock_timestamp(),'t') ;
INSERT INTO "ZhilianUser" ("UserId","NickName","Type","Sex","City" ) VALUES(currval('"hero_reduce"."user_id_seq"'),'188085714251275.htm',0,'null','北京-朝阳区') ; INSERT INTO "JobPosition" ("UserId","Name","Address","Title","Salary","Description")
                          VALUES(currval('"hero_reduce"."user_id_seq"'),'188085714251275.htm','北京-朝阳区','证券分析/金融研究','8001-10000','职位描述： 1、对金融行业和理财投资有浓厚的兴趣及意愿，致力于把金融行业作为事业发展方向，渴望成为金融职场中的精英一族。 2、人品端正，谦虚好学，自信果敢，有较强的学历能力，具有团队合作精神。 3、有较强的分析能力、风险控制能力、思路清晰、心态端正、擅于把握市场机会，及时完成交易确保账户利益最大化。 4、公司内部气氛融洽，共同发展，有灵活的晋升体系和广阔的前景。  一、 初级交易员 1、接受免费统一的学习培训和模拟训练。 2、成绩优秀的操盘手将逐步晋升为中级、高级交易员。 3、级别越高，机会越多，收入越高。 4、以稳定盈利为最高目标。 5、认同公司的发展理念，愿意与公司共同拓展业务。  二、 中级交易员： 1、具有自信、冷静、理智、果断、坚定、胆识等交易员所要求具备的各项品质。 2、配合培训讲师完成新入司员工的实盘交易辅导。 3、有很强的分析能力，擅长并酷爱交易工作。 4、敢于迎接挑战、能独立承受压力、完成公司交赋的工作任务。 5、以持续稳定盈利为最高目标，成为业内精英人才。 6、热衷于金融行业的有经验人士，有意与国际经济及货币交易的最新理念保持一致水准，并关注全球交易市场实时走势。  三、 高级交易员： 1、人品端正，谦虚好学，自信果敢。 2、具有丰富的市场分析能力，做出每日交易计划，熟练掌握各种分析工具。 3、分析行情，做出每日交易计划。 4、负责VIP客户账户的资金运作。 5、有很强的数据运算能力及宏观经济数据分析能力。 6、把握市场机会，及时交易，确保账户达到稳定盈利，尽可能的达到利益最大化。 7、公司免费提供完善培训。 8、熟悉双边市场，至少三年以上股票交易经验或一年以上双边市场交易经验。   加入卓尔集团（北京）的五大理由: 1、你将掌握最专业的投资理念，扩充你的知识体系，提升你的个人综合能力，你的世界因你而不同； 2、你将拥有高效的、超强的沟通能力，尽显你的语言魅力； 3、你将提升你人脉圈的层次和质量，拓宽自己的眼界和格局； 4、We are the one!年轻而富有朝气的团队，完善而优厚的福利待遇，在快乐工作的同时结识更多与你志同道合并肩作战的小伙伴！ 5、当这一切都拥有时，你会感谢如此拼搏的自己-----你的月薪=别人的年薪！                                                                             职位联系方式                                                       公司名称：卓尔集团（北京） 公司地址：北京市朝阳区西大望路3号蓝堡国际中心1座906室 联系电话：010-85893675，18010051636 公司网址：www.elmfx.com 咨询Q  Q：1066631370（黄经理）                                                          查看职位地图') ;
COMMIT;
INSERT INTO "User" ("Name","UserType","CreatedDatetime","UpdatedDatetime","Enabled")
                              VALUES ('635949521253625.htm',4,clock_timestamp(),clock_timestamp(),'t') ;
INSERT INTO "ZhilianUser" ("UserId","NickName","Type","Sex","City" ) VALUES(currval('"hero_reduce"."user_id_seq"'),'635949521253625.htm',0,'null','北京') ; INSERT INTO "JobPosition" ("UserId","Name","Address","Title","Salary","Description")
                          VALUES(currval('"hero_reduce"."user_id_seq"'),'635949521253625.htm','北京','证券分析/金融研究','5000-15000','南盛资本是一家专注于为个人和家庭提供理财服务的公司，为国内投资者提供金融讲座和投资咨询的企业。也是具有国家人力资源部和社会保障部联合授权《国家贵金属交易师》北京市招生培训资质的投资管理公司。  岗位描述： 1、热爱交易、对金融经济知识感兴趣,对金融市场有浓厚的兴趣，立志在金融领域长期发展并有一翻建树的有志之士。  2、具有良好的学习能力与团队精神，果断、自信、接受新鲜事物能力强。   3、敢于挑战自我，勇于凭自己的努力和本领获得高收益。 4、无论你之前从事什么行业、学历如何，在这个行业里只要你敢于挑战自我，勇于探索并发现自己的潜力，高收益不是梦想。 5、理想的工作环境且公司内部气氛融洽，有灵活的晋升体系和广阔的前景。 6、提供免费的专业岗前培训，为您提供绝佳的职业发展机会。   初级交易员： 1.接受免费统一的专业学习培训和模拟训练。 2.成绩优秀的交易员将逐步晋升为中级、高级交易员。 3.认同公司的发展理念，愿意与公司共同拓展业务。 4.具有很强的工作责任心和团队合作精神。 岗位待遇：底薪5000  + 车补、饭补、通讯补助 + 20%（美金）提成 + 节假日福利 + 年终奖金  中级交易员：  1、可承受较大心里压力，有很强的自我调控能力，纪律操作严格； 2、对公司资金高度负责，严格执行安全控制；  3、有很强的分析能力，擅长并酷爱交易工作。 4、热衷于金融行业的有经验人士，有意与国际经济及货币交易的最新理念保持一致水准，并关注全球外汇实时走势。  5、敢于迎接挑战、能独立承受压力、完成公司交赋的工作任务。  6、具有自信、冷静、理智、果断、坚定、胆识等交易员所要求具备的各项品质。  岗位待遇：底薪8000 + 车补、饭补、通讯补助 + 20%（美金）提成 + 节假日福利 + 年终奖金 + 五险一金  高级交易员： 1.负责公司指定客户账户或配资账户的资金运作。 2.具有丰富的市场分析能力，做出每日交易计划，熟练掌握各种分析工具。 3.配合培训讲师完成新入公司员工的实盘交易辅导。 4.把握市场机会，及时交易，确保账户达到持续稳定盈利，尽可能的达到利益最大化。 5.专业不限，经济类、理工类专业优先。 6.人品端正，谦虚好学，自信果敢。 7.有很强的数据运算能力及宏观经济数据分析能力。 8.熟悉双边市场，至少三年以上股票交易经验或两年以上双边市场交易经验。 岗位待遇：底薪12000 + 车补、饭补、通讯补助 + 20%（美金）提成 + 节假日福利 + 年终奖金 + 五险一金  注：工作时间朝十晚四 ，交易员只操作公司账户，不需外出寻找客户！  入职待遇: 初级交易员:底薪5000 + 车补、饭补、通讯补助500 + 盈利20%提成 + 年终奖金 中级交易员:底薪8000 + 车补、饭补、通讯补助500 + 盈利20%提成 + 年终奖金 + 五险一金 高级交易员:底薪12000 + 车补、饭补、通讯补助500 + 盈利20%提成 + 年终奖金 + 五险一金 中、高级交易员如成绩优异者可申请加入公司技术团队，与公司交易部团队协作把公司利益最大化。 初级、中级交易员连续3个月完成公司业绩晋升一级，中、高级交易员连续三个月完成公司业绩公司可直接申请《国家贵金属交易师》资格证培训考试，并有国家人力资源部和社会保障部联合颁发。  金融市场中风云变幻，充斥着未知与变数。投资理财更有如大海行船，危机重重。怎样才能把握机会，赢取财富？ 机会和财富，从来就不是上天的恩赐。众所周知，机会只属于有准备的人。而财富——则属于其中的智者。 南盛资本，带您尽情博览此起彼伏的金融浪潮，帮您立于不动如山的安泰之地。 财富为智者掌控                                                                             职位联系方式                                                       联 系 人：刘经理 (联系时请说在智联网上看到的)  联系电话： 13501127200 工作地点：朝阳东大桥东三环北路工体20号百富国际大厦A座') ;
COMMIT;
INSERT INTO "User" ("Name","UserType","CreatedDatetime","UpdatedDatetime","Enabled")
                              VALUES ('551540824250156.htm',4,clock_timestamp(),clock_timestamp(),'t') ;
INSERT INTO "ZhilianUser" ("UserId","NickName","Type","Sex","City" ) VALUES(currval('"hero_reduce"."user_id_seq"'),'551540824250156.htm',0,'null','北京-朝阳区') ; INSERT INTO "JobPosition" ("UserId","Name","Address","Title","Salary","Description")
                          VALUES(currval('"hero_reduce"."user_id_seq"'),'551540824250156.htm','北京-朝阳区','风险管理/控制/稽查','6001-8000','职位描述： 1、对金融行业和理财投资有浓厚的兴趣及意愿，致力于把金融行业作为事业发展方向，渴望成为金融职场中的精英一族。 2、人品端正，谦虚好学，自信果敢，有较强的学历能力，具有团队合作精神。 3、有较强的分析能力、风险控制能力、思路清晰、心态端正、擅于把握市场机会，及时完成交易确保账户利益最大化。 4、公司内部气氛融洽，共同发展，有灵活的晋升体系和广阔的前景。   一、 初级交易员 1、接受免费统一的学习培训和模拟训练。 2、成绩优秀的操盘手将逐步晋升为中级、高级交易员。 3、级别越高，机会越多，收入越高。 4、以稳定盈利为最高目标。 5、认同公司的发展理念，愿意与公司共同拓展业务。   二、 中级交易员： 1、具有自信、冷静、理智、果断、坚定、胆识等交易员所要求具备的各项品质。 2、配合培训讲师完成新入司员工的实盘交易辅导。 3、有很强的分析能力，擅长并酷爱交易工作。 4、敢于迎接挑战、能独立承受压力、完成公司交赋的工作任务。 5、以持续稳定盈利为最高目标，成为业内精英人才。 6、热衷于金融行业的有经验人士，有意与国际经济及货币交易的最新理念保持一致水准，并关注全球交易市场实时走势。   三、 高级交易员： 1、人品端正，谦虚好学，自信果敢。 2、具有丰富的市场分析能力，做出每日交易计划，熟练掌握各种分析工具。 3、分析行情，做出每日交易计划。 4、负责VIP客户账户的资金运作。 5、有很强的数据运算能力及宏观经济数据分析能力。 6、把握市场机会，及时交易，确保账户达到稳定盈利，尽可能的达到利益最大化。 7、公司免费提供完善培训。 8、熟悉双边市场，至少三年以上股票交易经验或一年以上双边市场交易经验。    加入卓尔集团（北京）的五大理由: 1、你将掌握最专业的投资理念，扩充你的知识体系，提升你的个人综合能力，你的世界因你而不同； 2、你将拥有高效的、超强的沟通能力，尽显你的语言魅力； 3、你将提升你人脉圈的层次和质量，拓宽自己的眼界和格局； 4、We are the one!年轻而富有朝气的团队，完善而优厚的福利待遇，在快乐工作的同时结识更多与你志同道合并肩作战的小伙伴！ 5、当这一切都拥有时，你会感谢如此拼搏的自己-----你的月薪=别人的年薪！                                                                              职位联系方式                                                       公司名称：北京博远龙禧投资顾问有限公司 公司地址：北京市朝阳区西大望路3号蓝堡国际中心1座906室  电话：010-85893675,15321166419 公司主页：www.elmfx.com                                                          查看职位地图') ;
COMMIT;
INSERT INTO "User" ("Name","UserType","CreatedDatetime","UpdatedDatetime","Enabled")
                              VALUES ('553909420261309.htm',4,clock_timestamp(),clock_timestamp(),'t') ;
INSERT INTO "ZhilianUser" ("UserId","NickName","Type","Sex","City" ) VALUES(currval('"hero_reduce"."user_id_seq"'),'553909420261309.htm',0,'null','北京-朝阳区') ; INSERT INTO "JobPosition" ("UserId","Name","Address","Title","Salary","Description")
                          VALUES(currval('"hero_reduce"."user_id_seq"'),'553909420261309.htm','北京-朝阳区','证券分析/金融研究','10001-15000','岗位职责：一、初级交易员： 1.接受免费统一的专业学习培训和模拟训练。 2.成绩优秀的交易员将逐步晋升为中级、高级交易员。3.认同公司的发展理念， 愿意与公司共同拓展业务。4.具有很强的工作责任心和团队合作精神。岗位待遇：5500 底薪 + 提成20% + 节假日福利 + 年终奖 二、中级交易员： 1.可承受较大心里压力，有很强的自我调控能力，纪律严格。 2.对公司资高度负责，严格执行安全控制。 3.以持续稳定盈利为最高目标，成为业内精英人才。4.热衷于金融行业的有经验人士，有意与国际经济及货币交易的最新理念保持一致水准，并关注全球外汇实时走势。5.敢于迎接挑战，能独立承受压力、完成公司交赋的工作任务。 6.有很强的分析能力，擅长并酷爱交易工作。 7.具有自信、冷静、理智、果断、坚定、胆识等交易员所要求具备的各项品质。 岗位待遇：10000 底薪 + 提成20% + 节假日福利 + 年终奖 + 五险一金三、高级交易员： 1.负责公司指定客户账户或配资账户的资金运作。 2.具有丰富的市场分析能力，做出每日交易计划，熟练掌握各种分析工具。3.配合培训讲师完成新入公司员工的实盘交易辅导。 4.把握市场机会，及时交易，确保账户达到持续稳定盈利，尽可能的达到利益最大化。 5.专业不限，经济类，理工类专业优先。 6.人品端正，谦虚好学，自信果敢。 7.有很强的数据运算能力及宏观经济数据分析能力。 8.熟悉双边市场，至少三年以上股票交易经验或两年以上双边市场交易经验。 9.公司提供完善的免费提高培训。 岗位待遇：15000 底薪 + 提成20% + 节假日福利 + 年终奖 + 五险一金注： 交易员只操作公司账户，不需外出寻找客户！ 业绩考核：1.是否依照计划目标将任务完成，使其质量达到要求的标准； 2.任务完成的过程或结果是否正确，是否达到标准的要求。 能力考核 1.业务所需要的业务知识、相关知识的掌握程度； 2.是否熟练掌握本岗位技能； 3.在执行任务时，是否能从容应对出现的变化。 态度考核 1.能自觉地尽职尽责的工作，能自始至终的表现出负责的态度；2.在职权范围内，能进行自我管理，能自主、自立、自信地处理业务。北京巨源时代投资管理有限公司（JUYUAN era Investment Management Co., Ltd.）创立于2010年,作为国内的新锐资本机构，巨源投资坐拥北京CBD核心区，公司团队由来自海外或有多年金融投资经验的专业精英组成，巨源投资立志缔造企业品牌价值，以客户服务为主导。为员工、客户及投资者创富增值。公司诚邀您加入我们的团队，创造财富不是梦想。考核内容：初级交易员连续稳定盈利3个月晋升中级交易员 中级交易员连续稳定盈利3个月晋升高级交易                                                                           职位联系方式                                                       公司名称：北京巨源时代投资管理有限公司 公司地址：北京市朝阳区国贸建外soho东区B座806 张经理 ：18611860837') ;
COMMIT;
INSERT INTO "User" ("Name","UserType","CreatedDatetime","UpdatedDatetime","Enabled")
                              VALUES ('135038057250642.htm',4,clock_timestamp(),clock_timestamp(),'t') ;
INSERT INTO "ZhilianUser" ("UserId","NickName","Type","Sex","City" ) VALUES(currval('"hero_reduce"."user_id_seq"'),'135038057250642.htm',0,'null','北京-朝阳区') ; INSERT INTO "JobPosition" ("UserId","Name","Address","Title","Salary","Description")
                          VALUES(currval('"hero_reduce"."user_id_seq"'),'135038057250642.htm','北京-朝阳区','证券分析/金融研究','6001-8000','致求职者的话： 首先要恭喜您在打开此页面的同时，您内心的睿智选择已经引领您向金融领域中的高收入职业迈出了幸运并且前景无限的第一步。如果您有意加入到我们操盘手的交易团队当中，公司的交易团队和讲师会引导您坚实而踏实的走好日后职业发展的每一步。请您在相信您自己内心选择的基础上相信公司的团队，认真努力的和我们一路走下去，未来三到五年内在北京相对中心的位置拥有一套属于自己的安身立命之所，绝不是太难的事情。相信您自己的选择，更要相信您自身的能力，加入到我们阳光的交易团队当中，为您今后梦想与人生的启航做好坚实的经济铺垫。   乔治.索罗斯说：“你可以生于贫穷，但绝不能死于贫穷”祝贺所有关心金融市场的投资者，因为你们拥有一个不同于过去的投资时代！   工作内容1.接受公司培训（带薪）。（有经验者可不接受培训，详情面谈。）2.部分初级交易员需要参加交易员晋级培训。每月一次。3.高执行力：关注每次交易系统给出的进场，出场信号，并按照信号指示进行建仓，平仓操作。（交易系统会在培训期间给予指导。）4、严格执行公司各项制度，，并定期整理交易数据，向上级领导账户分析结果；5、按照部门主管的要求进行技术和基本面规律的分析，进行数据的搜集或整理；6、配合其他部门有关工作；7、遵守公司的各项管理制度，承办领导交办的其他工作。素质要求：1、大专以上学历,金融专业优先，培训期间有大量的空余时间；2、热爱交易、对金融经济知识感兴趣；3、有很强的执行力，自制力强；日常生活有规律、有计划；4、有较强的学习能力，新知识的接受能力；5、抗压能力；6、耐心细致，有责任心，具有保密意识；7、对于基础薄弱或者无经验者有专业的入职培训。8、公司提供良好的晋升机制：薪资待遇： 初级薪资待遇：5000底薪 +  提成20%--40%  +  五险一金 + 节假日福利 + 季度奖  月薪可达7000元以上中级薪资待遇：10000底薪 + 提成20%--40% +  五险一金 +  节假日福利 + 季度奖   月薪可达15000元以上高级薪资待遇：15000底薪 + 提成20%--40% +  五险一金 +  节假日福利 + 季度奖   月薪达2-3万元以上 职位要求：年龄：20岁-50岁之间。学历：大专以上（包括大专），有交易经验者面谈。其它素质： 1.对于金融行业有极高的兴趣。2.性格沉稳，情绪不易产生较大波动。3.有极强的时间观念。（交易员的工作性质对于时间和空间上没有要求，相对自由，需要自我约束。）4.对资金流动有较强的驾驭能力。5.能够尽量客观的看待事物的发展。 面试要求： 不提供视频或者电话面试，只能到北京参加一对一面试，无复试，无笔试，不能来北京者请勿投递，面试通过后培训可做延期。实习员工： 前期培训期视为实习，实习期满可成为公司正式员工，可开实习证明，培训期为连续十个工作日，周末双休，每日培训时间：早晨9:30至下午3:30。公司在培训期提供每日餐补及路费补助，并在第一个月的薪资里统一发放。其他福利：五险一金 季度奖+年终奖  带薪免费旅游   公司对于没有交易经验，却对金融衍生品操作有兴趣者，提供正规统一的免费培训。有专业的交易团队手把手带你走进交易市场。我们的交易团队有绝对的信心让你在培训期后，有属于自己的交易系统与理念，让你找到自己在交易市场的立足点。成为我公司的优秀员工，对于成绩优秀学员公司提供交易账户帮助学员完成自我晋升。希望对金融行业有兴趣的应聘者积极与我们联系，了解公司情况，招聘情况及与工作相关的问题。公司承诺将对每位学员认真负责，最大限度发掘每一位学员的交易潜力。      联系电话：010-57349909  15811512051公司地址：北京市朝阳区时间国际大厦A座2601室公司名称：深圳市龙阳商务咨询有限公司北京第一分公司                                                                           职位联系方式                                                        人事经理：陈经理公司网址：http://www.bj-lyjt.com 联系电话：010-57349909  13366412049公司地址：北京市朝阳区时间国际大厦A座2601室公司名称：深圳市龙阳商务咨询有限公司北京第一分公司  各求职者请注意可把简历发至公司                                                           查看职位地图') ;
COMMIT;
INSERT INTO "User" ("Name","UserType","CreatedDatetime","UpdatedDatetime","Enabled")
                              VALUES ('149039234250072.htm',4,clock_timestamp(),clock_timestamp(),'t') ;
INSERT INTO "ZhilianUser" ("UserId","NickName","Type","Sex","City" ) VALUES(currval('"hero_reduce"."user_id_seq"'),'149039234250072.htm',0,'null','北京') ; INSERT INTO "JobPosition" ("UserId","Name","Address","Title","Salary","Description")
                          VALUES(currval('"hero_reduce"."user_id_seq"'),'149039234250072.htm','北京','证券总监/部门经理','','主要工作职责   负责为客户提供专业的投资理财、证券信息分析研究；  负责对证券行业的信息管理系统进行业务系统分析；  负责对券商进行业务管理和分析，提出优化管理流程的策略或建议；  负责跟踪宏观经济发展动态，寻找证券投资机会，配合销售人员进行市场营销和客户培训；  负责产品宣传和网站方面有关专业文章的撰稿；  基本任职条件   熟悉宏观经济研究、策略研究或行业研究，对证券信息有比较敏锐的市场感觉，善于把握；  市场运行规律和节奏；具备较好的专业文字能力和客户沟通能力；  有证券行业从业资格（至少有投资分析一门）；  3 年以上证券研究机构、基金公司、保险公司投资部门相关工作经验。 在券商和相关咨询机构有类似经验者优先  有证券分析师执业资格者优先，有行业分析经验者优先  同时请附上证券投资分析合格证书作为附件  接收简历邮箱：hr301@ebscn.com                                                                           职位联系方式                                                           请注明您所要申请的职位名称。 请注明您的户口所在地。  请您在应聘材料上标明，此职位的信息来源于zhaopin.com.') ;
COMMIT;
INSERT INTO "User" ("Name","UserType","CreatedDatetime","UpdatedDatetime","Enabled")
                              VALUES ('205336911250869.htm',4,clock_timestamp(),clock_timestamp(),'t') ;
INSERT INTO "ZhilianUser" ("UserId","NickName","Type","Sex","City" ) VALUES(currval('"hero_reduce"."user_id_seq"'),'205336911250869.htm',0,'null','北京') ; INSERT INTO "JobPosition" ("UserId","Name","Address","Title","Salary","Description")
                          VALUES(currval('"hero_reduce"."user_id_seq"'),'205336911250869.htm','北京','证券分析/金融研究','','职位描述:1、负责营业部现场客户的早、中解盘工作和每周营业部投资交流会的组织培训工作；2、能够独立解决客户的市场、股票咨询问题、完成相关的咨询工作；3、为营销活动和营销工作提供技术分析支持和咨询研发支持；4、进行营业部存量客户的盘活和维护。任职资格：1、金融及相关专业，具有证券分析师执业资格，有行业分析经验者优先；2、熟练掌握证券投资分析方法，能够撰写证券投资分析报告，熟悉现代投资分析理论，对证券投资分析有独到见解，善于挖掘具有投资机会的行业及个股；3、具备专业的投资分析业务素质，能够根据客户的需求实施相应的投资咨询服务；4、具备良好的语言表达能力，能够在公开场合举办投资者报告会、投资者沙龙等大中型报告会；5、具备2年以上证券工作经验，在券商和咨询机构有相关经验者优先。                                                                            职位联系方式                                                      公司名称：北京森根科技有限公司公司地址：北苑路红军营天朗园傲城融富中心B座2003 传真：公司主页：') ;
COMMIT;
INSERT INTO "User" ("Name","UserType","CreatedDatetime","UpdatedDatetime","Enabled")
                              VALUES ('429835911250176.htm',4,clock_timestamp(),clock_timestamp(),'t') ;
INSERT INTO "ZhilianUser" ("UserId","NickName","Type","Sex","City" ) VALUES(currval('"hero_reduce"."user_id_seq"'),'429835911250176.htm',0,'null','北京-朝阳区') ; INSERT INTO "JobPosition" ("UserId","Name","Address","Title","Salary","Description")
                          VALUES(currval('"hero_reduce"."user_id_seq"'),'429835911250176.htm','北京-朝阳区','证券/期货/外汇经纪人','','证券投研人员任职资格：1.具有宏观的经济理论基础知识，懂得并会有效的收集处理与金融市场相关信息。2.具有投资学知识，善于对实质经济投资项目的调查研究、考察筛选、论证决策工作。3.具备“感悟”能力，挑选出成功概率大、投资周期短、利润最大化、风险尽量小的实体经济项目的上市公司。4.要通晓证券市场有关技术分析的各方面理论知识。有一套独特而有效的证券市场技术分析办法。5.有经历过股市牛熊交替运行的洗礼，累积了第一手丰富的、有价值的实践经验。有着“悟”性甚高的敏锐力，能始终保持冷静清晰的头脑。6.能对年度报告、中期报告、招股说明书等所刊登的财务报告中的财务指标和数据进行多方面的对比分析。7.了解我国为了调控金融风险和证券发行、承销交易的有关法律体系，熟悉我国证券市场法律制度的基本框架。 要求：对私募基金有较深的认识，在私募基金的募集，管理与运维方面有相应的经验。熟悉了解私募基金产品结构化设计，对私募基金转型阳光化的法律法规方面有全面独到见解建议者优先。在大资金运作方面，熟悉了解相关风控体系，在针对资本市场大势变化中有决策与把控的能力。                                                                           职位联系方式                                                       公司名称：北京天首投资管理有限公司 公司地址：北京市朝阳区朝外大街16号中国人寿大厦11层  公司主页：www.tianshoufund.com 联系电话：52161333                                                          查看职位地图') ;
COMMIT;
INSERT INTO "User" ("Name","UserType","CreatedDatetime","UpdatedDatetime","Enabled")
                              VALUES ('431400910250039.htm',4,clock_timestamp(),clock_timestamp(),'t') ;
INSERT INTO "ZhilianUser" ("UserId","NickName","Type","Sex","City" ) VALUES(currval('"hero_reduce"."user_id_seq"'),'431400910250039.htm',0,'null','北京-海淀区') ; INSERT INTO "JobPosition" ("UserId","Name","Address","Title","Salary","Description")
                          VALUES(currval('"hero_reduce"."user_id_seq"'),'431400910250039.htm','北京-海淀区','网站编辑','','岗位职责： 1、负责创业板栏目的信息搜集、编辑、审校等工作； 2、收集、处理网络读者的意见和反馈信息； 3、进行相关行业领域的研究； 4、协助完成频道管理，促进网站知名度的提高。 任职资格： 1、财经类等相关专业大专或以上学历，有一定的股票操盘能力者优先； 2、有媒体编辑领域从业经验者优先； 3、较高的职业素养、敬业精神及团队精神，擅于沟通。 此岗位提供在职培训，欢迎应届毕业生应聘！                                                                            职位联系方式                                                         公司名称：北京东方创富网络技术有限公司 公司地址：北京市海淀区北三环西路43号满庭芳园E座5楼501室  联系电话：010-62113098 公司主页：www.cfcyb.com                                                          查看职位地图') ;
COMMIT;
INSERT INTO "User" ("Name","UserType","CreatedDatetime","UpdatedDatetime","Enabled")
                              VALUES ('000572653250066.htm',4,clock_timestamp(),clock_timestamp(),'t') ;
INSERT INTO "ZhilianUser" ("UserId","NickName","Type","Sex","City" ) VALUES(currval('"hero_reduce"."user_id_seq"'),'000572653250066.htm',0,'null','北京-朝阳区') ; INSERT INTO "JobPosition" ("UserId","Name","Address","Title","Salary","Description")
                          VALUES(currval('"hero_reduce"."user_id_seq"'),'000572653250066.htm','北京-朝阳区','证券分析/金融研究','','岗位职责： 1. 协助部门经理开展工作，向分析研究部经理汇报工作，并接受其考核；2. 参与资本市场、证券市场、产业经济研究；3. 参与中国内地和香港经济政策和法规研究； 4. 参与股票池内企业跟踪研究分析；5. 负责本部门资料管理、信息采集、会务接待、对外联络等工作；6. 承担会议记录、内部资料整理、翻译等工作；7. 完成上级交办的其它工作。   任职资格：1.教育背景（学历、专业）： 企业管理，经济，金融类相关专业本科以上学历；2.工作经验： 2年以上相关企业，投资银行，咨询公司投资研究部门工作经验；3.从业资格： 无；4.知识技能： 投融资管理，办公软件；5.专业能力： 擅长投资分析研究；6.个人素质： 良好的沟通和分析能力。                                                                           职位联系方式                                                       公司名称：北京鹏润投资/国美电器有限公司 公司地址：北京市朝阳区霄云路26号 鹏润大厦B区11层 传真： 公司主页：http://www.gome.com.cn                                                          查看职位地图') ;
COMMIT;
INSERT INTO "User" ("Name","UserType","CreatedDatetime","UpdatedDatetime","Enabled")
                              VALUES ('659744026250016.htm',4,clock_timestamp(),clock_timestamp(),'t') ;
INSERT INTO "ZhilianUser" ("UserId","NickName","Type","Sex","City" ) VALUES(currval('"hero_reduce"."user_id_seq"'),'659744026250016.htm',0,'null','北京-朝阳区') ; INSERT INTO "JobPosition" ("UserId","Name","Address","Title","Salary","Description")
                          VALUES(currval('"hero_reduce"."user_id_seq"'),'659744026250016.htm','北京-朝阳区','房地产中介/交易','4001-6000','岗位职责 1、参与技术团队资本运作与交易，协助团队主管制定计划； 2、捕捉VIP个人、机构客户需求，准确传达客户风险偏好与投资需求； 3、跟踪技术团队操作进度，定期向资方汇报操作成果； 4、分析整理欧洲、美国金融市场即时数据，做出分析报告； 5、根据交易系统指令，独立完成操作，并传达命令给下一级别账户管理员。 招聘要求 1、本科以上学历（海归优先），金融、经济管理、IT类专业优先； 2、有证券、期货、外汇等市场操作经验者优先； 3、敏锐快捷的市场反应能力和较强的风险控制意识； 4、善于对宏观经济形势和市场进行深入分析，为客户提出行业配置以及投资策略建议； 5、具有严密的逻辑思维和分析判断能力； 6、良好的执行力和纪律性。 薪酬待遇: 初级交易员：基本工资5000RMB + 岗位补贴 600+ 提成20% + 年终奖 +五险中级交易员：基本工资10000RMB + 岗位补贴600 + 提成30% + 年终奖 +五险高级交易员：基本工资15000RMB + 岗位补贴600 + 提成50% + 年终奖+五险（中、高级交易员每年享受2周去美国华尔街对冲基金公司进修机会） 任职要求： 1、金融、经济管理、IT类专业优先，愿意接受公司免费培训；2、热爱交易、对金融经济知识感兴趣；3、有很强的执行力，自制力强；日常生活有规律、有计划；4、有较强的学习能力，新知识的接受能力；5、抗压能力；6、耐心细致，有责任心，有保密意识。7、对于基础薄弱或者无经验者有专业的入职培训。8、公司提供良好的晋升机制                                                                           职位联系方式                                                       公司名称：中汇鑫安(北京)国际投资管理有限公司 公司地址：北京市朝阳区CBD建外SOHO西区12座0802室  公司电话：010-57276425                                                            查看职位地图') ;
COMMIT;
INSERT INTO "User" ("Name","UserType","CreatedDatetime","UpdatedDatetime","Enabled")
                              VALUES ('431400910250045.htm',4,clock_timestamp(),clock_timestamp(),'t') ;
INSERT INTO "ZhilianUser" ("UserId","NickName","Type","Sex","City" ) VALUES(currval('"hero_reduce"."user_id_seq"'),'431400910250045.htm',0,'null','北京-海淀区') ; INSERT INTO "JobPosition" ("UserId","Name","Address","Title","Salary","Description")
                          VALUES(currval('"hero_reduce"."user_id_seq"'),'431400910250045.htm','北京-海淀区','网站编辑','','岗位职责：1、负责创业板栏目的信息搜集、编辑、审校等工作；2、收集、处理网络读者的意见和反馈信息；3、进行相关行业领域的研究；4、协助完成频道管理，促进网站知名度的提高。任职资格：1、财经类等相关专业大专或以上学历，有一定的股票操盘能力者优先；2、有媒体编辑领域从业经验者优先；3、较高的职业素养、敬业精神及团队精神，擅于沟通。此岗位提供在职培训，欢迎应届毕业生应聘！                                                                           职位联系方式                                                       公司名称：北京东方创富网络技术有限公司 公司地址：北京市海淀区北三环西路43号满庭芳园E座5楼501室  传真： 公司主页：www.cfcyb.com                                                          查看职位地图') ;
COMMIT;
INSERT INTO "User" ("Name","UserType","CreatedDatetime","UpdatedDatetime","Enabled")
                              VALUES ('131002300251233.htm',4,clock_timestamp(),clock_timestamp(),'t') ;
INSERT INTO "ZhilianUser" ("UserId","NickName","Type","Sex","City" ) VALUES(currval('"hero_reduce"."user_id_seq"'),'131002300251233.htm',0,'null','北京') ; INSERT INTO "JobPosition" ("UserId","Name","Address","Title","Salary","Description")
                          VALUES(currval('"hero_reduce"."user_id_seq"'),'131002300251233.htm','北京','证券分析/金融研究','','岗位职责：1、宏观经济与行业分析，国内外金融业务的研究,进行相关市场、行业信息搜集、汇总，发布理财市场动态报告；2、银行、信托、证券、保险、PE等各领域产品研究分析；3、金融机构发展模式研究；4、金融产品开发、产品供应、资产配置模式及流程的研究；5、撰写研究报告；6、金融培训课程开发、教学大纲编制、教材资料编审的组织工作，加强试题库建设；7、准确把握先进培训理念和技术，及时了解培训市场信息和动态，加快培训项目的研发和推广。     任职资格：1、本科及以上学历，经济、金融等相关专业；具有独立分析、策划和业务拓展能力及较强的文字功底。 2、具有证券从业资格。3、有证券投资经验，熟悉证券投资各项技术指标 4、具有良好的交际能力和演讲能力、良好的口头表达及沟通能力 , 做事严谨； 5、有较强的沟通协调能力，良好的团队合作精神。 6、有丰富的投资理财经验 ( 股票、期货等 ) 。 7、具有丰富的证券基础理论知识，善于进行行业研究和挖掘； 8、有从事投资或相关研究的实际经验，具备较强的宏观经济、行业或上市公司分析能力，具备较强的风险控制能力；                                                                           职位联系方式                                                       公司名称：北京东方华尔金融咨询有限责任公司 公司地址：北京市西城区南礼士路36号华远大厦三层  传真：010-88020010 公司主页：www.dongfanghuaer.com                                                          查看职位地图') ;
COMMIT;
INSERT INTO "User" ("Name","UserType","CreatedDatetime","UpdatedDatetime","Enabled")
                              VALUES ('141966719250149.htm',4,clock_timestamp(),clock_timestamp(),'t') ;
INSERT INTO "ZhilianUser" ("UserId","NickName","Type","Sex","City" ) VALUES(currval('"hero_reduce"."user_id_seq"'),'141966719250149.htm',0,'null','北京') ; INSERT INTO "JobPosition" ("UserId","Name","Address","Title","Salary","Description")
                          VALUES(currval('"hero_reduce"."user_id_seq"'),'141966719250149.htm','北京','证券分析/金融研究','','岗位职责：1、分析上市公司、分析行业，提交研究报告。2、计算、判断上市公司的投资价值。3、寻找潜在投资机会。岗位要求：1、财务、会计、金融等相关专业，大学本科及以上学历。2、五年以上相关工作经验，有注册会计师证书或会计师事务所工作经验者优先。3、对证券投资分析有浓厚兴趣，具有较强财务分析能力和独立思考能力。                                                                           职位联系方式                                                                                                                查看职位地图') ;
COMMIT;
INSERT INTO "User" ("Name","UserType","CreatedDatetime","UpdatedDatetime","Enabled")
                              VALUES ('156154811252685.htm',4,clock_timestamp(),clock_timestamp(),'t') ;
INSERT INTO "ZhilianUser" ("UserId","NickName","Type","Sex","City" ) VALUES(currval('"hero_reduce"."user_id_seq"'),'156154811252685.htm',0,'null','北京') ; INSERT INTO "JobPosition" ("UserId","Name","Address","Title","Salary","Description")
                          VALUES(currval('"hero_reduce"."user_id_seq"'),'156154811252685.htm','北京','证券分析/金融研究','','工作职责 1、为高端客户提供境外投资、金融、房产、外理财全方面的咨询服务； 2、根据客户的资产规模、生活目标、预期收益目标和风险承受能力进行需求分析，出具专业的理财计划方案，推荐合适的理财产品； 3、协助客户在境外完成全套投资理财服务； 6、做好售后服务，定期向客户反馈理财产品的收益情况，向客户介绍新的金融服务、理财产品及金融市场动向，维护良好的信任关系。 招聘要求 1、25岁以上，金融或相关专业，本科以上学历（海归优先） 2、1年以上证券、银行、保险、信托、期货、投资公司（其中之一）工作经历， 3、具有扎实的经济、金融、投资等领域的相关理论知识， 4、深厚的行业与公司研究能力，敏锐快捷的市场反应能力和较强的风险控制意识； 5、善于对宏观经济形势深入分析，为客户提出行业配置以及投资策略建议； 6、具有严密的逻辑思维和分析判断能力，良好沟通能力； 7、取得金融业专业资格认证者优先。 待遇及公司优势：双休、入职当月即缴纳五险一金、法定劳动合同、带薪年假、带薪病假，及国家规定的婚、产、丧假等全面福利。 办公环境优、晋升空间大。公司名称：北京环球中联投资咨询有限公司地址：朝阳区光华路7号汉威大厦东区三层公司网址：www.globevisa.com.cn移民家园网：http://www.yiminjiayuan.com邮箱：hr@globevisa.com.cn                                                                           职位联系方式                                                       公司名称：北京环球中联投资咨询有限公司 地址：朝阳区光华路7号汉威大厦 公司网址：www.globevisa.com.cn 移民家园网http://www.yiminjiayuan.com/                                                          查看职位地图') ;
COMMIT;
INSERT INTO "User" ("Name","UserType","CreatedDatetime","UpdatedDatetime","Enabled")
                              VALUES ('322046311251568.htm',4,clock_timestamp(),clock_timestamp(),'t') ;
INSERT INTO "ZhilianUser" ("UserId","NickName","Type","Sex","City" ) VALUES(currval('"hero_reduce"."user_id_seq"'),'322046311251568.htm',0,'null','北京') ; INSERT INTO "JobPosition" ("UserId","Name","Address","Title","Salary","Description")
                          VALUES(currval('"hero_reduce"."user_id_seq"'),'322046311251568.htm','北京','投资银行业务','','Equity Research Analyst, Copal AmbaAbout Copal AmbaCopal Amba, a Moody’s company, is widely regarded as a leading outsourced-research and consultancy provider to financial institutions and corporations worldwide. With approximately 2,900 employees situated across the world’s major commercial centers, the Company is ideally positioned to service the requirements of 200 institutional clients, including several global investment banks, billion dollar funds, major consulting firms, and Fortune 500 corporations.The Black Book of Outsourcing 2008 ranked Copal as the #1 company for outsourced Investment Research and Analytics.OpportunityCopal Amba, Beijing offers a challenging and dynamic workplace where teamwork and passion for learning are emphasized. Successful candidates must be highly motivated, have willingness to take ownership of his/her work, and be prepared to excel in an intense, high-pressure environment.This opportunity is ideal for an equity research professional who is interested in working with top tier investment banking client.Key highlights:- Training programs: offer more than 50 hours’  intensive and comprehensive E-learning course which is designed and run by professionals from local and international offices of Copal Amba; offer on the job training related to work and weekly group oriented training; senior member assigned as a mentor- Exposure to work with top international investment banks- Provide dynamic working environment, flat structure, friendly support, team working, demanding and challenging work- Solid foundation to be built up by exposure to different types of work- Regular interaction with senior members- Participate in various Company activities (Birthday party, happy-hour and team building activities like group sports, movies, lunch/dinner, etc.)Responsibilities- Supporting the equity research arm of a global investment bank client to develop insightful understanding of investment target and its industry, including critical industry or market analysis, competitive benchmarking, opportunity assessments, and risk identification through in-depth primary and secondary research- Building detailed financial models for companies under coverage- Creating equity research notes and presentations that include analysis of economic and business cycles, industry value chain, market size, market segments, market shares, market drivers, market trends, products and services- Meeting with the management of companies under coverage, attending quarterly results conference calls, issuing quarterly result update reports, tracking company and sector developments and initiating coverage on uncovered stocks- Performing financial analyses including financial statement analysis and valuation using various techniques including DCF, SOTP, residual value and multiples approach- Discussing results and analysis with buy side clients as well as answering any queries they might have- Coordinating with client sales team on client pitches and relationship maintenanceQualifications-          Experience in equity research or investment banking in China or abroad with a focus on Asia Pacific, having a good understanding of Chinese market is preferred-      Strong analytical and problem solving skills-      Solid report writing and communication skills-      Ability to work effectively under time-sensitive environment-      Be able to take responsibility-      Excellent written and verbal English-      Experienced in PowerPoint, Excel, and Word-      Financial modeling-      Excellent academic track recordLocation: BeijingDuration: PermanentCompensation: Competitive, commensurate with experienceHow to Apply:Please send your CV and cover letter (Chinese and English) to rui_liu@copalamba.net with the subject heading “Recruitment - Equity Research Analyst BJ - Your Name”Personal data collected will be used for recruitment purposes only                                                                            职位联系方式                                                       公司名称：凯博商务咨询(北京)有限公司 公司地址：海淀区海淀北二街10号泰鹏大厦403  传真： 公司主页：http://www.copalamba.com') ;
COMMIT;
INSERT INTO "User" ("Name","UserType","CreatedDatetime","UpdatedDatetime","Enabled")
                              VALUES ('677941423250008.htm',4,clock_timestamp(),clock_timestamp(),'t') ;
INSERT INTO "ZhilianUser" ("UserId","NickName","Type","Sex","City" ) VALUES(currval('"hero_reduce"."user_id_seq"'),'677941423250008.htm',0,'null','北京-海淀区') ; INSERT INTO "JobPosition" ("UserId","Name","Address","Title","Salary","Description")
                          VALUES(currval('"hero_reduce"."user_id_seq"'),'677941423250008.htm','北京-海淀区','软件研发工程师','','岗位职责： 1.手机、PC、盒子端Android应用软件开发与设计； 2.迭代优化公司产品。   任职资格： 1.计算机、数学等相关专业本科以上学历； 2.精通安卓开发，有优秀已发布产品； 3.有游戏、多媒体、视频解码软件等开发经验者优先。.                                                                            职位联系方式                                                      公司名称：动视云(北京)科技有限公司公司主页：www.51ias.com公司地址：海淀区北四环西路66号中国技术交易大厦20层                                                           查看职位地图') ;
COMMIT;
INSERT INTO "User" ("Name","UserType","CreatedDatetime","UpdatedDatetime","Enabled")
                              VALUES ('663615027250134.htm',4,clock_timestamp(),clock_timestamp(),'t') ;
INSERT INTO "ZhilianUser" ("UserId","NickName","Type","Sex","City" ) VALUES(currval('"hero_reduce"."user_id_seq"'),'663615027250134.htm',0,'null','北京') ; INSERT INTO "JobPosition" ("UserId","Name","Address","Title","Salary","Description")
                          VALUES(currval('"hero_reduce"."user_id_seq"'),'663615027250134.htm','北京','软件工程师','','岗位职责：1、编写代码注释和开发文档；2、辅助进行系统的功能定义,程序设计；3、根据项目设计文档或需求说明完成代码的编写，调试，测试和维护；4、分析并解决软件开发过程中的问题；5、配合项目经理团队完成相关任务目标。               任职资格：              1、大专及以上学历，计算机（网络）、电子信息、软件工程、（电气）自动化、测控、生仪、机电等专业。 2、有计算机语言基础者优先，如：C语言、C++、C#、JAVA、.Net、PHP等。3、具备良好的文档编写习惯和代码规范，对软件感兴趣并立志长期从事。4、具有良好的团队协作精神，较强的学习能力和沟通能力。                                                                             职位联系方式                                                       公司名称：北京中软瑞达科技有限公司 公司地址：北京海淀区上地金隅嘉华大厦D座506  联系人：刘女士18514008968 QQ邮箱2076674775qq@.com                                                          查看职位地图') ;
COMMIT;
INSERT INTO "User" ("Name","UserType","CreatedDatetime","UpdatedDatetime","Enabled")
                              VALUES ('147433982250233.htm',4,clock_timestamp(),clock_timestamp(),'t') ;
INSERT INTO "ZhilianUser" ("UserId","NickName","Type","Sex","City" ) VALUES(currval('"hero_reduce"."user_id_seq"'),'147433982250233.htm',0,'null','北京-朝阳区') ; INSERT INTO "JobPosition" ("UserId","Name","Address","Title","Salary","Description")
                          VALUES(currval('"hero_reduce"."user_id_seq"'),'147433982250233.htm','北京-朝阳区','软件工程师','','任职要求： 1.正规大学，计算机专业本科以上学历；2.工作经验2年以上，具备大型互联网公司工作经验； 3.android开发经验2年以上；具备1年以上移动互联网android产品开发经验；4.全程参与过至少1个android大型项目，架构过至少一个android大型产品；5.使用并熟悉fastjson, xmpp, sqlite, menudrawer, actionbar技术；6.具备社交类产品（微博、微信类产品）开发经验者优先； 欢迎体验“切克闹游戏圈”: http://11qiekenao.com，此岗位要求有较强的创意能力及沟通协调能力，另外我们正在开发一款非常好玩的应用产品，所以欢迎有想法、有创意的你来尝试！                                                                           职位联系方式                                                       公司名称：北京欧乐吧技术有限公司 公司地址：北京市朝阳区麦子店西街新恒基国际大厦815室  公司主页：http://www.crossmo.com/') ;
COMMIT;
INSERT INTO "User" ("Name","UserType","CreatedDatetime","UpdatedDatetime","Enabled")
                              VALUES ('142358343250246.htm',4,clock_timestamp(),clock_timestamp(),'t') ;
INSERT INTO "ZhilianUser" ("UserId","NickName","Type","Sex","City" ) VALUES(currval('"hero_reduce"."user_id_seq"'),'142358343250246.htm',0,'null','北京-朝阳区') ; INSERT INTO "JobPosition" ("UserId","Name","Address","Title","Salary","Description")
                          VALUES(currval('"hero_reduce"."user_id_seq"'),'142358343250246.htm','北京-朝阳区','高级软件工程师','','工作职责：1.精通android平台，至少2年以上的实际android平台开发经验，对android系统有全面的了解，能根据产品设计独立进行应用程序开发。2.了解操作系统原理，掌握常见的数据结构和算法，熟练掌握java语言，对数据结构有深入的理解，有好的编程习惯。3.需要有独立开发的软件案例演示。任职资格：1. 2年以上Android开发经验，理解面向对象设计的基本原则，熟练掌握常用Android API。2. 本科以上学历，具备良好的职业素养和团队协作精神，以及较强的学习和交流能力。3. 有创新精神,喜欢移动客户端编码工作，热爱技术开发工作。4、两年以下工作经验者请勿投。优先条件：1. 有WEB前端（DIV，CSS，JQuery）开发经验者优先；2. 有大型J2EE项目的部署、负载均衡、调优经验者优先；3. 熟悉Linux/Unix者优先；4．有社交类产品平台开发经验者优先 业务背景：影客云（北京）网络技术有限公司  主打品牌"捧丝儿“。我们正在开发一款中国独家捧主题娱乐社交平台，通过卓越的用户体验和全球创意商品的整合能力，力求成为领先的全民捧娱乐文化社交平台！                                                                             职位联系方式                                                      公司名称：北京宇际星海广告有限公司公司地址：北京市朝阳区外馆斜街51号凯景铭座大厦5层 传真：64408178-805公司主页：') ;
COMMIT;
INSERT INTO "User" ("Name","UserType","CreatedDatetime","UpdatedDatetime","Enabled")
                              VALUES ('597229722250170.htm',4,clock_timestamp(),clock_timestamp(),'t') ;
INSERT INTO "ZhilianUser" ("UserId","NickName","Type","Sex","City" ) VALUES(currval('"hero_reduce"."user_id_seq"'),'597229722250170.htm',0,'null','北京') ; INSERT INTO "JobPosition" ("UserId","Name","Address","Title","Salary","Description")
                          VALUES(currval('"hero_reduce"."user_id_seq"'),'597229722250170.htm','北京','移动互联网开发','10001-15000','工作职责：1、根据业务需求，开发android平台应用；2、参与移动平台软件框架的研究，设计和实现、关键技术验证和选型等工作；3、根据开发过程中的体验对产品提出改进意见；4、持续的优化客户端用户体验。任职要求：1、3年以上开发经验，其中2年以上Android开发经验；2、熟练使用java和android开发工具；3、熟悉Android的体系结构，熟练使用Android SDK；4、本科及以上学历，计算机或相关专业；                                                                            职位联系方式                                                      公司名称：北京全网商聪科技有限公司公司地址：北京市朝阳区红军营南路奥城融富中心B座602 传真：公司主页：') ;
COMMIT;
INSERT INTO "User" ("Name","UserType","CreatedDatetime","UpdatedDatetime","Enabled")
                              VALUES ('377964427250130.htm',4,clock_timestamp(),clock_timestamp(),'t') ;
INSERT INTO "ZhilianUser" ("UserId","NickName","Type","Sex","City" ) VALUES(currval('"hero_reduce"."user_id_seq"'),'377964427250130.htm',0,'null','北京-海淀区') ; INSERT INTO "JobPosition" ("UserId","Name","Address","Title","Salary","Description")
                          VALUES(currval('"hero_reduce"."user_id_seq"'),'377964427250130.htm','北京-海淀区','软件工程师','4001-6000','任职要求：1、应往届理工科毕业生，有志于在IT行业发展。           2、有计算机语言者优先，如：C语言、C++、Java、.Net等。           3、计算机（网络）、电子信息、软件工程、（电气）自动化、测控、生仪、机电等专业；           4、接受岗前培训，培训期间不用交纳任何费用。 入职范围：Java程序员软件开发工程师 3G手机Android软件开发工程师、互联网营销策划师。待遇：     签订正式劳动合同、办理组织关系迁转、享受国家规定的保险福利待遇。                                                                           职位联系方式                                                      公司名称：北京睿思指南教育科技有限公司公司地址：北京市回龙观西大街118号 龙冠置业大厦b座4层传真：010-59812335公司主页：www.rsjy.com.cn') ;
COMMIT;
INSERT INTO "User" ("Name","UserType","CreatedDatetime","UpdatedDatetime","Enabled")
                              VALUES ('377964427250131.htm',4,clock_timestamp(),clock_timestamp(),'t') ;
INSERT INTO "ZhilianUser" ("UserId","NickName","Type","Sex","City" ) VALUES(currval('"hero_reduce"."user_id_seq"'),'377964427250131.htm',0,'null','北京-海淀区') ; INSERT INTO "JobPosition" ("UserId","Name","Address","Title","Salary","Description")
                          VALUES(currval('"hero_reduce"."user_id_seq"'),'377964427250131.htm','北京-海淀区','软件工程师','4001-6000','任职要求：1、应往届理工科毕业生，有志于在IT行业发展。           2、有计算机语言者优先，如：C语言、C++、Java、.Net等。           3、计算机（网络）、电子信息、软件工程、（电气）自动化、测控、生仪、机电等专业；           4、接受岗前培训，培训期间不用交纳任何费用。 入职范围：Java程序员软件开发工程师 3G手机Android软件开发工程师、互联网营销策划师。待遇：     签订正式劳动合同、办理组织关系迁转、享受国家规定的保险福利待遇。                                                                            职位联系方式                                                      公司名称：北京睿思指南教育科技有限公司公司地址：北京市回龙观西大街118号 龙冠置业大厦b座4层传真：010-59812335公司主页：www.rsjy.com.cn') ;
COMMIT;
INSERT INTO "User" ("Name","UserType","CreatedDatetime","UpdatedDatetime","Enabled")
                              VALUES ('377964427250134.htm',4,clock_timestamp(),clock_timestamp(),'t') ;
INSERT INTO "ZhilianUser" ("UserId","NickName","Type","Sex","City" ) VALUES(currval('"hero_reduce"."user_id_seq"'),'377964427250134.htm',0,'null','北京-海淀区') ; INSERT INTO "JobPosition" ("UserId","Name","Address","Title","Salary","Description")
                          VALUES(currval('"hero_reduce"."user_id_seq"'),'377964427250134.htm','北京-海淀区','软件工程师','4001-6000','任职要求：1、应往届理工科毕业生，有志于在IT行业发展。           2、有计算机语言者优先，如：C语言、C++、Java、.Net等。           3、计算机（网络）、电子信息、软件工程、（电气）自动化、测控、生仪、机电等专业；           4、接受岗前培训，培训期间不用交纳任何费用。 入职范围：Java程序员软件开发工程师 3G手机Android软件开发工程师、互联网营销策划师。待遇：     签订正式劳动合同、办理组织关系迁转、享受国家规定的保险福利待遇。                                                                            职位联系方式                                                      公司名称：北京睿思指南教育科技有限公司公司地址：北京市回龙观西大街118号 龙冠置业大厦b座4层传真：010-59812335公司主页：www.rsjy.com.cn') ;
COMMIT;
INSERT INTO "User" ("Name","UserType","CreatedDatetime","UpdatedDatetime","Enabled")
                              VALUES ('337626418250467.htm',4,clock_timestamp(),clock_timestamp(),'t') ;
INSERT INTO "ZhilianUser" ("UserId","NickName","Type","Sex","City" ) VALUES(currval('"hero_reduce"."user_id_seq"'),'337626418250467.htm',0,'null','北京') ; INSERT INTO "JobPosition" ("UserId","Name","Address","Title","Salary","Description")
                          VALUES(currval('"hero_reduce"."user_id_seq"'),'337626418250467.htm','北京','手机软件开发工程师','','岗位描述：1. 负责Android应用软件的设计、开发和测试。2. 负责Android应用与外围设备和第三方系统集成设计、开发和测试。 职位要求：1. 大专以上学历，2年android实际开发经验 2. 熟练Android手机操作系统平台； 3. 熟练Andriod平台UI设计； 4. 熟悉Java SDK、Android SDK。 5. 熟悉Android开发架构和API调用 6. 熟悉HTTP、TCP/IP通讯协议 ，熟悉多线程编程                                                                               职位联系方式                                                       公司名称：北京青钱信息技术有限公司 公司地址：北京海淀区彩和坊路10号1+1大厦9层  传真： 公司主页：www.qingqian.net                                                          查看职位地图') ;
COMMIT;
INSERT INTO "User" ("Name","UserType","CreatedDatetime","UpdatedDatetime","Enabled")
                              VALUES ('617434823250040.htm',4,clock_timestamp(),clock_timestamp(),'t') ;
INSERT INTO "ZhilianUser" ("UserId","NickName","Type","Sex","City" ) VALUES(currval('"hero_reduce"."user_id_seq"'),'617434823250040.htm',0,'null','北京-昌平区') ; INSERT INTO "JobPosition" ("UserId","Name","Address","Title","Salary","Description")
                          VALUES(currval('"hero_reduce"."user_id_seq"'),'617434823250040.htm','北京-昌平区','其他','','岗位职责：1、Android开发完成客户端界面及应用程序设计、开发、发布； 2、负责Android客户端开发流程的控制及优化，项目进度的管理及把控；3、参与公司产品架构设计、方案的制定；4、负责Android平台框架层面的开发维护以及扩展；5、跟进Android的新技术发展，编写设计开发及实现文挡；6、根据产品功能需求设计并完成软件实现；岗位要求：1、精通Android开发平台的框架原理，精通java； 2、从事Android客户端相关开发工作3年以上；3、注重代码质量，理解软件架构设计，能灵活运用各种设计模式；3. 良好的职业操守，责任心强，对移动产品有浓厚兴趣，有良好的合作精神；写能力。                                                                           职位联系方式                                                       公司名称：广州乐投信息科技有限公司北京分公司 公司地址：昌平区回龙观龙冠大厦716室  传真： 公司主页：                                                          查看职位地图') ;
COMMIT;
INSERT INTO "User" ("Name","UserType","CreatedDatetime","UpdatedDatetime","Enabled")
                              VALUES ('674111126250000.htm',4,clock_timestamp(),clock_timestamp(),'t') ;
INSERT INTO "ZhilianUser" ("UserId","NickName","Type","Sex","City" ) VALUES(currval('"hero_reduce"."user_id_seq"'),'674111126250000.htm',0,'null','北京-朝阳区') ; INSERT INTO "JobPosition" ("UserId","Name","Address","Title","Salary","Description")
                          VALUES(currval('"hero_reduce"."user_id_seq"'),'674111126250000.htm','北京-朝阳区','高级软件工程师','15001-25000','职位描述岗位职责： -现有客户端软件的持续优化、架构改进；-根据业务需求，基于Android平台进行移动端应用程序独立开发设计、实现、测试及功能维护；-移动平台软件框架的研究，设计和实现、关键技术验证和选型工作；-人机交互界面的设计，为用户提供良好交互体验；-根据开发过程中的用户体验提出改进建议；-学习和研究新的移动互联网技术以及改善手机产品的需求； 职位要求：-精通JAVA编程和核心类库；-精通Android SDK，能编写UI控件和动画特效；-3年及以上Android开发经验，并有作品及简历描述；-熟悉设计模式，对代码质量和编程规范有较高追求；-掌握OO思想，具备扎实的抽象编程/设计能力；-熟悉NDK开发，熟练使用C/C++语言；-研究或参与过若干Java开源框架或项目；-了解网络、数据库和服务器编程；                                                                           职位联系方式                                                       公司名称：北京楼楼科技有限公司 公司地址：北京市朝阳区青年北路青年汇102-1011  传真： 公司主页：null                                                          查看职位地图') ;
COMMIT;
INSERT INTO "User" ("Name","UserType","CreatedDatetime","UpdatedDatetime","Enabled")
                              VALUES ('679709825250024.htm',4,clock_timestamp(),clock_timestamp(),'t') ;
INSERT INTO "ZhilianUser" ("UserId","NickName","Type","Sex","City" ) VALUES(currval('"hero_reduce"."user_id_seq"'),'679709825250024.htm',0,'null','北京-西城区') ; INSERT INTO "JobPosition" ("UserId","Name","Address","Title","Salary","Description")
                          VALUES(currval('"hero_reduce"."user_id_seq"'),'679709825250024.htm','北京-西城区','软件研发工程师','6000-15000','岗位职责：1、 负责android客户端架构设计、开发工作；  2、 参与客户端产品的需求分析与UE设计讨论及确认；  3、 负责产品后续迭代版本开发，不断优化相关产品的质量、性能、用户体验；  4、 熟练操作主流市场提交审核流程，了解产品关键词；  	  5、跟踪和研究android客户端的技术热点和应用热点。任职要求：1、 大学本科及以上学历，计算机及相关专业；   2、 熟练掌握Java语言开发经验；  3、 学习能力强，具有强烈的责任心，具有较强的沟通能力及团队合作精神；   4、 拥有至少2年以上android客户端实际开发经验，要求有作品（公司的项目或者自己的上线项目）；   5、 已在android应用商店发布过作品或具有电商经验者优先；   6、 有在github等开源社区拥有自己作品的优先；             7、了解操作系统原理，熟悉JNI的优先聘用。择优条件：1、 具有移动支付、网上银行或SP移动应用相关软件开发经验者优先；  2、 具有移动/联通/电信WAP网关接入、开发、测试经验者优先；  3、 具有VoIP软电话客户端软件开发经验者优先；            4、具有手机平台安全产品开发经验者优先。                                                                            职位联系方式                                                      公司名称：北京浩然五洲软件技术有限公司公司地址：北京朝阳常营中弘北京像素 传真：公司主页：null') ;
COMMIT;
INSERT INTO "User" ("Name","UserType","CreatedDatetime","UpdatedDatetime","Enabled")
                              VALUES ('336696416250269.htm',4,clock_timestamp(),clock_timestamp(),'t') ;
INSERT INTO "ZhilianUser" ("UserId","NickName","Type","Sex","City" ) VALUES(currval('"hero_reduce"."user_id_seq"'),'336696416250269.htm',0,'null','北京-海淀区') ; INSERT INTO "JobPosition" ("UserId","Name","Address","Title","Salary","Description")
                          VALUES(currval('"hero_reduce"."user_id_seq"'),'336696416250269.htm','北京-海淀区','软件研发工程师','','1. 有扎实的Java基础         2. 熟悉Android平台，熟悉Android各版本API的区别          2. 熟悉 Sqllight 数据库开发          3. 熟悉Android平台的GUI编程         4. 熟悉Android平台的网络API，熟悉Socket/HTTP编程         5. 熟悉常用的手机软件调试方法和技巧         6. 较好的沟通能力，具有良好的团队合作         7. Android开发经验2-3年以上；         8. 具备丰富的APP性能调优经验；         9. 有做过类似网易新闻客户端框架的经验或具备这方面的技术积累；                                                                           职位联系方式                                                       公司名称：北京安鼎讯科技有限公司 公司地址：北京市朝阳区松榆北路7号院11号楼508室  传真： 公司主页：') ;
COMMIT;
INSERT INTO "User" ("Name","UserType","CreatedDatetime","UpdatedDatetime","Enabled")
                              VALUES ('151590419250149.htm',4,clock_timestamp(),clock_timestamp(),'t') ;
INSERT INTO "ZhilianUser" ("UserId","NickName","Type","Sex","City" ) VALUES(currval('"hero_reduce"."user_id_seq"'),'151590419250149.htm',0,'null','北京') ; INSERT INTO "JobPosition" ("UserId","Name","Address","Title","Salary","Description")
                          VALUES(currval('"hero_reduce"."user_id_seq"'),'151590419250149.htm','北京','软件工程师','6001-8000','主要工作职责: 1.   负责产品的Android智能手机应用软件的设计和开发2.   配合项目经理完成技术文档。3.   参与售前阶段的部分技术支持工作。4.   能对于本职工作以及产品发展提出独到的建议。   专业技能要求: 1.本科或以上学历，计算机软件相关专业 2.熟练的软件开发技能以及面向对象概念 3.有android移动产品开发1年以上经验 4. 对智能手机软件交互设计及UI设计有实际开发经验者优先 5.自学能力强，合作意识强，沟通良好，能够承担一定的工作压力                                                                           职位联系方式                                                       公司名称：北京中电信达通讯科技有限公司 联系电话：010--51931071                                                          查看职位地图') ;
COMMIT;
INSERT INTO "User" ("Name","UserType","CreatedDatetime","UpdatedDatetime","Enabled")
                              VALUES ('217734210250023.htm',4,clock_timestamp(),clock_timestamp(),'t') ;
INSERT INTO "ZhilianUser" ("UserId","NickName","Type","Sex","City" ) VALUES(currval('"hero_reduce"."user_id_seq"'),'217734210250023.htm',0,'null','北京') ; INSERT INTO "JobPosition" ("UserId","Name","Address","Title","Salary","Description")
                          VALUES(currval('"hero_reduce"."user_id_seq"'),'217734210250023.htm','北京','手机软件开发工程师','4001-6000','职位描述（岗位职责）： 1．基于产品的项目定制和开发； 2．Android平台软件规划设计与开发； 3．根据产品需求和项目任务计划按时完成Android应用开发； 4．编写必要的开发文档，如设计文档，测试文档；  职位要求： 1. 本科以上学历； 2. 两年以上计算机行业从业经验； 3. 具备1年以上Android平台下的开发经验； 4. 精通java语言，Android应用开发框架,熟悉Android SDK；5. 熟悉网络编程； 6  有良好的编码习惯和文档撰写习惯；7. 逻辑思维能力强，有较强的解决问题的能力，以及较强的学习能力； 8. 有良好的沟通能力和团队合作精神，能够承受工作压力；                                                                            职位联系方式                                                       公司名称：北京大都智源咨询有限公司 公司地址：北京市朝阳区霞光里15号霄云中心A座  传真： 公司主页：www.ifocuses.com                                                          查看职位地图') ;
COMMIT;
INSERT INTO "User" ("Name","UserType","CreatedDatetime","UpdatedDatetime","Enabled")
                              VALUES ('368918312250566.htm',4,clock_timestamp(),clock_timestamp(),'t') ;
INSERT INTO "ZhilianUser" ("UserId","NickName","Type","Sex","City" ) VALUES(currval('"hero_reduce"."user_id_seq"'),'368918312250566.htm',0,'null','北京') ; INSERT INTO "JobPosition" ("UserId","Name","Address","Title","Salary","Description")
                          VALUES(currval('"hero_reduce"."user_id_seq"'),'368918312250566.htm','北京','手机软件开发工程师','','职位描述： 1、负责Android客户端开发工作； 2、根据产品计划在计划内完成代码编写工作； 3、善于攻克技术难关，能够迎难而上； 4、严格遵守产品开发迭代流程； 职位要求： 1、2年以上Java手机客户端应用开发经验；2、2年Android开发经验，熟练使用Eclipse、Android SDK等开发工具3、熟练掌握Android的API，理解Android的体系结构，掌握Android中界面绘制、后台运行、数据存储等的原理，熟悉xml、http、TCP/IP协议4、有良好的面向对象分析和设计能力，有一定的算法分析和设计能力；5、熟悉SQLite关系数据库6、工作态度:有创新精神，具有很强的逻辑思维，具有较强的团队协作精神和沟通能力，工作主动积极，较强的责任心                                                                            职位联系方式                                                      公司名称：北京车音网科技有限公司公司地址：北京市东城区和平里东街11号航星园2号楼东段1层 传真：010-64522311公司主页：http://www.vcyber.cn/') ;
COMMIT;
INSERT INTO "User" ("Name","UserType","CreatedDatetime","UpdatedDatetime","Enabled")
                              VALUES ('120359452254102.htm',4,clock_timestamp(),clock_timestamp(),'t') ;
INSERT INTO "ZhilianUser" ("UserId","NickName","Type","Sex","City" ) VALUES(currval('"hero_reduce"."user_id_seq"'),'120359452254102.htm',0,'null','北京-海淀区') ; INSERT INTO "JobPosition" ("UserId","Name","Address","Title","Salary","Description")
                          VALUES(currval('"hero_reduce"."user_id_seq"'),'120359452254102.htm','北京-海淀区','高级软件工程师','','捷通华声灵云智能客服机器人，提供24小时在线智能问答服务。灵云智能客服官方微信账号：sinovoice_know职位描述：1.根据手机应用软件市场及目标消费群体需求，提出产品创作理念或参与提高已有的2.产品概念，制定策划方案；3.负责手机应用软件等无线应用软件产品的创意策划；4.负责策划工作的执行，在应用产品设计的每个阶段，充分与程序、美术、运维等相5.关人员协调并讲解设计意图，确保应用产品的高品质。任职资格：1.学历要求：  -统招本科及以上学历，或非重点院校硕士以上学历。2.工作经验：  -1年以上手机应用软件策划经验，熟悉andoird手机平台相关技术业务及平台特点；  -沟通能力强，能正确清晰阐述自己的设计思想及设计细节，有较强的团队合作意识，能够接纳其他成员的建议，根据需求提高策划质量；  -才思敏捷、思路开阔，有出色的创意思维能力、敏锐的市场意识以及良好的文字功底，对产品创意策划工作有浓厚兴趣；  -有高度的认知心理学能力，有很强的用户体验度模型能力；  -熟悉使用PowerPoint，Visio等常用软件。3.能力要求：  -出色的表达、沟通、问题分析、随机应变等综合能力，文档写作和产品原型表现能力；  -想象力丰富，有创意、有激情，良好的沟通能力和团队合作精神；  -优秀的协调、谈判能力，具有高度的工作热情和责任感；  -性格开朗，主动性强；  -良好的沟通协调能力和团队合作意识，能够主动总结和分享自己的知识和经验。4.素质要求：  -工作踏实，态度积极，能够承受工作压力；  -责任心强，正直诚实，值得信赖。优先考虑：1.参与过人机交互类产品设计、策划或有相关工作经验并有成功案例者优先。2.具有智能手机应用产品设计规划经验，有成功的产品设计案例者优先。简历接收邮箱：hr@infoquick.com.cn   请应聘者注明投递岗位及姓名                                                                           职位联系方式                                                       公司名称：北京捷通华声语音技术有限公司 公司地址：北京市海淀区东北旺西路8号中关村软件园10号楼206  公司主页：www.sinovoice.com                                                          查看职位地图') ;
COMMIT;
INSERT INTO "User" ("Name","UserType","CreatedDatetime","UpdatedDatetime","Enabled")
                              VALUES ('362421618250804.htm',4,clock_timestamp(),clock_timestamp(),'t') ;
INSERT INTO "ZhilianUser" ("UserId","NickName","Type","Sex","City" ) VALUES(currval('"hero_reduce"."user_id_seq"'),'362421618250804.htm',0,'null','北京') ; INSERT INTO "JobPosition" ("UserId","Name","Address","Title","Salary","Description")
                          VALUES(currval('"hero_reduce"."user_id_seq"'),'362421618250804.htm','北京','高级软件工程师','','工作职责：1）从事Android平台系统及应用软件开发； 2）按照项目需求开发对应功能，持续优化用户体验；3）参与平台产品设计，完成相应技术文档的编写；4）支持硬件工程师调试。工作要求：1）计算机、电子、通信、数学等相关专业本科以上学历，3年以上android开发经验软件开发经验；2）精通C++和Java 语言编程，有跨平台开发经验优先；3）熟悉Android开发平台及系统框架原理，有NDK、JNI开发经验、驱动开发经验优先。4）具备良好的文档编写能力和习惯，能够编写规范的概要和详细设计文档；5）富于工作热情与合作精神，良好的沟通能力和团队合作精神。6）工作地点：北京、南京                                                                            职位联系方式                                                      公司名称：鼎点视讯科技有限公司公司地址：北京市海淀区上地东路1号院盈创动力大厦A座北厅6层602 武汉研究所：武汉市光谷E城（光谷软件园6期）1栋6层，深圳研究所：深圳市南山区高新技术园北区朗山路口紫光信息港B座7楼传真：公司主页：http://www.sumavision.com') ;
COMMIT;
INSERT INTO "User" ("Name","UserType","CreatedDatetime","UpdatedDatetime","Enabled")
                              VALUES ('362421618250807.htm',4,clock_timestamp(),clock_timestamp(),'t') ;
INSERT INTO "ZhilianUser" ("UserId","NickName","Type","Sex","City" ) VALUES(currval('"hero_reduce"."user_id_seq"'),'362421618250807.htm',0,'null','北京-海淀区') ; INSERT INTO "JobPosition" ("UserId","Name","Address","Title","Salary","Description")
                          VALUES(currval('"hero_reduce"."user_id_seq"'),'362421618250807.htm','北京-海淀区','软件工程师','','岗位职责：负责Android客户端开发。任职资格1、统招本科以上学历，计算机、通信等相关专业；2、两年以上Java客户端开发工作经验，一年以上Android开发经验，精通Java编程，2年以上Java开发经验；3、掌握android体系架构，熟悉Android Framework和标准控件，有Android实际开发经验者优先；4、有多线程、socket、webservice开发经验者优先；5、有较强的学习适应能力和沟通能力，具备良好的团队合作精神。                                                                            职位联系方式                                                      公司名称：鼎点视讯科技有限公司公司地址：北京市海淀区上地东路1号院盈创动力大厦A座北厅6层602 武汉研究所：武汉市光谷E城（光谷软件园6期）1栋6层，深圳研究所：深圳市南山区高新技术园北区朗山路口紫光信息港B座7楼传真：公司主页：http://www.sumavision.com') ;
COMMIT;
INSERT INTO "User" ("Name","UserType","CreatedDatetime","UpdatedDatetime","Enabled")
                              VALUES ('362421618250824.htm',4,clock_timestamp(),clock_timestamp(),'t') ;
INSERT INTO "ZhilianUser" ("UserId","NickName","Type","Sex","City" ) VALUES(currval('"hero_reduce"."user_id_seq"'),'362421618250824.htm',0,'null','北京') ; INSERT INTO "JobPosition" ("UserId","Name","Address","Title","Salary","Description")
                          VALUES(currval('"hero_reduce"."user_id_seq"'),'362421618250824.htm','北京','互联网软件工程师','','职责：负责公司彩票客户端等应用的技术开发要求：IOS1、掌握c/c++,Objective-C, 了解Objective-C 2.0 ；2、了解iPhone、iPad、Mac 操作系统（或者UnixLinux操作系统）,熟悉IOS客户端与服务器通信技术，掌握socket和http网络通信协议；3、掌握 iPhone SDK相关技术开发及应用；4、具备优秀的沟通和协调能力，良好的服务精神及团队合作能力，能够承受较大工作压力；5、具有快速认知、学习的能力；具有较强的沟通能力；诚实敬业, 责任心强；6、有彩票客户端开发经验，了解彩票业务的特点，熟悉业务流程。Android：1．熟悉Android开发架构和API调用；2．熟悉HTTP、TCP/IP通讯协议；3．熟悉面向对象编程，图形界面开发；4．具备优秀的沟通和协调能力，良好的服务精神及团队合作能力，能够承受较大工作压力；5．具有快速认知、学习的能力；具有较强的沟通能力；诚实敬业, 责任心强；6．有彩票客户端开发经验，了解彩票业务的特点，熟悉业务流程。                                                                            职位联系方式                                                      公司名称：鼎点视讯科技有限公司公司地址：北京市海淀区上地东路1号院盈创动力大厦A座北厅6层602 武汉研究所：武汉市光谷E城（光谷软件园6期）1栋6层，深圳研究所：深圳市南山区高新技术园北区朗山路口紫光信息港B座7楼传真：公司主页：http://www.sumavision.com') ;
COMMIT;
INSERT INTO "User" ("Name","UserType","CreatedDatetime","UpdatedDatetime","Enabled")
                              VALUES ('120188733250881.htm',4,clock_timestamp(),clock_timestamp(),'t') ;
INSERT INTO "ZhilianUser" ("UserId","NickName","Type","Sex","City" ) VALUES(currval('"hero_reduce"."user_id_seq"'),'120188733250881.htm',0,'null','北京-海淀区') ; INSERT INTO "JobPosition" ("UserId","Name","Address","Title","Salary","Description")
                          VALUES(currval('"hero_reduce"."user_id_seq"'),'120188733250881.htm','北京-海淀区','互联网软件工程师','','上岗条件：(1)  计算机相关专业大学本科以上学历，2年以上Android开发经验；(2)  负责过产品或功能的全生命周期管理（含界面设计、项目推进、后期运营等）者优先；(3)  对交互设计、用户体验有浓厚的兴趣；(4)  推进产品开发项目，协调开发、运营等资源，完成产品功能测试工作，保证产品按计划开发及发布；(5)  熟悉Android开发平台的框架原理，能够熟练使用Android SDK，熟练掌握Android网络应用软件开发和调试经验；(6)  熟悉网络的基本知识及TCP/IP协议、HTTP协议，了解基本的网络概念； (7)  熟悉Oracle、SQL Server等至少其中一种数据库。有一定分析、设计能力；(8)  能够承担较大的工作压力，具备良好的沟通技巧及团队合作精神。岗位职责：(1) 负责公司相关APP产品的用户需求分析及新功能提炼；(2)  设计产品的交互界面及流程原型；(3)  撰写产品需求文档；(4)  推进产品开发项目，协调开发、运营等资源，保证产品按计划开发及发布；(5)  跟踪产品的运营数据，并根据数据改进产品；跟踪、整理产品的用户反馈，和用户交流，根据用户反馈改进产品。                                                                           职位联系方式                                                       公司名称：中国大恒(集团)有限公司北京图像视觉技术分公司 公司地址：北京市海淀区苏州街3号大恒科技大厦北座12层  传真：010-82828996 公司主页：www.daheng-image.com                                                          查看职位地图') ;
COMMIT;
INSERT INTO "User" ("Name","UserType","CreatedDatetime","UpdatedDatetime","Enabled")
                              VALUES ('120188733250839.htm',4,clock_timestamp(),clock_timestamp(),'t') ;
INSERT INTO "ZhilianUser" ("UserId","NickName","Type","Sex","City" ) VALUES(currval('"hero_reduce"."user_id_seq"'),'120188733250839.htm',0,'null','北京-海淀区') ; INSERT INTO "JobPosition" ("UserId","Name","Address","Title","Salary","Description")
                          VALUES(currval('"hero_reduce"."user_id_seq"'),'120188733250839.htm','北京-海淀区','软件研发工程师','','上岗条件：(1)  计算机相关专业大学本科以上学历，具有扎实的计算机理论基础；(2)  至少2年以上Android开发经验；(3)  熟悉Android开发平台的框架原理，能够熟练使用Android SDK，熟练掌握Android网络应用软件开发和调试经验；(4)  熟悉网络的基本知识及TCP/IP协议、HTTP协议，了解基本的网络概念； (5)  熟悉Oracle、SQL Server等至少其中一种数据库。有一定分析、设计能力；(6)  能够承担较大的工作压力，具备良好的沟通技巧及团队合作精神。岗位职责：1、 负责Android技术产品及系统的设计、开发和日常维护；2、 开发过程中相关技术问题的独立分析、解决；3、 设计单元测试、集成测试、系统测试；4、 能够独立按时完成部门交给的开发工作；按照大恒图像及相关部门流程完成技术文档。                                                                           职位联系方式                                                       公司名称：中国大恒(集团)有限公司北京图像视觉技术分公司 公司地址：北京市海淀区苏州街3号大恒科技大厦北座12层  传真：010-82828996 公司主页：www.daheng-image.com                                                          查看职位地图') ;
COMMIT;
INSERT INTO "User" ("Name","UserType","CreatedDatetime","UpdatedDatetime","Enabled")
                              VALUES ('666902923250105.htm',4,clock_timestamp(),clock_timestamp(),'t') ;
INSERT INTO "ZhilianUser" ("UserId","NickName","Type","Sex","City" ) VALUES(currval('"hero_reduce"."user_id_seq"'),'666902923250105.htm',0,'null','北京-海淀区') ; INSERT INTO "JobPosition" ("UserId","Name","Address","Title","Salary","Description")
                          VALUES(currval('"hero_reduce"."user_id_seq"'),'666902923250105.htm','北京-海淀区','高级软件工程师','','岗位职责：  1、  负责项目中Android研发管理工作；  2、  快速精确的理解产品策划案，和策划沟通细节；  3、  进行客户端开发工作量评估、任务细分和对研发项目的交付时间、进度、质量进行有效管理；  4、  负责对手机软件产品终端应用的架构设计、开发、优化、扩展；  5、  对客户端人员的代码进行规范检查；  6、  编写客户端总体设计文档，实现关键代码，和服务器主程序沟通定制协议；  7、  负责客户端的稳定性；  8、  负责沟通产品需求；  9、  负责android平台下的技术预研。     职位要求：  1、  大学专科以上学历，热爱手机软件开发，高度的责任心、良好的沟通技巧和团队合作精神；  2、  三年以上Android开发经验，一年以上的客户端主程序工作经验；  3、  精通JAVA设计模式并有丰富的实践经验，精通网络通信、多线程等技术，有良好的编程习惯，编码整洁，注重算法效率，代码健壮稳定性高；  4、  了解常规手机应用软件客户端架构、相关图形学基础知识；  5、  熟悉Android应用程序框架，了解常规性能优化方法；  6、  使用java语言进行andriod下的app开发；  7、  能够与项目组其他成员有效、无障碍沟通；  8、  能主动承担任务，能主动为改进客户端程序贡献力量；  9、  具有J2ME或Java开发经验优先考虑。                                                                               职位联系方式                                                      公司名称：北京科嘉科技开发推广有限公司公司地址：北京海淀区北四环西路9号银谷大厦') ;
COMMIT;
INSERT INTO "User" ("Name","UserType","CreatedDatetime","UpdatedDatetime","Enabled")
                              VALUES ('210990018250095.htm',4,clock_timestamp(),clock_timestamp(),'t') ;
INSERT INTO "ZhilianUser" ("UserId","NickName","Type","Sex","City" ) VALUES(currval('"hero_reduce"."user_id_seq"'),'210990018250095.htm',0,'null','北京') ; INSERT INTO "JobPosition" ("UserId","Name","Address","Title","Salary","Description")
                          VALUES(currval('"hero_reduce"."user_id_seq"'),'210990018250095.htm','北京','软件研发工程师','15000-20000','Android安卓高级开发工程师游戏模拟器开发，sdk开发各一名工作职责：1.开发维护安卓平台客户端2.安卓模拟器游戏盒子开发3.Android SDK开发任职要求：1.大专以上学历，计算机、通讯、电子等相关专业,3年以上工作经验2.熟悉Android系统架构及相关技术，包括UI、网络等方面3.有扎实的Java/C++语言基础，良好的数据结构及算法基础4.有模拟器集成开发经验，或SDK开发经验优先。此岗位工作地址：朝阳区东四环北路6号二区31号108公交：酒仙桥站 （418，701路、658路、656路、408路等，众多的公交车停站）                                                                           职位联系方式                                                       公司名称：北京万润博科贸有限责任公司 公司地址：北京市朝阳区东四环北路6号二区31号108 传真： 公司主页：www.cherry.cn    www.78dian.com') ;
COMMIT;
INSERT INTO "User" ("Name","UserType","CreatedDatetime","UpdatedDatetime","Enabled")
                              VALUES ('132621423250168.htm',4,clock_timestamp(),clock_timestamp(),'t') ;
INSERT INTO "ZhilianUser" ("UserId","NickName","Type","Sex","City" ) VALUES(currval('"hero_reduce"."user_id_seq"'),'132621423250168.htm',0,'null','北京-海淀区') ; INSERT INTO "JobPosition" ("UserId","Name","Address","Title","Salary","Description")
                          VALUES(currval('"hero_reduce"."user_id_seq"'),'132621423250168.htm','北京-海淀区','系统工程师','','1,有耐心，有毅力。思维逻辑清晰，沟通顺畅。 2,IOS开发者熟悉Objective-C、Xcode等相关领域。Android开发者熟悉相应开发工具、框架。 3,熟悉T—SQL数据语句，具有面向对象编程的思想。 4,熟悉json, xml文件的解析，有良好的代码规范。 5,对Http协议、Socket编程、XMPP协议、HTML5 等移动相关技术熟悉者优先考虑。                                                                            职位联系方式                                                      公司名称：北京金谷高科技术有限公司公司地址：北京海淀区上地信息路三街9号嘉华大厦B-706 传真：010-62981956公司主页：http://www.fao.com.cn                                                          查看职位地图') ;
COMMIT;
INSERT INTO "User" ("Name","UserType","CreatedDatetime","UpdatedDatetime","Enabled")
                              VALUES ('518794529250296.htm',4,clock_timestamp(),clock_timestamp(),'t') ;
INSERT INTO "ZhilianUser" ("UserId","NickName","Type","Sex","City" ) VALUES(currval('"hero_reduce"."user_id_seq"'),'518794529250296.htm',0,'null','北京') ; INSERT INTO "JobPosition" ("UserId","Name","Address","Title","Salary","Description")
                          VALUES(currval('"hero_reduce"."user_id_seq"'),'518794529250296.htm','北京','移动互联网开发','','岗位职责：1、负责Android平台应用程序及SDK的开发及测试；2、及时完成所分配的软件设计和开发任务；3、根据开发流程要求完成相应设计文档。 任职资格：1、三年以上Android应用开发经验，具有扎实的Java语言基础1、 熟悉Android开发技术，包括UI、网络等方面；2、 熟悉Android开发工具和相关开发测试工具；3、 熟悉各个不同版本Android特点以及API支持情况； 4、 开发基础良好，理解设计模式，在项目或产品中有很好的设计实践；5、 思路清晰，善于思考，具有良好的分析和独立解决问题的能力；6、 对新技术具有敏感性，愿意致力于新技术的探索和研究。                                                                           职位联系方式                                                       公司名称：北京集奥聚合科技有限公司 公司地址：北京市东城区东直门外大街46号天恒大厦A座12层1208室 2号/13号线东直门站C口出 传真： 公司主页：www.geotmt.com') ;
COMMIT;
INSERT INTO "User" ("Name","UserType","CreatedDatetime","UpdatedDatetime","Enabled")
                              VALUES ('675771925250001.htm',4,clock_timestamp(),clock_timestamp(),'t') ;
INSERT INTO "ZhilianUser" ("UserId","NickName","Type","Sex","City" ) VALUES(currval('"hero_reduce"."user_id_seq"'),'675771925250001.htm',0,'null','北京-朝阳区') ; INSERT INTO "JobPosition" ("UserId","Name","Address","Title","Salary","Description")
                          VALUES(currval('"hero_reduce"."user_id_seq"'),'675771925250001.htm','北京-朝阳区','软件研发工程师','','职位标签:  Android;Java 职位职能:  手机软件开发工程师  高级软件工程师 工作职责：1.根据需求独立完成Android软件系统的设计、开发、测试和维护；2.规范文档的编写、维护，及其他与项目相关工作；3.按照项目计划，提交高质量代码，完成开发任务。职位要求：1.有扎实的编程功底和编程经验，熟悉C、C++，Java；2.熟悉Android程序设计，了解Android SDK及相关开发工具的使用；3.了解Android下网络通信机制、能够进行socket/HTTP网络编程；4.熟悉NDK或有个人Android作品者优先考虑                                                                           职位联系方式                                                      北京七扇门科技发展有限公司成立于2014年7月，致力搭建中国最大的房地产营销人脉圈，为购房者提供购房优惠，为房地产经纪人创造更简单的赚钱方式，为房地产企业提供最有效的销售渠道。七扇门拥有全国一流的客服体系，包含CALL CENTER与专职带客人员，为七扇门房产经纪人会员提供快速服务通道，使会员可以第一时间获知营销进度。同时七扇门汇聚全国互联网顶尖产品、技术团队，紧随移动互联网发展趋势，开发一流用户体验的无线的O2O产品。                                                          查看职位地图') ;
COMMIT;
INSERT INTO "User" ("Name","UserType","CreatedDatetime","UpdatedDatetime","Enabled")
                              VALUES ('144043773250307.htm',4,clock_timestamp(),clock_timestamp(),'t') ;
INSERT INTO "ZhilianUser" ("UserId","NickName","Type","Sex","City" ) VALUES(currval('"hero_reduce"."user_id_seq"'),'144043773250307.htm',0,'null','北京') ; INSERT INTO "JobPosition" ("UserId","Name","Address","Title","Salary","Description")
                          VALUES(currval('"hero_reduce"."user_id_seq"'),'144043773250307.htm','北京','高级软件工程师','','工作职责：1.  负责Android平台下图像和视频处理应用软件设计和开发，特别是移动终端虹膜识别产品开发，包括需求分析、软件开发、集成测试等；2.  负责Android平台下应用软件系统框架和核心代码编写，主导架构设计及核心代码开发，确保系统性能、可靠性和安全性； 职位要求：1.  从事Android平台下音视频采集处理类开发工作2年以上，熟悉Android开发环境，熟悉Android平台UI设计，主导过至少2款Android应用的开发；2.  熟悉Linux操作系统、Android开发平台和Android SDK，精通C/C++，精通JNI/JNA/NDK3.  开发基础良好，熟悉掌握多线程、网络、性能优化、内存优化、安全等技术；4.  具有Android内核、驱动及JNI、JNA开发经验者优先；5.  有云计算平台项目开发经验者优先，有移动终端信息安全（如加解密）、身份安全（解锁、移动支付）等领域APP产品开发经验者优先；6.  敢于担当，责任心强，善于沟通，富有团队协作精神；                                                                           职位联系方式                                                       公司名称：北京中科虹霸科技有限公司 公司地址：北京市中关村东路95号自动化大厦五层  传真：62526189-8005 公司主页：http://www.irisking.com') ;
COMMIT;
INSERT INTO "User" ("Name","UserType","CreatedDatetime","UpdatedDatetime","Enabled")
                              VALUES ('668509924250013.htm',4,clock_timestamp(),clock_timestamp(),'t') ;
INSERT INTO "ZhilianUser" ("UserId","NickName","Type","Sex","City" ) VALUES(currval('"hero_reduce"."user_id_seq"'),'668509924250013.htm',0,'null','北京-海淀区') ; INSERT INTO "JobPosition" ("UserId","Name","Address","Title","Salary","Description")
                          VALUES(currval('"hero_reduce"."user_id_seq"'),'668509924250013.htm','北京-海淀区','移动互联网开发','','公司重视人才，高能高薪，行业高薪标准，完善的福利设施（五险一金、双休法定假、带薪年假、餐补、员工半价超市、员工健身区及活动区）1.计算机及相关专业本科以上学历； 2.良好的Java技术功底； 3.熟悉Android相关技术，有Android开发项目经验； 4.熟悉无线网络； 5.思路清晰，思维敏捷，快速的学习能力，良好的英文资料阅读能力； 6.能承担较大工作压力，具备良好的沟通能力和团队合作精神。                                                                             职位联系方式                                                      公司名称：蓝光高品科技(北京)有限公司公司地址：北京海淀上地东路1号院盈创动力大厦A座901 传真：公司主页：null') ;
COMMIT;
INSERT INTO "User" ("Name","UserType","CreatedDatetime","UpdatedDatetime","Enabled")
                              VALUES ('669347527250002.htm',4,clock_timestamp(),clock_timestamp(),'t') ;
INSERT INTO "ZhilianUser" ("UserId","NickName","Type","Sex","City" ) VALUES(currval('"hero_reduce"."user_id_seq"'),'669347527250002.htm',0,'null','北京-海淀区') ; INSERT INTO "JobPosition" ("UserId","Name","Address","Title","Salary","Description")
                          VALUES(currval('"hero_reduce"."user_id_seq"'),'669347527250002.htm','北京-海淀区','软件测试','','recruit@momotalk.com 职位描述    1.按照测试管理流程，对android、ios客户端产品进行产品测试，完成产品的质量保证和发布    2.理解产品需求，结合用户使用场景进行测试用例的设计、讨论、完善和维护    3.编写测试计划和相关文档，对产品的功能、性能及其他方面的测试负责    4.执行测试，缺陷跟踪及趋势分析, 依据软件项目质量标准，评估和分析软件质量，并提供改进建议    5.总结测试过程中的问题，总结版本历史和遗留问题，为以后的测试提供关键依据    6.测试管理，对测试任务合理分配、进度把握         岗位要求：    1.计算机或相关专业，大学大专以上学历，2年以上手机软件测试经验    2.熟悉android系统结构，及App运行原理，熟练搭载测试环境，熟悉手机测试相关工具的使用    3.掌握完备的测试用例编写方法，包括编写系统测试用例；熟悉软件测试流程和测试方法    4.工作细心,踏实, 对手机App测试感兴趣，有较强的逻辑分析能力和学习能力；吃苦耐劳，能够承受一定的工作压力    5.拥有较好的沟通技巧及团队合作精神，较强的责任感及进取精神    6.可根据需要编写测试脚本或工具者优先                                                                           职位联系方式                                                       公司名称：北京丰简科技有限公司 公司地址：海淀区中关村东路18号1号楼A-1111-061室  传真： 公司主页：null') ;
COMMIT;
INSERT INTO "User" ("Name","UserType","CreatedDatetime","UpdatedDatetime","Enabled")
                              VALUES ('669347527250005.htm',4,clock_timestamp(),clock_timestamp(),'t') ;
INSERT INTO "ZhilianUser" ("UserId","NickName","Type","Sex","City" ) VALUES(currval('"hero_reduce"."user_id_seq"'),'669347527250005.htm',0,'null','北京-海淀区') ; INSERT INTO "JobPosition" ("UserId","Name","Address","Title","Salary","Description")
                          VALUES(currval('"hero_reduce"."user_id_seq"'),'669347527250005.htm','北京-海淀区','手机软件开发工程师','','职位描述:1、负责Andriod手机端及平板端软件开发；2、负责移动端软件架构，代码编写和程序测试；3、有较强的业务理解能力，解决问题能力；4、能通过业务需求构思软件编写方案，并进行软件制作任职条件：1、具备扎实的计算机理论知识基础和丰富的实际项目开发经验，对软件架构和编程方法学有深入的认识，对内存管理、多进程/多线程开发、网络通信、数据库操作等主要开发领域都有相当深入的理解和实践经验2、具备1年以上软件开发经验，精通Java编程，对面向对象的开发有深刻认识 3、熟悉Android系统架构及相关技术,有1年以上Android SDK和JAVA开发经验 4、精通Android平台上的应用开发,熟练应用网络API，熟悉Socket/HTTP、Android线程、进程通信机制； 5、熟悉现有Android设备，有适配经验，熟悉移动设备的开发特点，性能调优6、已有应用上线者优先                                                                           职位联系方式                                                       公司名称：北京丰简科技有限公司 公司地址：海淀区中关村东路18号1号楼A-1111-061室  传真： 公司主页：null') ;
COMMIT;
INSERT INTO "User" ("Name","UserType","CreatedDatetime","UpdatedDatetime","Enabled")
                              VALUES ('414264413250110.htm',4,clock_timestamp(),clock_timestamp(),'t') ;
INSERT INTO "ZhilianUser" ("UserId","NickName","Type","Sex","City" ) VALUES(currval('"hero_reduce"."user_id_seq"'),'414264413250110.htm',0,'null','北京-海淀区') ; INSERT INTO "JobPosition" ("UserId","Name","Address","Title","Salary","Description")
                          VALUES(currval('"hero_reduce"."user_id_seq"'),'414264413250110.htm','北京-海淀区','手机软件开发工程师','10001-15000','1、从事Android下的应用软件开发工作，用户图形界面设计；2、完善和优化Android Application的基本功能，应用层各种问题的分析和解决；3、设计并实现Android应用层的各种新加功能，完成对应的模块设计、编码及调试工作；4、负责软件系统的分析和架构设计工作；5、参与系统程序编码工作；6、负责解决开发过程中遇到的技术问题；7、 按照公司的软件开发规范编写相关项目技术文档。任职要求：1、计算机或相关专业，本科及以上学历；2、了解Android系统体系结构，熟悉android平台应用软件开发；3、较好的软件及接口设计能力，能独立完成软件设计及接口设计；4、有良好的编程规范，思路清晰，思维敏捷，责任心强，良好的沟通能力和团队协作精神以及较强的学习和交流能力；5、具有 5年以上android应用软件的实际开发经验；6、具有较高的职业素养，能够承受一定的工作压力。                                                                            职位联系方式                                                      公司名称：四川创物科技有限公司公司地址：成都市少城路27号少城大厦802室 传真：公司主页：www.rrkd.cn') ;
COMMIT;
INSERT INTO "User" ("Name","UserType","CreatedDatetime","UpdatedDatetime","Enabled")
                              VALUES ('362984717250106.htm',4,clock_timestamp(),clock_timestamp(),'t') ;
INSERT INTO "ZhilianUser" ("UserId","NickName","Type","Sex","City" ) VALUES(currval('"hero_reduce"."user_id_seq"'),'362984717250106.htm',0,'null','北京-石景山区') ; INSERT INTO "JobPosition" ("UserId","Name","Address","Title","Salary","Description")
                          VALUES(currval('"hero_reduce"."user_id_seq"'),'362984717250106.htm','北京-石景山区','软件工程师','','岗位职责：  1、 负责公司Android App产品开发及维护，能独立完成客户端软件需求的整理和软件的设计；  2、 根据公司产品策略，开发Android手机、平板上的应用程序，能按照项目计划，独立完成手机软件设计、编码和单元测试工作，按时提交高质量的代码，完成开发任务；  3、验证和修改测试中发现的问题，与后端开发工程师进行数据对接，根据开发过程中的体验对产品提出改进意见；  4、负责跟进Android相关技术，设计并实现新产品功能；  5、与团队成员充分、有效沟通协作。    任职要求：  1、 专科以上学历，计算机相关专业，3年以上Android工作经验；  2、 精通Java语言，熟悉Android SDK以及开发环境；  3、 有良好的编程习惯，熟悉Android App开发流程；  4、 精通Android界面UI和API调用；  5、 有创业激情，认真踏实，热爱移动互联网，有积极的工作态度和良好的团队合作精神；  6、 酷爱编程，喜欢钻研技术；具备较强英文阅读能力；  7、 精通Android开发平台及框架原理，有Android移动产品开发经验者或上架作品优先。  工作地点：石景山区鲁谷路35号冠辉国际大厦9层（地铁西二旗站、慈寿寺站有班车）入司即享受福利：按国家规定缴纳五险一金餐补、交通补、通讯补生日、婚育礼金每年定期体检免费班车员工活动过节费                                                                           职位联系方式                                                       公司名称：博韩伟业(北京)科技有限公司 公司地址：北京市石景山区鲁谷路35号冠辉国际大厦9层 传真： 公司主页：www.mmsys.com.cn                                                          查看职位地图') ;
COMMIT;
INSERT INTO "User" ("Name","UserType","CreatedDatetime","UpdatedDatetime","Enabled")
                              VALUES ('598104821250194.htm',4,clock_timestamp(),clock_timestamp(),'t') ;
INSERT INTO "ZhilianUser" ("UserId","NickName","Type","Sex","City" ) VALUES(currval('"hero_reduce"."user_id_seq"'),'598104821250194.htm',0,'null','北京-朝阳区') ; INSERT INTO "JobPosition" ("UserId","Name","Address","Title","Salary","Description")
                          VALUES(currval('"hero_reduce"."user_id_seq"'),'598104821250194.htm','北京-朝阳区','手机软件开发工程师','8001-10000','工作职责：- 负责基于Android客户端开发的设计、编码、质量控制、测试和维护等开发工作任务；- 编写相关的开发文档，如设计文档，测试文档等；- 移动设备上基于Android的业务系统协议开发和维护；职位要求：- 熟悉常用算法和数据结构，Socket和HTTP网络连接规范，对手机软件性能优化有一定的了解；- 熟悉Java SDK、Android SDK，多线程编程，xml结构；- 熟悉Android Framework和底层设计原理，Android OS系统体系结构、framework、Android SDK/NDK以及底层库；- 熟悉Android底层设备驱动程序或系统模块的开发调试并能熟练掌握Android底层常用调试手段；- 良好的Java技术功底，熟练使用Android各种布局与控件，熟悉各种动画场景的运用；- 熟练使用JavaScript语言；                                                                           职位联系方式                                                       公司名称：略策术管理咨询(上海)有限公司 公司地址：上海闸北区  传真： 公司主页：') ;
COMMIT;
INSERT INTO "User" ("Name","UserType","CreatedDatetime","UpdatedDatetime","Enabled")
                              VALUES ('148517195250057.htm',4,clock_timestamp(),clock_timestamp(),'t') ;
INSERT INTO "ZhilianUser" ("UserId","NickName","Type","Sex","City" ) VALUES(currval('"hero_reduce"."user_id_seq"'),'148517195250057.htm',0,'null','北京-朝阳区') ; INSERT INTO "JobPosition" ("UserId","Name","Address","Title","Salary","Description")
                          VALUES(currval('"hero_reduce"."user_id_seq"'),'148517195250057.htm','北京-朝阳区','手机软件开发工程师','10001-15000','Android开发工程师岗位职责：1、负责绿野、六只脚相关客户端Android版开发；2、根据业务需求，基于Android平台进行应用程序开发； 3、根据产品功能模块设计，编码实现各模块功能，并确保开发质量；4、参与移动平台软件框架的研究，设计和实现、关键技术验证等工作； 任职资格：1、2以上客户端实际开发经验，1年以上Android平台开发经验；2、精通Android SDK中的UI、网络、数据库、XML/JSON解析等开发技巧；3、精通常用软件架构模式，熟悉各种算法与数据结构，多线程，网络编程（Socket、http/web service）等； 4、有完整的Android项目经验，至少参加过一个完整的商业级手机应用或个人发布过较受关注的APP；5、良好的沟通与表达能力、思维逻辑清晰，较强的动手能力；能独立完成设计和编码；6、良好的代码编写习惯，有进取心、求知欲强烈、对工作充满热情。                                                                           职位联系方式                                                       公司名称：北京绿野视界信息技术有限公司 公司地址：朝阳区安定路1号国家奥林匹克体育中心国奥体育馆169室  传真： 公司主页：www.lvye.cn                                                          查看职位地图') ;
COMMIT;
INSERT INTO "User" ("Name","UserType","CreatedDatetime","UpdatedDatetime","Enabled")
                              VALUES ('285325814250018.htm',4,clock_timestamp(),clock_timestamp(),'t') ;
INSERT INTO "ZhilianUser" ("UserId","NickName","Type","Sex","City" ) VALUES(currval('"hero_reduce"."user_id_seq"'),'285325814250018.htm',0,'null','北京') ; INSERT INTO "JobPosition" ("UserId","Name","Address","Title","Salary","Description")
                          VALUES(currval('"hero_reduce"."user_id_seq"'),'285325814250018.htm','北京','软件研发工程师','','应聘要求1. 计算机或电子信息相关专业本科以上学历2. 熟悉Android手机操作系统平台3. 两年及以上手机应用实际开发经验4. 一年以上Android平台开发经验5. 具备较强的学习能力和沟通能力，具备较好的团队合作能力6. 有责任感，工作态度严谨，能够承担高强度、高压力的工作7. 有个人开发作品的，优先考虑                                                                           职位联系方式                                                       公司名称：北京经华智业教育科技有限公司 公司地址：北京市朝阳区惠新东街11号紫光发展大厦A座12层  传真：64495010 公司主页：http://www.chinahcm.com') ;
COMMIT;
INSERT INTO "User" ("Name","UserType","CreatedDatetime","UpdatedDatetime","Enabled")
                              VALUES ('671823922250001.htm',4,clock_timestamp(),clock_timestamp(),'t') ;
INSERT INTO "ZhilianUser" ("UserId","NickName","Type","Sex","City" ) VALUES(currval('"hero_reduce"."user_id_seq"'),'671823922250001.htm',0,'null','北京-朝阳区') ; INSERT INTO "JobPosition" ("UserId","Name","Address","Title","Salary","Description")
                          VALUES(currval('"hero_reduce"."user_id_seq"'),'671823922250001.htm','北京-朝阳区','高级软件工程师','10001-15000','职位两点：五险一金及补充医疗，员工福利完善工作内容1、负责Android平台移动客户端软件的开发；2、负责软件的功能模块开发、测试和后续升级工作；3、与产品和UI人员一起完成产品的整个发布周期，保证产品的开发进度；4、对客户端软件进行维护和持续升级；进行Android手机的适配与兼容调试；5、学习和研究新的无线互联网技术以满足产品的需求。职位描述1、有2年以上Android开发工作经验；2、精通JNI、NDK；3、需要肯钻研，有责任感，工作态度认真，思路清晰，具备良好的沟通能力和理解能力。                                                                           职位联系方式                                                          公司名称：丽正(北京)网络科技有限公司 公司地址：北京市朝阳区朝阳路十里堡3号（芙蓉宾馆向南50米，幼儿园旁两层小楼，一楼左侧）  联系电话：18614020549 传真： 公司主页：null                                                          查看职位地图') ;
COMMIT;
INSERT INTO "User" ("Name","UserType","CreatedDatetime","UpdatedDatetime","Enabled")
                              VALUES ('273230118250029.htm',4,clock_timestamp(),clock_timestamp(),'t') ;
INSERT INTO "ZhilianUser" ("UserId","NickName","Type","Sex","City" ) VALUES(currval('"hero_reduce"."user_id_seq"'),'273230118250029.htm',0,'null','北京-海淀区') ; INSERT INTO "JobPosition" ("UserId","Name","Address","Title","Salary","Description")
                          VALUES(currval('"hero_reduce"."user_id_seq"'),'273230118250029.htm','北京-海淀区','移动互联网开发','','Android开发工程师(初、中级）==工作职责==# 基于Android平台的手机、Pad等应用的产品开发与维护；# 根据产品需求完成架构和模块设计、编码、测试工作；# 改善软件的易用性，提升用户使用体验。随着你的能力成长，我们鼓励你担当以下职责：# 参与项目和产品需求分析，制定需求文档；# 对研发的项目管理工作==职位要求=====基础要求===* 一年左右或以上相关工作经验；有对应的培训或实习经验的优异者也可以考虑（请注明）* 熟练掌握Java，熟悉Android框架和Android SDK开发，并熟练使用Eclipse开发工具；* 熟悉面向对象的开发理念;* 了解应用基本算法/数据结构，了解基础设计模式；* 良好的编码风格和编程习惯,能够独立解决问题；* 能积极主动参与团队合作，善于沟通，有责任心；* 思维清晰敏捷，逻辑分析能力强，做事认真、细致；* 学习能力强；===加分项===* 有c/c++基础和开发经验，* 有NDK开发经验* 熟悉Http、Html、Css等网络和Web技术；* 熟悉SqlLite等数据库技术；==我们的优势==专注的行业定位，良好的发展前景轻松的工作氛围，高度的团队协作精神对新人有专人提供业务指导,迅速提高能力随着你能力的提升，较大而敏捷的薪资与职位提升空间和机制                                                                            职位联系方式                                                      公司名称：摩博(北京)科技有限公司公司地址：北京市海淀区魏公村小区23号楼418房间传真：公司主页：www.chinamobo.com') ;
COMMIT;
INSERT INTO "User" ("Name","UserType","CreatedDatetime","UpdatedDatetime","Enabled")
                              VALUES ('579590127250004.htm',4,clock_timestamp(),clock_timestamp(),'t') ;
INSERT INTO "ZhilianUser" ("UserId","NickName","Type","Sex","City" ) VALUES(currval('"hero_reduce"."user_id_seq"'),'579590127250004.htm',0,'null','北京-朝阳区') ; INSERT INTO "JobPosition" ("UserId","Name","Address","Title","Salary","Description")
                          VALUES(currval('"hero_reduce"."user_id_seq"'),'579590127250004.htm','北京-朝阳区','手机软件开发工程师','','岗位描述：完成Android系统上软件设计、开发与测试，在Android上实现平台数据的组织与展现。职位要求：精通JAVA语言，深刻理解Android系统的运行机制；熟悉界面设计，熟悉网络通讯技术，熟悉数据库技术与SQL语言；熟悉OPENGL等3D引擎技术者更佳；1年以上开发经验；有团队合作精神，善于沟通；有较强的学习能力，能够熟练阅读英文技术资料。                                                                           职位联系方式                                                       公司名称：北京易速普瑞科技有限公司 公司地址：北京市朝阳区吉庆里14号  传真： 公司主页：') ;
COMMIT;
INSERT INTO "User" ("Name","UserType","CreatedDatetime","UpdatedDatetime","Enabled")
                              VALUES ('428849126250365.htm',4,clock_timestamp(),clock_timestamp(),'t') ;
INSERT INTO "ZhilianUser" ("UserId","NickName","Type","Sex","City" ) VALUES(currval('"hero_reduce"."user_id_seq"'),'428849126250365.htm',0,'null','北京-东城区') ; INSERT INTO "JobPosition" ("UserId","Name","Address","Title","Salary","Description")
                          VALUES(currval('"hero_reduce"."user_id_seq"'),'428849126250365.htm','北京-东城区','手机软件开发工程师','15001-25000','岗位职责：    1.根据产品需求开发Android应用产品；    2.验证和修改测试中发现的问题；    3.学习和研究新技术以满足产品的需求。    任职描述：    1.本科以上学历计算机软件、通讯相关专业优先.    2.熟悉Android系统架构及相关技术，包括UI、网络等方面.    3.熟练使用常用数据库操作语句.    4.3年以上Android产品研发经验；(培训项目经验除外)    5.能快速学习使用新技术，有创造性思维能力. 有较强分析和解决问题的能力.                                                                            职位联系方式                                                      公司名称：北京电广聪信息技术有限公司公司地址：北京市东城区广渠门内大街43号雍贵中心 传真：公司主页：                                                          查看职位地图') ;
COMMIT;
INSERT INTO "User" ("Name","UserType","CreatedDatetime","UpdatedDatetime","Enabled")
                              VALUES ('155480323250439.htm',4,clock_timestamp(),clock_timestamp(),'t') ;
INSERT INTO "ZhilianUser" ("UserId","NickName","Type","Sex","City" ) VALUES(currval('"hero_reduce"."user_id_seq"'),'155480323250439.htm',0,'null','北京-朝阳区') ; INSERT INTO "JobPosition" ("UserId","Name","Address","Title","Salary","Description")
                          VALUES(currval('"hero_reduce"."user_id_seq"'),'155480323250439.htm','北京-朝阳区','手机软件开发工程师','','岗位职责：1、负责 Android 开发环境搭建，应用程序的设计、开发工作；2、负责公司的产品设计需求，进行 Android 版本应用的实现；3、负责完成软件开发、验证和和修正测试中发现的问题；4、负责根据开发规范与流程独立完成模块的设计、编码、测试以及相关文档；5、负责根据开发过程中的体验对产品提出改进建议；6、定位于安卓项目组长。任职要求：1、本科以上学历，计算机相关专业； 能力比较强，可放宽至大专；2、至少四年以上JAVA开发经验，其中两年以上Android手机平台实际开发经验；3、具备扎实的Java编程基础；4、熟悉常用的数据结构及算法；5、良好的沟通和学习能力善于准确理解需求，能熟练编写规范的软件开发技术文档；6、具备独立完成项目的能力。                                                                            职位联系方式                                                      公司名称：西安网开网络科技有限公司  公司地址：北京海淀区西二旗盈创动力E座503室  联系方式：010-58858100、010518851008  公司主页：www.eoopen.com                                                          查看职位地图') ;
COMMIT;
INSERT INTO "User" ("Name","UserType","CreatedDatetime","UpdatedDatetime","Enabled")
                              VALUES ('678571726250001.htm',4,clock_timestamp(),clock_timestamp(),'t') ;
INSERT INTO "ZhilianUser" ("UserId","NickName","Type","Sex","City" ) VALUES(currval('"hero_reduce"."user_id_seq"'),'678571726250001.htm',0,'null','北京') ; INSERT INTO "JobPosition" ("UserId","Name","Address","Title","Salary","Description")
                          VALUES(currval('"hero_reduce"."user_id_seq"'),'678571726250001.htm','北京','IT项目执行/协调人员','','任职要求： 1、三年以上Android产品研发经验，有独立完成并且发布上线的App； 2、有扎实的Java语言基础，熟悉数据结构和算法，有很强的编码能力； 3、精通android开发环境，熟悉android系统各种特性，熟悉android平台的应用开发； 4、精通Android性能和内存优化，善于解决系统崩溃，内存溢出和兼容性问题； 5、对移动产品有浓厚兴趣； 6、较强的团队精神和敬业精神，具有良好的自学能力和独立解决问题的能力，能承受较大工作压力.                                                                            职位联系方式                                                      公司名称：北京华彩人生网络科技有限公司公司地址：北京市朝阳区南沙滩66号院1号楼商业1-2-（2）B区a134号 传真：公司主页：') ;
COMMIT;
INSERT INTO "User" ("Name","UserType","CreatedDatetime","UpdatedDatetime","Enabled")
                              VALUES ('428849126250372.htm',4,clock_timestamp(),clock_timestamp(),'t') ;
INSERT INTO "ZhilianUser" ("UserId","NickName","Type","Sex","City" ) VALUES(currval('"hero_reduce"."user_id_seq"'),'428849126250372.htm',0,'null','北京-东城区') ; INSERT INTO "JobPosition" ("UserId","Name","Address","Title","Salary","Description")
                          VALUES(currval('"hero_reduce"."user_id_seq"'),'428849126250372.htm','北京-东城区','手机软件开发工程师','10000-20000','岗位职责：    1.根据产品需求开发Android应用产品；    2.验证和修改测试中发现的问题；    3.学习和研究新技术以满足产品的需求。    任职描述：    1.本科以上学历计算机软件、通讯相关专业优先.    2.熟悉Android系统架构及相关技术，包括UI、网络等方面.    3.熟练使用常用数据库操作语句.    4.两年以上Android产品研发经验；(培训项目经验除外)    5.能快速学习使用新技术，有创造性思维能力. 有较强分析和解决问题的能力.                                                                            职位联系方式                                                      公司名称：北京电广聪信息技术有限公司公司地址：北京市东城区广渠门内大街43号雍贵中心 传真：公司主页：                                                          查看职位地图') ;
COMMIT;
INSERT INTO "User" ("Name","UserType","CreatedDatetime","UpdatedDatetime","Enabled")
                              VALUES ('145454799252642.htm',4,clock_timestamp(),clock_timestamp(),'t') ;
INSERT INTO "ZhilianUser" ("UserId","NickName","Type","Sex","City" ) VALUES(currval('"hero_reduce"."user_id_seq"'),'145454799252642.htm',0,'null','北京-海淀区') ; INSERT INTO "JobPosition" ("UserId","Name","Address","Title","Salary","Description")
                          VALUES(currval('"hero_reduce"."user_id_seq"'),'145454799252642.htm','北京-海淀区','软件工程师','','一、岗位职责：1.负责手机客户端相关产品的架构设计和研发；2.负责终端产品的用户体验优化、性能调优；3.负责客户端新技术的研究并解决产品日常运营中发现的问题。二、任职资格：1. 计算机或相关专业本科以上学历；2. 2年以上Android应用开发经验，熟悉Android架构；3. 参与过2个以上完整的移动互联网项目，有成功上线的APP；4. 了解移动网络特点及相关协议，有手机终端软件设计和架构能力；5. 对新技术持有敏感性并愿意致力于新技术的探索和研究；6. 沟通协作意识较好，能承担一定工作压力。 三、薪酬福利待遇介绍：1.五险一金；2.带薪年假；3.非北京户口的转正员工可办理工作居住证，在子女入托及上学、购房、购车、社会保障等方面都享有北京市民待遇；4.如果你是留学生，满足北京落户基本条件，公司会尽力为你办理落户；5.每年免费体检；6.婚礼&生育均有礼金；7.员工子女上幼儿园，享受幼儿园补贴；8.每周专业保健医生上门坐诊，可享受免费的就诊咨询；9.丰富的工间活动；10.免费提供工间食品。关于麦可思：    麦可思公司创建于2006年，是中国首家高等教育管理数据与咨询的专业公司，是高校、社会大众、用人单位和政府公认的权威性数据机构，麦可思每年出版《中国大学生就业报告》（就业蓝皮书），每年和中国与全球化研究中心在哈佛大学等世界名校举办“中国高等教育暨海外人才论坛”均享有国际声誉。     麦可思长期为国内数百所高校提供年度数据跟踪与咨询服务，是中国人事科学研究院、司法部、中国科协、中国社科院、中国机械工程学会、世界银行等研究机构的合作单位，是江苏省、广东省、湖北省、河南省等十余省、直辖市教育厅委的大学生就业跟踪系统的承建单位。     麦可思公司在新浪网和《新周刊》联合进行的“最值得信赖的机构和人士”调查中位列第9名，与国务院发展研究中心、中国社科院等单位同处于前10名之中。2012年末，麦可思公司获腾讯网“回响中国”年度教育总评榜“2012年度致谢机构奖”。   工作地点：北京：北京市海淀区长春桥路 欢迎优秀的你加入麦可思大家庭！   联系方式：有意者请发送简历至：hr@mycos.com；邮件主题为“Android开发工程师”简历名称格式为：姓名+岗位+学历+招聘途径（智联、前程、学校就业网、微信、QQ等）请严格按照简历名称格式投递，否则我们将不予考虑。感谢您的配合！                                                                           职位联系方式                                                       公司名称：麦可思数据有限公司 公司地址：北京市海淀区长春桥路11号万柳亿城中心A座18层  公司主页：http://www.mycos.com') ;
COMMIT;
INSERT INTO "User" ("Name","UserType","CreatedDatetime","UpdatedDatetime","Enabled")
                              VALUES ('324076518250213.htm',4,clock_timestamp(),clock_timestamp(),'t') ;
INSERT INTO "ZhilianUser" ("UserId","NickName","Type","Sex","City" ) VALUES(currval('"hero_reduce"."user_id_seq"'),'324076518250213.htm',0,'null','北京-朝阳区') ; INSERT INTO "JobPosition" ("UserId","Name","Address","Title","Salary","Description")
                          VALUES(currval('"hero_reduce"."user_id_seq"'),'324076518250213.htm','北京-朝阳区','手机软件开发工程师','10001-15000','岗位职责: 1、负责Android手机应用客户端程序的开发； 2、编写所负责模块的文档及单元测试程序。任职要求： 1、1-3年Android平台应用开发经历，有扎实的JAVA语言基础，熟悉面向对象编程思想，有设计模式实战经验；2、有Android底层开发经验，熟练使用C/C++开发者优先录用；3、具备良好的职业素养和团队协作精神，以及较强的学习能力，可独立承担开发任务； 4、大学本科以上学历，计算机相关专业。                                                                           职位联系方式                                                       公司名称：北京京联云软件有限公司 公司地址：北京市朝阳区望京中环南路9号望京大厦A座9层  传真：010-84719055 公司主页：www.pekall.com                                                          查看职位地图') ;
COMMIT;
INSERT INTO "User" ("Name","UserType","CreatedDatetime","UpdatedDatetime","Enabled")
                              VALUES ('287552815250929.htm',4,clock_timestamp(),clock_timestamp(),'t') ;
INSERT INTO "ZhilianUser" ("UserId","NickName","Type","Sex","City" ) VALUES(currval('"hero_reduce"."user_id_seq"'),'287552815250929.htm',0,'null','北京') ; INSERT INTO "JobPosition" ("UserId","Name","Address","Title","Salary","Description")
                          VALUES(currval('"hero_reduce"."user_id_seq"'),'287552815250929.htm','北京','软件工程师','8000-15000','岗位职责：1. 参与客户端产品的技术实现讨论，框架设计。2. 负责各个模块代码实现和适配及新功能研发。任职要求：1. 计算机相关专业，两年以上Android平台研发经验。2. 熟悉软件工程，具有良好的编码规范。3. 有独立Android上线产品开发经验。4. 有流媒体，瀑布流，第三方支付接口，应用统计等相关开发经验。5. 基础扎实，对手机软件性能优化、内存优化有一定了解。6. 逻辑思维清晰，工作积极主动。7. 有较强的学习能力，能快速解决问题。8. 有良好的语言表达能力，善于与人沟通，有良好的团队意识及高度责任心9. 有wifiin，随E行，WiFi伴侣或类似Android应用开发经历者优先考虑。                                                                           职位联系方式                                                      公司名称：北京七彩通达广告传媒有限责任公司公司地址：北京市海淀区西三环北路21号久凌大厦7层公司主页：www.qcyggg.com          www.16wifi.com                                                          查看职位地图') ;
COMMIT;
INSERT INTO "User" ("Name","UserType","CreatedDatetime","UpdatedDatetime","Enabled")
                              VALUES ('290349927250208.htm',4,clock_timestamp(),clock_timestamp(),'t') ;
INSERT INTO "ZhilianUser" ("UserId","NickName","Type","Sex","City" ) VALUES(currval('"hero_reduce"."user_id_seq"'),'290349927250208.htm',0,'null','北京-昌平区') ; INSERT INTO "JobPosition" ("UserId","Name","Address","Title","Salary","Description")
                          VALUES(currval('"hero_reduce"."user_id_seq"'),'290349927250208.htm','北京-昌平区','软件工程师','','岗位职责：1.  参与Android平板电脑及智能手机应用软件和客户端的架构设计、开发和维护；2.  参与产品应用的功能模块开发及关键技术攻关；3.  负责与产品人员的沟通和其他相关资源的协调；4.  参与开发计划制定与落实；5.  完成领导交代的其他工作。任职资格：1.  本科及以上学历，计算机、电子或相关专业优先，一年以上Android实际项目开发经验；2.  Java基本功扎实，精通Android开发平台及框架原理；3.  熟悉Android环境下UI布局、数据库开发、Socket通信、HTTP编程；4.  熟练掌握数据结构、基本算法，并具备基本的算法设计能力；5.  具有高度的责任感与团队合作精神，沟通能力强,能够主动总结和分享自己的开发经验。                                                                             职位联系方式                                                      公司名称：北京恒泰博远科技有限公司公司地址：北京市昌平区北清路1号珠江摩尔国际大厦5号楼1单元706 传真：公司主页：www.hengtaiboyuan.com                                                          查看职位地图') ;
COMMIT;
INSERT INTO "User" ("Name","UserType","CreatedDatetime","UpdatedDatetime","Enabled")
                              VALUES ('368918312250553.htm',4,clock_timestamp(),clock_timestamp(),'t') ;
INSERT INTO "ZhilianUser" ("UserId","NickName","Type","Sex","City" ) VALUES(currval('"hero_reduce"."user_id_seq"'),'368918312250553.htm',0,'null','北京') ; INSERT INTO "JobPosition" ("UserId","Name","Address","Title","Salary","Description")
                          VALUES(currval('"hero_reduce"."user_id_seq"'),'368918312250553.htm','北京','手机软件开发工程师','','岗位职责：1、负责Android手机客户端及其服务端的开发工作，完成相关技术文档  2、参与部门需求制定，明确开发目标, 制定开发计划  3、将客户端提交到各大APP市场  4、及时修正bug，及时处理系统故障  5、优化代码和功能，提高可靠性和可扩展性，降低维护成本     任职需求：  1、 大学本科以上学历，计算机及相关专业  2、 1年以上Android App开发经验  3、 会使用jni,熟练掌握andorid前端应用交互,熟悉HTTP/TCP通讯协议,性能优化,消息通知。  4、 对android底层有交深入的了解,面向对象思想,   5、 具备扎实的C++或Java编程功底，熟悉常用的数据结构和算法  6、 熟悉Android开发工具和相关测试工具的使用；  7、 接受能力强，能很快学习和掌握新技术  8、 工作积极主动，有强烈的责任心和严谨工作作风  9、 会ios开发优先                                                                            职位联系方式                                                      公司名称：北京车音网科技有限公司公司地址：北京市东城区和平里东街11号航星园2号楼东段1层 传真：010-64522311公司主页：http://www.vcyber.cn/') ;
COMMIT;
INSERT INTO "User" ("Name","UserType","CreatedDatetime","UpdatedDatetime","Enabled")
                              VALUES ('000575022250023.htm',4,clock_timestamp(),clock_timestamp(),'t') ;
INSERT INTO "ZhilianUser" ("UserId","NickName","Type","Sex","City" ) VALUES(currval('"hero_reduce"."user_id_seq"'),'000575022250023.htm',0,'null','北京-海淀区') ; INSERT INTO "JobPosition" ("UserId","Name","Address","Title","Salary","Description")
                          VALUES(currval('"hero_reduce"."user_id_seq"'),'000575022250023.htm','北京-海淀区','软件研发工程师','5000-10000','岗位要求：1.熟悉Android APP开发，从事过相关项目的优先；2.计算机及相关专业大专以上学历，1年以上Java Web应用软件开发经验；|3.思路清晰，善于思考，能独立分析和解决问题；4.责任心强，具备良好的团队合作精神。岗位职责： 1.负责Android平台的软件开发； 2.根据任务分配，完成下达任务如软件的设计、开发、编程，优化等； 3.参与软件产品规划/研发工作，制定产品实施方案；  4.完成相应文档的撰写； 5.完成上级交付的其它工作。                                                                            职位联系方式                                                      公司名称：北京长英新业数码科技有限公司公司地址：北京市海淀区中关村南大街34号中关村科技发展大厦C座2008室 传真：公司主页：http://www.lance-cn.com/                                                          查看职位地图') ;
COMMIT;
INSERT INTO "User" ("Name","UserType","CreatedDatetime","UpdatedDatetime","Enabled")
                              VALUES ('650211428250010.htm',4,clock_timestamp(),clock_timestamp(),'t') ;
INSERT INTO "ZhilianUser" ("UserId","NickName","Type","Sex","City" ) VALUES(currval('"hero_reduce"."user_id_seq"'),'650211428250010.htm',0,'null','北京-朝阳区') ; INSERT INTO "JobPosition" ("UserId","Name","Address","Title","Salary","Description")
                          VALUES(currval('"hero_reduce"."user_id_seq"'),'650211428250010.htm','北京-朝阳区','其他','','1、 本科以上学历，习惯阅读英文技术参考文献；2、三年及以上实际开发经验、二年及以上Android平台开发经验。3、熟悉Android OS系统体系结构、framework、以及底层库。4、熟悉Android下网络通信机制，对Socket通信、TCP/IP和http/https有较深刻的理解和经验。5、熟悉Android安全机制，对PKI体系有了解者优先。6、熟悉Linux编程，对JNI和Linux应用编程有实战经验者优先；有嵌入式/移动平台多平台开发经验者优先。7、理解面向对象设计的基本原则，熟悉常用的设计模式。8、程序员精神，主动、卓越、合作、敬业9..Android平台软件规划设计与开发；10.根据项目任务计划按时完成软件编码和单元测试工作；11.按照开发流程编写相应模块的设计文档。                                                                            职位联系方式                                                      公司名称：北京和沐天成文化传媒有限公司公司地址：北京市朝阳区广渠路3号竞园图片产业基地27B 传真：01053704080-802公司主页：http://www.yshjie.com') ;
COMMIT;
INSERT INTO "User" ("Name","UserType","CreatedDatetime","UpdatedDatetime","Enabled")
                              VALUES ('519229122250028.htm',4,clock_timestamp(),clock_timestamp(),'t') ;
INSERT INTO "ZhilianUser" ("UserId","NickName","Type","Sex","City" ) VALUES(currval('"hero_reduce"."user_id_seq"'),'519229122250028.htm',0,'null','北京') ; INSERT INTO "JobPosition" ("UserId","Name","Address","Title","Salary","Description")
                          VALUES(currval('"hero_reduce"."user_id_seq"'),'519229122250028.htm','北京','高级软件工程师','','工作描述：1、 根据产品需求开发Android客户端产品；2、 学习和研究新技术以满足产品的需求；3、 根据开发过程中的体验对产品提出改进建议。任职要求：1、 计算机、通信、电子等相关专业本科或以上学历；2、掌握Java语言，2年以上Android开发经验；3、 掌握Android开发平台及框架原理，精通Android的基本组件使用；4、 熟悉Android下网络编程、网络数据传输、JSON数据传输、安全技术、流媒体播放；5、 熟练使用多种常用设计模式，具备扎实的编程功底和良好的编程习惯，良好的设计文档撰写能力。6、有视频类、TV、幼儿类等应用工作经验者优先。                                                                            职位联系方式                                                      公司名称：深圳国微技术有限公司北京分公司公司地址：北京市朝阳区安定路39号长新大厦1208室') ;
COMMIT;
INSERT INTO "User" ("Name","UserType","CreatedDatetime","UpdatedDatetime","Enabled")
                              VALUES ('242848312250451.htm',4,clock_timestamp(),clock_timestamp(),'t') ;
INSERT INTO "ZhilianUser" ("UserId","NickName","Type","Sex","City" ) VALUES(currval('"hero_reduce"."user_id_seq"'),'242848312250451.htm',0,'null','北京') ; INSERT INTO "JobPosition" ("UserId","Name","Address","Title","Salary","Description")
                          VALUES(currval('"hero_reduce"."user_id_seq"'),'242848312250451.htm','北京','高级软件工程师','5000-20000','你也许可以成为BAT的一员，但你没有机会再创造BAT（百度、阿里巴巴、腾讯）！现在就和一群精英挑战BAT，创造更高的神话！   【基本要求】计算机相关专业本科 Android一年以上经验 【职责】1.Android平台软件开发；       2.根据项目任务计划按时完成手机应用开发       3.按照开发流程编写相应模块的设计文档      【职位要求】 l 1年Android开发经验，有客户端产品的开发基础 l 熟练使用Eclipse、Android SDK等开发工具  l 熟练掌握Android的API，理解Android的体系结构，掌握Android中界面绘制、后台运行、数据存储等的原理，熟悉xml、http、TCP/IP协议  l了解手机相关包括GSM，3G，GPRS，SMS，TAPI等    【公司基本福利】   五险一金、早九晚六（弹性工作制）、双休、休闲娱乐（桌球等）、加班免费餐、零食饮料、帅哥美女                                                                            职位联系方式                                                       公司名称：天下互联（北京）科技有限公司 公司地址：北京市海淀区学院南路15号北发大厦B座4层  传真：010-82228709 公司主页：www.tixa.com') ;
COMMIT;
INSERT INTO "User" ("Name","UserType","CreatedDatetime","UpdatedDatetime","Enabled")
                              VALUES ('513929127250014.htm',4,clock_timestamp(),clock_timestamp(),'t') ;
INSERT INTO "ZhilianUser" ("UserId","NickName","Type","Sex","City" ) VALUES(currval('"hero_reduce"."user_id_seq"'),'513929127250014.htm',0,'null','北京-海淀区') ; INSERT INTO "JobPosition" ("UserId","Name","Address","Title","Salary","Description")
                          VALUES(currval('"hero_reduce"."user_id_seq"'),'513929127250014.htm','北京-海淀区','游戏设计/开发','','岗位职责1.负责android平台手机应用软件的开发2.独立编写开发相关文档，包括需求分析，概要/祥细设计3. 独立完成应用模块的设计、4、参与代码设计、审核和检查 岗位要求：1. 计算机、电子、通讯类等相关专业本科以上学历2. 三年以上Java/C/C++项目开发经验，一年以上Android项目开发经验3. 有移动设备C/S、B/S应用开发经验者优先4. 具有很较强的分析问题，解决问题的能力，良好的团队合作精神和协作能力                                                                           职位联系方式                                                       公司名称：北京快游互动科技有限公司 公司地址：北京市海淀区北三环西路43号满庭青云9号楼青云当代大厦1202室 传真： 公司主页：                                                          查看职位地图') ;
COMMIT;
INSERT INTO "User" ("Name","UserType","CreatedDatetime","UpdatedDatetime","Enabled")
                              VALUES ('255643018250096.htm',4,clock_timestamp(),clock_timestamp(),'t') ;
INSERT INTO "ZhilianUser" ("UserId","NickName","Type","Sex","City" ) VALUES(currval('"hero_reduce"."user_id_seq"'),'255643018250096.htm',0,'null','北京') ; INSERT INTO "JobPosition" ("UserId","Name","Address","Title","Salary","Description")
                          VALUES(currval('"hero_reduce"."user_id_seq"'),'255643018250096.htm','北京','软件工程师','','任职需求：1. 本科以上学历,计算机或相关专业毕业；2. 三年以上手机应用程序开发经验，精通Android手机操作系统平台,一年android实际开发经验；3. 精通Andriod平台UI设计； 4. 熟悉Java SDK、Android SDK；5. 熟悉Android开发架构和API调用； 6. 具备较强的学习能力和沟通能力,能独立承担开发任务，同时具备良好的团队合作能力； 7. 热爱手机软件行业,对智能手机有自己独到的见解。 8. 有医疗系统挂号应用开发经验的优先。                                                                            职位联系方式                                                      公司名称：北京创欣凯达科技有限公司公司地址：北京市海淀区上地十街上地辉煌国际中心1号楼1307室（12A) 传真：010-59713667公司主页：http://www.bjnkd.com.cn/                                                          查看职位地图') ;
COMMIT;
INSERT INTO "User" ("Name","UserType","CreatedDatetime","UpdatedDatetime","Enabled")
                              VALUES ('377964427250124.htm',4,clock_timestamp(),clock_timestamp(),'t') ;
INSERT INTO "ZhilianUser" ("UserId","NickName","Type","Sex","City" ) VALUES(currval('"hero_reduce"."user_id_seq"'),'377964427250124.htm',0,'null','北京-海淀区') ; INSERT INTO "JobPosition" ("UserId","Name","Address","Title","Salary","Description")
                          VALUES(currval('"hero_reduce"."user_id_seq"'),'377964427250124.htm','北京-海淀区','手机软件开发工程师','4001-6000','任职要求：1、应往届理工科毕业生，有志于在IT行业发展。            2、有计算机语言者优先，如：C语言、C++、Java、.Net等。            3、计算机（网络）、电子信息、软件工程、（电气）自动化、测控、生仪、机电等专业；            4、接受岗前培训，培训期间不用交纳任何费用。    入职范围：Java程序员软件开发工程师 3G手机Android软件开发工程师、互联网营销策划师。待遇：     签订正式劳动合同、办理组织关系迁转、享受国家规定的保险福利待遇。                                                                            职位联系方式                                                      公司名称：北京睿思指南教育科技有限公司公司地址：北京市回龙观西大街118号 龙冠置业大厦b座4层传真：010-59812335公司主页：www.rsjy.com.cn                                                          查看职位地图') ;
COMMIT;
INSERT INTO "User" ("Name","UserType","CreatedDatetime","UpdatedDatetime","Enabled")
                              VALUES ('579328427250035.htm',4,clock_timestamp(),clock_timestamp(),'t') ;
INSERT INTO "ZhilianUser" ("UserId","NickName","Type","Sex","City" ) VALUES(currval('"hero_reduce"."user_id_seq"'),'579328427250035.htm',0,'null','北京-朝阳区') ; INSERT INTO "JobPosition" ("UserId","Name","Address","Title","Salary","Description")
                          VALUES(currval('"hero_reduce"."user_id_seq"'),'579328427250035.htm','北京-朝阳区','手机软件开发工程师','','职位职责： 负责Android移动平台的应用程序开发和架构设计 职位要求： 1、计算机相关专业本科以上学历。 2、熟悉Android移动终端开发技术，熟练掌握Android开发工具和测试工具的使用。 3、熟悉面向对象化编程思想和设计模式，熟练掌握C/C++或Java程序设计，能够快速学习新的技术，有较强的独立解决问题的能力。 4、熟悉HTML5开发。 5、计算机知识基础、代码功底扎实过硬，并有1-4年程序设计经验。 6、良好的学习能力和和团队协作能力，有强烈的责任心。 7、了解支付宝、微信支付接口和NFC支付等 8、有相关android底层及NFC开发经验者优先。                                                                            职位联系方式                                                      公司名称：北京致和卓识传媒广告有限公司公司地址：北京市朝阳区建国路93号SOHO现代城2号楼2605室 传真：公司主页：http://www.timgroup.com.cn/') ;
COMMIT;
INSERT INTO "User" ("Name","UserType","CreatedDatetime","UpdatedDatetime","Enabled")
                              VALUES ('377964427250125.htm',4,clock_timestamp(),clock_timestamp(),'t') ;
INSERT INTO "ZhilianUser" ("UserId","NickName","Type","Sex","City" ) VALUES(currval('"hero_reduce"."user_id_seq"'),'377964427250125.htm',0,'null','北京-海淀区') ; INSERT INTO "JobPosition" ("UserId","Name","Address","Title","Salary","Description")
                          VALUES(currval('"hero_reduce"."user_id_seq"'),'377964427250125.htm','北京-海淀区','软件工程师','4001-6000','任职要求：1、应往届理工科毕业生，有志于在IT行业发展。            2、有计算机语言者优先，如：C语言、C++、Java、.Net等。            3、计算机（网络）、电子信息、软件工程、（电气）自动化、测控、生仪、机电等专业；            4、接受岗前培训，培训期间不用交纳任何费用。    入职范围：Java程序员软件开发工程师 3G手机Android软件开发工程师、互联网营销策划师。待遇：     签订正式劳动合同、办理组织关系迁转、享受国家规定的保险福利待遇。                                                                            职位联系方式                                                      公司名称：北京睿思指南教育科技有限公司公司地址：北京市回龙观西大街118号 龙冠置业大厦b座4层传真：010-59812335公司主页：www.rsjy.com.cn                                                          查看职位地图') ;
COMMIT;
INSERT INTO "User" ("Name","UserType","CreatedDatetime","UpdatedDatetime","Enabled")
                              VALUES ('134941418250114.htm',4,clock_timestamp(),clock_timestamp(),'t') ;
INSERT INTO "ZhilianUser" ("UserId","NickName","Type","Sex","City" ) VALUES(currval('"hero_reduce"."user_id_seq"'),'134941418250114.htm',0,'null','北京-东城区') ; INSERT INTO "JobPosition" ("UserId","Name","Address","Title","Salary","Description")
                          VALUES(currval('"hero_reduce"."user_id_seq"'),'134941418250114.htm','北京-东城区','软件工程师','','岗位职责: 1)从事Android平台应用软件开发； 2)按照项目需求开发对应功能 3)完成相应技术文档的编写    岗位要求: 1)2年以上android开发经验软件开发经验； 2)熟悉android SDK，熟练掌握android各种控件及布局的使用方法，熟练掌握Sqlite  数据库技术，熟练掌握WSDL协议及WebService调用技术，掌握JNI技术，能够使用JIN 技术进行简单的第三方软件接口调用；  3) 有责任心，对工作高度负责；4) 有Windows Mobile或IPhone开发经验者优先； 5)有C或C++开发经验者优先；                                                                             职位联系方式                                                                                                                查看职位地图') ;
COMMIT;
INSERT INTO "User" ("Name","UserType","CreatedDatetime","UpdatedDatetime","Enabled")
                              VALUES ('134941418250445.htm',4,clock_timestamp(),clock_timestamp(),'t') ;
INSERT INTO "ZhilianUser" ("UserId","NickName","Type","Sex","City" ) VALUES(currval('"hero_reduce"."user_id_seq"'),'134941418250445.htm',0,'null','北京-东城区') ; INSERT INTO "JobPosition" ("UserId","Name","Address","Title","Salary","Description")
                          VALUES(currval('"hero_reduce"."user_id_seq"'),'134941418250445.htm','北京-东城区','高级软件工程师','10001-15000','岗位职责: 1)从事Android平台应用软件开发； 2)按照项目需求开发对应功能 3)完成相应技术文档的编写 岗位要求: 1)4年以上android开发经验软件开发经验； 2)熟悉android SDK，熟练掌握android各种控件及布局的使用方法，熟练掌握Sqlite数据库技术，熟练掌握WSDL协议及WebService调用技术，掌握JNI技术，能够使用JIN技术进行简单的第三方软件接口调用；3) 有责任心，对工作高度负责；4) 有Windows Mobile或IPhone开发经验者优先； 5)有C或C++开发经验者优先；能力优秀薪资可商谈。                                                                             职位联系方式                                                      公司名称：北京国信灵通网络科技有限公司公司地址：北京市东城区和平里东街11号航星科技园2号楼3层北侧 提示：乘坐地铁2号线雍和宫A口出传真：公司主页：www.nationsky.com                                                          查看职位地图') ;
COMMIT;
INSERT INTO "User" ("Name","UserType","CreatedDatetime","UpdatedDatetime","Enabled")
                              VALUES ('441219514250062.htm',4,clock_timestamp(),clock_timestamp(),'t') ;
INSERT INTO "ZhilianUser" ("UserId","NickName","Type","Sex","City" ) VALUES(currval('"hero_reduce"."user_id_seq"'),'441219514250062.htm',0,'null','北京-朝阳区') ; INSERT INTO "JobPosition" ("UserId","Name","Address","Title","Salary","Description")
                          VALUES(currval('"hero_reduce"."user_id_seq"'),'441219514250062.htm','北京-朝阳区','手机软件开发工程师','','工作职责：1、完善和优化Android Application的基本功能（Launcher，Mms，Phone，Camera，Contacts等），应用层各种问题的分析和解决2、设计并实现Android应用层的各种新加功能和客户需求；完成对应的模块设计、编码及调试工作3、Android 应用层软件的开发和维护4、跟踪和整理android新功能、新应用，及相应方案的可行性研究职位要求：1、2年以上Android手机开发工作经验2、对android 源码有过一定的研究3、有对Android UI进行过定制的经验4、对Linux 系统有足够的了解。5、有JAVA项目经验，扎实的J2EE、J2ME基础6、熟悉 C,C++编程及相关经验者优先7、思路清晰，思维敏捷，责任心强，良好的沟通能力和团队协作精神；                                                                           职位联系方式                                                       公司名称：上海华章信息科技有限公司 公司地址：徐汇区宜山路810号上海贝岭7楼  传真： 公司主页：                                                          查看职位地图') ;
COMMIT;
INSERT INTO "User" ("Name","UserType","CreatedDatetime","UpdatedDatetime","Enabled")
                              VALUES ('441219514250002.htm',4,clock_timestamp(),clock_timestamp(),'t') ;
INSERT INTO "ZhilianUser" ("UserId","NickName","Type","Sex","City" ) VALUES(currval('"hero_reduce"."user_id_seq"'),'441219514250002.htm',0,'null','北京-朝阳区') ; INSERT INTO "JobPosition" ("UserId","Name","Address","Title","Salary","Description")
                          VALUES(currval('"hero_reduce"."user_id_seq"'),'441219514250002.htm','北京-朝阳区','手机软件开发工程师','','工作职责：1、完善和优化Android Application的基本功能（Launcher，Mms，Phone，Camera，Contacts等），应用层各种问题的分析和解决2、设计并实现Android应用层的各种新加功能和客户需求；完成对应的模块设计、编码及调试工作3、Android 应用层软件的开发和维护4、跟踪和整理android新功能、新应用，及相应方案的可行性研究职位要求：1、2年以上Android手机开发工作经验 2、对android 源码有过一定的研究3、有对Android UI进行过定制的经验4、对Linux 系统有足够的了解。5、有JAVA项目经验，扎实的J2EE、J2ME基础6、熟悉 C,C++编程及相关经验者优先7、思路清晰，思维敏捷，责任心强，良好的沟通能力和团队协作精神；                                                                           职位联系方式                                                       公司名称：上海华章信息科技有限公司 公司地址：徐汇区宜山路810号上海贝岭7楼  传真： 公司主页：                                                          查看职位地图') ;
COMMIT;
INSERT INTO "User" ("Name","UserType","CreatedDatetime","UpdatedDatetime","Enabled")
                              VALUES ('587763429250601.htm',4,clock_timestamp(),clock_timestamp(),'t') ;
INSERT INTO "ZhilianUser" ("UserId","NickName","Type","Sex","City" ) VALUES(currval('"hero_reduce"."user_id_seq"'),'587763429250601.htm',0,'null','北京') ; INSERT INTO "JobPosition" ("UserId","Name","Address","Title","Salary","Description")
                          VALUES(currval('"hero_reduce"."user_id_seq"'),'587763429250601.htm','北京','手机软件开发工程师','','岗位职责： 1、从事Android智能手机界面和应用软件开发，参与需求分析和软件设计，独立完成编码；2、计算机及相关专业,全日制本科或以上学历； 3、一年以上Java/Android开发经验；4、熟悉Core Java编程、面向对象思想；5、有良好的编码习惯并愿意遵守编码规则； 6、了解多线程,jni,idl，数据库，网络等； 7、熟悉Android开发平台及框架原理，有手机应用软件或游戏开发经验者优先； 8、品行端正，身体健康，具有强烈的责任心，良好的沟通能力及团队合作精神。                                                                            职位联系方式                                                      公司名称：脸书网络科技有限公司公司地址：深圳/上海/北京分公司') ;
COMMIT;
INSERT INTO "User" ("Name","UserType","CreatedDatetime","UpdatedDatetime","Enabled")
                              VALUES ('229077718258210.htm',4,clock_timestamp(),clock_timestamp(),'t') ;
INSERT INTO "ZhilianUser" ("UserId","NickName","Type","Sex","City" ) VALUES(currval('"hero_reduce"."user_id_seq"'),'229077718258210.htm',0,'null','北京') ; INSERT INTO "JobPosition" ("UserId","Name","Address","Title","Salary","Description")
                          VALUES(currval('"hero_reduce"."user_id_seq"'),'229077718258210.htm','北京','互联网软件工程师','','岗位职责:岗位职责：1.主导公司互联网产品的架构设计，参与核心模块的开发与测试2.负责相关系统维护，确保系统运行稳定，安全可靠3.主导推动跟进业务线需求，为改善系统的功能积极提出建议4.参与团队技术交流和分享活动，促进团队共同进步  任职资格:任职资格：1.两年以上Android平台开发经验，参与过完整的企业级项目开发；2.计算机基础扎实，两年以上Java开发经验；3.熟悉Android开发架构和API调用；4.熟悉HTTP通讯协议；5.熟悉面向对象编程；6.具有良好的沟通能力、团队合作精神、能承担工作压力；7.有责任心，能按时高效的完成分配的任务；8.有Android渠道SDK接入经验者优先。                                                                           职位联系方式                                                                                                                查看职位地图') ;
COMMIT;
INSERT INTO "User" ("Name","UserType","CreatedDatetime","UpdatedDatetime","Enabled")
                              VALUES ('156842729250011.htm',4,clock_timestamp(),clock_timestamp(),'t') ;
INSERT INTO "ZhilianUser" ("UserId","NickName","Type","Sex","City" ) VALUES(currval('"hero_reduce"."user_id_seq"'),'156842729250011.htm',0,'null','北京-大兴区') ; INSERT INTO "JobPosition" ("UserId","Name","Address","Title","Salary","Description")
                          VALUES(currval('"hero_reduce"."user_id_seq"'),'156842729250011.htm','北京-大兴区','移动通信工程师','','职位描述1、负责移动支付TSM平台手机客户端、PBOC卡应用开发；2、带领研发小组团队完成专题任务。任职条件1、本科及以上学历，计算机相关专业，硕士学历优先； 2。3年以上开发经验； 3、精通Java开发语言，熟悉C++\C等开发语言； 4、精通安卓等主流手机操作系统的应用开发。 5、熟悉PBOC应用开发，了解GP规范和APDU指令。 6、熟悉HTTP协议、XML、Web服务标准，了解常规网络通信协议； 7、思路清晰，语言和文字表达能力优秀，具备较强的沟通能力。 8、有较强的主动性及团队合作精神，责任心强，开朗自信。 9、具备良好的外语听说读写能力。 以下条件优先： 1、有过移动支付TSM开发经验优先 2、熟悉各类IC卡（M1/CPU）卡原理和结构，熟悉金融行业的相关技术标准，有COS、SIM卡、UIM卡、USIM卡、PBOC卡开发经验者优先。                                                                            职位联系方式                                                       公司名称：北京融信思惟科技发展有限公司 公司地址：北京市海淀区中关村南大街28号  电    话：010-62140537 传真：010-62140537 公司主页：www.cnthinkbank.com                                                          查看职位地图') ;
COMMIT;
INSERT INTO "User" ("Name","UserType","CreatedDatetime","UpdatedDatetime","Enabled")
                              VALUES ('377964427250126.htm',4,clock_timestamp(),clock_timestamp(),'t') ;
INSERT INTO "ZhilianUser" ("UserId","NickName","Type","Sex","City" ) VALUES(currval('"hero_reduce"."user_id_seq"'),'377964427250126.htm',0,'null','北京-昌平区') ; INSERT INTO "JobPosition" ("UserId","Name","Address","Title","Salary","Description")
                          VALUES(currval('"hero_reduce"."user_id_seq"'),'377964427250126.htm','北京-昌平区','实习生','4001-6000','任职要求：1、应往届理工科毕业生，有志于在IT行业发展。            2、有计算机语言者优先，如：C语言、C++、Java、.Net等。            3、计算机（网络）、电子信息、软件工程、（电气）自动化、测控、生仪、机电等专业；            4、接受岗前培训，培训期间不用交纳任何费用。    入职范围：Java程序员软件开发工程师 3G手机Android软件开发工程师、互联网营销策划师。待遇：     签订正式劳动合同、办理组织关系迁转、享受国家规定的保险福利待遇。                                                                            职位联系方式                                                      公司名称：北京睿思指南教育科技有限公司公司地址：北京市回龙观西大街118号 龙冠置业大厦b座4层传真：010-59812335公司主页：www.rsjy.com.cn                                                          查看职位地图') ;
COMMIT;
INSERT INTO "User" ("Name","UserType","CreatedDatetime","UpdatedDatetime","Enabled")
                              VALUES ('587763429250607.htm',4,clock_timestamp(),clock_timestamp(),'t') ;
INSERT INTO "ZhilianUser" ("UserId","NickName","Type","Sex","City" ) VALUES(currval('"hero_reduce"."user_id_seq"'),'587763429250607.htm',0,'null','北京') ; INSERT INTO "JobPosition" ("UserId","Name","Address","Title","Salary","Description")
                          VALUES(currval('"hero_reduce"."user_id_seq"'),'587763429250607.htm','北京','数据通信工程师','','职位描述1. 进行手机应用软件研发工作； 2. 熟悉面向对象开发、设计方法；良好的编程规范； 3. 熟悉Java，具备Android平台开发经验，熟悉android SDK； 4. 熟悉基本通讯协议、常用数据格式解析及应用； 5. 实干，具备较强的动手能力，擅长钻研者优先； 6. 诚实、踏实，工作认真、努力，富于团体合作精神，具有较强的学习精神和探索能力。                                                                            职位联系方式                                                      公司名称：脸书网络科技有限公司公司地址：深圳/上海/北京分公司') ;
COMMIT;
INSERT INTO "User" ("Name","UserType","CreatedDatetime","UpdatedDatetime","Enabled")
                              VALUES ('593856523250021.htm',4,clock_timestamp(),clock_timestamp(),'t') ;
INSERT INTO "ZhilianUser" ("UserId","NickName","Type","Sex","City" ) VALUES(currval('"hero_reduce"."user_id_seq"'),'593856523250021.htm',0,'null','北京') ; INSERT INTO "JobPosition" ("UserId","Name","Address","Title","Salary","Description")
                          VALUES(currval('"hero_reduce"."user_id_seq"'),'593856523250021.htm','北京','软件研发工程师','','岗位职责：1.完成软件的设计、开发、测试、修改bug等工作，包括业务需求的沟通，功能模块详细设计，业务功能实现与单元测试；2.参与产品构思和架构设计；3.撰写相关的技术文档；4.负责Android手机客户端程序的开发及维护； 5.根据项目需要快速学习并掌握新技术。任职要求：1.具有1年以上Android平台开发经验；2.熟悉Android下网络通信机制，对Socket通信、TCP/IP和http/https有较深刻的理解和经验；3.熟练掌握Android下网络定位机制；4.熟练掌握UI组件使用、常用布局和动画特效；5.具备良好的文档维护能力，可以使用SVN管理代码；6.有良好的沟通能力和团队协作精神；7.具有J2EE或Java开发经验，开发经验者优先；8.做过Android深度UI定制的优先，面试时请携带案例，也可以是个人作品。 急聘  如无诚意来燕郊工作，请勿投简历！！！                                                                           职位联系方式                                                      公司名称：三河华迅科技有限公司北京分公司公司地址：北京东燕郊开发区创业大厦B座101室传真：公司主页：http://www.hwasunsoft.com.cn/                                                          查看职位地图') ;
COMMIT;
INSERT INTO "User" ("Name","UserType","CreatedDatetime","UpdatedDatetime","Enabled")
                              VALUES ('184654828250009.htm',4,clock_timestamp(),clock_timestamp(),'t') ;
INSERT INTO "ZhilianUser" ("UserId","NickName","Type","Sex","City" ) VALUES(currval('"hero_reduce"."user_id_seq"'),'184654828250009.htm',0,'null','北京-朝阳区') ; INSERT INTO "JobPosition" ("UserId","Name","Address","Title","Salary","Description")
                          VALUES(currval('"hero_reduce"."user_id_seq"'),'184654828250009.htm','北京-朝阳区','手机软件开发工程师','10001-15000','本公司招聘APP制作开发，安卓、后台等开发人员 要求2年以上工作经验。Android开发人员要求：  1有手机赚钱类平台或积分墙类软件的开发经验优先考虑，如果没有也没关系。  2负责过完整的Android研发项目，熟悉研发、测试，上线和维护的各个环节（特别是平台安全漏洞）  3熟悉Android平台开发架构，开发接口，负责与各种平台数据接口对接 SDK嵌入等 ，有相应的项目经验；能独立解决技术问题。后台开发人员要求：  1负责APP后台开发与数据管理（特别是平台安全漏洞），熟悉前端开发过程，优化产品的质量、性能、用户体验等  待遇： 急需用人，要求能够独挡一面，工资高于同行业标准，五险一金以及各项奖励。  工作地点：北京朝阳区望京                                                                            职位联系方式                                                      公司名称：北京融商传媒广告有限公司  公司地址：北京市朝阳区花家地东路5号利景名门1505  联系电话：15811183115王先生  13522015003刘先生  简历邮箱:  QQ：1716059222                                                          查看职位地图') ;
COMMIT;
INSERT INTO "User" ("Name","UserType","CreatedDatetime","UpdatedDatetime","Enabled")
                              VALUES ('259367413250212.htm',4,clock_timestamp(),clock_timestamp(),'t') ;
INSERT INTO "ZhilianUser" ("UserId","NickName","Type","Sex","City" ) VALUES(currval('"hero_reduce"."user_id_seq"'),'259367413250212.htm',0,'null','北京-东城区') ; INSERT INTO "JobPosition" ("UserId","Name","Address","Title","Salary","Description")
                          VALUES(currval('"hero_reduce"."user_id_seq"'),'259367413250212.htm','北京-东城区','互联网软件工程师','8000-15000','职位描述： 1、根据软件设计规范，负责完成android应用功能模块代码的编写 2、能够独立思考，优化产品实现方式和代码结构 3、编写程序技术文档，根据软件项目的要求，编写符合软件工程规范的技术文档 4、配合美术及策划人员能够优化现有产品的用户操作体验；     职位要求： 1、计算机或相关技术专业，专科以上学历 2、精通JAVA语言、具备扎实的JAVA基础 3、熟悉Android操作系统和Android SDK，2年以上Android开发经验，熟悉OOP编程； 4、具备良好的编程习惯，有道理分析和解决问题的能力 5、熟悉HTML/HTML5，熟悉HTTP协议，具有良好的编程思想者优先 6、具有良好的沟通能力，有强烈的责任心和团队合作精神 7、有彩票相关软件开发经验者优先                                                                           职位联系方式                                                       公司名称：北京壹平台科技有限公司 公司地址：东城区建国门内贡院西街贡院9号2层  传真： 公司主页：www.yipingtai.com                                                          查看职位地图') ;
COMMIT;
INSERT INTO "User" ("Name","UserType","CreatedDatetime","UpdatedDatetime","Enabled")
                              VALUES ('303215413251404.htm',4,clock_timestamp(),clock_timestamp(),'t') ;
INSERT INTO "ZhilianUser" ("UserId","NickName","Type","Sex","City" ) VALUES(currval('"hero_reduce"."user_id_seq"'),'303215413251404.htm',0,'null','北京') ; INSERT INTO "JobPosition" ("UserId","Name","Address","Title","Salary","Description")
                          VALUES(currval('"hero_reduce"."user_id_seq"'),'303215413251404.htm','北京','其他','','岗位职责： 1、负责Android客户端设计，开发，发布等。2、根据研发过程中的体验对产品提出建议。3、负责相关技术文档的撰写。 任职资格： 1、拥有2年以上移动端Android 开发经验。 2、掌握面向对象和常用的设计模式。3、熟悉JSON/XML、HTTP、TCP/IP等协议，掌握REST，有网络编程经验。4、具有良好的代码风格，优秀的编程效率和处理问题能力。5、具备较强的设计能力、需求分析能力、文档编写能力。6、有良好的团队合作经验。                                                                           职位联系方式                                                       公司名称：新国人教育集团 公司地址：北京市朝阳区北苑路86号北美国际商务中心C座115-116室  传真： 公司主页：www.xinguoren.com') ;
COMMIT;
INSERT INTO "User" ("Name","UserType","CreatedDatetime","UpdatedDatetime","Enabled")
                              VALUES ('589363226250163.htm',4,clock_timestamp(),clock_timestamp(),'t') ;
INSERT INTO "ZhilianUser" ("UserId","NickName","Type","Sex","City" ) VALUES(currval('"hero_reduce"."user_id_seq"'),'589363226250163.htm',0,'null','北京-海淀区') ; INSERT INTO "JobPosition" ("UserId","Name","Address","Title","Salary","Description")
                          VALUES(currval('"hero_reduce"."user_id_seq"'),'589363226250163.htm','北京-海淀区','软件研发工程师','','1.正规院校本科或以上学历，3年或以上工作经验；2.有实际Android开发经验，精通相关开发技术，有成熟的开发作品（如大规模用户的APP）；3.能编写高质量代码，并有创业激情；4.具备需求分析和系统设计能力， 以及较强的逻辑分析和独立解决问题能力；5.能熟练阅读中文、英文技术文档；富有团队精神,责任感和沟通能力；6.热爱Android手机开发；7.有大型电商、SNS开发经验者优先。岗位职责：1.公司APP产品的架构设计及研发；2.负责Android研发团队任务分配管理及调控；3.参与系统需求分析、方案讨论；4.分析并解决软件开发过程中的问题；5.积极参加内部的技术交流；6.有良好的团队合作能力，善于沟通，善于自我管理，团队意识强，有高度责任感和集体荣誉感；7.相关技术、新技术的学习。                                                                            职位联系方式                                                      公司名称：北京联动网讯科技有限公司公司地址：北京市海淀区上地信息产业基地雅美科技园A座3050-3051室联系电话：010-53058351                                                          查看职位地图') ;
COMMIT;
INSERT INTO "User" ("Name","UserType","CreatedDatetime","UpdatedDatetime","Enabled")
                              VALUES ('577829428250022.htm',4,clock_timestamp(),clock_timestamp(),'t') ;
INSERT INTO "ZhilianUser" ("UserId","NickName","Type","Sex","City" ) VALUES(currval('"hero_reduce"."user_id_seq"'),'577829428250022.htm',0,'null','北京') ; INSERT INTO "JobPosition" ("UserId","Name","Address","Title","Salary","Description")
                          VALUES(currval('"hero_reduce"."user_id_seq"'),'577829428250022.htm','北京','手机软件开发工程师','','岗位职责：  1.根据公司要求独立完成基于Android系统平台进行应用程序开发设计、调试工作；  2.规范开发文档的编写、维护，以及其他与项目相关工作；  3.根据任务需求独立完成前端框架、模块的开发；  4.分析并解决软件开发过程中的问题；  5.协助测试工程师制定测试计划，定位问题；  6.配合项目经理完成相关开发沟通、管理工作。  岗位要求：  1.熟练掌握java技术，熟悉面向对象编程设计，具备扎实的编程基础；  2.熟练应用java集合类型，了解其内部存储结构和适用范围；  3.一年以上Android平台开发经验, 熟练使用eclipse工具进行编码调试；  4.深入理解android四大组件，熟悉各种widget组件，能根据项目要求开发自定义控件；  5.熟练查找并使用各类开源开发框架，以及常用LBS、推送、统计等第三方SDK；  6.拥有良好的代码习惯，结构清晰，命名规范，逻辑性强；  7.良好的需求分析及软件设计能力；  8.优秀的团队合作及沟通能力。                                                                            职位联系方式                                                      公司名称：北京东正信科科技有限公司公司地址：北京市朝阳区望京广顺北大街222号星源国际A座19层 传真：公司主页：http://www.dongzhengit.com                                                          查看职位地图') ;
COMMIT;
INSERT INTO "User" ("Name","UserType","CreatedDatetime","UpdatedDatetime","Enabled")
                              VALUES ('619400329250163.htm',4,clock_timestamp(),clock_timestamp(),'t') ;
INSERT INTO "ZhilianUser" ("UserId","NickName","Type","Sex","City" ) VALUES(currval('"hero_reduce"."user_id_seq"'),'619400329250163.htm',0,'null','北京-朝阳区') ; INSERT INTO "JobPosition" ("UserId","Name","Address","Title","Salary","Description")
                          VALUES(currval('"hero_reduce"."user_id_seq"'),'619400329250163.htm','北京-朝阳区','手机软件开发工程师','','岗位职责：  1、根据产品需求进行Android客户端软件的开发和维护；  2、根据项目需要快速学习并掌握新技术；  3、跟第三方应用进行产品技术对接等。    任职要求：  1、计算机或相关专业全日制本科以上学历，重点大学优先考虑；  2、2年以上Android手机平台经验，两个以上客户端开发经验；  3、熟练掌握Android开发架构，API调用，能独立开发高性能Android应用  4、具有良好的沟通能力、团队合作精神、高度的责任心、能承担工作压力；  5、有社交、娱乐相关Android应用开发经验优先；  6、熟练使用一些常见开源控件，熟悉数据结构，多线程，网络编程（Socket、http）等。                                                                              职位联系方式                                                      公司名称：玖秀互动（北京）文化传媒有限公司公司地址：北京市朝阳区酒仙桥路甲4号宏源大厦1406 联系人：胡静静13691144557  沈冬梅13264572894') ;
COMMIT;
INSERT INTO "User" ("Name","UserType","CreatedDatetime","UpdatedDatetime","Enabled")
                              VALUES ('467509727250039.htm',4,clock_timestamp(),clock_timestamp(),'t') ;
INSERT INTO "ZhilianUser" ("UserId","NickName","Type","Sex","City" ) VALUES(currval('"hero_reduce"."user_id_seq"'),'467509727250039.htm',0,'null','北京-海淀区') ; INSERT INTO "JobPosition" ("UserId","Name","Address","Title","Salary","Description")
                          VALUES(currval('"hero_reduce"."user_id_seq"'),'467509727250039.htm','北京-海淀区','高级软件工程师','10001-15000','职位描述工作职责：1、负责Android客户端产品的设计和研发 、优化和改进；2、研究以及探索新兴的技术。职位要求：1、3年以上的android研发工作经验；2、具备扎实的Java语言基础，熟悉面向对象化编程思想和设计模式；   3、 熟悉Android移动终端开发技术例如UI、网络通讯、数据库、安卓组件等， 对NDK有所了解或者有native C/C++开发经验者优先；4、掌握Android开发工具和测试工具的使用；5、对移动产品有浓厚兴趣，对移动产品有较好的个人理解，以及对探索新技 术，学习新事物有强烈的兴趣，对技术充满激情；6、具有良好的分析问题和解决问题的能力，勇于面对挑战性问题；7、善于沟通，具备较强的团队协作意识和能力。 电话：010-57043519 人事部                                                                            职位联系方式                                                      公司名称：北京洽时科技有限公司公司地址：北京市海淀区西二旗大街39号领袖新硅谷A座3层 电    话：010-57043519公司主页：北京洽时科技有限公司，是一家由全球著名手机芯片厂商--美国高通公司战略投资，且拥有世界领先人工智能技术的互联网创业公司。 我们斥巨资倾力打造中国最大的智能互动幼教平台，诚挚邀请各界有志推广最优质幼儿教育方式的小伙伴们，和我们一起，用互联网思维，带着“乔布斯体”般的终极使命感，掀起一次幼儿园教学的革命，帮助全中国6000万幼儿家庭更好的实现“家园共育”。') ;
COMMIT;
INSERT INTO "User" ("Name","UserType","CreatedDatetime","UpdatedDatetime","Enabled")
                              VALUES ('132944257250799.htm',4,clock_timestamp(),clock_timestamp(),'t') ;
INSERT INTO "ZhilianUser" ("UserId","NickName","Type","Sex","City" ) VALUES(currval('"hero_reduce"."user_id_seq"'),'132944257250799.htm',0,'null','北京-海淀区') ; INSERT INTO "JobPosition" ("UserId","Name","Address","Title","Salary","Description")
                          VALUES(currval('"hero_reduce"."user_id_seq"'),'132944257250799.htm','北京-海淀区','软件研发工程师','','岗位要求：1、负责Android平台上的应用软件开发 ； 2、与项目组策划、美术人员共同讨论开发需求及设计软件实现细节 ； 3、积极努力配合QA人员提出的问题意见对程序进行调试修改与完善 ； 4、对客户端图形显示，资源管理，内存管理等技术进行研究与优化；  5、深入分析整个系统的关键模块，并指导核心问题的攻关。 任职要求：1、具有3年以上Android电商应用开发的工作经验 ，有彩票APP经验优先； 2、熟练掌握JAVA编程语言，掌握Eclpise开发工具，熟悉Android SDK/NDK，了解SVN等相关源代码版本控制系统 ； 3、熟练掌握Android的API，理解Android的体系结构，掌握Android中界面绘制，后台运行，数据存储等的原理，熟悉xml，http，TCP/IP，SOCKET等协议。                                                                           职位联系方式                                                       公司名称：北京世纪中彩网络科技有限公司 公司地址：海淀区阜成路73号裕惠大厦B座10层  传真：68483246 公司主页：www.zhcw.com                                                          查看职位地图') ;
COMMIT;
INSERT INTO "User" ("Name","UserType","CreatedDatetime","UpdatedDatetime","Enabled")
                              VALUES ('324177014250514.htm',4,clock_timestamp(),clock_timestamp(),'t') ;
INSERT INTO "ZhilianUser" ("UserId","NickName","Type","Sex","City" ) VALUES(currval('"hero_reduce"."user_id_seq"'),'324177014250514.htm',0,'null','北京') ; INSERT INTO "JobPosition" ("UserId","Name","Address","Title","Salary","Description")
                          VALUES(currval('"hero_reduce"."user_id_seq"'),'324177014250514.htm','北京','手机软件开发工程师','','职位描述：1、  从事音悦台移动互联网端的android系统相关产品开发；2、  规划网站移动互联网产品相关布局以及产品。 任职资格：1、  大学本科以上学历，计算机相关专业毕业，计算机基础较好；2、  具备认真负责的工作态度；性格开朗，善于沟通配合；反应迅速，执行能力强，并能承受任何工作压力；3、  参与过完整的Android平台商业产品的开发；4、  熟悉JAVA语言,熟练使用ECLIPSE开发工具，熟练掌握Android平台的SDK，理解Android程序的框架体系结构；5、  熟悉Android平台UI开发，SQLite数据库本地存储及socket网络开发；6、  参与过Android平台音视频播放客户端开发者优先。                                                                           职位联系方式                                                      公司名称：音悦台公司网址： www.yinyuetai.com公司地址：北京市朝阳区工体北路8号三里屯SOHO办公D座11层') ;
COMMIT;
INSERT INTO "User" ("Name","UserType","CreatedDatetime","UpdatedDatetime","Enabled")
                              VALUES ('304407512250290.htm',4,clock_timestamp(),clock_timestamp(),'t') ;
INSERT INTO "ZhilianUser" ("UserId","NickName","Type","Sex","City" ) VALUES(currval('"hero_reduce"."user_id_seq"'),'304407512250290.htm',0,'null','北京-朝阳区') ; INSERT INTO "JobPosition" ("UserId","Name","Address","Title","Salary","Description")
                          VALUES(currval('"hero_reduce"."user_id_seq"'),'304407512250290.htm','北京-朝阳区','手机软件开发工程师','','岗位职责： 1、负责Android项目客户端核心模块代码编写； 2、负责设计文档的编写，Code Review，代码质量控制； 3、负责产品质量控制，缺陷追踪，重构和产品技术持续改进，持续的关注和优化相关产品的质量、性能、用户体验； 4、负责协同产品、运营、技术团队沟通与协商，保证产品的质量和开发进度； 5、负责研发计划的制定、进度把控及带领初中级研发工程师完成产品开发任务。 任职要求： 1、三年以上Android开发经验，具有多个成熟产品开发经验，至少一年以上Android 项目管理经验； 2、熟悉Android OS体系结构，熟悉Android SDK、对Android应用结构有深刻的认识； 3、熟悉各大Android智能手机平台的差异性，并有机型适配调优的经验； 4、熟悉MVC模式，掌握OOAD的基本思想； 5、精通Android下网络通信机制，对Socket通信TCPtp有深刻的理解和经验，熟悉SQLITE数据库； 6、能独立承担Android产品开发工作； 7、有互联网、电子商务从业经验的优先。 8、富有责任心，吃苦耐劳，积极上进，良好的沟通和团队协作能力。                                                                            职位联系方式                                                      公司名称：北京易贸创想软件有限公司公司地址：北京市朝阳区朝阳路住邦2000商务楼4号楼1202公司主页：www.novacloud.com                                                          查看职位地图') ;
COMMIT;
INSERT INTO "User" ("Name","UserType","CreatedDatetime","UpdatedDatetime","Enabled")
                              VALUES ('609243629250008.htm',4,clock_timestamp(),clock_timestamp(),'t') ;
INSERT INTO "ZhilianUser" ("UserId","NickName","Type","Sex","City" ) VALUES(currval('"hero_reduce"."user_id_seq"'),'609243629250008.htm',0,'null','北京-朝阳区') ; INSERT INTO "JobPosition" ("UserId","Name","Address","Title","Salary","Description")
                          VALUES(currval('"hero_reduce"."user_id_seq"'),'609243629250008.htm','北京-朝阳区','高级软件工程师','6001-8000','岗位描述： 服务端程序开发、客户端android软件功能开发，代码编写。    岗位基本要求： 1.精通使用主流开源框架，如 spring、ibatis、struts2 等； 2.非常熟练地掌握 jstl，能根据需要进行标签扩展。 3.有 MySQL 或 Sql Server 任意一种数据开发经验； 4.精通使用 TCP/IP 协议，HTTP 协议，有REST API 开发经验，熟悉JSON/XML技术； 5.熟悉 Html、CSS、Javascript、JQuery、Ajax 前端Web应用程序开发技术； 6.熟悉 linux、tomcat/resin； 7.熟悉 android 开发者优先。 8.工作主动积极，有较强的学习能力,具有强烈责任心，工作态度积极向上，踏实勤勉。 9.28岁以下（如能力突出，可放宽年龄限制）。10.欢迎专业基础扎实的优秀应届毕业生。 招聘人数：5名。福利待遇： 1.视个人工作能力或综合实力定薪酬，根据公司定期内部员工测评结果浮动工资待遇。 2.正式员工上社保五险，每周双休、并享受国家法定节假日。3.额外公司为提高员工生活质量，每月都有300元的补助，加班有补助并免费享自助晚餐，200元全勤奖，节日礼品和津贴等。4.对表现优秀的员工，公司每年免费提供一次继续深造的机会。5.条件合适的，公司可办北京工作居住证（房、车不限购）。                                                                           职位联系方式                                                       公司名称：北京诺亚美博信息技术有限公司(北京讯博无限科技有限公司) 公司地址：北京市朝阳区北苑路傲城融富中心A座 电    话：010-84829226 邮    箱： 公司主页：http://www.simple3g.cn/') ;
COMMIT;
INSERT INTO "User" ("Name","UserType","CreatedDatetime","UpdatedDatetime","Enabled")
                              VALUES ('377964427250129.htm',4,clock_timestamp(),clock_timestamp(),'t') ;
INSERT INTO "ZhilianUser" ("UserId","NickName","Type","Sex","City" ) VALUES(currval('"hero_reduce"."user_id_seq"'),'377964427250129.htm',0,'null','北京-海淀区') ; INSERT INTO "JobPosition" ("UserId","Name","Address","Title","Salary","Description")
                          VALUES(currval('"hero_reduce"."user_id_seq"'),'377964427250129.htm','北京-海淀区','软件工程师','4001-6000','任职要求：1、应往届理工科毕业生，有志于在IT行业发展。           2、有计算机语言者优先，如：C语言、C++、Java、.Net等。           3、计算机（网络）、电子信息、软件工程、（电气）自动化、测控、生仪、机电等专业；           4、接受岗前培训，培训期间不用交纳任何费用。 入职范围：Java程序员软件开发工程师 3G手机Android软件开发工程师、互联网营销策划师。待遇：     签订正式劳动合同、办理组织关系迁转、享受国家规定的保险福利待遇。                                                                            职位联系方式                                                      公司名称：北京睿思指南教育科技有限公司公司地址：北京市回龙观西大街118号 龙冠置业大厦b座4层传真：010-59812335公司主页：www.rsjy.com.cn') ;
COMMIT;
INSERT INTO "User" ("Name","UserType","CreatedDatetime","UpdatedDatetime","Enabled")
                              VALUES ('431569012250108.htm',4,clock_timestamp(),clock_timestamp(),'t') ;
INSERT INTO "ZhilianUser" ("UserId","NickName","Type","Sex","City" ) VALUES(currval('"hero_reduce"."user_id_seq"'),'431569012250108.htm',0,'null','北京') ; INSERT INTO "JobPosition" ("UserId","Name","Address","Title","Salary","Description")
                          VALUES(currval('"hero_reduce"."user_id_seq"'),'431569012250108.htm','北京','高级软件工程师','','岗位职责：  1、负责Android智能终端领域应用研发；  2、配合设计和测试团队完成软件用户体验、运行及功能等方面的改进及提升；  3、验证并修复测试中发现的问题；  4、学习研究新技术以满足产品的需求；   岗位要求：  1、三年以上工作经验，了解常用算法、数据结构和设计模式；  2、两年Android产品开发经验,熟悉相应架构,有扎实的Java语言基础；  3、熟悉Android开发技术，能独立开发高性能的Android应用；  4、熟悉Android开发工具和相关开发测试工具的使用；  5、有成功的Android产品经验并发布过应用者优先； 6、有C语言开发经验者，对android交叉编译，jni调用编写等有实际经验者优先。 7、熟悉Android平台架构，有Android源码二次开发经验者优先； 8、有C/C++开发经验者优先；  9、学习能力强，有创造性思维能力，有较强分析和解决问题的能力；工作积极主动、敬业，有较强责任感；   10.本科以上学历                                                                            职位联系方式                                                      公司名称：阿格雅(北京)技术有限公司公司地址：北京市海淀区信息路甲28号C座06C 传真：010-62977930公司主页：') ;
COMMIT;
INSERT INTO "User" ("Name","UserType","CreatedDatetime","UpdatedDatetime","Enabled")
                              VALUES ('362783313250121.htm',4,clock_timestamp(),clock_timestamp(),'t') ;
INSERT INTO "ZhilianUser" ("UserId","NickName","Type","Sex","City" ) VALUES(currval('"hero_reduce"."user_id_seq"'),'362783313250121.htm',0,'null','北京-朝阳区') ; INSERT INTO "JobPosition" ("UserId","Name","Address","Title","Salary","Description")
                          VALUES(currval('"hero_reduce"."user_id_seq"'),'362783313250121.htm','北京-朝阳区','高级软件工程师','15001-25000','主要职责：  1. 负责Android手机客户端软件的技术设计和研发  2. 参与客户端产品的架构设计，分析和发现系统的优化点 3. 学习和研究新技术以满足产品的新需求 4. 指导与培养工程师，提升团队整体技术水平  职位要求：  1. 3年以上开发工作经验，2年以上Android实际开发经验； 2. 精通Android开发平台及框架原理，以及Android控件的使用，熟练掌握Android界面和交互开发； 3. 有良好编码风格，追求代码执行效率； 4. 对Android APP性能优化和内存优化有深入了解，熟练掌握Android平台下的代码调试和调优技术； 5. 具备较强的架构能力、设计能力、需求分析能力； 6. 良好的沟通技能，以及团队合作能力，有团队管理能力者优先；  7、具备创业精神及心理状态者优先；                                                                            职位联系方式                                                      公司名称：北京新窝在线科技有限公司公司地址：北京市朝阳区建国路89号华贸商务楼15号楼1502室 传真：公司主页：http://www.xinwo.com                                                          查看职位地图') ;
COMMIT;
INSERT INTO "User" ("Name","UserType","CreatedDatetime","UpdatedDatetime","Enabled")
                              VALUES ('287437110251650.htm',4,clock_timestamp(),clock_timestamp(),'t') ;
INSERT INTO "ZhilianUser" ("UserId","NickName","Type","Sex","City" ) VALUES(currval('"hero_reduce"."user_id_seq"'),'287437110251650.htm',0,'null','北京') ; INSERT INTO "JobPosition" ("UserId","Name","Address","Title","Salary","Description")
                          VALUES(currval('"hero_reduce"."user_id_seq"'),'287437110251650.htm','北京','手机软件开发工程师','','岗位职责：1、负责android 软件的架构分析、设计和核心代码的编写；（从底层到应用）2、负责相关技术的评审把关，控制设计质量。3、负责项目框架搭建、关键技术选型、技术难题公关等工作。4、主导系统优化工作并形成统一的技术规范并推动在产品中的落实。5、指导工程师的日常开发工作，并定期进行问题总结和技术培训。任职资格：1、本科及以上学历，3年以上Java系统研发经验，其中Android经验至少2年以上；2、精通Java语言开发，熟悉OOA/OOD设计方法，理解面向对象的设计模式，良好的设计文档撰写能力；3、精通Android的开发框架，精通android系统各种特性，能把握android 程序设计和开发；4、对用户体验、产品化、性能优化有丰富经验者优先；5、较强的项目组织和推动能力，成功主持过1~2款基于android 的产品软件架构设计，并且产品获得市场认可；6、很强学习能力和架构把握能力，能快速理解，分析开源项目的技术架构，勇于担当。待遇：工资 = 基本工资+绩效+提成+餐补+交通补福利 = 养老+失业+医疗+工伤+生育保险+住房公积金培训 = 专业的入职培训+产品培训+业务培训+团队活动交通：公司提供十余条班车线路，接送员工上下班欢迎加入我们的团队，融入到平等、热情、开放的设计交流环境，与和您同样优秀的团队成员一起在行动中迎接新的挑战。另外：我们不仅关注团队建设，更关心您的个人事业规划和发展。我们真诚期待您的加入，共同成长。                                                                            职位联系方式                                                      公司名称：中企动力科技股份有限公司公司地址：北京经济技术开发区(亦庄)地盛西路数码庄园A2座 公司主页：www.300.cn') ;
COMMIT;
INSERT INTO "User" ("Name","UserType","CreatedDatetime","UpdatedDatetime","Enabled")
                              VALUES ('148831006250751.htm',4,clock_timestamp(),clock_timestamp(),'t') ;
INSERT INTO "ZhilianUser" ("UserId","NickName","Type","Sex","City" ) VALUES(currval('"hero_reduce"."user_id_seq"'),'148831006250751.htm',0,'null','北京-朝阳区') ; INSERT INTO "JobPosition" ("UserId","Name","Address","Title","Salary","Description")
                          VALUES(currval('"hero_reduce"."user_id_seq"'),'148831006250751.htm','北京-朝阳区','手机软件开发工程师','','工作内容：1.负责Android产品的架构设计工作；2.根据总体设计完成模块代码编写、单元测试、代码维护、不同机型适配等工作；3.负责Android平台相关技术以及新技术的调研、实现。 任职要求：1）2年以上Android开发经验，精通Java语言，能独立完成产品开发；2）熟悉Android的UI设计、开发规范，熟练使用各种框架及开源模块； 3）有实际开发上线产品经验者优先；4）有良好的学习能力、沟通能力，可以快速跟进项目需求，配合团队完成既定任务 5）性格开朗，具有团队合作精神                                                                           职位联系方式                                                       公司名称：浙江华策影视股份有限公司 公司地址：浙江省杭州市文二西路683号西溪创意产业园C-C座  传真：87553077 公司主页：www.huacemedia.com                                                          查看职位地图') ;
COMMIT;
INSERT INTO "User" ("Name","UserType","CreatedDatetime","UpdatedDatetime","Enabled")
                              VALUES ('701023621250003.htm',4,clock_timestamp(),clock_timestamp(),'t') ;
INSERT INTO "ZhilianUser" ("UserId","NickName","Type","Sex","City" ) VALUES(currval('"hero_reduce"."user_id_seq"'),'701023621250003.htm',0,'null','北京-东城区') ; INSERT INTO "JobPosition" ("UserId","Name","Address","Title","Salary","Description")
                          VALUES(currval('"hero_reduce"."user_id_seq"'),'701023621250003.htm','北京-东城区','手机软件开发工程师','','岗位职责  1负责项目Android应用程序的设计、开发及维护更新工作；  2撰写相关开发文档，独立完成功能模块开发；  3配合服务器端开发人员，完成应用与服务器端通讯；  4时刻把握Android系统发展，根据官方准则提高产品质量。     职位要求  1精通JAVA语言，两年以上实际开发工作经验，至少一年以上Android平台开发经验；  2精通Android下的应用开发和网络开发，熟练的Android GUI程序开发技能；  3熟练掌握HTTP、SOCKET、TCP网络连接；  4语言基础知识扎实，有OOP思想，熟悉常用设计模式；   5有严格的项目进度观念，确保项目按时按质完成；   6逻辑分析能力、学习能力和创新能力强，良好的语言表达及沟通能力；      加分项  1熟悉NDK/JNI、C/C++、XMPP、JSON、ANDROIDFRAMEWORK开发；  2热爱软件开发工作，对智能硬件行业有强烈的兴趣。                                                                            职位联系方式                                                      公司名称：微点(北京)文化传媒有限公司公司地址：崇文门外大街16号国瑞大厦502室 电    话：010-87555300公司主页：null                                                          查看职位地图') ;
COMMIT;
INSERT INTO "User" ("Name","UserType","CreatedDatetime","UpdatedDatetime","Enabled")
                              VALUES ('569662421250137.htm',4,clock_timestamp(),clock_timestamp(),'t') ;
INSERT INTO "ZhilianUser" ("UserId","NickName","Type","Sex","City" ) VALUES(currval('"hero_reduce"."user_id_seq"'),'569662421250137.htm',0,'null','北京') ; INSERT INTO "JobPosition" ("UserId","Name","Address","Title","Salary","Description")
                          VALUES(currval('"hero_reduce"."user_id_seq"'),'569662421250137.htm','北京','手机软件开发工程师','','岗位职责：1、负责Android客户端设计，开发，发布等。2、根据研发过程中的体验对产品提出建议。3、负责相关技术文档的撰写。任职资格：1、拥有2年以上移动端Android 开发经验。2、掌握面向对象和常用的设计模式。3、熟悉JSON/XML、HTTP、TCP/IP等协议，掌握REST，有网络编程经验。4、具有良好的代码风格，优秀的编程效率和处理问题能力。5、具备较强的设计能力、需求分析能力、文档编写能力。6、有良好的团队合作经验。联系方式公司地址：北京市朝阳区北苑路86号北美国际商务中心C座115-116室传真：公司主页：www.jishijiajiao.com                                                                            职位联系方式                                                      公司名称：北京国人拓盛科技有限责任公司公司地址：北京市朝阳区北苑路86号北美国际商务中心C座115-116室传真：公司主页：') ;
COMMIT;
INSERT INTO "User" ("Name","UserType","CreatedDatetime","UpdatedDatetime","Enabled")
                              VALUES ('657677121250000.htm',4,clock_timestamp(),clock_timestamp(),'t') ;
INSERT INTO "ZhilianUser" ("UserId","NickName","Type","Sex","City" ) VALUES(currval('"hero_reduce"."user_id_seq"'),'657677121250000.htm',0,'null','北京-朝阳区') ; INSERT INTO "JobPosition" ("UserId","Name","Address","Title","Salary","Description")
                          VALUES(currval('"hero_reduce"."user_id_seq"'),'657677121250000.htm','北京-朝阳区','移动互联网开发','6001-8000','工作职责：1、基于Android平台进行app应用开发；2、Android手机、平板终端软件的产品开发与维护；3、负责项目难点的攻关，技术方案的预言与实现。4、负责在开发过程中相关的技术规范文档的编写工作。5、培训项目团队其它成员开发。任职资格：1. 有模考类产品开发经验；2. 良好的Java技术功底；3. 熟悉Android系统架构及相关技术，2年以上实际Android平台开发经验；4. 熟练掌握Android各类组件，以及界面绘制、后台运行、数据存储等原理。5. 有过问卷、模考系统开发经验优先考虑；6. 对Android性能优化、内存优化有一定的了解                                                                           职位联系方式                                                       公司名称：北京联创瑞思教育科技有限公司 公司地址：北京市朝阳区大屯东金泉中心3单元820室  传真： 公司主页：                                                          查看职位地图') ;
COMMIT;
INSERT INTO "User" ("Name","UserType","CreatedDatetime","UpdatedDatetime","Enabled")
                              VALUES ('661521125250001.htm',4,clock_timestamp(),clock_timestamp(),'t') ;
INSERT INTO "ZhilianUser" ("UserId","NickName","Type","Sex","City" ) VALUES(currval('"hero_reduce"."user_id_seq"'),'661521125250001.htm',0,'null','北京-朝阳区') ; INSERT INTO "JobPosition" ("UserId","Name","Address","Title","Salary","Description")
                          VALUES(currval('"hero_reduce"."user_id_seq"'),'661521125250001.htm','北京-朝阳区','手机软件开发工程师','10001-15000','岗位要求： 1、负责公司移动产品的研发, 编写高质量的代码； 2、和产品经理配合, 深度参与App产品需求讨论和功能定义等； 3、在项目技术负责人的带领下，独立完成相关功能开发及版本迭代； 岗位要求： 1、两年以上开发经验，有强烈的求知欲和进取心； 2、面试的时候带上你自豪的产品,可以是公司项目,也可以是个人作品,前提是TA必须是你完成的； 3、扎实的Java基础； 4、能接受各种不同观点，做技术每个人可能都有自己不一样的理解，但希望都有开放的心态； 5、知其然知其所以然，解决问题是很简单的，探究问题原因才治根； 6、有DRY原则，不重复工作，能用工具和脚本解决的问题不会手工做第二次；  公司地址在慈云寺住邦2000，关于Android工程师我们目前招聘的是三年以上的高级软件开发工程师， 如果符合要求会给与一定的期权激励。如果您非常感兴趣欢迎直接来电咨询85868025 公司网址：http://www.econchina.cn                                                                           职位联系方式                                                       公司名称：北京易康网络科技有限公司 公司地址：北京市朝阳区八里庄西里98号楼住邦2000-3号楼806                                                            查看职位地图') ;
COMMIT;
INSERT INTO "User" ("Name","UserType","CreatedDatetime","UpdatedDatetime","Enabled")
                              VALUES ('661521125250004.htm',4,clock_timestamp(),clock_timestamp(),'t') ;
INSERT INTO "ZhilianUser" ("UserId","NickName","Type","Sex","City" ) VALUES(currval('"hero_reduce"."user_id_seq"'),'661521125250004.htm',0,'null','北京-朝阳区') ; INSERT INTO "JobPosition" ("UserId","Name","Address","Title","Salary","Description")
                          VALUES(currval('"hero_reduce"."user_id_seq"'),'661521125250004.htm','北京-朝阳区','移动互联网开发','10001-15000','岗位基本要求： 1.3年以上工作经验。2年以上android开发经验 2.了解Android 系统体系结构，熟悉android应用程序设计 3.熟悉JAVA,c,c++ 4.精通android的UI系统控件及自定义控件； 5.熟悉txt,umd,epub,chm,pdf,pdb等文件格式； 6.熟悉utf8,Unicode,gbk等常用编码格式； 7.熟悉html及xml； 8.有较强的责任感，具有程序员精神，主动、卓越、合作、敬业； 9.学习能力强，有创造性思维能力和表达能力； 以下条件者优先考虑： 对算法有独到见解者优先 对内存优化有丰富经验者优先 独立或参与开发过阅读产品者优先 在android平台有优秀作品者优先 公司网址：http://www.econchina.cn                                                                           职位联系方式                                                       公司名称：北京易康网络科技有限公司 公司地址：北京市朝阳区八里庄西里98号楼住邦2000-3号楼806                                                            查看职位地图') ;
COMMIT;
INSERT INTO "User" ("Name","UserType","CreatedDatetime","UpdatedDatetime","Enabled")
                              VALUES ('147101310250083.htm',4,clock_timestamp(),clock_timestamp(),'t') ;
INSERT INTO "ZhilianUser" ("UserId","NickName","Type","Sex","City" ) VALUES(currval('"hero_reduce"."user_id_seq"'),'147101310250083.htm',0,'null','北京-海淀区') ; INSERT INTO "JobPosition" ("UserId","Name","Address","Title","Salary","Description")
                          VALUES(currval('"hero_reduce"."user_id_seq"'),'147101310250083.htm','北京-海淀区','移动互联网开发','','1、负责Android手机平台应用软件的设计和开发维护；2、负责本司现有app应用的维护与二次开发改进；3、参与系统软件的设计，根据开发规范与流程独立完成模块的设计、编码、单元测试；4、有快速定位程序Bug的分析思路，思路清晰，思维敏捷，快速的学习能力。 5. 负责安卓客户端应用的框架设计；6. 支持测试人员的测试工作并及时跟进修改bug。 7.精通java语言，熟练掌握java开发技术，具备扎实的编程基本功和良好的编程习惯； 8、熟悉Android系统，了解androidSDK特性,能根据产品设计独立Android应用程序开发的能力； 9、有地图支付开发经验者优先。                                                                           职位联系方式                                                       公司名称：北京光声新时空软件有限公司 公司地址：北京市海淀区复兴路甲38号嘉德公寓1301室  传真： 公司主页：http://www.topgis.com.cn                                                          查看职位地图') ;
COMMIT;
INSERT INTO "User" ("Name","UserType","CreatedDatetime","UpdatedDatetime","Enabled")
                              VALUES ('241260221250347.htm',4,clock_timestamp(),clock_timestamp(),'t') ;
INSERT INTO "ZhilianUser" ("UserId","NickName","Type","Sex","City" ) VALUES(currval('"hero_reduce"."user_id_seq"'),'241260221250347.htm',0,'null','北京') ; INSERT INTO "JobPosition" ("UserId","Name","Address","Title","Salary","Description")
                          VALUES(currval('"hero_reduce"."user_id_seq"'),'241260221250347.htm','北京','高级软件工程师','10001-15000','亲的工作是： 1.加入公司移动应用或平台软件开发团队，进行客户端的设计和研发； 2.参与团队对现有需求的制定。 我们希望你： 1.计算机相关专业本科及以上学历； 2.具备客户端前台开发工作经验； 3.精通Android客户端软件开发技术，熟悉iPhone开发者优先； 4.熟练掌握UDP/TCP/IP、http等网络协议，精通协议设计； 5.精通客户端程序设计方法以及安全的应用层协议设计； 6.具备良好的分析解决问题能力，能独立承担任务和有系统进度把控能力； 7.工作认真负责，尽职尽责，沟通协作意识。公司简介：北京新美互通科技有限公司成立于2011年4月，是一家国内领先的移动互联网创新企业，创始团队来自微软、Google、创新工场、百度和TOM等国内外知名公司，已经获得多轮风险投资及战略投资。公司专注于移动互联网领域技术和产品创新，致力于为用户提供一流的产品和服务，主营业务是移动应用的开发和运营，包括手机应用开发、手机游戏开发、游戏平台等。荣誉出品（包含已售）：如火如荼——字体管家、棱镜SDK云平台、锁屏大师、签名大师…新手上路——Ikeyboard手机输入法、手游魔纹战记、海量休闲小游戏…往事如烟——省电宝、奇思壁纸、Textcutie、手游幻灵诀…咨询QQ：2296649715                                                                            职位联系方式                                                      公司名称：北京新美互通科技有限公司公司地址：北京市朝阳区东土城路8号林达大厦A座16C（地铁13号线柳芳站）') ;
COMMIT;
INSERT INTO "User" ("Name","UserType","CreatedDatetime","UpdatedDatetime","Enabled")
                              VALUES ('133615298251818.htm',4,clock_timestamp(),clock_timestamp(),'t') ;
INSERT INTO "ZhilianUser" ("UserId","NickName","Type","Sex","City" ) VALUES(currval('"hero_reduce"."user_id_seq"'),'133615298251818.htm',0,'null','北京-海淀区') ; INSERT INTO "JobPosition" ("UserId","Name","Address","Title","Salary","Description")
                          VALUES(currval('"hero_reduce"."user_id_seq"'),'133615298251818.htm','北京-海淀区','软件研发工程师','','岗位名称：Android客户端研发工程师  岗位职责 负责软件业务开发  任职资格 1、硕士或统招本科2年以上工作经验，计算机相关专业； 2、1年以上Android平台开发经验，至少参加过一个完整的商业及手机应用开发项目； 3、熟悉android平台UI设计，熟悉常用布局； 4、熟悉android手机客户端软件架构设计，理解面向对象设计的基本原则； 5、熟悉android下网络通信机制，对socket通信、TCP/IP和http/https和无线通讯协议有较深刻的理解和经验； 6、有较强学习能力，团队协作精神，能承担独立开发的任务。  福利待遇：五险一金、企业年金、带薪年假、工作餐、宿舍、班车。                                                                            职位联系方式                                                       公司名称：同方知网（北京）技术有限公司 公司地址：北京市海淀区西小口路66号东升科技园-北领地A2楼  传真： 公司主页：http://www.cnki.net                                                          查看职位地图') ;
COMMIT;
INSERT INTO "User" ("Name","UserType","CreatedDatetime","UpdatedDatetime","Enabled")
                              VALUES ('120734458250159.htm',4,clock_timestamp(),clock_timestamp(),'t') ;
INSERT INTO "ZhilianUser" ("UserId","NickName","Type","Sex","City" ) VALUES(currval('"hero_reduce"."user_id_seq"'),'120734458250159.htm',0,'null','北京-朝阳区') ; INSERT INTO "JobPosition" ("UserId","Name","Address","Title","Salary","Description")
                          VALUES(currval('"hero_reduce"."user_id_seq"'),'120734458250159.htm','北京-朝阳区','互联网软件工程师','10001-15000','我们寻找这样的同事：·         热爱互联网视频和流媒体技术的软件开发；·         身体健康，品行端正，良好的敬业精神和团队合作精神；· 计算机、网络通信、电子工程及相关专业本科及以上学历；加入我们：·         您将有机会与全球最著名的体育和娱乐巨头等NeuLion合作伙伴同事，参与构建其最激动人心的新媒体发展业务平台；·         您将有机会融入NeuLion全球开发团队，与来自不同国家和地区的优秀研发人员一起成就您的职业发展；·         您将有机会分享NeuLion的发展与成就，与我们全球同事一起创建和享受开放、激情和友爱的企业文化，在每年的股权激励中分享公司的成长和回报。软件开发工程师 –数据媒体应用Android平台工作经验：二年及二年以上熟练掌握Java语言和Android相关开发平台；熟练掌握Web/HTML 5相关技术；有Android等移动平台实际应用开发经验优先；有移动互联网音视频应用实际开发经验优先；负责公司Android平台产品的研发、相关项目的编码实现。                                                                            职位联系方式                                                      公司名称：NeuLion中国北京公司地址：北京市朝阳区安定路1号奥体中心体育场东看台4层 传真：公司主页：http://www.neulion.com.cn                                                          查看职位地图') ;
COMMIT;
INSERT INTO "User" ("Name","UserType","CreatedDatetime","UpdatedDatetime","Enabled")
                              VALUES ('353117416260710.htm',4,clock_timestamp(),clock_timestamp(),'t') ;
INSERT INTO "ZhilianUser" ("UserId","NickName","Type","Sex","City" ) VALUES(currval('"hero_reduce"."user_id_seq"'),'353117416260710.htm',0,'null','北京-朝阳区') ; INSERT INTO "JobPosition" ("UserId","Name","Address","Title","Salary","Description")
                          VALUES(currval('"hero_reduce"."user_id_seq"'),'353117416260710.htm','北京-朝阳区','软件工程师','15001-25000','任职要求：  1、三年以上Android产品研发经验，有独立完成并且发布上线的App；  2、有扎实的Java语言基础，熟悉数据结构和算法，有很强的编码能力；  3、精通android开发环境，熟悉android系统各种特性，熟悉android平台的应用开发；  4、精通Android性能和内存优化，善于解决系统崩溃，内存溢出和兼容性问题；  5、对移动产品有浓厚兴趣；  6、有过新闻等阅读类研发经验者优先； 7、较强的团队精神和敬业精神，具有良好的自学能力和独立解决问题的能力，能承受较大工作压力. 岗位职责： 1、负责搜悦产品研发、参与架构设计、新技术调研； 2、负责搜悦产品性能优化； 3、领导团队开发，定制落实项目计划； 4、编写维护相关文档。                                                                           职位联系方式                                                       公司名称：北京中搜网络技术股份有限公司 公司地址：北京海淀区学院路51号首享科技大厦9层  传真： 公司主页：                                                          查看职位地图') ;
COMMIT;
INSERT INTO "User" ("Name","UserType","CreatedDatetime","UpdatedDatetime","Enabled")
                              VALUES ('353117416264626.htm',4,clock_timestamp(),clock_timestamp(),'t') ;
INSERT INTO "ZhilianUser" ("UserId","NickName","Type","Sex","City" ) VALUES(currval('"hero_reduce"."user_id_seq"'),'353117416264626.htm',0,'null','北京-朝阳区') ; INSERT INTO "JobPosition" ("UserId","Name","Address","Title","Salary","Description")
                          VALUES(currval('"hero_reduce"."user_id_seq"'),'353117416264626.htm','北京-朝阳区','高级软件工程师','15001-25000','任职要求：   1、三年以上Android产品研发经验，有独立完成并且发布上线的App；   2、有扎实的Java语言基础，熟悉数据结构和算法，有很强的编码能力；   3、精通android开发环境，熟悉android系统各种特性，熟悉android平台的应用开发；   4、精通Android性能和内存优化，善于解决系统崩溃，内存溢出和兼容性问题；   5、对移动产品有浓厚兴趣；   6、有过新闻等阅读类研发经验者优先；  7、较强的团队精神和敬业精神，具有良好的自学能力和独立解决问题的能力，能承受较大工作压力.  岗位职责：  1、负责搜悦产品研发、参与架构设计、新技术调研；  2、负责搜悦产品性能优化；  3、领导团队开发，定制落实项目计划；  4、编写维护相关文档。                                                                           职位联系方式                                                       公司名称：北京中搜网络技术股份有限公司 公司地址：北京海淀区学院路51号首享科技大厦9层  传真： 公司主页：www.zhongsou.com/www.zhongsou.net                                                          查看职位地图') ;
COMMIT;
INSERT INTO "User" ("Name","UserType","CreatedDatetime","UpdatedDatetime","Enabled")
                              VALUES ('145239912250905.htm',4,clock_timestamp(),clock_timestamp(),'t') ;
INSERT INTO "ZhilianUser" ("UserId","NickName","Type","Sex","City" ) VALUES(currval('"hero_reduce"."user_id_seq"'),'145239912250905.htm',0,'null','北京') ; INSERT INTO "JobPosition" ("UserId","Name","Address","Title","Salary","Description")
                          VALUES(currval('"hero_reduce"."user_id_seq"'),'145239912250905.htm','北京','软件工程师','10001-15000','岗位职责：   负责Android移动平台手机游戏开发。     任职要求：   1、本科及以上学历，计算机相关专业；   2、2年以上Android平台开发经验，有游戏开发经验的优先；   3、对算法和数据结构有深入了解；   4、熟悉NDK开发，熟练使用JNI进行Java和C++语言的相互调用,有c/c++开发经验；   5、熟悉、使用过成型的游戏引擎，熟悉cocos2d-x游戏引擎优先考虑；   6、有强烈的敬业精神和助人为乐品德，学习能力强，做事积极主动，责任心强。     公司福利：   1、上班时间：周一至周五，朝九晚六，弹性考勤；   2、薪酬福利：六险一金（五险+商业保险）、带薪年假、员工体检、免费健身、大厦免费班车及工会各种福利；   3、员工晋升：完善的晋升渠道及广阔的发展空间。                                                                           职位联系方式                                                       公司名称：联众游戏 公司地址：北京市朝阳区广顺北大街33号院1号楼福码大厦B座17层  北京100101-118信箱  传真： 公司主页：www.ourgame.com & www.lianzhong.com') ;
COMMIT;
INSERT INTO "User" ("Name","UserType","CreatedDatetime","UpdatedDatetime","Enabled")
                              VALUES ('608869229250047.htm',4,clock_timestamp(),clock_timestamp(),'t') ;
INSERT INTO "ZhilianUser" ("UserId","NickName","Type","Sex","City" ) VALUES(currval('"hero_reduce"."user_id_seq"'),'608869229250047.htm',0,'null','北京') ; INSERT INTO "JobPosition" ("UserId","Name","Address","Title","Salary","Description")
                          VALUES(currval('"hero_reduce"."user_id_seq"'),'608869229250047.htm','北京','软件工程师','','工作职责： 1、根据需求完成方案设计、概要设计、详细设计文档；2、负责Android客户端系统核心模块代码编写和单元测试；3、根据用户反馈，持续改善产品体验和修复Bug。   任职要求： 1、熟悉Java语言，了解Android平台，具有较好的调试技能，具有两年以上Android开发经验；2、熟悉常用数据结构和算法，能灵活运用解决开发中的问题。                                                                           职位联系方式                                                       公司名称：北京金山云网络技术有限公司 公司地址：海淀区小营西路33号  金山软件大厦  传真： 公司主页：null') ;
COMMIT;
INSERT INTO "User" ("Name","UserType","CreatedDatetime","UpdatedDatetime","Enabled")
                              VALUES ('683414523250004.htm',4,clock_timestamp(),clock_timestamp(),'t') ;
INSERT INTO "ZhilianUser" ("UserId","NickName","Type","Sex","City" ) VALUES(currval('"hero_reduce"."user_id_seq"'),'683414523250004.htm',0,'null','北京-朝阳区') ; INSERT INTO "JobPosition" ("UserId","Name","Address","Title","Salary","Description")
                          VALUES(currval('"hero_reduce"."user_id_seq"'),'683414523250004.htm','北京-朝阳区','手机软件开发工程师','6000-10000','职位描述：1. 负责Android应用产品开发工作； 2. 对产品的性能和稳定性进行持续优化。职位要求：1. 计算机相关专业本科及以上学历；2. 一年以上基于JAVA/J2ME的开发经验；精通JAVA语言；3. 精通Android开发平台及框架原理，精通Android SDK；4. 熟悉Android手机客户端软件架构设计，有一年以上Android应用软件的开发经验；5. 具备良好的学习能力和分析解决问题能力，工作勤奋，能够独立承担任务。                                                                            职位联系方式                                                      公司名称：悦百信(北京)信息技术有限公司公司地址：朝阳区建外soho14号楼 传真：公司主页：') ;
COMMIT;
INSERT INTO "User" ("Name","UserType","CreatedDatetime","UpdatedDatetime","Enabled")
                              VALUES ('657589423250046.htm',4,clock_timestamp(),clock_timestamp(),'t') ;
INSERT INTO "ZhilianUser" ("UserId","NickName","Type","Sex","City" ) VALUES(currval('"hero_reduce"."user_id_seq"'),'657589423250046.htm',0,'null','北京-海淀区') ; INSERT INTO "JobPosition" ("UserId","Name","Address","Title","Salary","Description")
                          VALUES(currval('"hero_reduce"."user_id_seq"'),'657589423250046.htm','北京-海淀区','高级软件工程师','','工作职责：1、负责Android终端产品软件开发的全过程;2、基于产品设计和策划运营提出的需求,完成相关文档的编写;3、及时修正测试中发现的问题;4、协助解决客户软件技术疑问。职位要求：1、计算机、信息技术相关专业，专科及以上学历，有2年以上互联网或安卓项目开发经验； 2、精通Java语言，熟练掌握Java开发技术，具备扎实编程基本功和良好的编程习惯；3、熟悉Android系统架构及相关技术和API的调用，熟练使用Android各种UI组件；4、熟悉Android下网络通信机制，熟悉常用JSON、XML数据格式；5、有良好的编程习惯和简洁清晰的代码风格，对互联网开发有强烈兴趣，喜欢钻研, 并不断学习创新，有较强的网络安全意识；6、具备良好的责任感、沟通能力及团队协作精神，思维敏捷，踏实肯干，积极主动；7、熟悉Sqllit、Xmpp及时通信等优先考虑。                                                                           职位联系方式                                                       公司名称：北京新收获软件科技有限公司 公司地址：海淀区上地信息路2号2号楼19层19B 传真： 公司主页：www.xinshouhuo.com                                                          查看职位地图') ;
COMMIT;
INSERT INTO "User" ("Name","UserType","CreatedDatetime","UpdatedDatetime","Enabled")
                              VALUES ('661981523250033.htm',4,clock_timestamp(),clock_timestamp(),'t') ;
INSERT INTO "ZhilianUser" ("UserId","NickName","Type","Sex","City" ) VALUES(currval('"hero_reduce"."user_id_seq"'),'661981523250033.htm',0,'null','北京-朝阳区') ; INSERT INTO "JobPosition" ("UserId","Name","Address","Title","Salary","Description")
                          VALUES(currval('"hero_reduce"."user_id_seq"'),'661981523250033.htm','北京-朝阳区','手机软件开发工程师','','【工作职责】1）Android 应用的设计和研发 2）负责客户端模块结构和流程逻辑设计，产品适配和升级   【职位要求】 1）熟悉Java开发语言和环境，2年以上Android研发经验2）熟悉Android开发技术，如UI，网络编程，多线程，性能优化等 3）开发基础良好，理解设计模式，在项目或产品中有很好的设计实践 4）有强烈的责任心和团队精神，善于沟通和合作，能独立完成设计和编码 5）有主导完成优秀应用或相关产品开发经验者优先6）本科以上学历，计算机相关专业，2年以上相关工作经验                                                                           职位联系方式                                                          公司名称：北京智阅网络科技有限公司 公司地址：北京朝阳区惠河南街1008-B四惠大厦5005W-5006W  联系电话：010-59231536 公司主页：www.qctt.cn                                                          查看职位地图') ;
COMMIT;
INSERT INTO "User" ("Name","UserType","CreatedDatetime","UpdatedDatetime","Enabled")
                              VALUES ('776539170250000.htm',4,clock_timestamp(),clock_timestamp(),'t') ;
INSERT INTO "ZhilianUser" ("UserId","NickName","Type","Sex","City" ) VALUES(currval('"hero_reduce"."user_id_seq"'),'776539170250000.htm',0,'null','北京') ; INSERT INTO "JobPosition" ("UserId","Name","Address","Title","Salary","Description")
                          VALUES(currval('"hero_reduce"."user_id_seq"'),'776539170250000.htm','北京','软件工程师','10001-15000','岗位职责： 1.    内容管理平台、B端客户产品的搭建和维护； 2.    移动业务平台的接口开发和优化；  任职要求：  计算机或相关专业专科及以上学历； 精通Mysql、Apache、Memcache、MVC/REST架构、模板引擎、中间件的原理与应用 熟练使用JavaScript，html，div+css，熟悉jQuery、Ajax、JSON； 具备2年以上工作经验者优先； 有电商平台工作经验或者开源商城开发经验者优先；                                                                              职位联系方式                                                      北京市枫格科技有限公司北京市海淀区上地信息路26号中关村创业大厦13810076887') ;
COMMIT;
INSERT INTO "User" ("Name","UserType","CreatedDatetime","UpdatedDatetime","Enabled")
                              VALUES ('585824823250032.htm',4,clock_timestamp(),clock_timestamp(),'t') ;
INSERT INTO "ZhilianUser" ("UserId","NickName","Type","Sex","City" ) VALUES(currval('"hero_reduce"."user_id_seq"'),'585824823250032.htm',0,'null','北京-丰台区') ; INSERT INTO "JobPosition" ("UserId","Name","Address","Title","Salary","Description")
                          VALUES(currval('"hero_reduce"."user_id_seq"'),'585824823250032.htm','北京-丰台区','高级软件工程师','6001-8000','职位描述:1、负责公司安卓软件和游戏的设计与实现；2、负责项目的设计、研发，以及性能分析及改进等工作；任职条件1、学历不限，1年以上Android移动客户端应用开发经验；2、熟悉Android平台UI设计，熟悉常用布局，对UI 相关接口理解优异者、能够编写自定义高性能 UI 控件者优先；3、熟悉Java/C/C++等编程语言，深入理解面向对象的设计模式，对数据结构、基本算法熟练掌握，并具备较好的算法设计能力；4、对新技术敏感，求知欲强，有很强的学习能力；5、责任心强，有良好的团队合作能力、沟通能力与口头/书面表达能力；                                                                            职位联系方式                                                      公司名称：北京聚元科技有限公司公司地址：北京市丰台区万柳桥天瑞大厦412室                                                          查看职位地图') ;
COMMIT;
INSERT INTO "User" ("Name","UserType","CreatedDatetime","UpdatedDatetime","Enabled")
                              VALUES ('585824823250034.htm',4,clock_timestamp(),clock_timestamp(),'t') ;
INSERT INTO "ZhilianUser" ("UserId","NickName","Type","Sex","City" ) VALUES(currval('"hero_reduce"."user_id_seq"'),'585824823250034.htm',0,'null','北京-丰台区') ; INSERT INTO "JobPosition" ("UserId","Name","Address","Title","Salary","Description")
                          VALUES(currval('"hero_reduce"."user_id_seq"'),'585824823250034.htm','北京-丰台区','软件研发工程师','6001-8000','职位描述:1、负责公司安卓软件和游戏的设计与实现；2、负责项目的设计、研发，以及性能分析及改进等工作；任职条件1、学历不限，1年以上Android移动客户端应用开发经验；2、熟悉Android平台UI设计，熟悉常用布局，对UI 相关接口理解优异者、能够编写自定义高性能 UI 控件者优先；3、熟悉Java/C/C++等编程语言，深入理解面向对象的设计模式，对数据结构、基本算法熟练掌握，并具备较好的算法设计能力；4、对新技术敏感，求知欲强，有很强的学习能力；5、责任心强，有良好的团队合作能力、沟通能力与口头/书面表达能力；                                                                            职位联系方式                                                      公司名称：北京聚元科技有限公司公司地址：北京市丰台区万柳桥天瑞大厦402                                                          查看职位地图') ;
COMMIT;
INSERT INTO "User" ("Name","UserType","CreatedDatetime","UpdatedDatetime","Enabled")
                              VALUES ('186958818254640.htm',4,clock_timestamp(),clock_timestamp(),'t') ;
INSERT INTO "ZhilianUser" ("UserId","NickName","Type","Sex","City" ) VALUES(currval('"hero_reduce"."user_id_seq"'),'186958818254640.htm',0,'null','北京') ; INSERT INTO "JobPosition" ("UserId","Name","Address","Title","Salary","Description")
                          VALUES(currval('"hero_reduce"."user_id_seq"'),'186958818254640.htm','北京','软件研发工程师','','岗位职责1、负责无线问问app开发和wap开发任职要求1、 计算机、电子等相关专业本科（含）以上学历 2、 精通Java开发,对面向对象的开发设计有深入的理解，熟悉常用设计模式并能灵活运用 3、 工作经验：2年以上Android开发工作经验，有可供展示的应用作品（发布到应用商店） 4、 精通Android开发平台的框架原理，能够熟练使用Android SDK  5、 熟练掌握Android网络应用软件开发和调试经验，掌握网络的基本知识及TCP/IP协议 6、 对内存使用和性能优化有持续追求 7、 有独立开发手机应用经验者优先 8、 有良好的代码习惯，要求结构清晰，命名规范，逻辑性强，代码冗余率低 9、 对应用，技术创新有极大的热情                                                                           职位联系方式                                                      公司名称：搜狗公司公司地址：北京市海淀区中关村东路1号院搜狐网络大厦 传真：公司主页：') ;
COMMIT;
INSERT INTO "User" ("Name","UserType","CreatedDatetime","UpdatedDatetime","Enabled")
                              VALUES ('673223723250024.htm',4,clock_timestamp(),clock_timestamp(),'t') ;
INSERT INTO "ZhilianUser" ("UserId","NickName","Type","Sex","City" ) VALUES(currval('"hero_reduce"."user_id_seq"'),'673223723250024.htm',0,'null','北京') ; INSERT INTO "JobPosition" ("UserId","Name","Address","Title","Salary","Description")
                          VALUES(currval('"hero_reduce"."user_id_seq"'),'673223723250024.htm','北京','手机软件开发工程师','10001-15000','职位描述：  主要负责Android平台上的U3D开发。     工作描述如下：  1. 计算机软件相关或数学相关专业，一类院校本科；  2. 至少一年Unity3D开发经验；  3. 有Android开发经验；  4. 熟悉计算机图形学优先。公司名称：北京明济网络文化有限公司 公司地址：北京市朝阳区东三环北路2号南银大厦 招聘邮箱：zhangshuang@mj5u.com                                                                                职位联系方式                                                      公司名称：北京明济网络文化有限公司公司地址：北京市朝阳区东三环北路2号南银大厦 电    话：50830184-805公司主页：null                                                          查看职位地图') ;
COMMIT;
INSERT INTO "User" ("Name","UserType","CreatedDatetime","UpdatedDatetime","Enabled")
                              VALUES ('000016224286565.htm',4,clock_timestamp(),clock_timestamp(),'t') ;
INSERT INTO "ZhilianUser" ("UserId","NickName","Type","Sex","City" ) VALUES(currval('"hero_reduce"."user_id_seq"'),'000016224286565.htm',0,'null','') ; INSERT INTO "JobPosition" ("UserId","Name","Address","Title","Salary","Description")
                          VALUES(currval('"hero_reduce"."user_id_seq"'),'000016224286565.htm','','','','') ;
COMMIT;
INSERT INTO "User" ("Name","UserType","CreatedDatetime","UpdatedDatetime","Enabled")
                              VALUES ('000016224286562.htm',4,clock_timestamp(),clock_timestamp(),'t') ;
INSERT INTO "ZhilianUser" ("UserId","NickName","Type","Sex","City" ) VALUES(currval('"hero_reduce"."user_id_seq"'),'000016224286562.htm',0,'null','') ; INSERT INTO "JobPosition" ("UserId","Name","Address","Title","Salary","Description")
                          VALUES(currval('"hero_reduce"."user_id_seq"'),'000016224286562.htm','','','','') ;
COMMIT;
INSERT INTO "User" ("Name","UserType","CreatedDatetime","UpdatedDatetime","Enabled")
                              VALUES ('000608834250204.htm',4,clock_timestamp(),clock_timestamp(),'t') ;
INSERT INTO "ZhilianUser" ("UserId","NickName","Type","Sex","City" ) VALUES(currval('"hero_reduce"."user_id_seq"'),'000608834250204.htm',0,'null','北京-朝阳区') ; INSERT INTO "JobPosition" ("UserId","Name","Address","Title","Salary","Description")
                          VALUES(currval('"hero_reduce"."user_id_seq"'),'000608834250204.htm','北京-朝阳区','软件研发工程师','','岗位职责：1、根据产品需求设计完成软件实现、测试及维护功能；  2、负责解决开发过程中的技术问题；  3、负责软件更改说明、功能特性说明等开发文档编写工作；4、参与公司相关加密库开发工作； 任职要求：1、本科及以上学历，计算机、电子或相关专业；2、Java基本功扎实，有2以年上开发经验，Android平台1年以上产品开发经验；3、熟悉基于Android SDK的应用程序开发，能独立进行应用程序开发、调试和移植； 4、熟悉Android 操作系统； 5、熟悉Android环境下Socket通信、HTTP编程；6、有JNI编程经验的开发者优先；7、有PKI、CA相关应用开发经验者优先；8、有其他手机平台开发经验优先；9、作积极主动，具有高度的责任感与团队合作精神，有良好的沟通能力。                                                                           职位联系方式                                                       公司名称：北京创原天地科技有限公司 公司地址：北京市朝阳区安定路33号化信大厦A座12层  传真：64418737 公司主页：http://ccit.com.cn                                                          查看职位地图') ;
COMMIT;
INSERT INTO "User" ("Name","UserType","CreatedDatetime","UpdatedDatetime","Enabled")
                              VALUES ('120653232251038.htm',4,clock_timestamp(),clock_timestamp(),'t') ;
INSERT INTO "ZhilianUser" ("UserId","NickName","Type","Sex","City" ) VALUES(currval('"hero_reduce"."user_id_seq"'),'120653232251038.htm',0,'null','北京') ; INSERT INTO "JobPosition" ("UserId","Name","Address","Title","Salary","Description")
                          VALUES(currval('"hero_reduce"."user_id_seq"'),'120653232251038.htm','北京','软件研发工程师','','岗位职责：  1. 根据产品需求，能够独立完成Android平台应用功能模块编码和单元测试工作；  2. 根据项目计划按时提交高质量代码；  招聘要求：  1. 具有一年以上的Android平台应用开发经验；  2. 具备扎实的Java语言基础，数据库基础,数据结构基础；  3. 熟悉Activity的生命周期、熟练使用Sqlite数据库、Android SDK；  4. 熟悉Android的各种Widget组件，能根据项目要求开发自定义控件；  5. 熟悉Android下网络通信机制，对TCP/IP、Http有一定的理解和经验；  6. 具有良好的编码风格以及英文阅读能力，有较强的独立学习工作能力；  7. 熟悉设计模式的优先；   8. 有工作激情、认真踏实，良好的团队合作精神；                                                                            职位联系方式                                                      公司名称：北京怡成生物电子技术有限公司公司地址：北京市朝阳区建国路88号soho现代城B座1805 传真：65089575公司主页：www.beijingyicheng.com.cn') ;
COMMIT;
INSERT INTO "User" ("Name","UserType","CreatedDatetime","UpdatedDatetime","Enabled")
                              VALUES ('140007975250843.htm',4,clock_timestamp(),clock_timestamp(),'t') ;
INSERT INTO "ZhilianUser" ("UserId","NickName","Type","Sex","City" ) VALUES(currval('"hero_reduce"."user_id_seq"'),'140007975250843.htm',0,'null','北京-朝阳区') ; INSERT INTO "JobPosition" ("UserId","Name","Address","Title","Salary","Description")
                          VALUES(currval('"hero_reduce"."user_id_seq"'),'140007975250843.htm','北京-朝阳区','手机软件开发工程师','','岗位职责:   1. 按照产品需求，进行Android客户端的架构设计，参与并完成Android产品的研发；  2. 对重点问题和难点问题的技术攻关；  3. 优化研发规范，编写技术文档。       任职资格:   1.两年以上Android应用类客户端产品开发经验，并且有商用成熟产品上线维护经验；   2.精通Android编程环境，精通Java编程，熟悉Android各个版本的SDK特性；   3.熟悉各种Android Debug方式，有排查隐藏性较深问题的能力；  4.计算机基本功扎实，对算法和数据结构以及基本概念有较好的掌握和理解；  5.上进努力，态度认真，沟通良好，有创新精神，有很好的团队合作精神；    6.有设计架构和建构编写较大规模代码的经验，熟悉常用设计模式者优先。                                                                            职位联系方式                                                      公司名称：YOKA时尚网公司地址：北京市朝阳区光华路甲9号世贸天阶3号楼时尚大厦9层 传真：公司主页：www.yoka.com                                                          查看职位地图') ;
COMMIT;
INSERT INTO "User" ("Name","UserType","CreatedDatetime","UpdatedDatetime","Enabled")
                              VALUES ('658608522250144.htm',4,clock_timestamp(),clock_timestamp(),'t') ;
INSERT INTO "ZhilianUser" ("UserId","NickName","Type","Sex","City" ) VALUES(currval('"hero_reduce"."user_id_seq"'),'658608522250144.htm',0,'null','北京-海淀区') ; INSERT INTO "JobPosition" ("UserId","Name","Address","Title","Salary","Description")
                          VALUES(currval('"hero_reduce"."user_id_seq"'),'658608522250144.htm','北京-海淀区','手机软件开发工程师','10001-15000','招聘岗位： Android开发工程师   岗位职责：   1.负责搭建APP稳定性相关数据统计系统，以及负责APP稳定性相关的优化   2.负责APP底层网络连接相关的优化   3.负责app开发。   任职资格的具体描述：   1.本科以上，2年以上 Android开发经验2.精通TCP/IP协议，Socket API   3.熟悉Android Framework，非常了解Android平台系统日志的记录及抓取。   4.有APP网络优化相关经验的优先，对APP稳定性及优化有深刻的理解   5.有收集crash日志相关开发经验的优先   6.有地图相关APP开发经验的优先                                                                            职位联系方式                                                       公司名称：真来电(北京)科技有限公司 公司地址：北京市海淀区上地三街9号金隅嘉华大厦A座1205  传真： 公司主页：www.tingchebao.com') ;
COMMIT;
INSERT INTO "User" ("Name","UserType","CreatedDatetime","UpdatedDatetime","Enabled")
                              VALUES ('411364022250065.htm',4,clock_timestamp(),clock_timestamp(),'t') ;
INSERT INTO "ZhilianUser" ("UserId","NickName","Type","Sex","City" ) VALUES(currval('"hero_reduce"."user_id_seq"'),'411364022250065.htm',0,'null','北京-海淀区') ; INSERT INTO "JobPosition" ("UserId","Name","Address","Title","Salary","Description")
                          VALUES(currval('"hero_reduce"."user_id_seq"'),'411364022250065.htm','北京-海淀区','软件工程师','','岗位职责：1.按要求完成手机平台开发任务；2.协助其他同事进行旧项目的升级以及修改，完成公司的新项目；3.对原有项目的框架以及内容等进行调整；4.对新项目进行完整的开发流程规划合理安排进度。 岗位要求：1.计算机相关专业毕业，一年以上的android手机平台经验， 嵌入式系统开发经验；2.熟悉android手机软件架构，精通android平台mimi软件开发，能独立进行应用程序开发和移植；3.熟悉OOP编程思想，AIRNativeExtension的扩展应用；4.熟悉基本无线协议（如：gsm/gprs/cdma/sdl）；5.熟练掌握Android平台网络开发, 能处理不同网络环境的切换； 6.熟练掌握Android平台客户端应用同服务器间的通信机制； 7.熟练掌握Android数据存储与共享机制； 8.熟悉Android图形图像处及动画处理； 9.熟悉Android桌面Widget开发，具有完整应用项目开发经验者优先。                                                                           职位联系方式                                                       公司名称：北京诚安信科软件技术有限公司 公司地址：北京市海淀区骚子营100号招待所写字楼B321.  传真： 公司主页：                                                          查看职位地图') ;
COMMIT;
INSERT INTO "User" ("Name","UserType","CreatedDatetime","UpdatedDatetime","Enabled")
                              VALUES ('672476428250004.htm',4,clock_timestamp(),clock_timestamp(),'t') ;
INSERT INTO "ZhilianUser" ("UserId","NickName","Type","Sex","City" ) VALUES(currval('"hero_reduce"."user_id_seq"'),'672476428250004.htm',0,'null','北京-海淀区') ; INSERT INTO "JobPosition" ("UserId","Name","Address","Title","Salary","Description")
                          VALUES(currval('"hero_reduce"."user_id_seq"'),'672476428250004.htm','北京-海淀区','软件工程师','8001-10000','职位职能:  软件工程师  职位描述:岗位职责：1、完成安全应用 Android 客户端程序的研发；2、参与部门内部关于移动产品开发的技术指导或培训分享工作；3、协助项目经理进行需求分析、需求文档编写，协助进行模块建模、设计文档编写；4、按时完成上级主管安排的其它日常工作；职位要求：1、专科以上学历；2、一年以上专职Android平台的互联网应用产品开发经验；3、精通Android系统架构及相关技术；4、精通Java语言和J2EE体系及相关框架技术，熟悉API接口的调用者优先，熟悉面向对象编程和设计模式；5、思路清晰，思维敏捷，快速的学习能力，责任心强、敢于接受压力和挑战，能够独立完成任务攻关，有良好的团队合作精神。                                                                            职位联系方式                                                      公司名称：北京知远信息科技有限公司燕郊分公司公司地址：北京海淀区.苏州街18号院长远天地2号楼B1座1701 传真：公司主页：www.kfit.com.cn') ;
COMMIT;
INSERT INTO "User" ("Name","UserType","CreatedDatetime","UpdatedDatetime","Enabled")
                              VALUES ('276040015250030.htm',4,clock_timestamp(),clock_timestamp(),'t') ;
INSERT INTO "ZhilianUser" ("UserId","NickName","Type","Sex","City" ) VALUES(currval('"hero_reduce"."user_id_seq"'),'276040015250030.htm',0,'null','北京-海淀区') ; INSERT INTO "JobPosition" ("UserId","Name","Address","Title","Salary","Description")
                          VALUES(currval('"hero_reduce"."user_id_seq"'),'276040015250030.htm','北京-海淀区','软件工程师','','职位概要：1. 负责Android系统的应用客户端软件设计开发，编写相关技术文档；2. 负责Android应用系统的开发、编码以及单元测试工作；3. 负责Android应用系统开发过程中产出文档的编写；4. 根据总体设计完成模块设计，完成模块代码编写、单元测试、代码维护工作。任职资格(一般要求、教育背景、技能技巧、态度)：1. 计算机等相关专业，本科以上学历；2年以上Android开发经验2. 有JAVA编程项目经验，熟练掌握Android的API，理解Android的体系结构，掌握Android中界面绘制、后台运行 、数据存储等的原理；3. 熟悉Android下网络通信机制，有Socket编程经验；4. 熟悉XML、JSON，熟悉API、SDK等相关技术；5. 熟悉sqlite 性能调优6. 对内存使用和性能优化有持续追求； 7. 独立思考和独立工作能力，逻辑分析能力，能发现问题并解决问题；                          8. 有良好的沟通与表达能力，思路清晰，逻辑性强，团队协作精神强。                                                                            职位联系方式                                                      公司名称：今日传媒(北京)有限责任公司公司地址：北京市海淀区中关村鼎好大厦A座7F 传真：公司主页：') ;
COMMIT;
INSERT INTO "User" ("Name","UserType","CreatedDatetime","UpdatedDatetime","Enabled")
                              VALUES ('446333621250042.htm',4,clock_timestamp(),clock_timestamp(),'t') ;
INSERT INTO "ZhilianUser" ("UserId","NickName","Type","Sex","City" ) VALUES(currval('"hero_reduce"."user_id_seq"'),'446333621250042.htm',0,'null','北京-石景山区') ; INSERT INTO "JobPosition" ("UserId","Name","Address","Title","Salary","Description")
                          VALUES(currval('"hero_reduce"."user_id_seq"'),'446333621250042.htm','北京-石景山区','高级软件工程师','','薪酬与福利：职位年薪：15-30万 优秀员工有丰厚股票期权激励年假福利：国家标准 五险一金：国家标准工作地点：中关村科技园区石景山园学历：大专及大专以上学历，研究生以上学历者优先。年龄：27-35岁工作年限：3年以上。Android应用软件开发经验2年以上者优先。岗位要求：1、有三年以上开发java/J2ME经验，Android平台一年以上开发经验，熟悉Linux操作系统；2、精通Android开发平台的框架原理，熟悉Android应用开发流程，熟练掌握Android UI/Framework开发技能，能够熟练使用Android SDK ；3、能独立完成Android手机系统开发任务，完成与Android系统相关的数据库、webservice编写者优先；4、熟练掌握低级ui绘制，可完成较为复杂的ui界面的绘制；熟练掌握数据库，xml，json，http协议，socket通讯等常用技术；了解代码重构及单元测试等一些常用的敏捷开发方法；5、熟悉Android Phone 界面框架集开发规范，并具备扩展开发能力；6、熟悉Android Store上架流程及规则；独立开发过完整的Android App产品者优先；7、有其他手机平台开发经验的优先录取；8、具备良好的沟通能力和优秀的团队协作能力。                                                                           职位联系方式                                                       公司名称：北京金汇盛世移动科技有限公司 公司地址：石景山区石景山路40号信安大厦9层A-C  电话：68878507 公司主页：www.youguu.com') ;
COMMIT;
INSERT INTO "User" ("Name","UserType","CreatedDatetime","UpdatedDatetime","Enabled")
                              VALUES ('184231524250013.htm',4,clock_timestamp(),clock_timestamp(),'t') ;
INSERT INTO "ZhilianUser" ("UserId","NickName","Type","Sex","City" ) VALUES(currval('"hero_reduce"."user_id_seq"'),'184231524250013.htm',0,'null','北京') ; INSERT INTO "JobPosition" ("UserId","Name","Address","Title","Salary","Description")
                          VALUES(currval('"hero_reduce"."user_id_seq"'),'184231524250013.htm','北京','高级软件工程师','','岗位职责： 1、负责Android平台的“365日历”客户端软件开发；2、根据产品功能需求设计并完成软件实现；3、参与产品需求分析并制定技术实施方案。任职资格：1、5年以上开发经验，其中3年以上andriod开发工作经验；2、熟悉手机软件开发,精通java,有android相关手机客户端产品的开发经验；3、熟悉HTTP协议,具有良好的编程思想；4、学习能力强，思维敏捷，喜欢钻研；5、工作勤奋主动，有责任，具有良好的沟通能力，团队精神。                                                                           职位联系方式                                                       公司名称：365日历 公司地址：北京市东城区东四十四条93号东小院 传真： 公司主页：www.365rili.com                                                          查看职位地图') ;
COMMIT;
INSERT INTO "User" ("Name","UserType","CreatedDatetime","UpdatedDatetime","Enabled")
                              VALUES ('380645113250388.htm',4,clock_timestamp(),clock_timestamp(),'t') ;
INSERT INTO "ZhilianUser" ("UserId","NickName","Type","Sex","City" ) VALUES(currval('"hero_reduce"."user_id_seq"'),'380645113250388.htm',0,'null','北京-朝阳区') ; INSERT INTO "JobPosition" ("UserId","Name","Address","Title","Salary","Description")
                          VALUES(currval('"hero_reduce"."user_id_seq"'),'380645113250388.htm','北京-朝阳区','高级软件工程师','10001-15000','1、 负责公司业务系统手机端的开发；2、参与公司业务系统的需求分析、系统设计、接口定义；3、负责公司业务系统数据库结构；4、负责协助开发的测试工作；5、全力配合公司的项目管理相关工作；6、参与系统核心技术研究和攻关以满足需求；7、配合项目经理完成相关任务目标； 任职资格： 1. 一年以上Android平台开发经验； 2.熟练掌握java技术，熟悉面向对象编程设计，具备扎实的编程基础； 3．熟悉Android应用开发框架及Activity生命周期、熟练进行Android UI/Framework开发； 技能、熟练使用Android SDK、熟练使用SQLite数据库；4．熟悉Android各种widget组件，能根据项目要求开发自定义控件；5．熟悉Android下网络通信机制，对Socket通信、TCPIP、http和Xmpp有一定理解和经验；  优先考虑：1、有电子商务系统开发经验；2、有ERP等项目经验； 3、要求有后台开发经验；                                                                            职位联系方式                                                      公司名称：北京微尘大业科技有限公司公司地址：北京市朝阳区绿色家园媒体村天畅园C7-804 传真：84827066公司主页：www.vvme.com') ;
COMMIT;
INSERT INTO "User" ("Name","UserType","CreatedDatetime","UpdatedDatetime","Enabled")
                              VALUES ('381594618250092.htm',4,clock_timestamp(),clock_timestamp(),'t') ;
INSERT INTO "ZhilianUser" ("UserId","NickName","Type","Sex","City" ) VALUES(currval('"hero_reduce"."user_id_seq"'),'381594618250092.htm',0,'null','北京-朝阳区') ; INSERT INTO "JobPosition" ("UserId","Name","Address","Title","Salary","Description")
                          VALUES(currval('"hero_reduce"."user_id_seq"'),'381594618250092.htm','北京-朝阳区','高级软件工程师','6001-8000','1、Android平台软件规划设计与开发； 2、java类库结构设计和开发； 3、完成基于Android平台项目的需求，收集分析、设计、开发与实施部署； 任职要求： 1、具有3年以上Android开发经验； 2、熟悉 webservice原理及调用3、熟悉Oracle、MySQL、SQL Server任意一种4. 熟悉SQLlite.5、熟悉 json/XML解析6、具备用户/统计 SDK/KPI SDK/开发经验者优先。 7、至少会使用一种源代码管理软件(VSS、SVN）8、具有较强的责任心、团队精神以及动手能力，能承担较大工作压力。                                                                            职位联系方式                                                       公司名称：阿轧帕(北京)科技有限公司 公司地址：北京市朝阳区五里桥一街1号院非中心16号楼3层 传真： 公司主页：http://www.azapa.com.cn/                                                          查看职位地图') ;
COMMIT;
INSERT INTO "User" ("Name","UserType","CreatedDatetime","UpdatedDatetime","Enabled")
                              VALUES ('381594618250072.htm',4,clock_timestamp(),clock_timestamp(),'t') ;
INSERT INTO "ZhilianUser" ("UserId","NickName","Type","Sex","City" ) VALUES(currval('"hero_reduce"."user_id_seq"'),'381594618250072.htm',0,'null','北京') ; INSERT INTO "JobPosition" ("UserId","Name","Address","Title","Salary","Description")
                          VALUES(currval('"hero_reduce"."user_id_seq"'),'381594618250072.htm','北京','软件工程师','','1.有扎实的Java/C++语言基础，良好的数据结构及算法基础；2.熟悉Android系统架构及相关技术，包括UI、网络等方面；3.熟练使用常用数据库操作语句；4.一年以上Android产品研发经验；5.能快速学习使用新技术，有创造性思维能力；6.有较强分析和解决问题的能力；7.工作积极主动，有较强责任感和严谨工作作风；8.对移动产品有浓厚兴趣。                                                                           职位联系方式                                                       公司名称：阿轧帕(北京)科技有限公司 公司地址：北京市朝阳区光华路4号东方梅地亚中心C座903室  传真： 公司主页：                                                          查看职位地图') ;
COMMIT;
INSERT INTO "User" ("Name","UserType","CreatedDatetime","UpdatedDatetime","Enabled")
                              VALUES ('381594618250093.htm',4,clock_timestamp(),clock_timestamp(),'t') ;
INSERT INTO "ZhilianUser" ("UserId","NickName","Type","Sex","City" ) VALUES(currval('"hero_reduce"."user_id_seq"'),'381594618250093.htm',0,'null','北京-朝阳区') ; INSERT INTO "JobPosition" ("UserId","Name","Address","Title","Salary","Description")
                          VALUES(currval('"hero_reduce"."user_id_seq"'),'381594618250093.htm','北京-朝阳区','系统工程师','','岗位描述： 1、负责公司Android手机终端应用的开发工作； 2、指导和建设Android平台应用程序框架； 3、研究Android相关技术点的解决方案；4、从用户体验出发，对产品设计提出自己的见解；5、带领开发团队进行开发，对技术难点进行解答。   任职条件： 1、熟悉Android手机软件架构，一年以上JAVA开发经验，两年以上Android实际开发经验； 2、熟悉Java语言，熟练掌握Java开发技术，具备扎实的编程基本功和良好的编程习惯； 3、熟悉Android下网络通信机制，对Socket通信、TCP/IP和HTTP有较深刻的理解和经验；    4、精通Android的基本组件使用,熟练使用Android各种布局与控件，熟悉各种动画场景的运用；  5、有强烈的事业心，具有良好的团队协作精神； 6、具备良好的编码习惯，有一定的文档能力，能承担高负荷工作压力； 7、有实际项目经历者请带演示产品；  8、有Android平台蓝牙通信程序开发经验者优先。 9、具有汽车行业相关经验者优先。                                                                            职位联系方式                                                      公司名称：阿轧帕(北京)科技有限公司公司地址：北京市朝阳区五里桥一街1号院非中心16号楼3层传真：公司主页：                                                          查看职位地图') ;
COMMIT;
INSERT INTO "User" ("Name","UserType","CreatedDatetime","UpdatedDatetime","Enabled")
                              VALUES ('120551850253158.htm',4,clock_timestamp(),clock_timestamp(),'t') ;
INSERT INTO "ZhilianUser" ("UserId","NickName","Type","Sex","City" ) VALUES(currval('"hero_reduce"."user_id_seq"'),'120551850253158.htm',0,'null','北京-海淀区') ; INSERT INTO "JobPosition" ("UserId","Name","Address","Title","Salary","Description")
                          VALUES(currval('"hero_reduce"."user_id_seq"'),'120551850253158.htm','北京-海淀区','通信技术工程师','','Job Function - Support Qualcomm CDMA/WCDMA/LTE chipset customers for design-win projects- Help customers to understand operator UX/UI requirements, test to pre-cert OEM devices before operator lab entry and help OEMs to get devices certified within the project schedule,- Provide instructions and support for customers to debug/resolve issues quickly in using Qualcomm UI framework- Identify problems reported by customers, report Qualcomm bugs to development team and provide the analysis until the root cause are found and bugs are fixed.- Provide periodic feedback and summary of test results to leadsSkills/Experience Responsibilities - More than 2 years of hands on testing experience on Android based devices Understanding of Android frameworkExperience on UI, 3rd party APKs, GMS apps testing.Experience on telephony/RIL/power/User Experience/Multimedia. Understanding of camera and audio tuningUnderstanding of various modes of testing like Sanity, functional, stability, stress, KPI etc is mustEngineering graduate with good oral/written communication and interpersonal skills. Should be able to communicate in English.Workable understanding and testing experience on GSM/WCDMA/TD-SCDMA / UMTS and LTE network.Familiar with conformance TE, such as Anite/Anritsu/AgilentKnowledge on 3GPP/3GPP2/CMCC standards is a plusExperience in CTA/China carriers (CMCC, CU, CT) testing is a plusPrepare/Enhance Test suite from the previous projects and Customer reported issuesSystem level Test Case execution, CR tracking and sharing consolidated reports on a daily/weekly basis.Provide technical support to customers by giving assistance in trouble shooting, issue identifying and analysis and by providing detail information to development team.First level triage of issuesEducation Requirements - Bachelor or above with a major of Computer Science, Electrical Engineering or relevant                                                                            职位联系方式                                                       公司名称：QUALCOMM 公司地址：中关村大街27号中关村大厦16层高通公司  传真：0 8285 6018 公司主页：http://qualcomm.com') ;
COMMIT;
INSERT INTO "User" ("Name","UserType","CreatedDatetime","UpdatedDatetime","Enabled")
                              VALUES ('534649727250038.htm',4,clock_timestamp(),clock_timestamp(),'t') ;
INSERT INTO "ZhilianUser" ("UserId","NickName","Type","Sex","City" ) VALUES(currval('"hero_reduce"."user_id_seq"'),'534649727250038.htm',0,'null','北京') ; INSERT INTO "JobPosition" ("UserId","Name","Address","Title","Salary","Description")
                          VALUES(currval('"hero_reduce"."user_id_seq"'),'534649727250038.htm','北京','手机软件开发工程师','','岗位职责：a) 正确理解产品需求，编写应用软件设计b) 开发新功能、移植和调试应用软件，定位和解决bug 任职资格：a) 2年以上工作经验，有良好教育背景和工作潜力者可放宽b) 熟悉Android平台或Java语言，有2年以上应用开发实际经验，精通UI和功能逻辑开发c) 编程有瘾，喜欢琢磨和解决软件问题，良好的团队合作和交流能力') ;
COMMIT;
INSERT INTO "User" ("Name","UserType","CreatedDatetime","UpdatedDatetime","Enabled")
                              VALUES ('000524686250637.htm',4,clock_timestamp(),clock_timestamp(),'t') ;
INSERT INTO "ZhilianUser" ("UserId","NickName","Type","Sex","City" ) VALUES(currval('"hero_reduce"."user_id_seq"'),'000524686250637.htm',0,'null','北京-海淀区') ; INSERT INTO "JobPosition" ("UserId","Name","Address","Title","Salary","Description")
                          VALUES(currval('"hero_reduce"."user_id_seq"'),'000524686250637.htm','北京-海淀区','软件研发工程师','','岗位职责： 1．根据产品需求，从事Android的手机和平板PC应用设计和开发工作；2．独立解决技术难点和测试中发生的问题；3．学习和研究新技术以满足产品的需求；4．根据开发过程中的体验对产品提出改进建议；5．配合市场等其他部门，提供产品相关技术支持。   任职要求：1．计算机或电子信息相关专业本科或以上学历，3年以上相关工作经验；2．具有Android平台下3年应用程序开发经验；3. 熟悉Android开发平台及框架原理，Android开发工具和测试工具的使用；4．熟悉TCP/IP、HTTP等协议，能熟练进行多线程环境下网络和数据库编程；5．熟悉面向对象的软件设计方法及模式，具备良好的代码编程习惯及较强的文档编写能力；6．精通Java语言开发；7．具备良好的产品理解能力及团队合作精神，有较强的沟通及协调能力；8．有保险行业相关系统开发经验者优先考虑； 9. 英文流利优先考虑。                                                                           职位联系方式                                                       公司名称：北京精友时代信息技术发展有限公司 公司地址：北京市海淀区上地信息路1号院国际科技创业园A栋3层  传真：82825826 公司主页：http://www.jingyoutimes.com') ;
COMMIT;
INSERT INTO "User" ("Name","UserType","CreatedDatetime","UpdatedDatetime","Enabled")
                              VALUES ('120919975251190.htm',4,clock_timestamp(),clock_timestamp(),'t') ;
INSERT INTO "ZhilianUser" ("UserId","NickName","Type","Sex","City" ) VALUES(currval('"hero_reduce"."user_id_seq"'),'120919975251190.htm',0,'null','北京-朝阳区') ; INSERT INTO "JobPosition" ("UserId","Name","Address","Title","Salary","Description")
                          VALUES(currval('"hero_reduce"."user_id_seq"'),'120919975251190.htm','北京-朝阳区','软件工程师','','此岗位为北京公司招聘 工作内容及岗位职责：1.Android软件的设计、开发、系统调优；2.辅助进行系统的功能定义,程序设计； 3.根据设计文档或需求说明完成代码编写，调试，测试和维护； 4.分析并解决软件开发过程中的问题； 协助测试工程师制定测试计划，定位发现的问题； 5.配合项目经理完成相关任务目标；6.根据研发规范和项目流程编写相关的技术文档。 岗位技能要求：1.精通java语言，熟练掌握java开发技术，具备扎实的编程基本功和良好的编程习惯；2.具备良好的分析解决问题能力，能独立承担任务和有系统进度把控能力； 3.责任心强，具备良好的团队合作和沟通能力；4.熟悉Android系统，能根据产品设计独立Android应用程序开发的能力；5.Android相关方面实际项目开发经验，有优秀作品者优先；6.具有iOS/windows phone等其他平台开发经验者优先。                                                                            职位联系方式                                                       公司名称：随身云（南京）信息技术有限公司 公司地址：雨花台区花神大道17号华博智慧园') ;
COMMIT;
INSERT INTO "User" ("Name","UserType","CreatedDatetime","UpdatedDatetime","Enabled")
                              VALUES ('139178614252288.htm',4,clock_timestamp(),clock_timestamp(),'t') ;
INSERT INTO "ZhilianUser" ("UserId","NickName","Type","Sex","City" ) VALUES(currval('"hero_reduce"."user_id_seq"'),'139178614252288.htm',0,'null','北京-海淀区') ; INSERT INTO "JobPosition" ("UserId","Name","Address","Title","Salary","Description")
                          VALUES(currval('"hero_reduce"."user_id_seq"'),'139178614252288.htm','北京-海淀区','软件研发工程师','','岗位职责：1、负责Android客户端代码编写；2、负责产品质量控制、缺陷追踪、技术持续改进；3、负责协同产品、项目、技术团队沟通和协商，保证产品的质量和开发进度。岗位要求：1、扎实的java基础；2、熟悉主要系统控件及自定义控件、事件和手势操作，能够针对应用熟练的选择解决方案；3、熟悉Android各组件生命周期，并能在周期中合理的分配资源；4、精通Android性能和内存优化，善于解决系统崩溃，内存溢出和兼容性问题；5、熟悉Android下网络通信机制，对Socket通信、TCP/IP和http、https有一定理解和经验；6、有过新闻等阅读类研发经验者优先；8、能够独立完成项目者，查看过Android源码者优先；9、良好的沟通能力，良好的职业素质和团队合作精神，对工作认真负责；10、熟悉Android系统应用层架构和开发，并有1-2款成熟作品；11、熟悉http协议，有与服务端交互开发经验优先。                                                                            职位联系方式                                                      公司名称：北京世纪超星信息技术发展有限责任公司公司地址：北京市海淀区上地三街9号嘉华大厦C座1212室 传真：公司主页：www.chaoxing.com') ;
COMMIT;
INSERT INTO "User" ("Name","UserType","CreatedDatetime","UpdatedDatetime","Enabled")
                              VALUES ('287437110251036.htm',4,clock_timestamp(),clock_timestamp(),'t') ;
INSERT INTO "ZhilianUser" ("UserId","NickName","Type","Sex","City" ) VALUES(currval('"hero_reduce"."user_id_seq"'),'287437110251036.htm',0,'null','北京') ; INSERT INTO "JobPosition" ("UserId","Name","Address","Title","Salary","Description")
                          VALUES(currval('"hero_reduce"."user_id_seq"'),'287437110251036.htm','北京','软件工程师','','岗位职责：1、负责android 软件的架构分析、设计和核心代码的编写；（从底层到应用）2、负责相关技术的评审把关，控制设计质量。3、负责项目框架搭建、关键技术选型、技术难题公关等工作。4、主导系统优化工作并形成统一的技术规范并推动在产品中的落实。5、指导工程师的日常开发工作，并定期进行问题总结和技术培训。任职资格：1、本科及以上学历，3年以上Java系统研发经验，其中Android经验至少2年以上；2、精通Java语言开发，熟悉OOA/OOD设计方法，理解面向对象的设计模式，良好的设计文档撰写能力；3、精通Android的开发框架，精通android系统各种特性，能把握android 程序设计和开发；4、对用户体验、产品化、性能优化有丰富经验者优先；5、较强的项目组织和推动能力，成功主持过1~2款基于android 的产品软件架构设计，并且产品获得市场认可；6、很强学习能力和架构把握能力，能快速理解，分析开源项目的技术架构，勇于担当。 待遇：工资 = 基本工资+绩效+提成+餐补+交通补 福利 = 养老+失业+医疗+工伤+生育保险+住房公积金培训 = 专业的入职培训+产品培训+业务培训+团队活动交通：公司提供十余条班车线路，接送员工上下班欢迎加入我们的团队，融入到平等、热情、开放的设计交流环境，与和您同样优秀的团队成员一起在行动中迎接新的挑战。另外：我们不仅关注团队建设，更关心您的个人事业规划和发展。我们真诚期待您的加入，共同成长。                                                                           职位联系方式                                                       公司名称：中企动力科技股份有限公司 公司地址：北京经济技术开发区(亦庄)地盛西路数码庄园A2座  传真： 公司主页：') ;
COMMIT;
INSERT INTO "User" ("Name","UserType","CreatedDatetime","UpdatedDatetime","Enabled")
                              VALUES ('529047722250004.htm',4,clock_timestamp(),clock_timestamp(),'t') ;
INSERT INTO "ZhilianUser" ("UserId","NickName","Type","Sex","City" ) VALUES(currval('"hero_reduce"."user_id_seq"'),'529047722250004.htm',0,'null','北京-海淀区') ; INSERT INTO "JobPosition" ("UserId","Name","Address","Title","Salary","Description")
                          VALUES(currval('"hero_reduce"."user_id_seq"'),'529047722250004.htm','北京-海淀区','软件工程师','5000-8000','1.学历和专业知识要求(1)、电子、计算机或信息工程相关专业，国家承认本科及以上学历；2.相关工作经验要求(1)、1年及以上Android开发经验，熟悉TCP/IP和无线通讯协议，有电子政务项目开发经验者优先考虑。 (2)、热爱最新的Android开发技术，熟悉手机摄像头、定位、GIS、电话等接口开发工作，在安卓市场、91、移动MM上发布过作品的优先考虑。 (3)、掌握各种移动设备和服务器之间通讯模式，熟悉XML、Json等数据文件，有一定的数据库基础。(4)、具有良好的编程风格和文档编写习惯，熟悉各种设计模式和组件化设计思路。(5)、良好的沟通和语言表达能力，有责任心、具有良好的敬业精神、团队协作和快速学习能力。                                                                           职位联系方式                                                       公司名称：北京中天国华信息技术有限公司 公司地址：北京市海淀区上地七街国际创业园1号院A座602                                                          查看职位地图') ;
COMMIT;
INSERT INTO "User" ("Name","UserType","CreatedDatetime","UpdatedDatetime","Enabled")
                              VALUES ('478608916250018.htm',4,clock_timestamp(),clock_timestamp(),'t') ;
INSERT INTO "ZhilianUser" ("UserId","NickName","Type","Sex","City" ) VALUES(currval('"hero_reduce"."user_id_seq"'),'478608916250018.htm',0,'null','北京') ; INSERT INTO "JobPosition" ("UserId","Name","Address","Title","Salary","Description")
                          VALUES(currval('"hero_reduce"."user_id_seq"'),'478608916250018.htm','北京','嵌入式软件开发','','任职要求：　　1、大专及以上应往届理工科毕业生；　2、计算机网络、电子信息、软件工程、（电气）自动化、测控、生仪、机电等专业； 　　3、熟悉计算机语言者优先，如：C语言、C++、Java、.Net等；4、工作积极主动，能主动设法完成任务，有担当，有激情。薪金福利： 1、薪金构成：底薪+各类津贴（岗位津贴、社保津贴、工龄津贴等）+公司业绩奖金；3、每年至少2次调薪机会，广阔的晋升空间； 4、享有国家法定节假日，带薪年假、婚假、产假、病假等。                                                                            职位联系方式                                                      公司名称：上海胜卓网络技术有限公司公司地址：上海市徐汇区桂平路333号聚科生物园区1号楼2楼') ;
COMMIT;
INSERT INTO "User" ("Name","UserType","CreatedDatetime","UpdatedDatetime","Enabled")
                              VALUES ('478608916250019.htm',4,clock_timestamp(),clock_timestamp(),'t') ;
INSERT INTO "ZhilianUser" ("UserId","NickName","Type","Sex","City" ) VALUES(currval('"hero_reduce"."user_id_seq"'),'478608916250019.htm',0,'null','北京') ; INSERT INTO "JobPosition" ("UserId","Name","Address","Title","Salary","Description")
                          VALUES(currval('"hero_reduce"."user_id_seq"'),'478608916250019.htm','北京','软件工程师','','职位要求：1.计算机或相关专业本科或以上学历；2.相关java、PHP开发经验，能够独立编写中等规模PHP应用程序；3.精通PHP+MYSQL编程，熟练使用Javascrīpt/Ajax以及CSS编写；4.Android相关开发经验，有ios、.net经验更佳。 薪金福利： 1、薪金构成：底薪+各类津贴（岗位津贴、社保津贴、工龄津贴等）+公司业绩奖金；3、每年至少2次调薪机会，广阔的晋升空间； 4、享有国家法定节假日，带薪年假、婚假、产假、病假等。                                                                            职位联系方式                                                      公司名称：上海胜卓网络技术有限公司公司地址：上海市徐汇区桂平路333号聚科生物园区1号楼2楼') ;
COMMIT;
INSERT INTO "User" ("Name","UserType","CreatedDatetime","UpdatedDatetime","Enabled")
                              VALUES ('478608916250076.htm',4,clock_timestamp(),clock_timestamp(),'t') ;
INSERT INTO "ZhilianUser" ("UserId","NickName","Type","Sex","City" ) VALUES(currval('"hero_reduce"."user_id_seq"'),'478608916250076.htm',0,'null','北京') ; INSERT INTO "JobPosition" ("UserId","Name","Address","Title","Salary","Description")
                          VALUES(currval('"hero_reduce"."user_id_seq"'),'478608916250076.htm','北京','移动互联网开发','','职位描述:1、本科以上学历，计算机、通信等相关专业；2、具有相关java项目开发经验；；3、熟悉J2EE三层开发架构，精通java语言，精通网络和多线程编程，掌握常见的MVC开发框架；4、掌握一种关系数据库，能够进行数据库设。薪金福利： 1、薪金构成：底薪+各类津贴（岗位津贴、社保津贴、工龄津贴等）+公司业绩奖金； 2、每年至少2次调薪机会，广阔的晋升空间； 3、享有国家法定节假日，带薪年假、婚假、产假、病假等。                                                                            职位联系方式                                                      公司名称：上海胜卓网络技术有限公司公司地址：上海市徐汇区桂平路333号聚科生物园区1号楼2楼') ;
COMMIT;
INSERT INTO "User" ("Name","UserType","CreatedDatetime","UpdatedDatetime","Enabled")
                              VALUES ('136419267250739.htm',4,clock_timestamp(),clock_timestamp(),'t') ;
INSERT INTO "ZhilianUser" ("UserId","NickName","Type","Sex","City" ) VALUES(currval('"hero_reduce"."user_id_seq"'),'136419267250739.htm',0,'null','北京-海淀区') ; INSERT INTO "JobPosition" ("UserId","Name","Address","Title","Salary","Description")
                          VALUES(currval('"hero_reduce"."user_id_seq"'),'136419267250739.htm','北京-海淀区','手机软件开发工程师','','岗位职责：1、   负责Android客户端设计，开发，发布等。2、   根据研发过程中的体验对产品提出建议。3、   负责相关技术文档的撰写。 任职资格：1、拥有2年以上移动端Android 开发经验，熟练java语言。2、掌握面向对象和常用的设计模式。3、熟悉JSON/XML、HTTP、TCP/IP等协议，掌握REST，有网络编程经验。4、具有良好的代码风格，优秀的编程效率和处理问题能力。5、具备较强的设计能力、需求分析能力、文档编写能力。6、有良好的团队合作经验。                                                                            职位联系方式                                                      公司名称：北京讯业互联科技有限公司公司地址：北京市海淀区蓝靛厂金源时代购物中心B区写字楼1102 传真：公司主页：http://www.21com.com                                                          查看职位地图') ;
COMMIT;
INSERT INTO "User" ("Name","UserType","CreatedDatetime","UpdatedDatetime","Enabled")
                              VALUES ('000429033250890.htm',4,clock_timestamp(),clock_timestamp(),'t') ;
INSERT INTO "ZhilianUser" ("UserId","NickName","Type","Sex","City" ) VALUES(currval('"hero_reduce"."user_id_seq"'),'000429033250890.htm',0,'null','北京') ; INSERT INTO "JobPosition" ("UserId","Name","Address","Title","Salary","Description")
                          VALUES(currval('"hero_reduce"."user_id_seq"'),'000429033250890.htm','北京','软件工程师','','工作职责： -负责手机Android客户端的相关产品的设计，开发、文档撰写-负责优化客户端软件的模块结构和流程逻辑-负责优化客户端软件相关产品适配，升级-研究新兴技术，满足产品需求-参与与其他团队的沟通协调 职位要求： -统招本科以上学历，计算机、软件、通讯、数学等相关专业-一年以上Android平台开发经验-熟悉Android平台UI设计，熟悉常用布局-熟悉Android下通信机制，了解移动网络特点，有一定的理解和经验-熟悉C/C++/JAVA一门以上开发语言，理解面向对象设计的基本原则，熟悉常用的设计模式 -对移动产品有浓厚兴趣，对移动产品有较好的个人理解有强烈的上进心和求知欲，善于学习新事物，对技术充满激情-学习能力强，有创造性思维能力-工作积极主动，有较强责任感和严谨工作作风-具有良好的分析问题和解决问题的能力，勇于面对挑战性问题-善于沟通，具备较强的团队协作意识和能力                                                                           职位联系方式                                                       公司名称：北京科蓝软件系统股份有限公司 公司地址：北京市朝阳门外大街18号丰联广场A座16F/21F/23F  传真：65881647 公司主页：http://www.csii.com.cn') ;
COMMIT;
INSERT INTO "User" ("Name","UserType","CreatedDatetime","UpdatedDatetime","Enabled")
                              VALUES ('643265728250015.htm',4,clock_timestamp(),clock_timestamp(),'t') ;
INSERT INTO "ZhilianUser" ("UserId","NickName","Type","Sex","City" ) VALUES(currval('"hero_reduce"."user_id_seq"'),'643265728250015.htm',0,'null','北京') ; INSERT INTO "JobPosition" ("UserId","Name","Address","Title","Salary","Description")
                          VALUES(currval('"hero_reduce"."user_id_seq"'),'643265728250015.htm','北京','软件工程师','4001-6000','我们是背靠上市公司战略投资的创业团队，成员们大多来自知名互联网公司。团队中的每个小伙伴都充满激情，热情向上，彼此之间除了亲密无间的伙伴关系，公司还为大家提供游戏机、冰箱、微波炉、豆浆机、无限量的小零食加持。我们希望公司带给每位员工不仅是薪资的满足也是你们可以和企业共同成长的地方，希望每一位有志向的年轻人都可以加入我们！   岗位职责 1、基于Android平台进行产品开发； 2、Android手机、平板终端软件的产品开发与维护；3、独立完成客户端软件需求的整理和软件的设计； 4、能按照项目计划，按时提交高质量的代码，完成开发任务； 5、规范和文档的编写、维护； 6、手机软件开发技术方面的评估以及可行性方面的分析和探索； 7、其他与项目有关的工作。   任职要求 1、本科或以上学历，1年以上软件开发工作经验，1年以上Android应用开发经验优先； 2、有扎实的Java/C++语言基础； 3、熟悉Android SDK及相关开发、调试、优化工具； 4、开发基础良好，对手机软件性能优化、内存优化有一定了解； 5、有Android Market线上作品者及Symbian或iOS开发经验者优先； 6、有优秀的优化、调试和解决问题能力，逻辑思维清晰严谨； 7、学习能力强，沟通、表达能力好，有团队合作精神； 8、希望加入到创业型的团队，具备很强的工作责任心和主动性。   其他福利：     社保 公积金 通讯费 餐补 双薪 年假 福利等                                                                            职位联系方式                                                      公司名称：北京动视烽火科技有限公司公司地址：北京丰台区南四环西路186号汉威国际广场6号楼6M层 邮    箱：公司主页：www.vdongshi.com                                                          查看职位地图') ;
COMMIT;
INSERT INTO "User" ("Name","UserType","CreatedDatetime","UpdatedDatetime","Enabled")
                              VALUES ('445383618250201.htm',4,clock_timestamp(),clock_timestamp(),'t') ;
INSERT INTO "ZhilianUser" ("UserId","NickName","Type","Sex","City" ) VALUES(currval('"hero_reduce"."user_id_seq"'),'445383618250201.htm',0,'null','北京') ; INSERT INTO "JobPosition" ("UserId","Name","Address","Title","Salary","Description")
                          VALUES(currval('"hero_reduce"."user_id_seq"'),'445383618250201.htm','北京','软件工程师','','1. 熟悉android平台，3年以上的实际开发经验，至少参与过多个商业软件开发，能根据产品设计独立进行应用程序开发;2.了解操作系统原理，精通UI，网络通信，熟悉JNI的优先聘用; 3. 有好的计算机基础，掌握常见的数据结构和算法，熟练掌握java语言，有好的编程习惯;4. 能承担较大工作压力,具备良好的职业素养和团队协作精神，以及较强的学习和交流能力;                                                                           职位联系方式                                                       公司名称：哆啦宝(北京)科技有限公司 公司地址：北京市朝阳区朝外sohoA座2501  传真： 公司主页：www.duolabao.com') ;
COMMIT;
INSERT INTO "User" ("Name","UserType","CreatedDatetime","UpdatedDatetime","Enabled")
                              VALUES ('176181616251180.htm',4,clock_timestamp(),clock_timestamp(),'t') ;
INSERT INTO "ZhilianUser" ("UserId","NickName","Type","Sex","City" ) VALUES(currval('"hero_reduce"."user_id_seq"'),'176181616251180.htm',0,'null','北京-朝阳区') ; INSERT INTO "JobPosition" ("UserId","Name","Address","Title","Salary","Description")
                          VALUES(currval('"hero_reduce"."user_id_seq"'),'176181616251180.htm','北京-朝阳区','移动互联网开发','','岗位职责：负责移动端APP开发。任职资格：1、计算机相关专业本科以上学历，1年左右的java/android开发经验；2、精通Java语言，对Android技术体系深入了解；3、熟悉Android平台的GUI、Socket/HTTP编程、线程与进程的通信机制；4、具有良好的沟通表达能力及团队合作意识，抗压能力强；5、具有良好的英语阅读水平。                                                                            职位联系方式                                                      公司名称：举贤网公司地址：北京市朝阳区下甸甲3号院尚8国际广告园B102-106 传真：010-57793868-8002公司主页：www.juxian.com                                                          查看职位地图') ;
COMMIT;
INSERT INTO "User" ("Name","UserType","CreatedDatetime","UpdatedDatetime","Enabled")
                              VALUES ('379879113251774.htm',4,clock_timestamp(),clock_timestamp(),'t') ;
INSERT INTO "ZhilianUser" ("UserId","NickName","Type","Sex","City" ) VALUES(currval('"hero_reduce"."user_id_seq"'),'379879113251774.htm',0,'null','北京-朝阳区') ; INSERT INTO "JobPosition" ("UserId","Name","Address","Title","Salary","Description")
                          VALUES(currval('"hero_reduce"."user_id_seq"'),'379879113251774.htm','北京-朝阳区','软件工程师','','工作职责：  1、买卖宝和大Q手机各种客户端App的基础开发工作，以及难题攻克。  协助进行客户端App团队的项目管理，团队建设和管理。任职要求：  1、认真负责，有较强的执行力，良好的自学能力、工作习惯，有探索精神；  2、具有优秀的沟通协调和解决问题能力、良好的团队合作意识，具备一定的团队管理能力；  3、具有清晰的逻辑思维能力和表达能力；  4、有良好的Java语言基础，理解面向对象的基本原则，熟悉常用的设计模式；  5、熟练Android系统架构，3年以上Android平台的实际开发经验；  6、熟悉Android平台的UI设计，熟练使用常用的布局；  7、熟悉Android下网络通信机制，对http/https有较深刻的的理解和经验；  8、有IOS和Windows Phone开发经验者加分；  9、掌握常见的网站攻击和防攻击手段和方法；  10、熟悉电子商务，有电商开发经验优先。                                                                            职位联系方式                                                      公司名称：买卖宝(北京)公司公司地址：北京市朝阳区红军营南路北辰绿色家园天朗园C座三层（傲城融富中心北楼三层） 传真：公司主页：www.maimaibao.com                                                          查看职位地图') ;
COMMIT;
INSERT INTO "User" ("Name","UserType","CreatedDatetime","UpdatedDatetime","Enabled")
                              VALUES ('658819227250011.htm',4,clock_timestamp(),clock_timestamp(),'t') ;
INSERT INTO "ZhilianUser" ("UserId","NickName","Type","Sex","City" ) VALUES(currval('"hero_reduce"."user_id_seq"'),'658819227250011.htm',0,'null','北京') ; INSERT INTO "JobPosition" ("UserId","Name","Address","Title","Salary","Description")
                          VALUES(currval('"hero_reduce"."user_id_seq"'),'658819227250011.htm','北京','软件研发工程师','6000-15000','岗位职责： 1. Android系统电子商务类客户端软件开发，参与项目需求分析、产品模块的概要和详细设计； 2、参与讨论软件模块功能、操作流程及界面布局等客户端设计； 3、根据需求和分配的工作，完成程序的编码、调试、配置等工作； 4、程序维护，解决技术故障和消除系统中的缺陷。  任职资格： 1、计算机相关专业本科以上学历，2年以上工作经验；  2、3年以上Android平台应用开发经验，完整经历过APP产品前台或后台的开发，有App Store/Android Market线上作品者优先； 3、精通Android系统架构及相关技术； 4、精通Java编程语言，熟练使用Eclipse及ADT； 5、有独立完成产品开发的能力，有多款android手机的适配经验； 6、良好的团队合作能力和沟通能力； 7、有APP移动客户端软件，有微信服务平台官网软件开发者优先考虑。                                                                            职位联系方式                                                       公司名称：北京微农科技有限公司 公司地址：北京市朝阳区慧忠北里311号楼天创世缘B1座16层1603室  传真： 公司主页：                                                          查看职位地图') ;
COMMIT;
INSERT INTO "User" ("Name","UserType","CreatedDatetime","UpdatedDatetime","Enabled")
                              VALUES ('000455262252154.htm',4,clock_timestamp(),clock_timestamp(),'t') ;
INSERT INTO "ZhilianUser" ("UserId","NickName","Type","Sex","City" ) VALUES(currval('"hero_reduce"."user_id_seq"'),'000455262252154.htm',0,'null','北京-海淀区') ; INSERT INTO "JobPosition" ("UserId","Name","Address","Title","Salary","Description")
                          VALUES(currval('"hero_reduce"."user_id_seq"'),'000455262252154.htm','北京-海淀区','软件工程师','','岗位要求： 1、设计:功能逻辑的设计和开发，并编写相关设计文档； 2、开发:按照技术文档和开发规范，进行网站平台功能逻辑的代码编写、改进和优化；3、维护:及时修改、解决网站平台在测试、运营阶段发现和潜在的各种问题；4、共享经验:与其他同事共享开发经验，优化网站平台的功能和性能。   任职要求：   1. 具有两年以上Android开发经验，有两个以上商用项目经验2. 熟悉Android体系，了解从2.3到最新版本不同Android SDK之间的区别3. 熟练掌握Android界面和交互开发，并能够熟练使用调试工具，具有网络应用的开发能力4. 有较强的独立工作能力，工作踏实认真、仔细；有良好的沟通和协作能力、有团队合作精神、能承受一定的工作压力 5. 熟悉TCP/IP等通讯协议者优先                                                                           职位联系方式                                                       公司名称：今典投资集团有限公司 公司地址：北京海淀区文慧园北路9号空间蒙太奇3F 100082 传真：62265209 公司主页：http://www.jdjt.net') ;
COMMIT;
INSERT INTO "User" ("Name","UserType","CreatedDatetime","UpdatedDatetime","Enabled")
                              VALUES ('648982924250074.htm',4,clock_timestamp(),clock_timestamp(),'t') ;
INSERT INTO "ZhilianUser" ("UserId","NickName","Type","Sex","City" ) VALUES(currval('"hero_reduce"."user_id_seq"'),'648982924250074.htm',0,'null','北京-海淀区') ; INSERT INTO "JobPosition" ("UserId","Name","Address","Title","Salary","Description")
                          VALUES(currval('"hero_reduce"."user_id_seq"'),'648982924250074.htm','北京-海淀区','软件工程师','','G-Wearables的android工程师将会和工程团队一起开发前沿的可穿戴智能设备。我们通过挖掘手机平台潜力，结合自定制硬件的灵活性，为用户带来创新实用的新产品。 职位职责：1. 负责开发新功能，维护老代码2. 协助产品团队做需求分析及可行性调研3. 自动化测试用例开发 任职要求：1.  乐于从事软件开发工作2.  有良好的编码习惯，善于使用第三方库，乐于解决问题3.  熟悉java语言及Android架构4.  有敏捷项目，测试驱动开发经验优先5.  有软硬结合项目经验优先6.  有github等作品优先                                                                           职位联系方式                                                       公司名称：北京国承万通信息科技有限公司 公司地址：北京市海淀区中关村海淀大街3号鼎好电子大厦B座16层  传真： 公司主页：www.g-wearables.com') ;
COMMIT;
INSERT INTO "User" ("Name","UserType","CreatedDatetime","UpdatedDatetime","Enabled")
                              VALUES ('135210397250213.htm',4,clock_timestamp(),clock_timestamp(),'t') ;
INSERT INTO "ZhilianUser" ("UserId","NickName","Type","Sex","City" ) VALUES(currval('"hero_reduce"."user_id_seq"'),'135210397250213.htm',0,'null','北京-朝阳区') ; INSERT INTO "JobPosition" ("UserId","Name","Address","Title","Salary","Description")
                          VALUES(currval('"hero_reduce"."user_id_seq"'),'135210397250213.htm','北京-朝阳区','软件研发工程师','','基本要求：  1）计算机、通信、自动化或相关专业本科以上学历； 2）具备扎实的Java基础，熟练掌握J2ME、J2SE等相关技术； 3）熟悉Android操作系统和Android  SDK，具备两年以上的开发经验；  4）熟悉Java多线程编程、Socket编程； 5）具备良好的沟通能力和优秀的团队协作能力； 6）优秀的文档编写和语言表达能力，良好的中英文阅读水平; 7）有良好的测试意识，可以使用JUnit做单元测试； 8）熟练使用svn工具、Android Studio集成开发环境                                                                            职位联系方式                                                      公司名称：北京联宇益通科技发展有限公司公司地址：北京市朝阳区小营路25号房地置业大厦 传真：公司主页：www.netpas.cc                                                          查看职位地图') ;
COMMIT;
INSERT INTO "User" ("Name","UserType","CreatedDatetime","UpdatedDatetime","Enabled")
                              VALUES ('673223723250023.htm',4,clock_timestamp(),clock_timestamp(),'t') ;
INSERT INTO "ZhilianUser" ("UserId","NickName","Type","Sex","City" ) VALUES(currval('"hero_reduce"."user_id_seq"'),'673223723250023.htm',0,'null','北京') ; INSERT INTO "JobPosition" ("UserId","Name","Address","Title","Salary","Description")
                          VALUES(currval('"hero_reduce"."user_id_seq"'),'673223723250023.htm','北京','手机软件开发工程师','','职位描述：  主要负责Android平台上的U3D开发。     工作描述如下：  1. 计算机软件相关或数学相关专业，一类院校本科；  2. 至少一年Unity3D开发经验；  3. 有Android开发经验；  4. 熟悉计算机图形学优先。公司名称：北京明济网络文化有限公司公司地址：北京市朝阳区东三环北路2号南银大厦招聘邮箱：zhangshuang@mj5u.com                                                                            职位联系方式                                                      公司名称：北京明济网络文化有限公司公司地址：北京市朝阳区东三环北路2号南银大厦 传真：公司主页：null                                                          查看职位地图') ;
COMMIT;
INSERT INTO "User" ("Name","UserType","CreatedDatetime","UpdatedDatetime","Enabled")
                              VALUES ('650762327250007.htm',4,clock_timestamp(),clock_timestamp(),'t') ;
INSERT INTO "ZhilianUser" ("UserId","NickName","Type","Sex","City" ) VALUES(currval('"hero_reduce"."user_id_seq"'),'650762327250007.htm',0,'null','北京') ; INSERT INTO "JobPosition" ("UserId","Name","Address","Title","Salary","Description")
                          VALUES(currval('"hero_reduce"."user_id_seq"'),'650762327250007.htm','北京','电子技术研发工程师','15001-25000','岗位描述：    主要负责Android平台的相机功能以及客户定制的开发/维护；  负责相机应用、framework以及hal的修改；    同时也承担一部分Android多媒体架构的开发与维护工作； 岗位需求：    1. 计算机、电子及相关专业本科或以上学历；     2. 熟悉C/C++/JAVA至少一种语言；    3. 良好的软件基础和编程风格，具有一定的代码优化能力；     4. 有图像/相机类多媒体开发经验，了解多媒体架构的优先；    5. 具备良好的沟通能力和团队合作精神，对多媒体开发工作有兴趣，热爱学习新的知识，能够承受一定的工作压力。                                                                           职位联系方式                                                       公司名称：江苏智多芯电子科技有限公司北京分公司 公司地址：北京市海淀区北四环西路9号14层1410室                                                             查看职位地图') ;
COMMIT;
INSERT INTO "User" ("Name","UserType","CreatedDatetime","UpdatedDatetime","Enabled")
                              VALUES ('650762327250006.htm',4,clock_timestamp(),clock_timestamp(),'t') ;
INSERT INTO "ZhilianUser" ("UserId","NickName","Type","Sex","City" ) VALUES(currval('"hero_reduce"."user_id_seq"'),'650762327250006.htm',0,'null','北京') ; INSERT INTO "JobPosition" ("UserId","Name","Address","Title","Salary","Description")
                          VALUES(currval('"hero_reduce"."user_id_seq"'),'650762327250006.htm','北京','电子技术研发工程师','15001-25000','岗位描述：     主要负责Android平台的音视频Codec开发/维护，多媒体算法的移植、优化；     同时也承担一部分Android多媒体架构的开发与维护工作；  岗位需求：     1. 计算机、电子及相关专业本科或以上学历；     2. 至少熟悉视频、音频或图像处理中的一种标准，如H264，MPEG4，WMV，AAC，MP3，AMR，FLAC，JPEG等；     3. 熟练掌握C/C++，对汇编语言有一定的了解；     4. 良好的软件基础和编程风格，具有一定的代码优化能力；     5. 有嵌入式软件开发经验，有DSP开发经验者优先，有ARM平台优化经验者优先；     6. 有Android多媒体开发经验，了解Stagefright/Opencore框架及OpenMAX IL层结构的优先；     7. 具备良好的沟通能力和团队合作精神，对多媒体开发工作有兴趣，热爱学习新的知识，能够承受一定的工作压力。                                                                           职位联系方式                                                       公司名称：江苏智多芯电子科技有限公司北京分公司 公司地址：北京市海淀区北四环西路9号14层1410室                                                            查看职位地图') ;
COMMIT;
INSERT INTO "User" ("Name","UserType","CreatedDatetime","UpdatedDatetime","Enabled")
                              VALUES ('650762327250001.htm',4,clock_timestamp(),clock_timestamp(),'t') ;
INSERT INTO "ZhilianUser" ("UserId","NickName","Type","Sex","City" ) VALUES(currval('"hero_reduce"."user_id_seq"'),'650762327250001.htm',0,'null','北京') ; INSERT INTO "JobPosition" ("UserId","Name","Address","Title","Salary","Description")
                          VALUES(currval('"hero_reduce"."user_id_seq"'),'650762327250001.htm','北京','软件工程师','15001-25000','岗位职责： 1.Android Framework相关整体软件维护工作. 2.包括新增功能开发, Bug fix, 以及现有feature移植等.  3.如要熟练运用C/C++语言以及java语言.  4.对Android Framework工作机制要有一定程度的了解.5.管理项目进度及解决项目中出现的问题。  岗位需求： 1. 计算机、电子及相关专业本科或以上学历211或985类院校（基本要求，不符合者甚投简历）； 2. 三年以上嵌入式平台开发经验； 3. 熟悉Linux开发环境，精通C++/Java； 4. 有手机Android系统经验者； 5. 英语水平良好，熟练阅读英文文献；6. 要求同岗位管理经验2年以上； 7. 具备良好的沟通能力，善于通过沟通解决边缘问题，具备良好的团队合作意愿； 8. 善于钻研，敢于接受挑战，有担当，勇于解决别人不能解不敢解的问题，能够承受一定的工作压力。                                                                           职位联系方式                                                      公司名称：江苏智多芯电子科技有限公司北京分公司公司地址：北京市海淀区北四环西路9号14层1410室                                                          查看职位地图') ;
COMMIT;
INSERT INTO "User" ("Name","UserType","CreatedDatetime","UpdatedDatetime","Enabled")
                              VALUES ('696435727250002.htm',4,clock_timestamp(),clock_timestamp(),'t') ;
INSERT INTO "ZhilianUser" ("UserId","NickName","Type","Sex","City" ) VALUES(currval('"hero_reduce"."user_id_seq"'),'696435727250002.htm',0,'null','北京-海淀区') ; INSERT INTO "JobPosition" ("UserId","Name","Address","Title","Salary","Description")
                          VALUES(currval('"hero_reduce"."user_id_seq"'),'696435727250002.htm','北京-海淀区','手机软件开发工程师','4000-10000','职位描述：  1.负责Android/ios产品客户端的开发；  2.和经理配合，深度参与app的需求讨论和实现；  3、参与项目软件需求分析和软件概要设计；  4、进行软件详细设计和编码实现，确保软件模块开发进度；  5、开发和维护统一的软件开发架构，发现和解决存在的软件设计问题；  6、按软件工程流程编写和提交设计文件和相关文档。  任职要求：  1、 本科或以上学历，计算机软件或相关专业，具有J2EE项目开发经验；良好的编码习惯； 2、熟练运用常用的Android/ios模式编程；  6、熟悉软件开发流程及良好文档编写能力；  7、良好的团队合作精神，较强的沟通、协调能力。有激情，能够在一定的压力下工作。                                                                            职位联系方式                                                      公司名称：北京悟波智联科技有限公司公司地址：北京海淀区上地信息路26号中关村创业大厦217 传真：010-82898049公司主页：null') ;
COMMIT;
INSERT INTO "User" ("Name","UserType","CreatedDatetime","UpdatedDatetime","Enabled")
                              VALUES ('620333526250010.htm',4,clock_timestamp(),clock_timestamp(),'t') ;
INSERT INTO "ZhilianUser" ("UserId","NickName","Type","Sex","City" ) VALUES(currval('"hero_reduce"."user_id_seq"'),'620333526250010.htm',0,'null','北京-大兴区') ; INSERT INTO "JobPosition" ("UserId","Name","Address","Title","Salary","Description")
                          VALUES(currval('"hero_reduce"."user_id_seq"'),'620333526250010.htm','北京-大兴区','软件工程师','','职位描述1. 根据产品需求文档 开发基于android系统的智能手机或平板电脑应用开发。2. 负责公司相关产品线在安卓下的开发工作，可以独立完成相关功能的系统设计、编码和测试工作。 任职要求:1、3年以上面向对象程序设计与开发经验 2、1年以上Android应用开发经验，熟悉Java，熟练使用Android SDK进行应用的开发与调试 3、熟悉Android应用开发技术，包括UI编程，图形编程，多线程编程，网络编程等 4、熟悉Android系统结构 5、熟悉常用的设计模式、数据结构 6、沟通协作能力强，自学能力强，能承担工作压力6、具备良好的编程习惯，有较强独立解决问题的能力，有一定的文档撰写能力                                                                            职位联系方式                                                      公司名称：天云融创数据科技(北京)有限公司公司地址：北京经济技术开发区地盛北街1号工大软件园B区18号楼7层 传真：公司主页：www.beagledata.com                                                          查看职位地图') ;
COMMIT;
INSERT INTO "User" ("Name","UserType","CreatedDatetime","UpdatedDatetime","Enabled")
                              VALUES ('665202127250014.htm',4,clock_timestamp(),clock_timestamp(),'t') ;
INSERT INTO "ZhilianUser" ("UserId","NickName","Type","Sex","City" ) VALUES(currval('"hero_reduce"."user_id_seq"'),'665202127250014.htm',0,'null','北京') ; INSERT INTO "JobPosition" ("UserId","Name","Address","Title","Salary","Description")
                          VALUES(currval('"hero_reduce"."user_id_seq"'),'665202127250014.htm','北京','高级软件工程师','','职责描述：1.开发和维护公司Android平台应用。职位要求： 1.良好的Java技术功底，熟悉JNI；2.熟悉Android系统架构及相关技术，4年以上实际Android平台开发经验； 3.熟悉无线网络及多媒体应用开发，并有实际开发经验；4.熟悉视频编解码体系和相关技术，并具备应用 FFMpeg 的实际经验；5.思路清晰，思维敏捷，快速的学习能力，良好的英文资料阅读能力； 6.具备良好的沟通能力和团队合作精神。                                                                            职位联系方式                                                      公司名称：重庆红诺科技有限公司北京分公司公司地址：北京市海淀区中关村南大街甲12号寰太大厦 传真：公司主页：null') ;
COMMIT;
INSERT INTO "User" ("Name","UserType","CreatedDatetime","UpdatedDatetime","Enabled")
                              VALUES ('144277083250198.htm',4,clock_timestamp(),clock_timestamp(),'t') ;
INSERT INTO "ZhilianUser" ("UserId","NickName","Type","Sex","City" ) VALUES(currval('"hero_reduce"."user_id_seq"'),'144277083250198.htm',0,'null','北京') ; INSERT INTO "JobPosition" ("UserId","Name","Address","Title","Salary","Description")
                          VALUES(currval('"hero_reduce"."user_id_seq"'),'144277083250198.htm','北京','软件工程师','10001-15000','岗位职责：1）基于Android平台进行手机软件的设计、开发、需求分析等； 2）负责公司Android手机客户端软件设计和开发；  3）根据项目任务计划按时完成手机应用开发； 4）按照开发流程编写设计文档；职位要求：1）大学本科学历，计算机、电子信息技术及其相关专业；2年以上相关工作经验。 2）精通JAVA/C/C++语言，具备良好的编码习惯，对面向对象的开发有深刻认识； 3）熟悉Android开发平台及框架原理，有一年以上Android移动产品实际开发经验；4）熟悉Android UI设计与网络传输；5）熟悉移动终端特性和开发特点; 熟悉移动终端网络编程，了解3G WiFi等技术。  6）对工作充满激情，学习能力强，有强烈的责任感和进取心，有良好的沟通能力和团队协作精神                                                                           职位联系方式                                                       公司名称：北京我在找你信息服务有限公司 公司地址：北京市海淀区中关村南大街1号友谊宾馆苏园  传真： 公司主页：www.95195.com') ;
COMMIT;
INSERT INTO "User" ("Name","UserType","CreatedDatetime","UpdatedDatetime","Enabled")
                              VALUES ('610310226250021.htm',4,clock_timestamp(),clock_timestamp(),'t') ;
INSERT INTO "ZhilianUser" ("UserId","NickName","Type","Sex","City" ) VALUES(currval('"hero_reduce"."user_id_seq"'),'610310226250021.htm',0,'null','北京-朝阳区') ; INSERT INTO "JobPosition" ("UserId","Name","Address","Title","Salary","Description")
                          VALUES(currval('"hero_reduce"."user_id_seq"'),'610310226250021.htm','北京-朝阳区','高级软件工程师','15001-25000','岗位职责：1、从事Android智能手机界面，应用软件开发；2、根据产品功能需求设计并完成软件实现；3、参与功能的架构设计，系统分析，独立完成编码，单元测试；岗位要求：1. 2年以上安卓开发经验2. 精通java语言，熟练掌握java开发技术，具备扎实的编程基本功和良好的编程习惯；3. 具备良好的分析解决问题能力，能独立承担任务和有系统进度把控能力；4. 责任心强，具备良好的团队合作和沟通能力；5. 熟悉Android系统，了解androidSDK特性,能根据产品设计独立Android应用程序开发的能力；6. 有Android相关方面实际项目开发经验；                                                                            职位联系方式                                                      公司名称：北京普缇客科技有限公司公司地址：北京市朝阳区光华路甲9号3号楼时尚大厦6层 传真：65872727-8003公司主页：www.daling.com                                                          查看职位地图') ;
COMMIT;
INSERT INTO "User" ("Name","UserType","CreatedDatetime","UpdatedDatetime","Enabled")
                              VALUES ('534122922250048.htm',4,clock_timestamp(),clock_timestamp(),'t') ;
INSERT INTO "ZhilianUser" ("UserId","NickName","Type","Sex","City" ) VALUES(currval('"hero_reduce"."user_id_seq"'),'534122922250048.htm',0,'null','北京') ; INSERT INTO "JobPosition" ("UserId","Name","Address","Title","Salary","Description")
                          VALUES(currval('"hero_reduce"."user_id_seq"'),'534122922250048.htm','北京','手机软件开发工程师','6001-8000','职责：负责Android应用软件开发要求：1、大学本科以上学历，Android实际开发经验1年以上；2、有良好的JAVA语言基础，熟悉Android系统框架，能使用Android SDK熟练编写应用程序；3、熟悉手机软件的交互行为；                                                                            职位联系方式                                                      公司名称：北京微智全景信息技术有限公司公司地址：北京市朝阳区霄云路霞光里66号，远洋新干线 传真：公司主页：www.weipass.cn                                                          查看职位地图') ;
COMMIT;
INSERT INTO "User" ("Name","UserType","CreatedDatetime","UpdatedDatetime","Enabled")
                              VALUES ('164910025250095.htm',4,clock_timestamp(),clock_timestamp(),'t') ;
INSERT INTO "ZhilianUser" ("UserId","NickName","Type","Sex","City" ) VALUES(currval('"hero_reduce"."user_id_seq"'),'164910025250095.htm',0,'null','北京-海淀区') ; INSERT INTO "JobPosition" ("UserId","Name","Address","Title","Salary","Description")
                          VALUES(currval('"hero_reduce"."user_id_seq"'),'164910025250095.htm','北京-海淀区','移动互联网开发','15001-25000','理想的团队：人数不多，沟通无碍，高效执行。希望你的加入，能加速实现我们共同的梦想，为用户创造更有意义的产品。工作内容：- 与产品设计师协作，从事活法儿 Android 平台应用的开发工作- 现有产品的维护和重构工作- 定期与团队成员做技术分享 / code review 等活动需要你：- 认同活法儿的理念- 熟悉掌握 Android 界面和交互开发，熟悉网络编程- 至少完成过一个上线的 Android 应用- 良好的编码风格，沟通能力和团队合作精神，有责任感加分项：- 理解 Google Material Design- 注重细节，有打造精品 Android App 的愿望- 曾经做过的 App 服务过超过千万用户甚至更多- 做过电商类 App- 对开源技术有强烈的兴趣和爱好，有过自己的开源项目                                                                            职位联系方式                                                      活法儿网北京市中关村创业大街36氪，氪空间 hr#huofar.com                                                          查看职位地图') ;
COMMIT;
INSERT INTO "User" ("Name","UserType","CreatedDatetime","UpdatedDatetime","Enabled")
                              VALUES ('121040956252183.htm',4,clock_timestamp(),clock_timestamp(),'t') ;
INSERT INTO "ZhilianUser" ("UserId","NickName","Type","Sex","City" ) VALUES(currval('"hero_reduce"."user_id_seq"'),'121040956252183.htm',0,'null','北京') ; INSERT INTO "JobPosition" ("UserId","Name","Address","Title","Salary","Description")
                          VALUES(currval('"hero_reduce"."user_id_seq"'),'121040956252183.htm','北京','软件工程师','6000-10000','技术要求：1、 熟悉Java语言，熟练使用Java技术实现B/S网站制作技术2、 熟悉SQLServer数据库，能使用T-SQL语句能完成基本的数据库操，同时熟悉Oracle10g软件和P-SQL者优先。3、 熟练使用HTML、JavaScript制作网页，了解JQuery、ExtJS、Ajax框架者优先。4、 熟练使用JDBC、JSP、Servlet、JavaBean实现MVC开发5、 了解C#语言和VS2010平台者优先。6、 了解Linux系统者优先。7、 了解SSH框架者优先。8、 具备1到2年的实际开发经验者优先9、 有实际的项目经验者优先。任职要求：1、 计算机及相关专业毕业，本科以上学历，师范类院校优先，两年以上实际开发经验，且沟通，表达能力优秀者可放宽至专科2、 具有良好的沟通、表达能力，普通话标准，有亲和力，擅长与学员沟通交流，能够深入浅出，充分调动学员的积极性3、 敬业有责任心，热爱IT教育培训事业，从软件开发的热爱者变为软件开发热爱者的导师，更能提升个人价值4、只要你具备良好的沟通表达能力，乐于把自己的学识，经验与我们的学员共同分享，都可尝试联系我们，不用担心没有实际授课经验，我们会提供系统培训5、作为讲师，不用再为加班敲代码而烦恼，不用每天只是对着电脑，我们有很多时间可以练技术，同时我们还有一只非常专业有经验的团队，提供一个良好的技术交流平台，综合提升自己的沟通表达和管理能力6、给自己的未来多一个选择的机会，期待你的加入！                                                                            职位联系方式                                                      公司名称：北京北清远帆信息技术有限公司公司地址：北京市宣武区广安门内大街315号IT信息大厦B座4-5层公司主页：http://www.accpbj.com/                                                          查看职位地图') ;
COMMIT;
INSERT INTO "User" ("Name","UserType","CreatedDatetime","UpdatedDatetime","Enabled")
                              VALUES ('000127917267909.htm',4,clock_timestamp(),clock_timestamp(),'t') ;
INSERT INTO "ZhilianUser" ("UserId","NickName","Type","Sex","City" ) VALUES(currval('"hero_reduce"."user_id_seq"'),'000127917267909.htm',0,'null','北京') ; INSERT INTO "JobPosition" ("UserId","Name","Address","Title","Salary","Description")
                          VALUES(currval('"hero_reduce"."user_id_seq"'),'000127917267909.htm','北京','手机软件开发工程师','','1.独立负责Android框架开发和维护，SDK或广告系统等相关产品的开发； 2.参与跨平台技术方案的研究，设计和实现、关键技术验证等工作； 3.参与团队技术研究和创新1.3年以上客户端开发经验，精通Android手机平台开发； 2.精通Android下的高性能编程及性能调优，精通一个系列以上的高市场占有率的手机适配； 3.开发基础良好，理解设计模式，在项目或产品中有很好的设计实践； 4.有强烈的责任心和团队精神，善于沟通和合作；能独立完成设计和编码； 5.对Android的SDK有优化经验者优先；有前端开发经验者优先； 6.有无线App、Html5或开放平台相关经验者优先                                                                           职位联系方式                                                                                                                查看职位地图') ;
COMMIT;
INSERT INTO "User" ("Name","UserType","CreatedDatetime","UpdatedDatetime","Enabled")
                              VALUES ('684911523250000.htm',4,clock_timestamp(),clock_timestamp(),'t') ;
INSERT INTO "ZhilianUser" ("UserId","NickName","Type","Sex","City" ) VALUES(currval('"hero_reduce"."user_id_seq"'),'684911523250000.htm',0,'null','北京-丰台区') ; INSERT INTO "JobPosition" ("UserId","Name","Address","Title","Salary","Description")
                          VALUES(currval('"hero_reduce"."user_id_seq"'),'684911523250000.htm','北京-丰台区','移动互联网开发','8000-20000','岗位职责  负责开发android手机客户端软件；  负责对android手机客户端软件进行升级和维护；  对代码进行单元测试，保证软件的内部和外部质量；  编写开发和维护文档。  任职要求：  计算机相关专业本科毕业，2年以上Java或C/C++开发经验，1年以上android开发经验；  熟悉android各种开发技术，包括UI以及网络等各个方面；  具备扎实的java编程基础，了解多线程编程和网络编程；  深入理解面向对象的思想，熟练运用软件设计模式；  良好的沟通技能，以及团队合作能力；  英语良好，能够熟练阅读英文文档。                                                                            职位联系方式                                                      公司名称：北京速派得物流信息技术有限公司公司地址：北京市南四环西路188号总部基地16区8号楼4层 电话：010-57146880网址：www.supaide.com                                                          查看职位地图') ;
COMMIT;
INSERT INTO "User" ("Name","UserType","CreatedDatetime","UpdatedDatetime","Enabled")
                              VALUES ('000127917267937.htm',4,clock_timestamp(),clock_timestamp(),'t') ;
INSERT INTO "ZhilianUser" ("UserId","NickName","Type","Sex","City" ) VALUES(currval('"hero_reduce"."user_id_seq"'),'000127917267937.htm',0,'null','北京') ; INSERT INTO "JobPosition" ("UserId","Name","Address","Title","Salary","Description")
                          VALUES(currval('"hero_reduce"."user_id_seq"'),'000127917267937.htm','北京','手机软件开发工程师','','1、负责无线营销手机端sdk或app的设计和开发工作（iOS或 Android平台）；2、负责移动新技术的研究和在广告中的应用。1．两年及以上手机应用实际开发经验（iOS或Android平台）；主导过相关核心模块的开发，有过成熟的移动终端产品优先；2．具备扎实的OC或java语言基础，熟悉常用设计模式、多线程、网络、界面开发；熟悉webview，有相关优化经验优先；3．熟悉各种主流手机特性，掌握常用的内存、性能和网络优化方法和工具，有终端适配经验；4．对新事物感兴趣，对移动广告业务感兴趣， 快速学习能力。                                                                           职位联系方式                                                                                                                查看职位地图') ;
COMMIT;
INSERT INTO "User" ("Name","UserType","CreatedDatetime","UpdatedDatetime","Enabled")
                              VALUES ('233173013250178.htm',4,clock_timestamp(),clock_timestamp(),'t') ;
INSERT INTO "ZhilianUser" ("UserId","NickName","Type","Sex","City" ) VALUES(currval('"hero_reduce"."user_id_seq"'),'233173013250178.htm',0,'null','北京') ; INSERT INTO "JobPosition" ("UserId","Name","Address","Title","Salary","Description")
                          VALUES(currval('"hero_reduce"."user_id_seq"'),'233173013250178.htm','北京','软件工程师','','1、具有扎实的计算机基础理论知识；2、相关Android开发经验3年以上；3、有移动平台上开发基于网页的应用（HTML5，PhoneGap，JS）的经验；4、熟悉Eclipse开发工具以及Android插件、模拟器；5、熟悉Android上的各种应用开发API；6、有移动平台架构师的经验；7、善于沟通，有较强的团队合作意识。                                                                             职位联系方式                                                       公司名称：嘉合华信(北京)软件科技有限公司 公司地址：北京市朝阳区德胜门外北沙滩1号16号楼118室') ;
COMMIT;
INSERT INTO "User" ("Name","UserType","CreatedDatetime","UpdatedDatetime","Enabled")
                              VALUES ('120479732250469.htm',4,clock_timestamp(),clock_timestamp(),'t') ;
INSERT INTO "ZhilianUser" ("UserId","NickName","Type","Sex","City" ) VALUES(currval('"hero_reduce"."user_id_seq"'),'120479732250469.htm',0,'null','北京-海淀区') ; INSERT INTO "JobPosition" ("UserId","Name","Address","Title","Salary","Description")
                          VALUES(currval('"hero_reduce"."user_id_seq"'),'120479732250469.htm','北京-海淀区','互联网软件工程师','','岗位职责：负责Android应用软件研发在有特殊需求情况下，修改android的framework任职条件：1、3年以上Java开发经验，熟悉设计模式，良好设计能力；2、至少1年Android平台的应用开发对Android的基本组件使用有一定程度了解3、在熟悉Android开发架构和API调用的情况下能够修改android的framework4、熟练掌握Java语言；熟悉Eclipse开发环境                                                                            职位联系方式                                                      公司名称：北京赛科世纪数码科技有限公司公司地址：北京市海淀区花园路东路11号泰兴大厦4层、5层 传真：公司主页：www.cyclecentury.com                                                          查看职位地图') ;
COMMIT;
INSERT INTO "User" ("Name","UserType","CreatedDatetime","UpdatedDatetime","Enabled")
                              VALUES ('301130826250414.htm',4,clock_timestamp(),clock_timestamp(),'t') ;
INSERT INTO "ZhilianUser" ("UserId","NickName","Type","Sex","City" ) VALUES(currval('"hero_reduce"."user_id_seq"'),'301130826250414.htm',0,'null','北京-海淀区') ; INSERT INTO "JobPosition" ("UserId","Name","Address","Title","Salary","Description")
                          VALUES(currval('"hero_reduce"."user_id_seq"'),'301130826250414.htm','北京-海淀区','手机软件开发工程师','8001-10000','工作职责：1.负责安卓客户端软件的产品开发和维护；2.独立完成客户端软件需求的整理和软件设计；3.按照项目计划，按时提交高质量代码，完成开发任务；4.规范文档的编写、维护，以及其他与项目相关工作；5.按时按需完成客户端软件的维护及更新；  任职资格：1 专科以上学历，计算机、电子或相关专业2 Java基本功扎实，Android平台2年以上产品开发经验3 熟悉Android应用开发框架，能独立开发高性能的Android应用4 熟悉Android环境下UI框架、数据库开发5 熟悉Android环境下Socket通信、HTTP编程6 对数据结构、基本算法熟练掌握，并具备基本的算法设计能力7 做事积极主动，具有高度的责任感与团队合作精神，有良好的沟通能力8 请认真投递简历，开发经验2年以下的人员，请不要投递。                                                                           职位联系方式                                                       公司名称：企讯恒通(北京)科技有限公司 公司地址：北京市海淀区上地三街上地桥东雅美科技园  传真： 公司主页：www.defineapp.com                                                          查看职位地图') ;
COMMIT;
INSERT INTO "User" ("Name","UserType","CreatedDatetime","UpdatedDatetime","Enabled")
                              VALUES ('300087716250111.htm',4,clock_timestamp(),clock_timestamp(),'t') ;
INSERT INTO "ZhilianUser" ("UserId","NickName","Type","Sex","City" ) VALUES(currval('"hero_reduce"."user_id_seq"'),'300087716250111.htm',0,'null','北京-昌平区') ; INSERT INTO "JobPosition" ("UserId","Name","Address","Title","Salary","Description")
                          VALUES(currval('"hero_reduce"."user_id_seq"'),'300087716250111.htm','北京-昌平区','高级软件工程师','6001-8000','岗位要求：1、熟练掌握Android平台应用软件开发技术；2、熟练进行Android UI/Framework开发技能、熟练使用Android SDK；3、熟练掌握Android系统网络编程能力；4、熟练使用SQLite数据库；5、有Android系统上的USB、蓝牙接口开发经验者优先6、具有较强的责任心、学习能力，善于沟通、表达，具备独立完成工作能力薪资待遇：1. 年薪八万到十万2. 公司福利：全勤奖，餐补，过节费3. 表现特别优异者将有机会获得公司红利股4. 公司为每位员工缴纳五险；5. 所有员工可享受年终奖金；6. 工龄奖，全勤奖，餐补；其他福利：1. 周末双休，执行国家法定节假日放假安排；2. 国家法定节假日均有过节费；3. 公司每年不定期组织集体活动；4. 表现优异者可享受公司红利股份；5. 享受带薪年假；6. 良好的晋升空间；                                                                            职位联系方式                                                      公司名称：北京海创高科科技有限公司公司地址：北京市海淀区清华东路5号学士居宾馆2303室 传真：62323261公司主页：www.bjhcgk.com') ;
COMMIT;
INSERT INTO "User" ("Name","UserType","CreatedDatetime","UpdatedDatetime","Enabled")
                              VALUES ('120504200250380.htm',4,clock_timestamp(),clock_timestamp(),'t') ;
INSERT INTO "ZhilianUser" ("UserId","NickName","Type","Sex","City" ) VALUES(currval('"hero_reduce"."user_id_seq"'),'120504200250380.htm',0,'null','北京-海淀区') ; INSERT INTO "JobPosition" ("UserId","Name","Address","Title","Salary","Description")
                          VALUES(currval('"hero_reduce"."user_id_seq"'),'120504200250380.htm','北京-海淀区','软件研发工程师','','基本要求：· 自动化、计算机、电子或相关专业、本科以上学历；· 英语四级以上、年龄30岁以下；· 良好的Java技术功底；· 熟悉Android系统架构及相关技术，2年以上实际Android平台开发经验；· 熟练掌握Android各类组件，以及界面绘制、后台运行、数据存储等原理；· 对Android性能优化、内存优化有一定的了解；· 有较强的学习能力、热衷技术，能承受一定的工作压力。 职责描述：· 基于Android平台进行app应用开发；· Android手机、平板终端软件的产品开发与维护；· 负责项目难点的攻关，技术方案的预言与实现；· 负责在开发过程中相关的技术规范文档的编写工作。                                                                           职位联系方式                                                       公司名称：北京微视新纪元科技有限公司 公司地址：北京市海淀区上地朱房路29号中央财经大学清河校区行政2楼  传真：0 010-82600088-6600 公司主页：http://www.microview.com.cn') ;
COMMIT;
INSERT INTO "User" ("Name","UserType","CreatedDatetime","UpdatedDatetime","Enabled")
                              VALUES ('219197618250957.htm',4,clock_timestamp(),clock_timestamp(),'t') ;
INSERT INTO "ZhilianUser" ("UserId","NickName","Type","Sex","City" ) VALUES(currval('"hero_reduce"."user_id_seq"'),'219197618250957.htm',0,'null','北京') ; INSERT INTO "JobPosition" ("UserId","Name","Address","Title","Salary","Description")
                          VALUES(currval('"hero_reduce"."user_id_seq"'),'219197618250957.htm','北京','软件工程师','','岗位职责:    1.根据产品需求设计、开发及维护Android平台相关应用；    2.负责相关技术调研，制定技术方案；    3.负责相应代码规范和评审，保障开发质量。 职位要求：    1.计算机相关专业；    2.熟练掌握Android应用开发，有多类应用开发经验；    3.熟练使用Android各种布局与控件，熟悉各种动画场景的运用；    4.熟悉网络编程，熟悉Android下的网络程序开发；    5.热爱编程，具备较强的编程能力和良好的编码风格；    6.对移动领域新技术有较强的学习能力、领悟能力和独立解决问题的能力；    7.具有较强的工作积极性、责任心，具备良好的沟通能力和团队合作精神。 优先条件：    1.有上线的Android应用；    2.简历写明Github帐号或技术博客地址。                                                                           职位联系方式                                                       公司名称：北京尚博信科技有限公司 公司地址：北京市海淀区学清路38号金码大厦B座1001室  传真：62669197 公司主页：http://www.sunboxsoft.com') ;
COMMIT;
INSERT INTO "User" ("Name","UserType","CreatedDatetime","UpdatedDatetime","Enabled")
                              VALUES ('273230118250023.htm',4,clock_timestamp(),clock_timestamp(),'t') ;
INSERT INTO "ZhilianUser" ("UserId","NickName","Type","Sex","City" ) VALUES(currval('"hero_reduce"."user_id_seq"'),'273230118250023.htm',0,'null','北京-海淀区') ; INSERT INTO "JobPosition" ("UserId","Name","Address","Title","Salary","Description")
                          VALUES(currval('"hero_reduce"."user_id_seq"'),'273230118250023.htm','北京-海淀区','移动互联网开发','','Android开发工程师==工作职责==#基于Android平台的手机、Pad等应用的产品开发与维护；#根据产品需求完成架构和模块设计、编码、测试工作；#改善软件的易用性，提升用户使用体验。随着你的能力成长，我们鼓励你担当以下职责：#参与项目和产品需求分析，制定需求文档；#对研发的项目管理工作==职位要求=====基础要求===* 喜爱智能手机的开发、了解App的特点、风格* 熟练掌握Java，熟悉Android框架和Android SDK开发，并熟练使用Eclipse开发工具；* 熟悉面向对象的开发理念;* 了解应用基本算法/数据结构，了解基础设计模式；* 良好的编码风格和编程习惯,能够独立解决问题；* 能积极主动参与团队合作，善于沟通，有责任心；* 思维清晰敏捷，逻辑分析能力强，做事认真、细致；* 学习能力强；===加分项===* 有c/c++基础和开发经验，* 有NDK开发经验* 熟悉Http、Html、Css等网络和Web技术；* 熟悉SqlLite等数据库技术；==我们的优势==专注的行业定位，良好的发展前景轻松的工作氛围，高度的团队协作精神对新人有专人提供业务指导,迅速提高能力随着你能力的提升，较大而敏捷的薪资与职位提升空间和机制，                                                                            职位联系方式                                                      公司名称：摩博(北京)科技有限公司公司地址：北京市海淀区魏公村小区23号楼418房间传真：公司主页：www.chinamobo.com') ;
COMMIT;
INSERT INTO "User" ("Name","UserType","CreatedDatetime","UpdatedDatetime","Enabled")
                              VALUES ('432820024250129.htm',4,clock_timestamp(),clock_timestamp(),'t') ;
INSERT INTO "ZhilianUser" ("UserId","NickName","Type","Sex","City" ) VALUES(currval('"hero_reduce"."user_id_seq"'),'432820024250129.htm',0,'null','北京') ; INSERT INTO "JobPosition" ("UserId","Name","Address","Title","Salary","Description")
                          VALUES(currval('"hero_reduce"."user_id_seq"'),'432820024250129.htm','北京','软件工程师','','1、负责Android平台上的应用软件开发 2、与项目组策划、美术人员共同讨论开发需求及设计软件实现细节 3、积极努力配合QA人员提出的问题意见对程序进行调试修改与完善 4、对客户端图形显示，资源管理，内存管理等技术进行研究与优化 5、深入分析整个系统的关键模块，并指导核心问题的攻关。 任职要求： 1、熟练掌握JAVA编程语言，具有2年以上Android应用开发的工作经验 2、掌握Eclpise开发工具，熟悉Android SDK/NDK，了解CVS或SVN等相关源代码版本控制系统 3、熟练掌握Android的API，理解Android的体系结构，掌握Android中界面绘制，后台运行，数据存储等的原理，熟悉xml，http，TCP/IP，SOCKET等协议 4、熟悉数据库，有Sqlite使用经验 5、具备团队合作精神，稳定的工作态度 6、大学专科或以上学历，计算机、电子通信等相关专业，英语水平优良，有良好的英文阅读能力。                                                                           职位联系方式                                                       公司名称：北京中彩汇网络科技有限公司 公司地址：北京市朝阳区 传真： 公司主页：http://www.zch168.com/') ;
COMMIT;
INSERT INTO "User" ("Name","UserType","CreatedDatetime","UpdatedDatetime","Enabled")
                              VALUES ('432820024250206.htm',4,clock_timestamp(),clock_timestamp(),'t') ;
INSERT INTO "ZhilianUser" ("UserId","NickName","Type","Sex","City" ) VALUES(currval('"hero_reduce"."user_id_seq"'),'432820024250206.htm',0,'null','北京') ; INSERT INTO "JobPosition" ("UserId","Name","Address","Title","Salary","Description")
                          VALUES(currval('"hero_reduce"."user_id_seq"'),'432820024250206.htm','北京','手机软件开发工程师','','职位描述：1、负责Android平台上的应用软件开发 2、与项目组策划、美术人员共同讨论开发需求及设计软件实现细节 3、积极努力配合QA人员提出的问题意见对程序进行调试修改与完善 4、对客户端图形显示，资源管理，内存管理等技术进行研究与优化 5、深入分析整个系统的关键模块，并指导核心问题的攻关。 任职要求： 1、熟练掌握JAVA编程语言，具有5年以上Android应用开发的工作经验 2、掌握Eclpise开发工具，熟悉Android SDK/NDK，了解CVS或SVN等相关源代码版本控制系统 3、熟练掌握Android的API，理解Android的体系结构，掌握Android中界面绘制，后台运行，数据存储等的原理，熟悉xml，http，TCP/IP，SOCKET等协议 4、熟悉数据库，有Sqlite使用经验 5、具备团队合作精神，稳定的工作态度 6、大学专科或以上学历，计算机、电子通信等相关专业，英语水平优良，有良好的英文阅读能力。                                                                            职位联系方式                                                       公司名称：北京中彩汇网络科技有限公司 公司地址：北京市东城区  传真： 公司主页：http://www.zch168.com/') ;
COMMIT;
INSERT INTO "User" ("Name","UserType","CreatedDatetime","UpdatedDatetime","Enabled")
                              VALUES ('280118519250259.htm',4,clock_timestamp(),clock_timestamp(),'t') ;
INSERT INTO "ZhilianUser" ("UserId","NickName","Type","Sex","City" ) VALUES(currval('"hero_reduce"."user_id_seq"'),'280118519250259.htm',0,'null','北京') ; INSERT INTO "JobPosition" ("UserId","Name","Address","Title","Salary","Description")
                          VALUES(currval('"hero_reduce"."user_id_seq"'),'280118519250259.htm','北京','软件研发工程师','','岗位职责：1、负责Android 应用设计和开发；2、有独立搭建软件框架方案的能力；3、编写相应模块的设计文档，独立完成编码及单元测试。岗位要求：1、2年以上Android软件开发经验；2、熟悉Android平台以及熟练Android应用开发；熟悉硬件加速及高效UI开发；3、精通至少一种主流手机平台编程语言(C,C++,或Java等)，数据结构，算法等基础知识扎实，具有良好的编程风格和习惯；4、有强烈的责任心和团队精神，善于沟通和合作，能独立完成设计和编码。优先考虑：1、有独立完成商业APP架构设计经验者；2、有运营app软件开发经验者；3、有Android应用优化经验者；4、熟悉使用git的代码托管、Escilpse，VIM进行开发经验者。                                                                            职位联系方式                                                                                                                查看职位地图') ;
COMMIT;
INSERT INTO "User" ("Name","UserType","CreatedDatetime","UpdatedDatetime","Enabled")
                              VALUES ('210322312250926.htm',4,clock_timestamp(),clock_timestamp(),'t') ;
INSERT INTO "ZhilianUser" ("UserId","NickName","Type","Sex","City" ) VALUES(currval('"hero_reduce"."user_id_seq"'),'210322312250926.htm',0,'null','北京-丰台区') ; INSERT INTO "JobPosition" ("UserId","Name","Address","Title","Salary","Description")
                          VALUES(currval('"hero_reduce"."user_id_seq"'),'210322312250926.htm','北京-丰台区','互联网软件工程师','','岗位职责： 1、负责 Android 开发环境搭建，应用程序的设计、开发工作；2、负责公司的产品设计需求，进行 Android 版本应用的实现；3、负责完成软件开发、验证和和修正测试中发现的问题；4、负责根据开发规范与流程独立完成模块的设计、编码、测试以及相关文档。 任职要求： 1、一年以上Android平台实际项目开发经验，可以独立开发相关手机应用客户端2、有良好的Java功底,；熟练掌握Android API，理解Android运行原理和体系架构3、熟练掌握Android界面布局及绘制、数据存储、网络通信机制等，并对Socket和HTTP访问有实际开发经验4、熟悉android各版本SDK异同，对版本兼容性有较多经验（2.1-4.1）。6、对UI的效果实现有一丝不苟的态度和能力。7、需要较强的错误调试并解决的能力，对程序的鲁棒性态度严谨。8、具备用最简单而有效的方式解决确定问题的能力。9、有游戏开发经验者优先，面试时请自带以往相关作品；                                                                           职位联系方式                                                       公司名称：北京阳光易德心理学应用技术有限公司 公司地址：丰台区南四环西路186号（四区）汉威国际广场3号楼9、9M层 传真： 公司主页：http://www.21psy.com                                                          查看职位地图') ;
COMMIT;
INSERT INTO "User" ("Name","UserType","CreatedDatetime","UpdatedDatetime","Enabled")
                              VALUES ('574480222250018.htm',4,clock_timestamp(),clock_timestamp(),'t') ;
INSERT INTO "ZhilianUser" ("UserId","NickName","Type","Sex","City" ) VALUES(currval('"hero_reduce"."user_id_seq"'),'574480222250018.htm',0,'null','北京-朝阳区') ; INSERT INTO "JobPosition" ("UserId","Name","Address","Title","Salary","Description")
                          VALUES(currval('"hero_reduce"."user_id_seq"'),'574480222250018.htm','北京-朝阳区','高级软件工程师','10000-20000','岗位职责：  1.为品读的发展负责，我们给你产品发展方面足够的发挥和想象空间，与产品经理协同，共同推动品读产品向移动方向的发展与创新 2. 品读Android客户端及SDK的技术方案设计和开发； 3.参与移动技术方案的研究，设计和实现、关键技术验证等工作； 4.构建高性能可扩展的组件，打造稳定可复用的开发框架   岗位要求： 1. 两年以上Android软件开发经验；熟练掌握Java开发、Android平台下的高性能编程及性能调优； 2. 拥有很好的设计模式和思维, 熟悉面向对象编程，图形界面开发； 3. 学习能力强，强烈的责任心,具有较强的沟通能力及团队合作精神； 4. 有移动社交产品开发经验者优先；      工资福利：  1、提供有市场竞争力的薪酬；  2、免费零食；  3、免费健身；       4、弹性工作时间；  5、带薪年假；  6、五险一金外加商业医疗保险；  7、不定期举办观影、郊游活动；      薪金：10K -24K（五险一金+补充医疗险+年底双薪+绩效奖+带薪年假)  地址：北京市朝阳区芍药居38号203室  收简历邮箱：job@xuningtech.com                                                                               职位联系方式                                                      公司名称：北京旭宁信息技术有限公司公司地址：北京市朝阳区芍药居38号煤炭印刷厂203室 传真：公司主页：www.pento.cn                                                          查看职位地图') ;
COMMIT;
INSERT INTO "User" ("Name","UserType","CreatedDatetime","UpdatedDatetime","Enabled")
                              VALUES ('465680122250297.htm',4,clock_timestamp(),clock_timestamp(),'t') ;
INSERT INTO "ZhilianUser" ("UserId","NickName","Type","Sex","City" ) VALUES(currval('"hero_reduce"."user_id_seq"'),'465680122250297.htm',0,'null','北京') ; INSERT INTO "JobPosition" ("UserId","Name","Address","Title","Salary","Description")
                          VALUES(currval('"hero_reduce"."user_id_seq"'),'465680122250297.htm','北京','手机软件开发工程师','','岗位职责1、负责安卓客户端软件的产品开发和维护,编写高质量的代码； 2、按照工作计划，按时提交高质量代码，完成开发任务； 3、按时按需完成客户端的技软件的维护工作，及后续更新术支持工作；4、负责与产品人员沟通和确认功能需求；5、负责相关领域的新功能和新技术实验和实现；6、编写必要的开发文档；任职资格1、统招大专及以上学历，1-3年工作经验；2、具备扎实的计算机专业基础知识；精通JAVA开发语言，熟悉面向对象编程、熟悉ADT开发环境； 3、有较好的算法、数据结构、通信原理基础； 4、熟悉各个机型的适配, 熟悉SQLite数据库，熟悉内存优化，性能优化； 5、具备良好的代码编程习惯及较强的文档编写能力、同时擅长界面布局； 6、具有较强的责任心，及较好的团队协作精神； 7、具备强烈的进取心、求知欲以及较强的学习能力 ； 8、有较强的沟通及协调能力，持续的学习与开发的热情以及独立完成工作的能力；                                                                            职位联系方式                                                      公司名称：北京雅森环宇信息科技有限公司公司地址：西城区裕民路18号北环中心A座27层 传真：公司主页：www.yasn.com') ;
COMMIT;
INSERT INTO "User" ("Name","UserType","CreatedDatetime","UpdatedDatetime","Enabled")
                              VALUES ('318570013251408.htm',4,clock_timestamp(),clock_timestamp(),'t') ;
INSERT INTO "ZhilianUser" ("UserId","NickName","Type","Sex","City" ) VALUES(currval('"hero_reduce"."user_id_seq"'),'318570013251408.htm',0,'null','北京') ; INSERT INTO "JobPosition" ("UserId","Name","Address","Title","Salary","Description")
                          VALUES(currval('"hero_reduce"."user_id_seq"'),'318570013251408.htm','北京','软件工程师','','任 职 要 求：1、1年以上基于JAVA/J2ME的开发经验；2、掌握Android中界面绘制、后台运行、数据存储等的原理；3、熟悉Android开发平台及框架原理，能独立进行应用程序开发和移植，有Android移动产品开发经验者优先；4、对面向对象设计开发有深入的理解，熟悉OOA/OOD等设计方法；5、了解XML、HTTP、TCP/IP协议及基于手机的应用开发；6、责任心强，富有创新意识，独立解决问题的能力，具备良好的沟通能力和团队协作精神；7、同时具备iOS、Android开发经验者优先；8、熟悉unity引擎者优先。岗 位 职 责：1、参与Android客户端APP项目的开发工作；2、参与客户端APP产品的技术实现讨论，框架设计。                                                                           职位联系方式                                                       公司名称：北京当代金融培训有限公司 公司地址：北京建国门外大街丙12号宝钢大厦12层、15层  传真：57610268 公司主页：www.bfec.com.cn                                                          查看职位地图') ;
COMMIT;
INSERT INTO "User" ("Name","UserType","CreatedDatetime","UpdatedDatetime","Enabled")
                              VALUES ('301130826250337.htm',4,clock_timestamp(),clock_timestamp(),'t') ;
INSERT INTO "ZhilianUser" ("UserId","NickName","Type","Sex","City" ) VALUES(currval('"hero_reduce"."user_id_seq"'),'301130826250337.htm',0,'null','北京-海淀区') ; INSERT INTO "JobPosition" ("UserId","Name","Address","Title","Salary","Description")
                          VALUES(currval('"hero_reduce"."user_id_seq"'),'301130826250337.htm','北京-海淀区','互联网软件工程师','','工作职责： 1.负责安卓客户端软件的产品开发和维护； 2.独立完成客户端软件需求的整理和软件设计； 3.按照项目计划，按时提交高质量代码，完成开发任务； 4.规范文档的编写、维护，以及其他与项目相关工作； 5.按时按需完成客户端软件的维护及更新。  任职资格： 1 专科以上学历，计算机、电子或相关专业； 2 Java基本功扎实，优先考虑Android平台3年以上产品开发经验者； 3 熟悉Android应用开发框架，能独立开发高性能的Android应用； 4 熟悉Android环境下UI框架、数据库开发； 5 熟悉Android环境下Socket通信、HTTP编程； 6 对数据结构、基本算法熟练掌握，并具备基本的算法设计能力； 7 做事积极主动，具有高度的责任感与团队合作精神，有良好的沟通能力。                                                                           职位联系方式                                                       公司名称：企讯恒通(北京)科技有限公司 公司地址：北京市海淀区上地三街上地桥东雅美科技园  传真： 公司主页：www.defineapp.com                                                          查看职位地图') ;
COMMIT;
INSERT INTO "User" ("Name","UserType","CreatedDatetime","UpdatedDatetime","Enabled")
                              VALUES ('152276610250871.htm',4,clock_timestamp(),clock_timestamp(),'t') ;
INSERT INTO "ZhilianUser" ("UserId","NickName","Type","Sex","City" ) VALUES(currval('"hero_reduce"."user_id_seq"'),'152276610250871.htm',0,'null','北京-朝阳区') ; INSERT INTO "JobPosition" ("UserId","Name","Address","Title","Salary","Description")
                          VALUES(currval('"hero_reduce"."user_id_seq"'),'152276610250871.htm','北京-朝阳区','互联网软件工程师','','任职要求1 能按照项目计划，按时提交高质量的代码，完成开发任务；2 规范编写设计和维护文档；3 其他与项目有关的工作；4 相关技术指导及培训；5 有电商类产品开发经验。任职资格1 2-3年以上的Android开发经验2 精通Java语言，熟练掌握Java开发技术，具有良好的编码风格与编码技巧3 精通android常用布局和控件，熟悉各大组件的运行方式并能灵活使用4 有较好的代码阅读能力5 熟悉TCP/IP、HTTP等协议，熟悉XML、JSON等数据解析方式6 有较强的书面表达能力和口头沟通能力7 工作踏实认真，有良好的学习能力、团队合作精神，能承受工作压力                                                                            职位联系方式                                                      公司名称：北京体育之窗文化传播有限公司公司地址：北京市朝阳区工人体育场北路(工人体育场内) 传真：公司主页：www.irenaworld.com                                                          查看职位地图') ;
COMMIT;
INSERT INTO "User" ("Name","UserType","CreatedDatetime","UpdatedDatetime","Enabled")
                              VALUES ('476378419250048.htm',4,clock_timestamp(),clock_timestamp(),'t') ;
INSERT INTO "ZhilianUser" ("UserId","NickName","Type","Sex","City" ) VALUES(currval('"hero_reduce"."user_id_seq"'),'476378419250048.htm',0,'null','北京-海淀区') ; INSERT INTO "JobPosition" ("UserId","Name","Address","Title","Salary","Description")
                          VALUES(currval('"hero_reduce"."user_id_seq"'),'476378419250048.htm','北京-海淀区','高级软件工程师','','岗位职责：1、负责公司android平台移动端应用程序开发；2、学习和研究新技术以满足产品的需求；3、协助产品经理澄清具体产品需求，并提出改进建议；4、根据产品需求完成架构方案的设计、开发。岗位要求：1、3年以上的C，C++或Java的开发经验，2年以上Android平台研发经验；2、熟悉Android系统原理和内部机制，熟悉系统无线和通讯网络接口，有移动端本地代理开发经验加分； 3、严谨的逻辑思维能力，良好的代码编写习惯，具备快速学习能力、疑难问题解决能力；4、良好的人际沟通能力、合作能力、和主动意识。                                                                            职位联系方式                                                      公司名称：湖南搜云网络科技有限公司北京办事处公司地址：北京市海淀区上地信息路2号院国际创业园2号楼18E传真：公司主页：                                                          查看职位地图') ;
COMMIT;
INSERT INTO "User" ("Name","UserType","CreatedDatetime","UpdatedDatetime","Enabled")
                              VALUES ('120359452258294.htm',4,clock_timestamp(),clock_timestamp(),'t') ;
INSERT INTO "ZhilianUser" ("UserId","NickName","Type","Sex","City" ) VALUES(currval('"hero_reduce"."user_id_seq"'),'120359452258294.htm',0,'null','北京-海淀区') ; INSERT INTO "JobPosition" ("UserId","Name","Address","Title","Salary","Description")
                          VALUES(currval('"hero_reduce"."user_id_seq"'),'120359452258294.htm','北京-海淀区','高级软件工程师','','岗位描述： 1.负责基于Android的移动互联网、互联网的应用软件和客户端的架构设计、开发和维护；2.规范编写设计和维护文档； 3.独立完成移动终端产品应用的功能模块开发。任职资格：1.学历要求：  -统招本科及以上学历，或非重点院校硕士以上学历；2.工作经验：  -精通Android开发平台及框架原理，精通Java语言；  -熟练掌握数据结构、基本算法，具备基本的算法设计能力。3.能力要求：  -具有规范的编程习惯与文档编写能力，积极配合公司各项规范化建设工作；  -具备较好的学习能力、问题分析能力，可以独立调试解决问题；  -良好的沟通协调能力和团队合作意识，能够主动总结和分享自己的开发经验。4.素质要求：  -工作踏实，态度积极，能够承受工作压力，能适应严格项目管理；  -责任心强，正直诚实，值得信赖。优先考虑：1.有Android SDK软件开发经验者优先。                                                                           职位联系方式                                                       公司名称：北京捷通华声语音技术有限公司 公司地址：北京市海淀区东北旺西路8号中关村软件园10号楼206  公司主页：www.sinovoice.com                                                          查看职位地图') ;
COMMIT;
INSERT INTO "User" ("Name","UserType","CreatedDatetime","UpdatedDatetime","Enabled")
                              VALUES ('120359452258306.htm',4,clock_timestamp(),clock_timestamp(),'t') ;
INSERT INTO "ZhilianUser" ("UserId","NickName","Type","Sex","City" ) VALUES(currval('"hero_reduce"."user_id_seq"'),'120359452258306.htm',0,'null','北京-海淀区') ; INSERT INTO "JobPosition" ("UserId","Name","Address","Title","Salary","Description")
                          VALUES(currval('"hero_reduce"."user_id_seq"'),'120359452258306.htm','北京-海淀区','高级软件工程师','','岗位描述： 1.负责基于Android的移动互联网/互联网的应用软件和客户端的架构设计、开发和维护；2.独立完成移动终端产品应用的功能模块开发；3.产品文档编写的知识沉淀与分享；4.单元测试用例编写和代码重构；5.带领和指导初级Android工程师实现业务目标和自我成长；6.协调产品、测试、设计等外部资源按时按质完成项目开发。任职资格：1.学历要求：  -统招本科及以上学历，或非重点院校硕士以上学历；2.工作经验：  -2年及以上ANDROID实际项目开发经验；  -精通Android开发平台及框架原理，精通Java语言；  -熟练掌握数据结构、基本算法，具备基本的算法设计能力。3.能力要求：  -具有规范的编程习惯与文档编写能力，积极配合公司各项规范化建设工作；  -具备较好的学习能力、问题分析能力，可以独立调试解决问题；  -良好的沟通协调能力和团队合作意识，能够主动总结和分享自己的开发经验。4.素质要求：  -工作踏实，态度积极，能够承受工作压力，能适应严格项目管理；  -责任心强，正直诚实，值得信赖。优先考虑：1.有Android SDK软件开发经验者优先。                                                                           职位联系方式                                                       公司名称：北京捷通华声语音技术有限公司 公司地址：北京市海淀区东北旺西路8号中关村软件园10号楼206  公司主页：www.sinovoice.com                                                          查看职位地图') ;
COMMIT;
INSERT INTO "User" ("Name","UserType","CreatedDatetime","UpdatedDatetime","Enabled")
                              VALUES ('647052026250000.htm',4,clock_timestamp(),clock_timestamp(),'t') ;
INSERT INTO "ZhilianUser" ("UserId","NickName","Type","Sex","City" ) VALUES(currval('"hero_reduce"."user_id_seq"'),'647052026250000.htm',0,'null','北京-海淀区') ; INSERT INTO "JobPosition" ("UserId","Name","Address","Title","Salary","Description")
                          VALUES(currval('"hero_reduce"."user_id_seq"'),'647052026250000.htm','北京-海淀区','手机软件开发工程师','','岗位职责： 1. 负责Android平台应用软件的开发； 2. 参与软件功能设计、相关工作任务分配和开发进度计划的讨论； 3. 遵循单元测试驱动设计和开发的工作模式，以迭代的方式完成软件开发工作； 4. 编写必要的技术文档，为初级工程师的工作提供指导； 岗位要求： 1. 3年以上Android开发经验，（作为主程序员的角色）发布了1个以上的应用； 2. 数据结构和算法基础扎实，理解并掌握面向对象的设计方法； 3. 具备测试驱动开发（TDD）的经验， 能够设计和实现具备完善和直观的调用接口的可重用代码模块； 4. 具备丰富的Java和Android编程经验，同时具备C/C++编程经验的优先考虑； 5. 具备以下领域技术的开发经验：SQLite / REST-like network APIs 6. 具备Git或SVN等版本管理工具的使用经验； 7. 对工作充满热情，具有良好的沟通表达能力；（以下是加分项） 8. 能够使用调优工具来不断改善应用的性能； 9. 能够自发地对代码进行必要的重构； 10. 能够了解和利用开源社区的成果，有参与开源项目则更好。                                                                           职位联系方式                                                       公司名称：北京康源互动健康科技有限公司 公司地址：北京海淀区花园东路25号中城写字楼502室  邮    箱： 公司主页：www.720health.com                                                          查看职位地图') ;
COMMIT;
INSERT INTO "User" ("Name","UserType","CreatedDatetime","UpdatedDatetime","Enabled")
                              VALUES ('575236720250037.htm',4,clock_timestamp(),clock_timestamp(),'t') ;
INSERT INTO "ZhilianUser" ("UserId","NickName","Type","Sex","City" ) VALUES(currval('"hero_reduce"."user_id_seq"'),'575236720250037.htm',0,'null','北京') ; INSERT INTO "JobPosition" ("UserId","Name","Address","Title","Salary","Description")
                          VALUES(currval('"hero_reduce"."user_id_seq"'),'575236720250037.htm','北京','手机软件开发工程师','','本岗位为代招职位 要求：1、  至少3年以上Java编程经验；2、  至少2年以上Android开发经验，最好有参与项目的设计；3、  有NDK开发经验； 开发平台：Mac OS X + Android Studio Java语言：1、  熟悉Java语言，对JVM有一定了解；2、  熟悉设计模式；3、  多线程、Socket通信有实际工作经验；4、  有使用C\C++的NDK开发经验。 Android：1、  熟悉基本框架，理解Android应用编程逻辑；2、  可以熟练使用adb工具程序 3、  熟悉Socket通信，HTTP通信，有协议设计经验者优先；4、  了解gdb调试，可以使用gdb进行简单调试即可；5、  熟悉基本UI，有自定义UI经验者优先；具体要求： 1、  不需要仅仅做过Android项目维护、Bug修改的人员；2、  如果应聘者有Python、Bash、Tcl等脚本编程经验，可优先考虑； 年薪30万                                                                           职位联系方式                                                       公司名称：合优博蔓管理咨询(北京)有限公司 公司地址：北京市朝阳区霞光里5号瑞普电子海洋楼  传真： 公司主页：') ;
COMMIT;
INSERT INTO "User" ("Name","UserType","CreatedDatetime","UpdatedDatetime","Enabled")
                              VALUES ('575236720250070.htm',4,clock_timestamp(),clock_timestamp(),'t') ;
INSERT INTO "ZhilianUser" ("UserId","NickName","Type","Sex","City" ) VALUES(currval('"hero_reduce"."user_id_seq"'),'575236720250070.htm',0,'null','北京-东城区') ; INSERT INTO "JobPosition" ("UserId","Name","Address","Title","Salary","Description")
                          VALUES(currval('"hero_reduce"."user_id_seq"'),'575236720250070.htm','北京-东城区','软件研发工程师','10001-15000','本岗位为代招职位   职位描述:1，根据产品需求开发基于Android客户端 ；2，验证和修正测试中发现的问题；3，学习和研究新技术以满足产品的需求；4，根据开发过程中的体验对产品提出改进建议任职要求：1，2年以上安卓客户端开发经验；2、工作积极主动，有较强责任感和严谨工作作风，能承受高强度的工作压力；3，计算机、软件及相关专业本科或者本科以上的学历；4，扎实的C++和JAVA语言基础，熟悉Android开发工具和相关开发测试工具的使用，丰富的实际代码编写经验，对移动产品有浓厚兴趣；5，良好的数据结构和算法基础；6，热爱移动互联网，有创业经历，有Android商业软件的开发经验者优先。   薪酬10-15K                                                                           职位联系方式                                                       公司名称：合优博蔓管理咨询(北京)有限公司 公司地址：北京市朝阳区霞光里5号瑞普电子海洋楼  传真： 公司主页：') ;
COMMIT;
INSERT INTO "User" ("Name","UserType","CreatedDatetime","UpdatedDatetime","Enabled")
                              VALUES ('575236720250126.htm',4,clock_timestamp(),clock_timestamp(),'t') ;
INSERT INTO "ZhilianUser" ("UserId","NickName","Type","Sex","City" ) VALUES(currval('"hero_reduce"."user_id_seq"'),'575236720250126.htm',0,'null','北京-昌平区') ; INSERT INTO "JobPosition" ("UserId","Name","Address","Title","Salary","Description")
                          VALUES(currval('"hero_reduce"."user_id_seq"'),'575236720250126.htm','北京-昌平区','软件研发工程师','15001-25000','岗位职责：1、 研究Android ROM源码，形成源码功能类关系和实现原理机制2、 负责 Android ROM 源码的开发、定制、打包、整合3、 参与 Android Framework 的修改和定制，为 App 应用层提供能力扩展SDK开发4、 负责Android源生内置应用的改造，配合UI设计部实现交互效果定制 任职要求：1、 熟悉Framework框架2、 精通Android系统Activity、Service、BroadcastReceiver、ContentProvider四大组件实现及原理3、 熟悉进程启动加载原理、熟悉消息处理机制（Looper、Handler）4、  熟悉Android系统的UI架构，熟悉Surface机制、掌握资源管理框架（Asser、Manager）、窗口管理服务（WindowManagerService）5、 熟悉Dalvilk虚拟机运行原理及机制, 熟悉Makefile、Gcc等工具的使用6、 了解四大组件原型，能自主优化组件能力7、 具备优化进程通讯，进程管理、进程处理等进程相关的编程开发能力8、 具备修改窗口管理服务实现自定义UI界面及自定义UI交互的能力9、 具备对虚拟机运行结构优化开发有调整框架，扩展运行能力 其它要求：                   学历：本科以上；专业：计算机或信息安全相关； 英语：大学英语六级以上；工作经验：3年以上； 年龄26-35岁，性别不限                                                                           职位联系方式                                                       公司名称：合优博蔓管理咨询(北京)有限公司 公司地址：北京市朝阳区霞光里5号瑞普电子海洋楼  传真： 公司主页：') ;
COMMIT;
INSERT INTO "User" ("Name","UserType","CreatedDatetime","UpdatedDatetime","Enabled")
                              VALUES ('677134125250012.htm',4,clock_timestamp(),clock_timestamp(),'t') ;
INSERT INTO "ZhilianUser" ("UserId","NickName","Type","Sex","City" ) VALUES(currval('"hero_reduce"."user_id_seq"'),'677134125250012.htm',0,'null','北京-海淀区') ; INSERT INTO "JobPosition" ("UserId","Name","Address","Title","Salary","Description")
                          VALUES(currval('"hero_reduce"."user_id_seq"'),'677134125250012.htm','北京-海淀区','手机软件开发工程师','4001-6000','岗位职责：1、完成软件系统代码的实现，编写代码注释和开发文档；2、辅助进行系统的功能设计定义,程序设计；3、根据设计文档或需求说明完成代码编写，调试，测试和维护；4、分析并解决软件开发过程中的问题；5、协助测试工程师制定测试计划，定位发现的问题；6、配合项目经理完各项任务。任职资格：1、有手机项目开发经验，并接受加班的要求。2、熟悉android应用开发框架activity生命周期，熟练进行android UI/Framework开发技能、熟练使用android SDK、熟练使用SQLLite数据库；3、熟悉android各种widget组件，能根据项目开发要求自定义控件4、熟悉android下网络通信机制，对Socket通信，tcp/ip、http和Xmpp有一定理解和经验；5、拥有良好的代码习惯，结构清晰，命名规范，逻辑性强。                                                                           职位联系方式                                                       公司名称：小邻小里科技(北京)有限公司 公司地址：海淀区上地三街9号金隅嘉华大厦C座606室  传真： 公司主页：                                                          查看职位地图') ;
COMMIT;
INSERT INTO "User" ("Name","UserType","CreatedDatetime","UpdatedDatetime","Enabled")
                              VALUES ('121040956252209.htm',4,clock_timestamp(),clock_timestamp(),'t') ;
INSERT INTO "ZhilianUser" ("UserId","NickName","Type","Sex","City" ) VALUES(currval('"hero_reduce"."user_id_seq"'),'121040956252209.htm',0,'null','北京') ; INSERT INTO "JobPosition" ("UserId","Name","Address","Title","Salary","Description")
                          VALUES(currval('"hero_reduce"."user_id_seq"'),'121040956252209.htm','北京','软件工程师','6000-10000','技术要求：1、 熟悉Java语言，熟练使用Java技术实现B/S网站制作技术2、 熟悉SQLServer数据库，能使用T-SQL语句能完成基本的数据库操，同时熟悉Oracle10g软件和P-SQL者优先。3、 熟练使用HTML、JavaScript制作网页，了解JQuery、ExtJS、Ajax框架者优先。4、 熟练使用JDBC、JSP、Servlet、JavaBean实现MVC开发5、 了解C#语言和VS2010平台者优先。6、 了解Linux系统者优先。7、 了解SSH框架者优先。8、 具备1到2年的实际开发经验者优先9、 有实际的项目经验者优先。任职要求：1、 计算机及相关专业毕业，本科以上学历，师范类院校优先，两年以上实际开发经验，且沟通，表达能力优秀者可放宽至专科2、 具有良好的沟通、表达能力，普通话标准，有亲和力，擅长与学员沟通交流，能够深入浅出，充分调动学员的积极性3、 敬业有责任心，热爱IT教育培训事业，从软件开发的热爱者变为软件开发热爱者的导师，更能提升个人价值4、只要你具备良好的沟通表达能力，乐于把自己的学识，经验与我们的学员共同分享，都可尝试联系我们，不用担心没有实际授课经验，我们会提供系统培训5、作为讲师，不用再为加班敲代码而烦恼，不用每天只是对着电脑，我们有很多时间可以练技术，同时我们还有一只非常专业有经验的团队，提供一个良好的技术交流平台，综合提升自己的沟通表达和管理能力6、给自己的未来多一个选择的机会，期待你的加入！                                                                           职位联系方式                                                       公司名称：北京北清远帆信息技术有限公司 公司地址：北京市宣武区广安门内大街315号IT信息大厦B座4-5层 公司主页：http://www.accpbj.com/                                                          查看职位地图') ;
COMMIT;
INSERT INTO "User" ("Name","UserType","CreatedDatetime","UpdatedDatetime","Enabled")
                              VALUES ('538930521250003.htm',4,clock_timestamp(),clock_timestamp(),'t') ;
INSERT INTO "ZhilianUser" ("UserId","NickName","Type","Sex","City" ) VALUES(currval('"hero_reduce"."user_id_seq"'),'538930521250003.htm',0,'null','北京') ; INSERT INTO "JobPosition" ("UserId","Name","Address","Title","Salary","Description")
                          VALUES(currval('"hero_reduce"."user_id_seq"'),'538930521250003.htm','北京','软件研发工程师','','岗位职责 1、负责 Android 开发环境搭建，应用程序的设计、开发工作； 2、负责完成软件开发、验证和和修正测试中发现的问题； 岗位要求 1、有面向对象，c或c++基础，扎实的数据结构知识；2、有良好的Java功底，熟练掌握Android API，理解Android运行原理和体系架构 ；3、要有很强的学习能力，可以短时间内掌握新的知识，有很强的预研和动手能力，能够帮助团队的专业能力提升； 4、良好的沟通能力和团队合作能力，优秀的心理素质。                                                                           职位联系方式                                                                                                                  查看职位地图') ;
COMMIT;
INSERT INTO "User" ("Name","UserType","CreatedDatetime","UpdatedDatetime","Enabled")
                              VALUES ('567164720250014.htm',4,clock_timestamp(),clock_timestamp(),'t') ;
INSERT INTO "ZhilianUser" ("UserId","NickName","Type","Sex","City" ) VALUES(currval('"hero_reduce"."user_id_seq"'),'567164720250014.htm',0,'null','北京-朝阳区') ; INSERT INTO "JobPosition" ("UserId","Name","Address","Title","Salary","Description")
                          VALUES(currval('"hero_reduce"."user_id_seq"'),'567164720250014.htm','北京-朝阳区','高级软件工程师','','岗位职责：1.Android客户端代码编写及相关维护工作；2.设计文档的编写，代码审查；3.产品质量控制，缺陷追踪，重构和产品技术持续改进；4.研发计划的制定，和进度把控；5.新技术的调研工作； 任职资格：1. 计算机及相关专业专科以上学历；      2. 具有面向对象编程思想，良好的Java技术功底，较好的JAVA数据结构和算法基础；3. 熟悉Android系统架构及相关技术，2年以上实际Android平台开发经验，对手机软件性能优化、内存优化有一定了解；4. 熟悉Android下网络通信机制，对Socket通信、TCP/IP和HTTP有一定的理解和经验，熟悉JSON,XML等数据交换格式；5. 熟悉数据库（Oracle MySql）开发；6. 具备xmpp或Voip开发经验者优先；7. 具有社交平台APP开发经验者优先；8. 思路清晰，思维敏捷，快速的学习能力，逻辑性强；                                9. 能承担较大工作压力，具备良好的沟通能力和团队合作精神，工作认真负责，积极主动。                                                                            职位联系方式                                                      公司名称：北京爱瘦科技有限公司公司地址：北京市朝阳区SOHO现代城4号楼1508电话：010-85894523公司主页：www.aishou.com                                                          查看职位地图') ;
COMMIT;
INSERT INTO "User" ("Name","UserType","CreatedDatetime","UpdatedDatetime","Enabled")
                              VALUES ('664507227250033.htm',4,clock_timestamp(),clock_timestamp(),'t') ;
INSERT INTO "ZhilianUser" ("UserId","NickName","Type","Sex","City" ) VALUES(currval('"hero_reduce"."user_id_seq"'),'664507227250033.htm',0,'null','北京-丰台区') ; INSERT INTO "JobPosition" ("UserId","Name","Address","Title","Salary","Description")
                          VALUES(currval('"hero_reduce"."user_id_seq"'),'664507227250033.htm','北京-丰台区','高级软件工程师','','【技术部】Android工程师职位描述：工作地点：北京市-丰台区 (地铁9号线沿线)岗位职责：1、负责Android手机客户端软件架构设计、开发等相关技术研发工作。2、参与产品的设计，代码开发，单元测试和bug修复工作。3、根据产品开发规范，完成相关技术文档编写。4、与产品、测试等相关人员配合共同完成产品的研发工作。任职资格：1、计算机应用等相关专业，本科及以上学历,2年以上工作经验。2、熟悉嵌入式系统体系结构和开发流程，有基于嵌入式linux，android   平台手机开发经验优先。3、深入掌握C，C++，JAVA语言（面向对象设计），有扎实的编程功底和编程经验。4、具备基本的无线通讯知识，有手机应用开发或者通讯协议相关工作经验者优先。5、敬业精神强，具有高度的责任心和优秀的工作态度。6、良好的学习和交流沟通能力，以及具有良好的团队意识和合作精神。我们希望等来的你，是和我们一样有想法、有追求、有活力！【特别说明】1、欲了解更多公司产品及业务，请关注微信服务号“再生活科技”。2、公司所有产品均为信息技术部自主研发。3、公司入职流程规范，可接收人事档案，提供五险一金。  4、公司官网正在进行工信部备案，备案期间无法访问。                                                                            职位联系方式                                                                                                                查看职位地图') ;
COMMIT;
INSERT INTO "User" ("Name","UserType","CreatedDatetime","UpdatedDatetime","Enabled")
                              VALUES ('000199470252456.htm',4,clock_timestamp(),clock_timestamp(),'t') ;
INSERT INTO "ZhilianUser" ("UserId","NickName","Type","Sex","City" ) VALUES(currval('"hero_reduce"."user_id_seq"'),'000199470252456.htm',0,'null','北京-西城区') ; INSERT INTO "JobPosition" ("UserId","Name","Address","Title","Salary","Description")
                          VALUES(currval('"hero_reduce"."user_id_seq"'),'000199470252456.htm','北京-西城区','软件研发工程师','','岗位职责：1、 负责android客户端架构设计、开发工作；2、 参与客户端产品的需求分析与UE设计讨论及确认；3、 负责产品后续迭代版本开发，不断优化相关产品的质量、性能、用户体验；4、 熟练操作主流市场提交审核流程，了解产品关键词；5、 跟踪和研究android客户端的技术热点和应用热点。任职要求：1、 大学本科及以上学历，计算机及相关专业； 2、 熟练掌握Java语言开发经验；3、 学习能力强，具有强烈的责任心，具有较强的沟通能力及团队合作精神； 4、 拥有至少2年以上android客户端实际开发经验，要求有作品（公司的项目或者自己的上线项目）； 5、 已在android应用商店发布过作品或具有电商经验者优先； 6、 有在github等开源社区拥有自己作品的优先； 7、 了解操作系统原理，熟悉JNI的优先聘用。择优条件：            1、 具有移动支付、网上银行或SP移动应用相关软件开发经验者优先；2、 具有移动/联通/电信WAP网关接入、开发、测试经验者优先；3、 具有VoIP软电话客户端软件开发经验者优先；4、  具有手机平台安全产品开发经验者优先。                                                                           职位联系方式                                                       公司名称：Symbio 北京研发中心 公司地址：北京海淀区上地五街5号高立两千大厦一层  传真：82784017 公司主页：www.symbio.com                                                          查看职位地图') ;
COMMIT;
INSERT INTO "User" ("Name","UserType","CreatedDatetime","UpdatedDatetime","Enabled")
                              VALUES ('192921312273261.htm',4,clock_timestamp(),clock_timestamp(),'t') ;
INSERT INTO "ZhilianUser" ("UserId","NickName","Type","Sex","City" ) VALUES(currval('"hero_reduce"."user_id_seq"'),'192921312273261.htm',0,'null','北京') ; INSERT INTO "JobPosition" ("UserId","Name","Address","Title","Salary","Description")
                          VALUES(currval('"hero_reduce"."user_id_seq"'),'192921312273261.htm','北京','手机软件开发工程师','','职位描述：1、负责京东Android客户端软件产品开发和维护；2、独立完成客户端软件需求的整理和软件设计；3、按照项目计划，按时提交高质量代码，完成开发任务；4、规范文档的编写、维护，以及其他与项目相关工作；5、按时按需完成客户端软件的维护及更新；6、辅助测试、运营人员完成版本的测试联调及上线等工作。任职资格：1.计算机及相关专业，本科及以上学历，三年以上Android开发经验；2.精通Java语言，掌握多线程,同步/异步编程， I/O, Socket, UI, RMI, JNI；3.精通Android SDK，有两年以上Android应用软件的开发经验；4.具有数据结构，算法等相关知识，较强的软件设计分析推导能力和解决问题能力；5.具有良好而规范的编程习惯和技术文档编写习惯，掌握SVN等主流配置管理工具的使用；6.善于在工作中与人配合，善于发现工作中的问题，能及时与人沟通，有很强的责任心；7.富于团队精神和敬业精神，具有良好的自学能力和独立解决问题的能力，能承受一定工作压力，在指定时间内完成高质量程序优秀的书面和口头表达能力。                                                                            职位联系方式                                                      公司名称：京东商城公司地址：北京市朝阳区北辰西路8号北辰世纪中心A座6层 传真：公司主页：http://www.jd.com/') ;
COMMIT;
INSERT INTO "User" ("Name","UserType","CreatedDatetime","UpdatedDatetime","Enabled")
                              VALUES ('392162127250051.htm',4,clock_timestamp(),clock_timestamp(),'t') ;
INSERT INTO "ZhilianUser" ("UserId","NickName","Type","Sex","City" ) VALUES(currval('"hero_reduce"."user_id_seq"'),'392162127250051.htm',0,'null','北京-大兴区') ; INSERT INTO "JobPosition" ("UserId","Name","Address","Title","Salary","Description")
                          VALUES(currval('"hero_reduce"."user_id_seq"'),'392162127250051.htm','北京-大兴区','手机软件开发工程师','10001-15000','岗位职责1.负责Android系统平台应用产品开发;2.根据应用产品开发进度和任务分配，开发相应的软件模块；3.根据项目需要，开发新的Android应用，修改和优化Android自带应用；4.参与软件系统的设计和分析设计工作；5.负责产品单元测试和日常维护；6.编写相应的技术文档；7.负责软件系统在Android平台下的软件终端设计和开发工作；任职资格1.计算机相关专业本科以上学历；2.两年以上Android系统开发经验;3.精通SQL编程、能熟练应用pl/sql编写存储过程,掌握数据抽取、数据库设计等知识、数据仓库理论;4.熟悉JAVA语言编程，熟悉Android平台下应用开发；5.有Android源码开发经验者优先；6.熟悉C/C++开发和JNI者优先；7.熟悉Linux下应用开发者优先；8.有良好的编程风格和技术文档的编写能力;能进行数据库系统方案的制定、编写和实施，参与项目的数据库设计，对数据库整体架构提出建议;9.工作积极主动，具备良好的沟通、协调能力，良好的团队合作精神，能够承受工作压力。                                                                            职位联系方式                                                      公司名称：中民康明通信科技(北京)有限公司公司地址：北京市亦庄经济技术开发区宏达北路16号2层 传真：010-67866513公司主页：http://www.ainia.com.cn/                                                          查看职位地图') ;
COMMIT;
INSERT INTO "User" ("Name","UserType","CreatedDatetime","UpdatedDatetime","Enabled")
                              VALUES ('542791428250015.htm',4,clock_timestamp(),clock_timestamp(),'t') ;
INSERT INTO "ZhilianUser" ("UserId","NickName","Type","Sex","City" ) VALUES(currval('"hero_reduce"."user_id_seq"'),'542791428250015.htm',0,'null','北京') ; INSERT INTO "JobPosition" ("UserId","Name","Address","Title","Salary","Description")
                          VALUES(currval('"hero_reduce"."user_id_seq"'),'542791428250015.htm','北京','手机软件开发工程师','','1、精通Android系统，有Android平台客户端的开发经验，有独立制作并发布的商用作品； 2、熟悉基于Android SDK的应用程序开发，熟练掌握Android代码优化技巧，跨手机平台兼容性，熟使用多种常用设计模式； 3、熟悉多线程相关操作及开发，熟练Http等网络协议，Json解析，XML解析等； 4、对新技术敏感，对移动应用开发行业充满热情； 5、思维清晰、敏捷；有高度的责任感和良好的团队精神。6、有交互、即时通讯经验者优先。注：面试请带上产品案例。                                                                            职位联系方式                                                      公司名称：北京宏信环科科技发展有限公司公司地址：朝阳区北辰西路69号峻峰华亭C座706室 传真：公司主页：                                                          查看职位地图') ;
COMMIT;
INSERT INTO "User" ("Name","UserType","CreatedDatetime","UpdatedDatetime","Enabled")
                              VALUES ('623178628250089.htm',4,clock_timestamp(),clock_timestamp(),'t') ;
INSERT INTO "ZhilianUser" ("UserId","NickName","Type","Sex","City" ) VALUES(currval('"hero_reduce"."user_id_seq"'),'623178628250089.htm',0,'null','北京-东城区') ; INSERT INTO "JobPosition" ("UserId","Name","Address","Title","Salary","Description")
                          VALUES(currval('"hero_reduce"."user_id_seq"'),'623178628250089.htm','北京-东城区','信息技术专员','','岗位职责：1、从事Android平台上层应用软件开发工作，包含新功能及新组件的需求分析，开发，问题调试等；2、根据开发流程完成开发任务并解决问题，撰写相应的开发文档和代码说明文件；3、支持第三方应用的集成；4、对客户提供支持。职位要求：1、计算机及相关专业本科及以上学历；2、两年以上Android应用开发经验，熟悉Android平台应用程序开发，有实际的开发经验；3、丰富的Java语言经验，熟悉面向对象编程，了解软件工程相关知识；4、熟悉AndroidSDK，熟悉Eclipse集成开发环境，了解Android Framework，对相应API能熟练掌握；5、熟悉一到两种常用代码管理工具CVS,SVN等；6、良好的解决问题和逻辑分析能力；7、良好的团队工作和沟通技巧。                                                                           职位联系方式                                                       公司名称：北京天驰利网络科技有限公司 公司地址：北京市 东城区 广渠门外大街 名敦道  传真： 公司主页：                                                          查看职位地图') ;
COMMIT;
INSERT INTO "User" ("Name","UserType","CreatedDatetime","UpdatedDatetime","Enabled")
                              VALUES ('380629525250360.htm',4,clock_timestamp(),clock_timestamp(),'t') ;
INSERT INTO "ZhilianUser" ("UserId","NickName","Type","Sex","City" ) VALUES(currval('"hero_reduce"."user_id_seq"'),'380629525250360.htm',0,'null','北京') ; INSERT INTO "JobPosition" ("UserId","Name","Address","Title","Salary","Description")
                          VALUES(currval('"hero_reduce"."user_id_seq"'),'380629525250360.htm','北京','软件工程师','','岗位职责：1、负责android客户端架构设计、开发工作；2、参与客户端产品的需求分析与UE设计讨论及确认；3、负责产品后续迭代版本开发，不断优化相关产品的质量、性能、用户体验；4、熟练操作主流市场提交审核流程，了解产品关键词；5、跟踪和研究android客户端的技术热点和应用热点。任职要求：1、大学本科及以上学历，计算机及相关专业； 2、熟练掌握Java语言开发经验；3、学习能力强，具有强烈的责任心，具有较强的沟通能力及团队合作精神； 4、拥有至少2年以上android客户端实际开发经验，要求有作品（公司的项目或者自己的上线项目）； 5、已在android应用商店发布过作品或具有电商经验者优先； 6、有在github等开源社区拥有自己作品的优先； 7、了解操作系统原理，熟悉JNI的优先聘用。择优条件：		1、具有移动支付、网上银行或SP移动应用相关软件开发经验者优先；2、具有移动/联通/电信WAP网关接入、开发、测试经验者优先；3、具有VoIP软电话客户端软件开发经验者优先；4、具有手机平台安全产品开发经验者优先。                                                                            职位联系方式                                                      公司名称：北京中科飞比科技有限公司公司地址：北京市海淀区上地十街1号院3号楼15层1519 传真：公司主页：www.faybee.com') ;
COMMIT;
INSERT INTO "User" ("Name","UserType","CreatedDatetime","UpdatedDatetime","Enabled")
                              VALUES ('589768123250003.htm',4,clock_timestamp(),clock_timestamp(),'t') ;
INSERT INTO "ZhilianUser" ("UserId","NickName","Type","Sex","City" ) VALUES(currval('"hero_reduce"."user_id_seq"'),'589768123250003.htm',0,'null','北京-海淀区') ; INSERT INTO "JobPosition" ("UserId","Name","Address","Title","Salary","Description")
                          VALUES(currval('"hero_reduce"."user_id_seq"'),'589768123250003.htm','北京-海淀区','软件研发工程师','6001-8000','岗位职责 1．参与软件需求与设计审核和代码检查；2．根据软件设计规范，开发基于Android的应用程序； 3．验证和修正测试中发现的问题； 4．配合市场等其他部门，提供产品相关技术支持； 5．学习和研究新技术以满足产品的需求；  职位要求：1．计算机及相关专业，本科以上学历。经验丰富者可适当放宽学历要求；2．有Android手机软件实际开发项目经验；熟练的Java编码技能 对软件产品有强烈的责任心 熟悉Android平台的应用开发，熟悉平台的相关接口，熟练使用API； 熟悉Android平台架构，有Android源码二次开发经验者优先； 3.良好的沟通能力和优秀的团队协作能力； 思路清晰，善于思考，良好的分析和独立解决问题的能力；聪明,有潜力，稳定性高；                                                                            职位联系方式                                                       公司名称：北京博文卡特科技有限公司 公司地址：海淀区蓝靛厂东路金源商务中心北侧5-2-B1B  传真： 公司主页：                                                          查看职位地图') ;
COMMIT;
INSERT INTO "User" ("Name","UserType","CreatedDatetime","UpdatedDatetime","Enabled")
                              VALUES ('120160395259491.htm',4,clock_timestamp(),clock_timestamp(),'t') ;
INSERT INTO "ZhilianUser" ("UserId","NickName","Type","Sex","City" ) VALUES(currval('"hero_reduce"."user_id_seq"'),'120160395259491.htm',0,'null','北京') ; INSERT INTO "JobPosition" ("UserId","Name","Address","Title","Salary","Description")
                          VALUES(currval('"hero_reduce"."user_id_seq"'),'120160395259491.htm','北京','手机软件开发工程师','','岗位职责1. 完成功能模块的设计、开发及调试工作；2. 配合BA完成用户需求分析；3. 配合UI设计人员完成软件的界面设计工作；4. 优化软件的功能，提升用户使用体验； 职位描述 1. 计算机、电子等相关专业本科(含)以上学历；2. 熟练掌握UI/UE开发，追求卓越的用户体验；3. 熟练掌握HTML5；4. 精通java，熟悉面向对象的程序设计；5. 熟悉android架构，2年以上android开发经验；6. 熟悉多线程、内存管理、Json及Xml数据结构及数据解析； 7. 熟悉android网络通信机制；8. 具有较规范的编码风格和习惯； 9. 工作积极主动、敬业负责，沟通能力强、团队合作精神强，能承受较大工作压力；10. 具有金融保险行业知识或具备一定项目管理经验者优先；                                                                           职位联系方式                                                       公司名称：中科软科技股份有限公司 公司地址：北京市海淀区中关村新科祥园甲6号  传真：82523227 公司主页：http://www.sinosoft.com.cn') ;
COMMIT;
INSERT INTO "User" ("Name","UserType","CreatedDatetime","UpdatedDatetime","Enabled")
                              VALUES ('152131121251145.htm',4,clock_timestamp(),clock_timestamp(),'t') ;
INSERT INTO "ZhilianUser" ("UserId","NickName","Type","Sex","City" ) VALUES(currval('"hero_reduce"."user_id_seq"'),'152131121251145.htm',0,'null','北京') ; INSERT INTO "JobPosition" ("UserId","Name","Address","Title","Salary","Description")
                          VALUES(currval('"hero_reduce"."user_id_seq"'),'152131121251145.htm','北京','手机软件开发工程师','','工作职责：1.负责Android客户端软件的产品开发和维护;2.按照项目计划，按时提交高质量代码，完成开发任务;3.规范文档的编写、维护，以及其他与项目相关工作;4.按时按需完成客户端软件的维护及更新;任职资格：1 本科以上学历，计算机、电子或相关专业;2 Java基本功扎实，至少1年以上Android平台开发经验;3 熟悉Android应用开发框架，能独立开发高性能的Android应用;4 熟悉Android环境下UI框架、数据库开发;5 熟悉android下网络通信机制，对socket通信、tcp/ip和http有较深刻的理解和经验;    6 对数据结构、基本算法熟练掌握，并具备基本的算法设计能力;7 做事积极主动，具有高度的责任感与团队合作精神，有良好的沟通能力;员工福利：国家规定社会保险及住房公积金、企业补充商业医疗/意外保险；年度健康测评；差旅补助；交通补贴、免费午餐；国家法定节日、员工生日会的礼品、礼券馈赠；法定节假日、法定带薪年休假、企业带薪福利假；公司开放日、团队拓展与出游、各项体育赛事、相亲会、精彩的公司年会；优秀人才出国培训、定期专家讲座、国际学术研讨会、与国际一流企业合作机会；完善的考核机制、晋升机制、加薪机制；应届毕业研究生择优解决北京市户口；协助员工办理北京市绿卡——工作居住证。                                                                            职位联系方式                                                       公司名称：博奥生物有限公司 公司地址：北京市昌平区生命科学园路18号  传真： 公司主页：www.capitalbio.com                                                          查看职位地图') ;
COMMIT;
INSERT INTO "User" ("Name","UserType","CreatedDatetime","UpdatedDatetime","Enabled")
                              VALUES ('588986321250111.htm',4,clock_timestamp(),clock_timestamp(),'t') ;
INSERT INTO "ZhilianUser" ("UserId","NickName","Type","Sex","City" ) VALUES(currval('"hero_reduce"."user_id_seq"'),'588986321250111.htm',0,'null','北京-朝阳区') ; INSERT INTO "JobPosition" ("UserId","Name","Address","Title","Salary","Description")
                          VALUES(currval('"hero_reduce"."user_id_seq"'),'588986321250111.htm','北京-朝阳区','手机软件开发工程师','','工作职责：1、参与Android等手机平台软件开发（至少具备一种平台开发经验）；2、按软件需求完成界面、逻辑功能、网络通信等设计；3、配合其他开发人员、测试人员，完成产品设计和发布；4、编写相关开发文档、技术资料等。 职位要求：1、精通JAVA语言，1年以上android开发经验；2、熟悉Android OS系统体系结构、framework、以及底层库；3、熟悉C/S应用结构； 4、熟悉Android下网络通信机制，对Socket通信、TCP/IP和http/https有较深刻的理解和经验；5、熟悉Android平台UI设计，熟悉常用布局；6、熟悉Android系统架构及相关技术，必须具备实际Android平台开发经验；7、熟悉无线网络及多媒体应用开发；8、思路清晰，思维敏捷，快速的学习能力，良好的英文资料阅读能力；9、能承担较大工作压力，具备良好的沟通能力和团队合作精神                                                                           职位联系方式                                                       公司名称：北京国人未来教育科技发展有限公司 公司地址：北京市朝阳区北苑路乙108号北美国际商务中心C座  传真： 公司主页：') ;
COMMIT;
INSERT INTO "User" ("Name","UserType","CreatedDatetime","UpdatedDatetime","Enabled")
                              VALUES ('151611911250000.htm',4,clock_timestamp(),clock_timestamp(),'t') ;
INSERT INTO "ZhilianUser" ("UserId","NickName","Type","Sex","City" ) VALUES(currval('"hero_reduce"."user_id_seq"'),'151611911250000.htm',0,'null','北京-东城区') ; INSERT INTO "JobPosition" ("UserId","Name","Address","Title","Salary","Description")
                          VALUES(currval('"hero_reduce"."user_id_seq"'),'151611911250000.htm','北京-东城区','高级软件工程师','','职位描述  1、Android平台应用软件开发；2、参与、协助产品的需求分析、设计、实现、测试、集成以及维护；3、撰写及维护相应的开发文档；4、应工作实际需要与其他部门协作开发。 职位要求1、2年以上嵌入式开发或者相关工作经验； 2. 精通Android开发平台的框架原理，能够熟练使用Android SDK、NDK；3. 有手机驱动、网络、应用、开发经验； 4. 精通Java，C++对面向对象的开发有深刻认识； 5. 有Brew、iphone、Symbian开发经验优先；6. 有良好的学习能力，思路清晰，善于思考，具有良好的分析和解决问题的能力；7. 有较好的沟通表达能力；8. 良好的英文读写能力。“逛逛商场”app应用介绍  “逛逛”首个汇集全中国商场，购物中心及其内销售的品牌的导购应用，帮你找到附近最适合您的商场，告诉您商场内品牌的优惠，打折，新品信息，做您的最佳”逛街助手“  特点：  ★商场大全-消费指南★  收录中国全部省会城市约1000家商场，购物中心，店中店，包含奢侈品高端商场如恒隆广场，新光天地，时尚潮流商场如大悦城、蓝色港湾，中档传统百货如贵友商场。  ★品牌大全-一键直达★  收录品牌达3000余个，包含奢侈品如爱马仕，路易威登；潮流时尚品牌如ZARA，H&M；化妆品品牌：娇兰，雅诗兰黛；美食品牌：俏江南，必胜客；乃至商场内的电影院都可以查询，品牌的官网，官方微博及当前城市当前城市的专卖店，专柜地址及电话，对应商品价格等信息。  ★微博聚合-信息最快★  按品牌、商场、银行信用卡微博聚合联接，可最迅速的获得最新品牌折扣，商场优惠信息。  苹果手机请到苹果商店搜  逛逛商场  https://itunes.apple.com/cn/app/guang-guang-shang-chang/id626154898?mt=8  逛逛安卓官方  http://www.guangguang.net.cn/download/android/guangguang.apk                                                                               职位联系方式                                                       公司名称：星空电讯科技发展（北京）有限公司 公司地址：北京市东城区海运仓1号海运仓国际大厦509 传真： 公司主页：www.starnet.com.cn                                                          查看职位地图') ;
COMMIT;
INSERT INTO "User" ("Name","UserType","CreatedDatetime","UpdatedDatetime","Enabled")
                              VALUES ('302682517251297.htm',4,clock_timestamp(),clock_timestamp(),'t') ;
INSERT INTO "ZhilianUser" ("UserId","NickName","Type","Sex","City" ) VALUES(currval('"hero_reduce"."user_id_seq"'),'302682517251297.htm',0,'null','北京-朝阳区') ; INSERT INTO "JobPosition" ("UserId","Name","Address","Title","Salary","Description")
                          VALUES(currval('"hero_reduce"."user_id_seq"'),'302682517251297.htm','北京-朝阳区','软件工程师','','职位标签：TM05职位要求：1、从事Adnroid端应用开发；2、配合项目经理的项目任务安排，保质保量完成相关开发工作。3、了解Android开发平台及框架原理；4、熟悉Android手机客户端软件架构设计,理解面向对象设计的基本原则；5、熟练掌握UI组件使用、常用布局和动画特效；6、具有良好的言语表达能力，善于与人沟通、合作，有良好的团队意识及高度责任心；7、具有良好的学习能力。工作地点：北京市朝阳区华普大厦备注：您可以直接申请此岗位，也可以将简历发送至hr#thd2000.com(发送时请将#改为@)                                                                            职位联系方式                                                      公司名称：北京华正明天信息技术有限公司公司地址：北京市海淀区中关村大街36号楼206室 传真：公司主页：www.thd2000.com                                                          查看职位地图') ;
COMMIT;
INSERT INTO "User" ("Name","UserType","CreatedDatetime","UpdatedDatetime","Enabled")
                              VALUES ('297515310250853.htm',4,clock_timestamp(),clock_timestamp(),'t') ;
INSERT INTO "ZhilianUser" ("UserId","NickName","Type","Sex","City" ) VALUES(currval('"hero_reduce"."user_id_seq"'),'297515310250853.htm',0,'null','北京-朝阳区') ; INSERT INTO "JobPosition" ("UserId","Name","Address","Title","Salary","Description")
                          VALUES(currval('"hero_reduce"."user_id_seq"'),'297515310250853.htm','北京-朝阳区','软件研发工程师','','岗位职责：1. 负责Android平台应用软件的开发；2. 参与软件功能设计、相关工作任务分配和开发进度计划的讨论；3. 遵循单元测试驱动设计和开发的工作模式，以迭代的方式完成软件开发工作；4. 编写必要的技术文档，为初级工程师的工作提供指导；岗位要求：1. 3年以上Android开发经验，（作为主程序员的角色）发布了1个以上的应用；2. 数据结构和算法基础扎实，理解并掌握面向对象的设计方法；3. 具备测试驱动开发（TDD）的经验， 能够设计和实现具备完善和直观的调用接口的可重用代码模块；4. 具备丰富的Java和Android编程经验，同时具备C/C++编程经验的优先考虑；5. 具备以下（至少一个）领域技术的开发经验：Android UI / Graphics / Animation / OpenGL ESSQLite / REST-like network APIsCore Bluetooth / Bluetooth Low Energy6. 具备Git或SVN等版本管理工具的使用经验；7. 对工作充满热情，具有良好的沟通表达能力；（以下是加分项）8. 能够使用调优工具来不断改善应用的性能；9. 能够自发地对代码进行必要的重构；10. 能够了解和利用开源社区的成果，有参与开源项目则更好；                                                                            职位联系方式                                                      公司名称：宝迪沃健康管理集团公司地址：北京市朝阳区将台路6号丽都广场5号商业楼宝迪沃1-3层 传真：公司主页：                                                          查看职位地图') ;
COMMIT;
INSERT INTO "User" ("Name","UserType","CreatedDatetime","UpdatedDatetime","Enabled")
                              VALUES ('658608522250147.htm',4,clock_timestamp(),clock_timestamp(),'t') ;
INSERT INTO "ZhilianUser" ("UserId","NickName","Type","Sex","City" ) VALUES(currval('"hero_reduce"."user_id_seq"'),'658608522250147.htm',0,'null','北京-海淀区') ; INSERT INTO "JobPosition" ("UserId","Name","Address","Title","Salary","Description")
                          VALUES(currval('"hero_reduce"."user_id_seq"'),'658608522250147.htm','北京-海淀区','系统分析员','15001-25000','招聘岗位： Android开发工程师   岗位职责：   1.负责搭建APP稳定性相关数据统计系统，以及负责APP稳定性相关的优化   2.负责APP底层网络连接相关的优化   3.负责app开发。   任职资格的具体描述：   1.本科以上，2年以上 Android开发经验2.精通TCP/IP协议，Socket API   3.熟悉Android Framework，非常了解Android平台系统日志的记录及抓取。   4.有APP网络优化相关经验的优先，对APP稳定性及优化有深刻的理解   5.有收集crash日志相关开发经验的优先   6.有地图相关APP开发经验的优先                                                                            职位联系方式                                                       公司名称：真来电(北京)科技有限公司 公司地址：北京市海淀区上地三街9号金隅嘉华大厦A座1205  传真： 公司主页：http://www.tingchebao') ;
COMMIT;
INSERT INTO "User" ("Name","UserType","CreatedDatetime","UpdatedDatetime","Enabled")
                              VALUES ('144852814250111.htm',4,clock_timestamp(),clock_timestamp(),'t') ;
INSERT INTO "ZhilianUser" ("UserId","NickName","Type","Sex","City" ) VALUES(currval('"hero_reduce"."user_id_seq"'),'144852814250111.htm',0,'null','北京-海淀区') ; INSERT INTO "JobPosition" ("UserId","Name","Address","Title","Salary","Description")
                          VALUES(currval('"hero_reduce"."user_id_seq"'),'144852814250111.htm','北京-海淀区','手机软件开发工程师','','岗位职责：       1.  负责 Android应用程序开发工作；       2.  负责整体架构，功能的设计与定义；       3.  负责整体把控产品质量。  任职要求：       1.   专科以上学历，计算机相关专业，2年以上手机相关软件开发经验；       2.   有良好的Java功底,，熟练掌握Android API，理解Android运行原理和体系架构；       3.   熟悉android各版本SDK异同，对版本兼容性有较多经验（2.1-4.4）。       4.   熟悉HTTP 网络通信，XML、JSON数据解析；       5.   对UI的效果实现有一丝不苟的态度和能力。       6.   需要较强的错误调试并解决的能力。       7.   对新技术感兴趣，学习能力强，有钻研和开拓精神；       8.   工作勤奋主动，有责任心，具有良好的沟通能力和团队精神；       9.   独立完成过项目者优先。      （简历附作品，或链接）         公司发展势头强劲，人文气息浓厚。秉承共同发展，共同受益的原则，诚待各路精英的加盟，与公司一起成长，共赢未来。                                                                            职位联系方式                                                      公司名称：北京闻言科技有限公司公司地址：北京市海淀区知春路49号希格玛公寓B座 传真：82899226-302公司主页：www.itingwang.com                                                          查看职位地图') ;
COMMIT;
INSERT INTO "User" ("Name","UserType","CreatedDatetime","UpdatedDatetime","Enabled")
                              VALUES ('202113714250015.htm',4,clock_timestamp(),clock_timestamp(),'t') ;
INSERT INTO "ZhilianUser" ("UserId","NickName","Type","Sex","City" ) VALUES(currval('"hero_reduce"."user_id_seq"'),'202113714250015.htm',0,'null','北京-东城区') ; INSERT INTO "JobPosition" ("UserId","Name","Address","Title","Salary","Description")
                          VALUES(currval('"hero_reduce"."user_id_seq"'),'202113714250015.htm','北京-东城区','软件工程师','','任职要求： 1、精通JAVA编程语言； 2、熟悉Android开发环境并拥有实际的开发工作经验； 3、良好编程习惯和文档编写习惯； 4、具备良好的分析解决问题能力，能独立承担任务和有系统进度把控能力； 5、责任心强，具备良好的团队合作和沟通能力； 6、语言要求：能够阅读英文技术参考文献  工作职责： 1、基于Android平台开发面向手机及其他数码产品的应用软件； 2、参与需求分析、共同完成软件功能制定和UI的设计； 3、进行软件测试及其他相关工作。                                                                           职位联系方式                                                       公司名称：北京通正世纪科技有限公司 公司地址：北京市东城区广渠门内大街16号环境大厦908  传真： 公司主页：                                                          查看职位地图') ;
COMMIT;
INSERT INTO "User" ("Name","UserType","CreatedDatetime","UpdatedDatetime","Enabled")
                              VALUES ('173868115250803.htm',4,clock_timestamp(),clock_timestamp(),'t') ;
INSERT INTO "ZhilianUser" ("UserId","NickName","Type","Sex","City" ) VALUES(currval('"hero_reduce"."user_id_seq"'),'173868115250803.htm',0,'null','北京-海淀区') ; INSERT INTO "JobPosition" ("UserId","Name","Address","Title","Salary","Description")
                          VALUES(currval('"hero_reduce"."user_id_seq"'),'173868115250803.htm','北京-海淀区','高级软件工程师','','岗位职责：1、负责公司Andriod移动互联产品的研发工作。2、开发、调试相关Android应用程序。3、热爱互联网新技术，能够不断学习和研究新技术以满足行业应用的需求。职位要求：1、大专或以上计算机软件或相关专业毕业。2、熟悉Android系统架构及UI实现相关技术，两年以上Android应用开发经验， 有自主开发的Android Apps上线者优先。3、熟悉网络编程,了解 Web Service, HTTP、TCP/IP协义,有Socket开发经验者优先。4、有强烈上进心，积极进取，学习适应能力强，态度乐观，团队意识强。 公司提供：1.行业具有竞争力的薪酬；2.社保、车补饭补；3.生日活动、员工旅游；4.拓展学习、晋升空间等。                                                                           职位联系方式                                                       公司名称：世纪闻康(北京)科技发展有限公司 公司地址：北京市海淀区学院路35号（学院桥西南角）世宁大厦15层  传真：625000153 公司主页：www.xywy.com') ;
COMMIT;
INSERT INTO "User" ("Name","UserType","CreatedDatetime","UpdatedDatetime","Enabled")
                              VALUES ('594210426250040.htm',4,clock_timestamp(),clock_timestamp(),'t') ;
INSERT INTO "ZhilianUser" ("UserId","NickName","Type","Sex","City" ) VALUES(currval('"hero_reduce"."user_id_seq"'),'594210426250040.htm',0,'null','北京-海淀区') ; INSERT INTO "JobPosition" ("UserId","Name","Address","Title","Salary","Description")
                          VALUES(currval('"hero_reduce"."user_id_seq"'),'594210426250040.htm','北京-海淀区','高级软件工程师','10001-15000','岗位职责1、熟练使用Java_script、HTML/HTML5/XML、CSS/CSS3、Ajax等前端开发技术,熟悉W3C标准；2、根据产品设计文档和视觉文件，利用HTML5相关技术开发移动平台的web前端页面；3、基于HTML5.0标准进行页面制作，编写可复用的用户界面组件；4、持续的优化前端体验和页面响应速度，并保证兼容性和执行效率；5、配合后台工程师一起研讨技术实现方案，进行应用及系统整合。技能要求1、熟悉JQuery Mobile，Sencha Touch，PhoneGap等跨平台移动应用中间件框架；2、了解PC不同浏览器的差异重点IE10 IE8 Google Mozilla Firefox Safari 等；3、有实际移动平台web前端开发和HTML5实践工作经验优先考虑；4、有android、iphone、ipad等智能手机和平板开发经验优先考虑；5、有微信公众平台应用开发经验者优先考虑；6、良好的逻辑思维能力和团队合作能力，有快速分析和解决问题的能力；7、工作积极主动，责任心强，工作踏实严谨。                                                                            职位联系方式                                                      公司名称：北京万方软件股份有限公司公司地址：北京市海淀区复兴路15号中国科学技术信息研究所217室 传真：公司主页：null                                                          查看职位地图') ;
COMMIT;
INSERT INTO "User" ("Name","UserType","CreatedDatetime","UpdatedDatetime","Enabled")
                              VALUES ('303215413251806.htm',4,clock_timestamp(),clock_timestamp(),'t') ;
INSERT INTO "ZhilianUser" ("UserId","NickName","Type","Sex","City" ) VALUES(currval('"hero_reduce"."user_id_seq"'),'303215413251806.htm',0,'null','北京') ; INSERT INTO "JobPosition" ("UserId","Name","Address","Title","Salary","Description")
                          VALUES(currval('"hero_reduce"."user_id_seq"'),'303215413251806.htm','北京','软件工程师','','岗位职责：1、负责Android客户端设计，开发，发布等。2、根据研发过程中的体验对产品提出建议。3、负责相关技术文档的撰写。任职资格：1、拥有2年以上移动端Android 开发经验。2、掌握面向对象和常用的设计模式。3、熟悉JSON/XML、HTTP、TCP/IP等协议，掌握REST，有网络编程经验。4、具有良好的代码风格，优秀的编程效率和处理问题能力。5、具备较强的设计能力、需求分析能力、文档编写能力。6、有良好的团队合作经验。联系方式公司名称：新国人教育集团公司地址：北京市朝阳区北苑路86号北美国际商务中心C座115-116室传真：公司主页：www.jishijiajiao.com                                                                            职位联系方式                                                      公司名称：新国人教育集团公司地址：北京市西城区佟麟阁路95号尚信大厦12层 传真：公司主页：www.jishijiajiao.com') ;
COMMIT;
INSERT INTO "User" ("Name","UserType","CreatedDatetime","UpdatedDatetime","Enabled")
                              VALUES ('667966025250141.htm',4,clock_timestamp(),clock_timestamp(),'t') ;
INSERT INTO "ZhilianUser" ("UserId","NickName","Type","Sex","City" ) VALUES(currval('"hero_reduce"."user_id_seq"'),'667966025250141.htm',0,'null','北京') ; INSERT INTO "JobPosition" ("UserId","Name","Address","Title","Salary","Description")
                          VALUES(currval('"hero_reduce"."user_id_seq"'),'667966025250141.htm','北京','软件工程师','','岗位职责：  1、根据产品需求，进行公司android平台产品的开发、重构、维护工作  2、预研android平台技术，对android软件开发技术方面的评估以及可行性方面进行分析和探索；  3、对用户使用android平台产品的问题提供技术支持  4、参与产品设计讨论分析。  岗位要求：  1、  统招本科以上学历；  2、  计算机相关专业；  3、  能读懂较大规模的程序，能对程序进行梳理重构  4、  具备一定的业务逻辑分析能力；  5、  有数据库、网络、和UI程序设计的基础；  6、  学习能力强，可培训性强，热爱技术；  有相关工作经验者优先。                                                                           职位联系方式                                                       公司名称：蓝信工场(北京)科技有限公司公司地址：北京市海淀区知春路甲48号盈都大厦A座9层09A（知春路地铁站） 公司主页：www.lanxin.cn                                                          查看职位地图') ;
COMMIT;
INSERT INTO "User" ("Name","UserType","CreatedDatetime","UpdatedDatetime","Enabled")
                              VALUES ('139297305251517.htm',4,clock_timestamp(),clock_timestamp(),'t') ;
INSERT INTO "ZhilianUser" ("UserId","NickName","Type","Sex","City" ) VALUES(currval('"hero_reduce"."user_id_seq"'),'139297305251517.htm',0,'null','北京') ; INSERT INTO "JobPosition" ("UserId","Name","Address","Title","Salary","Description")
                          VALUES(currval('"hero_reduce"."user_id_seq"'),'139297305251517.htm','北京','软件研发工程师','','岗位职责： -负责公司O2O相关产品架构设计和研发； -验证和修正测试中发现的问题； -学习和研究新技术以满足产品的需求； -配合其他部门，提供产品相关技术支持。 任职资格： -专科或以上学历，计算机软件、通讯相关专业优先； -android相关工作经验2年以上，同时兼有ios/winphone经验优先； -有扎实的C++和Java语言基础； -熟悉Android开发技术，包括UI、网络等方面； -熟悉Android开发工具和相关开发测试工具的使用； -工作积极主动，有较强责任感和严谨工作作风，能承受工作压力； -对移动产品有浓厚兴趣。                                                                           职位联系方式                                                       公司名称：小鬼当佳时尚儿童摄影连锁机构   公司地址：北京朝阳区朝阳北路99号2单元509室  传真： 公司主页：www.xgdj.com.cn') ;
COMMIT;
INSERT INTO "User" ("Name","UserType","CreatedDatetime","UpdatedDatetime","Enabled")
                              VALUES ('388662025250074.htm',4,clock_timestamp(),clock_timestamp(),'t') ;
INSERT INTO "ZhilianUser" ("UserId","NickName","Type","Sex","City" ) VALUES(currval('"hero_reduce"."user_id_seq"'),'388662025250074.htm',0,'null','北京-海淀区') ; INSERT INTO "JobPosition" ("UserId","Name","Address","Title","Salary","Description")
                          VALUES(currval('"hero_reduce"."user_id_seq"'),'388662025250074.htm','北京-海淀区','手机软件开发工程师','','岗位职责1、负责我的大夫、随访助手等Android端App代码开发和维护2、负责与产品经理沟通、评审相关产品设计3、负责完成相关开发排期4、负责移动端文档的编写   岗位要求：1、三年以上Android开发经验，熟悉Android布局规范，熟悉Java/C++，熟悉Android SDK/NDK，有较强的架构设计能力，熟练使用轻量级开发框架；2、具备很强需求分析和系统设计能力，以及较强的逻辑分析和独立解决问题能力；3、研究过Android系统源代码的优先考虑；4、具有良好的学习能力，具有良好的沟通及团队合作能力；能够承受较大的工作压力；5、有良好的代码书写、注释和测试等习惯；文档编写经验丰富；                                                                           职位联系方式                                                       公司名称：北京山海树科技有限公司 公司地址：北京市海淀区知春路113号银网中心A座1802  传真： 公司主页：http://www.shinehealth.cn                                                          查看职位地图') ;
COMMIT;
INSERT INTO "User" ("Name","UserType","CreatedDatetime","UpdatedDatetime","Enabled")
                              VALUES ('631544922250001.htm',4,clock_timestamp(),clock_timestamp(),'t') ;
INSERT INTO "ZhilianUser" ("UserId","NickName","Type","Sex","City" ) VALUES(currval('"hero_reduce"."user_id_seq"'),'631544922250001.htm',0,'null','北京-海淀区') ; INSERT INTO "JobPosition" ("UserId","Name","Address","Title","Salary","Description")
                          VALUES(currval('"hero_reduce"."user_id_seq"'),'631544922250001.htm','北京-海淀区','软件工程师','','任职要求：   1、大专及以上学历；计算机相关专业； 2、掌握Android平台应用软件开发技术； 掌握Android系统网络编程能力； 熟悉Adodb AIR编程技术者优先考虑；    3、 Android系统软件开发三年以上工作经验者优先考虑;  4、 工作积极、认真、刻苦，具有良好的团队合作精神。     岗位职责：   1、 负责ZUDEMI相关产品IOS的实现，负责相关逻辑代码的抽象实现；2、 负责与产品沟通协调，有较强的时间管理理念，保障进度的顺利实施；3、 负责代码的和产品的优化，持续提高APP用户体验；4、 负责与后端配合沟通，并完成相关页面制作；5、 负责android团队的项目管理，代码优化架构设计。                                                                           职位联系方式                                                       公司名称：北京第一纪信息技术有限公司 公司地址：北京市海淀区上地宜品上层5036  传真：010-59798010 公司主页：http://www.traciing.com(正在建设中)                                                          查看职位地图') ;
COMMIT;
INSERT INTO "User" ("Name","UserType","CreatedDatetime","UpdatedDatetime","Enabled")
                              VALUES ('631544922250005.htm',4,clock_timestamp(),clock_timestamp(),'t') ;
INSERT INTO "ZhilianUser" ("UserId","NickName","Type","Sex","City" ) VALUES(currval('"hero_reduce"."user_id_seq"'),'631544922250005.htm',0,'null','北京-海淀区') ; INSERT INTO "JobPosition" ("UserId","Name","Address","Title","Salary","Description")
                          VALUES(currval('"hero_reduce"."user_id_seq"'),'631544922250005.htm','北京-海淀区','软件工程师','','1、相关专业本科以上学历，1年相关工作经验； 2、精通Java语言； 3、精通Android/iOS架构， 熟练掌握Android/ios的API，理解Android/ios的体系结构，掌握Android/ios中界面绘制、后台运行、数据存储等的原理，以及各个不同版本os特点 4、熟悉xml、http、TCP/IP协议 5. 能独立进行应用程序开发和移植； 6、具有良好的学习能力，良好的分析和解决问题能力，责任心强，能独立分析解决问题； 7、具有良好的团队合作精神。                                                                           职位联系方式                                                       公司名称：北京第一纪信息技术有限公司 公司地址：北京市海淀区上地安宁庄西三条9号宜品上层5-306  电    话：01059798010 传真：010-82435110 公司主页：http://www.traciing.com 邮    箱：                                                          查看职位地图') ;
COMMIT;
INSERT INTO "User" ("Name","UserType","CreatedDatetime","UpdatedDatetime","Enabled")
                              VALUES ('190837527250332.htm',4,clock_timestamp(),clock_timestamp(),'t') ;
INSERT INTO "ZhilianUser" ("UserId","NickName","Type","Sex","City" ) VALUES(currval('"hero_reduce"."user_id_seq"'),'190837527250332.htm',0,'null','北京-海淀区') ; INSERT INTO "JobPosition" ("UserId","Name","Address","Title","Salary","Description")
                          VALUES(currval('"hero_reduce"."user_id_seq"'),'190837527250332.htm','北京-海淀区','软件工程师','','工作职责：1、独立处理和解决所负责的开发任务，完成android平台的开发工作；2、根据开发进度和任务分配，完成相应模块软件的架构、设计、开发、编程任务；3、进行程序单元、功能的测试，查出软件存在的缺陷并保证其质量；4、负责相关产品的文档撰写，整体调控产品的开发与发布；5、根据需求和测试报告进行代码修改以保证软件质量；6、具有良好的编程习惯，书写易维护，易阅读的代码 / 注释 ；7、在产品上线后根据后续反馈结果对产品进行优化，不断丰富和完善产品。 任职要求：1、两年以上app平台开发工作经验，熟悉Android平台常用的开发技术、系统框架原理和底层库；2、熟练掌握Java编程语言，有良好编码风格,精通数据结构、算法、软件设计，对终端优化有深入了解；3、熟练掌握Android界面布局及绘制、数据存储、网络通信机制等；4、熟悉LBS，熟悉Activity,Handler和Service的原理及工作机制；5、产品逻辑思维严谨，有较强的理解能力与文字表达能力，较强的沟通协调能力；6、至少有一个完整项目的开发以及上线经验。熟悉不同的应用发布渠道。7、有资讯阅读类开发经验优先考虑，有股市类软件开发经验优先考虑。8、具备良好的团队合作精神、高度的责任感。                                                                           职位联系方式                                                       公司名称：北京智慧联合风险管理科技有限公司 公司地址：海淀区上地三街9号嘉华大厦B座1201  传真：82784288 公司主页：http://www.kolong.cn/') ;
COMMIT;
INSERT INTO "User" ("Name","UserType","CreatedDatetime","UpdatedDatetime","Enabled")
                              VALUES ('643818123250021.htm',4,clock_timestamp(),clock_timestamp(),'t') ;
INSERT INTO "ZhilianUser" ("UserId","NickName","Type","Sex","City" ) VALUES(currval('"hero_reduce"."user_id_seq"'),'643818123250021.htm',0,'null','北京-海淀区') ; INSERT INTO "JobPosition" ("UserId","Name","Address","Title","Salary","Description")
                          VALUES(currval('"hero_reduce"."user_id_seq"'),'643818123250021.htm','北京-海淀区','互联网软件工程师','4000-10000','Android开发工程师 岗位职责：  1. 负责手机客户端软件相关的系统分析、系统架构、设计；  2. 负责编写对应的系统架构设计书； 3. 负责项目中重点难点技术的攻关。    任职要求：1. 熟练掌握Android的开发技术； 2. 具有丰富的手机软件架构设计经验和性能调优经验，熟练掌握各种分析工具； 3. 计算机（或相关专业）本科及以上学历,及2年以上相关工作经验； 4. 优秀的分析问题和解决问题的能力，对解决挑战性问题充满激情。                                                                            职位联系方式                                                      公司名称：铭仁（北京）教育科技有限责任公司公司地址：海淀区上地东路9号得实大厦一层') ;
COMMIT;
INSERT INTO "User" ("Name","UserType","CreatedDatetime","UpdatedDatetime","Enabled")
                              VALUES ('142549837250261.htm',4,clock_timestamp(),clock_timestamp(),'t') ;
INSERT INTO "ZhilianUser" ("UserId","NickName","Type","Sex","City" ) VALUES(currval('"hero_reduce"."user_id_seq"'),'142549837250261.htm',0,'null','北京') ; INSERT INTO "JobPosition" ("UserId","Name","Address","Title","Salary","Description")
                          VALUES(currval('"hero_reduce"."user_id_seq"'),'142549837250261.htm','北京','培训师/讲师','','岗位职责：1.  制定院校课程的教学实施计划；2.  根据相关技术的发展，建立该课程的标准课程体系及培训模式；3.  完成课程产品的概要设计，组织并直接参与课程资料的研发和维护；4.  合理调配资源，严格教学管理过程，组织并参与完成各种教学活动，保证教学质量；5.  把握行业及技术发展动态，紧跟企业用人需求，制定部门内训机制，保证部门人员技术先进性；6.  配合市场和渠道部门的相关技术性工作；7.  教学研发团队日常管理及建设，包括任务分配、人员管理、招聘、绩效、激励等。任职要求： 1、5年以上Android/IOS开发或教学经验2、熟练掌握 Android/IOS 相关技术，有 Android/IOS 框架研究经验或Android/IOS源代码学习经验更佳。3、喜欢并愿意分享自己的技术，帮助更多的人掌握Android/IOS技术。4、有自己的技术博客或有自己的著作（图书）或参与过开源项目优先。                                                                            职位联系方式                                                      公司名称：北京尚学堂科技有限公司公司地址：北京市海淀区建材城西路85号神州科技园B座三层 传真：公司主页：www.bjsxt.com                                                          查看职位地图') ;
COMMIT;
INSERT INTO "User" ("Name","UserType","CreatedDatetime","UpdatedDatetime","Enabled")
                              VALUES ('140045400250023.htm',4,clock_timestamp(),clock_timestamp(),'t') ;
INSERT INTO "ZhilianUser" ("UserId","NickName","Type","Sex","City" ) VALUES(currval('"hero_reduce"."user_id_seq"'),'140045400250023.htm',0,'null','北京-朝阳区') ; INSERT INTO "JobPosition" ("UserId","Name","Address","Title","Salary","Description")
                          VALUES(currval('"hero_reduce"."user_id_seq"'),'140045400250023.htm','北京-朝阳区','软件工程师','6001-8000','具有一年以上 iOS 或 Android 平台开发经验；了解常见webservice技术和数据库基本知识；充分的英文阅读、书写能力，简单的英语口语沟通能力；建议应聘者应具有本科或以上学历，但我们更看重能力而不是学历；  对解决问题充满热情并且希望研究最新技术；请发送简单的英文自我介绍和中英文简历。                                                                            职位联系方式                                                      公司名称：中交虹桥(北京)科技有限责任公司公司地址：北京市朝阳区工体北路甲2号盈科中心 电话：010-65876937公司主页：www.tekever.com产品主页：www.mobizy.com                                                          查看职位地图') ;
COMMIT;
INSERT INTO "User" ("Name","UserType","CreatedDatetime","UpdatedDatetime","Enabled")
                              VALUES ('506849225250000.htm',4,clock_timestamp(),clock_timestamp(),'t') ;
INSERT INTO "ZhilianUser" ("UserId","NickName","Type","Sex","City" ) VALUES(currval('"hero_reduce"."user_id_seq"'),'506849225250000.htm',0,'null','北京-朝阳区') ; INSERT INTO "JobPosition" ("UserId","Name","Address","Title","Salary","Description")
                          VALUES(currval('"hero_reduce"."user_id_seq"'),'506849225250000.htm','北京-朝阳区','高级软件工程师','','岗位职责：1、负责android移动客户端应用的设计和开发。2、参与Android客户端软件产品的概要设计、详细设计和编码，确保项目进度和质量达到相关要求；3、协同测试和客户服务等部门解决客户端软件开发和发布过程中出现的各种问题；4、持续地优化相关的产品的质量、性能和用户体验；5、参与软件技术架构和关键技术的攻关；6、参与内部技术交流，提升软件开发水平和团队协同能力。 职位要求：1、熟练掌握Android SDK开发；2、熟悉Eclipse开发环境；3、二年以上Java开发经验；4、有良好的文档写作能力；5、英语良好，具有一定的英文文档阅读能力；6、有较好的团队合作精神、良好的沟通能力、高度的责任感和较强的抗压能力；7、有android上基于视频流的开发经验者优先                                                                           职位联系方式                                                      威视创建科技（北京）有限公司威视创建科技（北京）有限公司是一家专业从事计算机视觉与图像处理技术以及相关产品研发的高新技术企业，专注服务于智能视觉、智能安防监控领域，并已在相关领域沁润多年。公司紧紧把握前沿的科技创新理念，依托优秀的研发团队，采用国际上最先进且实用的算法理论，成功开发出具有完全自主知识产权的智能安全防护的系列产品；公司秉承“开拓创新、品质一流、客户满意”的经营理念，将倾力于为公安、交通、金融、物业管理、电力、体育场馆等行业提供稳定可靠、专业先进的视频硬、软件系统和解决方案。公司矢志成为一流的智能视频分析、智能监控解决方案的供应商和相应硬软件系统的开发商、并期望在计算机视觉技术领域有长久的建树以及较深远的影响力。威视创建科技（北京）有限公司经过近5年积累，其产品已成熟应用于交通、超市、商场、公园、机场等公共场所。凭借着加州大学、清华大学的计算机视觉与人工智能研究中心的理论研究支撑，保证了其智能视频产品的技术领先地位，并能够推陈出新，持续发展，迅速地将计算机视觉领域里的最新成果，迅速转化为性能优异的产品。威视系类智能视频产品广泛应用于平安城市、大型厂矿、智能楼宇、智能监狱、交通城管等诸多行业，利用先进的计算机识别技术，很大程度上提高了监控的有效性。 公司官网：www.wisevisual.com公司地址：北京市朝阳区慧忠北里103号洛克时代A座8A06公司传真：010-84871214                                                          查看职位地图') ;
COMMIT;
INSERT INTO "User" ("Name","UserType","CreatedDatetime","UpdatedDatetime","Enabled")
                              VALUES ('192921312273253.htm',4,clock_timestamp(),clock_timestamp(),'t') ;
INSERT INTO "ZhilianUser" ("UserId","NickName","Type","Sex","City" ) VALUES(currval('"hero_reduce"."user_id_seq"'),'192921312273253.htm',0,'null','北京') ; INSERT INTO "JobPosition" ("UserId","Name","Address","Title","Salary","Description")
                          VALUES(currval('"hero_reduce"."user_id_seq"'),'192921312273253.htm','北京','软件工程师','','岗位要求：精通Android开 发平台及框架，三年以上软件开发经验，两年以上Android应 用开发 经验；精通Android GUI程 序开发；熟悉HTML/WML/HTTP,具 有良好的编程思想；熟悉C/C++或 者Java开发语言和环境；基础扎实，精通常用数据结构与算法和设计能力；熟悉移动终端特性和开发特点； 熟 悉移动终端网络编程，了解3G\WiFi等技术；熟悉C++/C#, MSSQL/MySQL数 据库开发；熟悉多线程、Socket或ACE等网络通信编程 技术；有过SDK开发 经验者优先；英语良好，能阅读英文资料；工作职责：负责Android平 台的应用开发和SDK开发。在Android手 机上设计并开发应用程序；负责Android项 目的架构设计、方案的制定；跟进Android的 新技术发展。纂写设计开发及实现文档；根据产品功能需求设计并完成软件实现；参与产品需求分析并制定技术实施方案；                                                                           职位联系方式                                                       公司名称：京东商城 公司地址：北京市朝阳区北辰西路8号北辰世纪中心A座6层  传真： 公司主页：http://www.jd.com/') ;
COMMIT;
INSERT INTO "User" ("Name","UserType","CreatedDatetime","UpdatedDatetime","Enabled")
                              VALUES ('144633543250203.htm',4,clock_timestamp(),clock_timestamp(),'t') ;
INSERT INTO "ZhilianUser" ("UserId","NickName","Type","Sex","City" ) VALUES(currval('"hero_reduce"."user_id_seq"'),'144633543250203.htm',0,'null','北京') ; INSERT INTO "JobPosition" ("UserId","Name","Address","Title","Salary","Description")
                          VALUES(currval('"hero_reduce"."user_id_seq"'),'144633543250203.htm','北京','高级软件工程师','','工作职责：  1. 软件需求的整理和软件设计；  2. 按照项目计划，按时提交高质量代码，完成开发任务；  3. 规范文档的编写、维护，以及其他与项目相关工作；  4. 按时按需完成客户端软件的维护及更新；   岗位要求： 1. 三年以上Android开发经验，熟悉Linux操作系统；2. 精通Android开发平台的框架原理，熟悉Android应用开发流程，熟练掌握Android UI/Framework开发技能，能够熟练使用Android SDK ；3. 独立完成Android手机系统开发任务，使用Android系统相关的数据库、webservice编写优先；4. 熟练掌握低级ui绘制，可完成较为复杂的ui界面的绘制；熟练掌握数据库，xml，json，http协议，socket通讯等常用技术；了解代码重构及单元测试等一些常用的敏捷开发方法；5. 熟悉Android Phone 界面框架集开发规范，并具备扩展开发能力；6. 熟悉Android Store上架流程及规则；独立开发过完整的Android App产品者优先；7. 有其他手机平台开发经验的优先录取；  8. 具备良好的沟通能力和优秀的团队协作能力。                                                                             职位联系方式                                                       公司名称：北京天景隆软件科技有限公司 公司地址：北京市海淀区中关村南大街17号韦伯时代中心C座1311室 传真： 公司主页：http://www.techlon.cn/                                                          查看职位地图') ;
COMMIT;
INSERT INTO "User" ("Name","UserType","CreatedDatetime","UpdatedDatetime","Enabled")
                              VALUES ('200489614259331.htm',4,clock_timestamp(),clock_timestamp(),'t') ;
INSERT INTO "ZhilianUser" ("UserId","NickName","Type","Sex","City" ) VALUES(currval('"hero_reduce"."user_id_seq"'),'200489614259331.htm',0,'null','北京-东城区') ; INSERT INTO "JobPosition" ("UserId","Name","Address","Title","Salary","Description")
                          VALUES(currval('"hero_reduce"."user_id_seq"'),'200489614259331.htm','北京-东城区','软件研发工程师','','岗位职责： 1、负责移动平台 Android 客户端的应用开发；2、负责 Android 手机平台应用软件的需求分析、功能设计、编码和测试；3、负责参与产品需求分析并参与技术实施方案设计；4、负责参与制定设计及实现规范，指导设计、实现及部署工作；5、负责参与对手机软件系列产品进行维护和持续升级；6、学习和研究新的移动互联网技术以满足产品的需求。 任职资格： 1、大专以上学历，2年以上软件开发经验，至少1年 Android 平台开发经验；2、精通 Java 开发语言；3、熟悉 Android 手机软件架构和开发工作；4、熟悉 Android 下网络通信原理和移动通信 API 接口；5、熟悉 Android 平台各版本 API 的区别；6、熟悉各种主流机型的特点、技术参数等；7、有至少一款商业化应用者优先，有 HTML5 应用开发经验者优先；8、责任心强，工作细心、踏实认真、较强的与人沟通能力，能够承受工作压力。                                                                           职位联系方式') ;
COMMIT;
INSERT INTO "User" ("Name","UserType","CreatedDatetime","UpdatedDatetime","Enabled")
                              VALUES ('583406527250153.htm',4,clock_timestamp(),clock_timestamp(),'t') ;
INSERT INTO "ZhilianUser" ("UserId","NickName","Type","Sex","City" ) VALUES(currval('"hero_reduce"."user_id_seq"'),'583406527250153.htm',0,'null','北京-朝阳区') ; INSERT INTO "JobPosition" ("UserId","Name","Address","Title","Salary","Description")
                          VALUES(currval('"hero_reduce"."user_id_seq"'),'583406527250153.htm','北京-朝阳区','高级软件工程师','','【岗位职责】 1、负责根据产品规划完成Android的pad和手机App的设计和开发任务； 2、编写项目设计，实现和测试文档；并负责日常的维护； 3、在开发过程中不断改进用户体验和程序效能，保证所开发程序的质量；【职位要求】 1、本科或以上学历，计算机、软件、通讯等相关专业； 2、熟悉Android应用开发框架、Android SDK； 3、熟悉多线程、HTTP协议及Socket等相关编程技术； 4、熟悉Android NDK开发； 5、3年以上Java软件开发经验，至少2年以上Android 手机开发的经验； 6、熟悉UI图形编程、基本算法和数据结构； 7、对产品有较强的敏感度，有较强的沟通能力； 8、思路清晰，善于思考，良好的分析和独立解决问题的能力，良好的专业英文文档阅读能力。                                                                            职位联系方式                                                      公司名称：北京P2C研发中心公司地址：北京市朝阳区望京阜通东大街方恒国际中心传真：公司主页：') ;
COMMIT;
INSERT INTO "User" ("Name","UserType","CreatedDatetime","UpdatedDatetime","Enabled")
                              VALUES ('487810222250022.htm',4,clock_timestamp(),clock_timestamp(),'t') ;
INSERT INTO "ZhilianUser" ("UserId","NickName","Type","Sex","City" ) VALUES(currval('"hero_reduce"."user_id_seq"'),'487810222250022.htm',0,'null','北京-海淀区') ; INSERT INTO "JobPosition" ("UserId","Name","Address","Title","Salary","Description")
                          VALUES(currval('"hero_reduce"."user_id_seq"'),'487810222250022.htm','北京-海淀区','软件研发工程师','','岗位职责：1.Android平台下应用设计、开发；2.产品上线后的迭代和维护；3.配合产品及美术人员优化产品功能、增强用户体验。任职要求:1、统招本科及以上学历，计算机相关专业2、有1年以上Android等移动终端产品研发经验，精通Java开发语言，熟悉面向对象化编程思想和设计模式；3、熟悉Android开发技术、Android开发工具和相关开发测试工具的使用；4、具有良好的表达、交流和沟通能力，有团队合作意识；5、学习能力强，具有良好的分析问题和解决问题的能力，勇于面对挑战性问题；6、有产品在Android Market上线优先考虑。                                                                            职位联系方式                                                      公司名称：北京起信易成智能技术有限公司公司地址：海淀区学清路16号学知轩大厦1811传真：010-82755975公司主页：http://www.qixin7.com                                                          查看职位地图') ;
COMMIT;
INSERT INTO "User" ("Name","UserType","CreatedDatetime","UpdatedDatetime","Enabled")
                              VALUES ('435355415254472.htm',4,clock_timestamp(),clock_timestamp(),'t') ;
INSERT INTO "ZhilianUser" ("UserId","NickName","Type","Sex","City" ) VALUES(currval('"hero_reduce"."user_id_seq"'),'435355415254472.htm',0,'null','北京') ; INSERT INTO "JobPosition" ("UserId","Name","Address","Title","Salary","Description")
                          VALUES(currval('"hero_reduce"."user_id_seq"'),'435355415254472.htm','北京','数据库开发工程师','','1、有Android平台/ios平台下应用程序开发经验，具备扎实的编程基础； 2、精通Android开发平台及框架原理，熟悉基于Android SDK的应用程序开发或者一年以上苹果软件开发经验，熟悉 MAC OSX, 熟悉 MAC iphone 、熟悉C/ C+ + 、Objective-C和iPhone/iPad SDK、熟悉iOS SDK开发环境及底层API调用、熟悉iOS软件开发流程和工具、有AppStore上架作品或有iPhone/iPad/iPod Touch开发经验和成熟作品者优先。 3、具备良好的分析、解决问题的能力；接受能力强，能很快学习和掌握新技术； 4、具有良好的工作态度、沟通技巧和团队协作精神   1、计算机相关专业本科学历。  2、三年以上软件开发经验，至少一年以上Android、iOS实际开发经验，至少参加过一个完整的iOS或Android应用开发项目。  3、良好的Java技术功底，熟悉Android、iOS系统架构及相关技术，熟悉手机客户端应用程序开发工具。  4、英语四级以上，能流畅阅读英文技术文档。  5、具有独立工作的能力，积极主动使项目成功。  6、拥有个人开发的APP产品者优先录用。  8  具有可独立完成软件设计策划案的编制                                                                           职位联系方式                                                       公司名称：跨考教育集团 公司地址：北京市海淀区中关村大街18号中关村数字物流港20层  传真： 公司主页：www.kuakao.com                                                          查看职位地图') ;
COMMIT;
INSERT INTO "User" ("Name","UserType","CreatedDatetime","UpdatedDatetime","Enabled")
                              VALUES ('669864620250003.htm',4,clock_timestamp(),clock_timestamp(),'t') ;
INSERT INTO "ZhilianUser" ("UserId","NickName","Type","Sex","City" ) VALUES(currval('"hero_reduce"."user_id_seq"'),'669864620250003.htm',0,'null','北京') ; INSERT INTO "JobPosition" ("UserId","Name","Address","Title","Salary","Description")
                          VALUES(currval('"hero_reduce"."user_id_seq"'),'669864620250003.htm','北京','软件研发工程师','','工作职责1.从事Android平台软件产品开发； 2.根据产品需求负责设计并完成软件核心功能的实现； 3.参与产品的系统分析，架构设计，模块编码和单元测试。 任职资格1.扎实的Java基础，具有3年以上Java开发经验，至少2年以上Android实际开发经验； 2.熟悉架构模式，能独立负责产品的架构设计； 3.熟悉Android系统工作原理，具备较强的开发、调试、性能优化能力； 4.具备较强的沟通协调能力，良好的职业素质和团队合作精神，对工作认真负责。                                                                           职位联系方式                                                        公司名称：北京联诺星科技有限公司 公司地址：北京市海淀区富海国际港1702室  传真：010-62115529 公司主页：www.lovnov.com                                                          查看职位地图') ;
COMMIT;
INSERT INTO "User" ("Name","UserType","CreatedDatetime","UpdatedDatetime","Enabled")
                              VALUES ('685575521250031.htm',4,clock_timestamp(),clock_timestamp(),'t') ;
INSERT INTO "ZhilianUser" ("UserId","NickName","Type","Sex","City" ) VALUES(currval('"hero_reduce"."user_id_seq"'),'685575521250031.htm',0,'null','北京') ; INSERT INTO "JobPosition" ("UserId","Name","Address","Title","Salary","Description")
                          VALUES(currval('"hero_reduce"."user_id_seq"'),'685575521250031.htm','北京','移动互联网开发','','岗位职责：1、负责Android 应用设计和开发；2、编写设计文档3、独立完成编码及单元测试。 岗位要求：1、2年以上Android软件开发经验；2、熟悉Android平台以及熟练Android应用开发；3、精通Java语言，数据结构，算法等基础知识扎实，具有良好的编程规范；4、精通Eclipse, Android开发框架；5、有强烈的责任心和团队精神，能独立完成设计和编码，善于沟通和合作。 优先考虑：1、有独立完成商业APP架构设计经验者；2、有独立搭建软件框架方案的能；3、熟悉敏捷开发。                                                                             职位联系方式                                                      公司名称：北京众道网络科技有限公司公司地址：北京市丰台区南四环西路188号十六区18号楼1201 传真：公司主页：null') ;
COMMIT;
INSERT INTO "User" ("Name","UserType","CreatedDatetime","UpdatedDatetime","Enabled")
                              VALUES ('197119018251500.htm',4,clock_timestamp(),clock_timestamp(),'t') ;
INSERT INTO "ZhilianUser" ("UserId","NickName","Type","Sex","City" ) VALUES(currval('"hero_reduce"."user_id_seq"'),'197119018251500.htm',0,'null','北京') ; INSERT INTO "JobPosition" ("UserId","Name","Address","Title","Salary","Description")
                          VALUES(currval('"hero_reduce"."user_id_seq"'),'197119018251500.htm','北京','互联网软件工程师','6000-15000','岗位职责：  手机应用以及电视开发项目；     任职资格：  1、2年以上android平台开发经验，参与过完整项目开发；  2、对android的异步加载有较深的理解；  3、对android的api有较深入了解；  4、对android的ui系统有较深入了解；                                                                            职位联系方式                                                      公司名称：北京千尺无限软件技术有限公司公司地址：北京市朝阳区广渠东路3号中水电国际大厦 601室 传真：公司主页：www.1000chi.com') ;
COMMIT;
INSERT INTO "User" ("Name","UserType","CreatedDatetime","UpdatedDatetime","Enabled")
                              VALUES ('629583025250011.htm',4,clock_timestamp(),clock_timestamp(),'t') ;
INSERT INTO "ZhilianUser" ("UserId","NickName","Type","Sex","City" ) VALUES(currval('"hero_reduce"."user_id_seq"'),'629583025250011.htm',0,'null','北京-海淀区') ; INSERT INTO "JobPosition" ("UserId","Name","Address","Title","Salary","Description")
                          VALUES(currval('"hero_reduce"."user_id_seq"'),'629583025250011.htm','北京-海淀区','手机软件开发工程师','','工作职责： 1. 负责Android客户端的功能设计和开发； 2. 负责维护Android客户端，分析和解决用户碰到的各种疑难杂症； 3. 负责客户端的性能优化以及各种实用工具的开发； 4. 负责客户端android版本的厂家和渠道适配； 5. 负责相关SDK的设计与实现； 6. 负责项目技术难点的攻关。 职位要求： 1. 三年以上Android开发经验，热爱编程； 2. 精通Java语言、熟悉C语言，熟练掌握常用开发框架以及常用技术； 3. 熟悉常用网络协议包括tcp,http等； 4. 具备一定的产品意识； 5. 具备扎实的理论基础，熟悉常用的数据结构，算法以及数据库技术； 6. 具备一定的沟通能力，能够清晰地表达自己的想法。                                                                           职位联系方式                                                       公司名称：北京优诚科技有限公司 公司地址：北京市海淀区北三环西路32号恒润国际  传真： 公司主页：') ;
COMMIT;
INSERT INTO "User" ("Name","UserType","CreatedDatetime","UpdatedDatetime","Enabled")
                              VALUES ('678459128250021.htm',4,clock_timestamp(),clock_timestamp(),'t') ;
INSERT INTO "ZhilianUser" ("UserId","NickName","Type","Sex","City" ) VALUES(currval('"hero_reduce"."user_id_seq"'),'678459128250021.htm',0,'null','北京-昌平区') ; INSERT INTO "JobPosition" ("UserId","Name","Address","Title","Salary","Description")
                          VALUES(currval('"hero_reduce"."user_id_seq"'),'678459128250021.htm','北京-昌平区','软件工程师','','职位描述:            负责公司移动端APP开发。  岗位要求：           1、 具备1年以上android安卓开发工作经验，能直接上手。            2、大学本科以上学历，计算机相关专业，参加工作满1年（2013年7月以前毕业）                   3、精通APP开发基本技能，有成熟的开发经验，有实际上线作品。           4、熟悉sql数据库。            5、精通JAVA语言或Object-c。            6、对移动应用技术钻研有强烈兴趣，有良好的学习能力和强烈的进取心。   工作地点：昌平区回龙观                                                                            职位联系方式                                                      公司名称：北京全满贯科技有限公司公司地址：北京市全满贯科技有限公司 传真：公司主页：www.dmg365.com                                                          查看职位地图') ;
COMMIT;
INSERT INTO "User" ("Name","UserType","CreatedDatetime","UpdatedDatetime","Enabled")
                              VALUES ('148965342251284.htm',4,clock_timestamp(),clock_timestamp(),'t') ;
INSERT INTO "ZhilianUser" ("UserId","NickName","Type","Sex","City" ) VALUES(currval('"hero_reduce"."user_id_seq"'),'148965342251284.htm',0,'null','北京-海淀区') ; INSERT INTO "JobPosition" ("UserId","Name","Address","Title","Salary","Description")
                          VALUES(currval('"hero_reduce"."user_id_seq"'),'148965342251284.htm','北京-海淀区','互联网软件工程师','','职位描述：1、在项目中担任主力Android应用开发人员；2、参与需求分析、系统设计、参与项目的编程、调试工作；3、根据需求进行详细设计、编码实现、单元测试、技术支持和管理；4、能独立完成技术文档的研究和撰写；5、积极配合团队一起营造积极向上的气氛。    任职要求：1、两年以上Android应用开发经验2、熟练掌握Android SDK相关技术，Eclipse/SVN环境，及Java开发；3、具有Android手机平台软件总体架构规划和设计能力。4、熟练掌握Android GUI程序开发，具有自定义GUI控件的技能，包括2d绘制；5、对Android手机平台的新技术和产业动向有很强的理解和认识，并能深刻理解用户体验和习惯；6、有良好的沟通能力、学习能力、解决问题能力，具备敏锐的创新思维，有强烈的责任感与进取心。   相关待遇：月度奖金+年终（13-16薪）+每年20%以上的薪酬提升+五险一金+带薪年假+其它日常补贴                                                                           职位联系方式                                                       公司名称：北京雄鹰教育科技有限公司公司地址：北京市海淀区中关村南大街甲12号寰太大厦808层电    话：010-62168566直接转821邮    箱：（请注明智联招聘）公司主页：http://www.exam8.com/                                                          查看职位地图') ;
COMMIT;
INSERT INTO "User" ("Name","UserType","CreatedDatetime","UpdatedDatetime","Enabled")
                              VALUES ('157286520257623.htm',4,clock_timestamp(),clock_timestamp(),'t') ;
INSERT INTO "ZhilianUser" ("UserId","NickName","Type","Sex","City" ) VALUES(currval('"hero_reduce"."user_id_seq"'),'157286520257623.htm',0,'null','北京') ; INSERT INTO "JobPosition" ("UserId","Name","Address","Title","Salary","Description")
                          VALUES(currval('"hero_reduce"."user_id_seq"'),'157286520257623.htm','北京','移动互联网开发','','Android开发工程师职位描述：          负责Android应用和开发平台的研究开发工作，包括设计分析、开发、测试、发布等。          职责：     1、负责Android系统的应用客户端软件设计开发。      2、负责Android系统的SD/MMC卡的驱动开发与维护。      3、按照项目计划，在保质保量的前提下，按时完成开发任务。          要求：      1、熟悉Android系统架构及相关技术，1年以上实际Android平台开发经验,熟悉Android界面开发。      2、1-2年Android手机软件开发经验。      3、了解3G应用软件开发者优先。     4、同时熟悉其他智能手机平台开发者优先。     5、计算机、电子、通信相关专业大专及以上学历，           本岗位欢迎应届生应聘          薪资待遇：     待遇从优、5险1金、带薪年假、发展空间广阔！                                                                            职位联系方式                                                      公司名称：上海同百实业有限公司公司地址：上海市 传真：公司主页：') ;
COMMIT;
INSERT INTO "User" ("Name","UserType","CreatedDatetime","UpdatedDatetime","Enabled")
                              VALUES ('000609091251201.htm',4,clock_timestamp(),clock_timestamp(),'t') ;
INSERT INTO "ZhilianUser" ("UserId","NickName","Type","Sex","City" ) VALUES(currval('"hero_reduce"."user_id_seq"'),'000609091251201.htm',0,'null','北京-海淀区') ; INSERT INTO "JobPosition" ("UserId","Name","Address","Title","Salary","Description")
                          VALUES(currval('"hero_reduce"."user_id_seq"'),'000609091251201.htm','北京-海淀区','手机软件开发工程师','10000-20000','职位描述：   1、负责Android、IOS系统平台上的客户端软件的产品开发与维护；    2、根据产品需求完成架构和模块设计、编码、测试工作；   3、能按照项目计划，按时提交高质量的代码，完成开发任务；    4、不断将最新移动技术应用于产品研发过程中。 任职条件： 1、本科以上学历，计算机或相关专业，两年以上App开发经验，精通Android、IOS系统架构及相关技术。 2、精通Java编程语言，熟练掌握Android系统框架和SDK等；并具有使用c/c++或java做软件项目开发两年以上经验; 3、有过至少两个面向用户的手机APP的完整研发经历（属于自己的作品）; 4、人品正直、诚信，且有较好的沟通能力和团队合作精神，有长远发展的职业规划; 5、有过手机开发团队组建和管理经验者优先。6、对手机软件性能优化、内存优化有一定经验。                                                                           职位联系方式                                                       公司名称：永泰房地产(集团)有限公司 公司地址：北京市海淀区四季青路7号  传真：010-88456945 公司主页：http://www.eontime.com.cn                                                          查看职位地图') ;
COMMIT;
INSERT INTO "User" ("Name","UserType","CreatedDatetime","UpdatedDatetime","Enabled")
                              VALUES ('383625322263888.htm',4,clock_timestamp(),clock_timestamp(),'t') ;
INSERT INTO "ZhilianUser" ("UserId","NickName","Type","Sex","City" ) VALUES(currval('"hero_reduce"."user_id_seq"'),'383625322263888.htm',0,'null','北京') ; INSERT INTO "JobPosition" ("UserId","Name","Address","Title","Salary","Description")
                          VALUES(currval('"hero_reduce"."user_id_seq"'),'383625322263888.htm','北京','高级软件工程师','','Android开发工程师（商品方向） 美团在前进，商品在招聘！团购第一，电商第三，美团网以每年接近300%的速度飞快成长，正在演绎着一个又一个传奇故事。美团商品研发团队，立志于打造新一代智能购物产品，通过建立高效易用的运营支撑系统，为更多消费者带来更快更好的服务。我们相信“以热情驱动变化，用技术带动革新”，希望你和我们一起做有积累的事，加入美团，飞速成长！  【工作职责】负责美团团购App 购物品类相关 客户端功能开发【职位要求】1. 本科及以上学历（985/211学校），扎实的计算机专业基础知识2. 2年以上Android开发经验，熟悉Android软件的开发、测试、分发流程，有个人作品者优先3. 熟悉Java语言，熟悉虚拟机原理，具备强大的写码能力  4. 熟悉移动网络通信机制，有网络编程经验者或Java Server端开发经验者优先 5. 具有良好的沟通协作意识，以解决问题为第一要义6. 能够独立主导进行项目开发，有指导新人/带队经验者优先7. 热爱移动互联网，有创业经历者优先。                                                                            职位联系方式                                                      公司名称：美团网公司地址：北京市朝阳区望京东路6号望京国际研发园G/F座 传真：公司主页：www.meituan.com') ;
COMMIT;
INSERT INTO "User" ("Name","UserType","CreatedDatetime","UpdatedDatetime","Enabled")
                              VALUES ('660403629250001.htm',4,clock_timestamp(),clock_timestamp(),'t') ;
INSERT INTO "ZhilianUser" ("UserId","NickName","Type","Sex","City" ) VALUES(currval('"hero_reduce"."user_id_seq"'),'660403629250001.htm',0,'null','北京-朝阳区') ; INSERT INTO "JobPosition" ("UserId","Name","Address","Title","Salary","Description")
                          VALUES(currval('"hero_reduce"."user_id_seq"'),'660403629250001.htm','北京-朝阳区','高级软件工程师','','1、	至少2年以上的android研发经验2、	有扎实的Java语言基础，熟悉面向对象化编程思想和设计模式3、	精通Android移动终端开发技术，掌握Android开发工具和测试工具的使用4、	对移动新产品和新技术有浓厚的兴趣和求知欲，善于学习，有激情5、	具有良好的分析问题和解决问题的能力，勇于面对挑战性问题6、	曾独立在应用商店上递交作品者优先                                                                            职位联系方式                                                      公司名称：北京爱丽丝幻橙科技有限公司公司地址：北京市朝阳区樱花东街甲2号北京服装学院中关村时尚产业创新园202室 传真：公司主页：www.andl.com') ;
COMMIT;
INSERT INTO "User" ("Name","UserType","CreatedDatetime","UpdatedDatetime","Enabled")
                              VALUES ('147626668250824.htm',4,clock_timestamp(),clock_timestamp(),'t') ;
INSERT INTO "ZhilianUser" ("UserId","NickName","Type","Sex","City" ) VALUES(currval('"hero_reduce"."user_id_seq"'),'147626668250824.htm',0,'null','北京-西城区') ; INSERT INTO "JobPosition" ("UserId","Name","Address","Title","Salary","Description")
                          VALUES(currval('"hero_reduce"."user_id_seq"'),'147626668250824.htm','北京-西城区','手机软件开发工程师','','任职要求： 1. 大专以上学历，计算机或相关专业毕业，有较好的英语水平；2. 有1年以上的Android开发经验3.熟悉SQL语言，熟悉Oracle、MySQL数据库者优先； 4.做事积极主动，认真踏实，有良好的沟通协调能力和团队合作精神。5.熟悉电信行业软件开发的优先考虑。 6.有自己的产品优先   非诚勿扰，谢谢！   工作地点：北京西单北大街                                                                           职位联系方式                                                       公司名称：济南诺恩科技有限公司 公司地址：济南市历下区和平路47号诚基中心11号楼106/107  传真：0531-88522020 公司主页：http://www.chinaknown.com                                                          查看职位地图') ;
COMMIT;
INSERT INTO "User" ("Name","UserType","CreatedDatetime","UpdatedDatetime","Enabled")
                              VALUES ('664453827250007.htm',4,clock_timestamp(),clock_timestamp(),'t') ;
INSERT INTO "ZhilianUser" ("UserId","NickName","Type","Sex","City" ) VALUES(currval('"hero_reduce"."user_id_seq"'),'664453827250007.htm',0,'null','北京') ; INSERT INTO "JobPosition" ("UserId","Name","Address","Title","Salary","Description")
                          VALUES(currval('"hero_reduce"."user_id_seq"'),'664453827250007.htm','北京','高级软件工程师','8001-10000','1. 三年以上开发java/J2ME经验，Android平台一年以上开发经验，熟悉Linux操作系统；2. 精通Android开发平台的框架原理，熟悉Android应用开发流程，熟练掌握Android UI/Framework开发技能，能够熟练使用Android SDK ；3. 独立完成Android手机系统开发任务，使用Android系统相关的数据库、webservice编写优先；4. 熟练掌握低级ui绘制，可完成较为复杂的ui界面的绘制；熟练掌握数据库，xml，json，http协议，socket通讯等常用技术；了解代码重构及单元测试等一些常用的敏捷开发方法；5. 熟悉Android Phone 界面框架集开发规范，并具备扩展开发能力；6. 熟悉Android Store上架流程及规则；独立开发过完整的Android App产品者优先；                                                                           职位联系方式                                                       公司名称：北京翼聚源软件科技有限公司 公司地址：北京市海淀区中关村北大街123号华腾科技大厦（科方大楼）  传真：010-62626810-606 公司主页：www.bjyijuyuan.com                                                          查看职位地图') ;
COMMIT;
INSERT INTO "User" ("Name","UserType","CreatedDatetime","UpdatedDatetime","Enabled")
                              VALUES ('333045011252045.htm',4,clock_timestamp(),clock_timestamp(),'t') ;
INSERT INTO "ZhilianUser" ("UserId","NickName","Type","Sex","City" ) VALUES(currval('"hero_reduce"."user_id_seq"'),'333045011252045.htm',0,'null','北京-朝阳区') ; INSERT INTO "JobPosition" ("UserId","Name","Address","Title","Salary","Description")
                          VALUES(currval('"hero_reduce"."user_id_seq"'),'333045011252045.htm','北京-朝阳区','软件研发工程师','','任职要求1 能按照项目计划，按时提交高质量的代码，完成开发任务；2 规范编写设计和维护文档；3 其他与项目有关的工作；4 相关技术指导及培训；5 有电商类产品开发经验 任职资格1 2-3年以上的Android开发经验；2 精通Java语言，熟练掌握Java开发技术，具有良好的编码风格与编码技巧。3 精通android常用布局和控件，熟悉各大组件的运行方式并能灵活使用4 有较好的代码阅读能力5 熟悉TCP/IP、HTTP等协议，熟悉XML、JSON等数据解析方式6 有较强的书面表达能力和口头沟通能力。7 工作踏实认真，有良好的学习能力、团队合作精神，能承受工作压力。                                                                           职位联系方式                                                       公司名称：银泰网（www.yintai.com） 公司地址：北京市朝阳区四惠东通惠河畔产业园1063-2  传真： 公司主页：www.yintai.com                                                          查看职位地图') ;
COMMIT;
INSERT INTO "User" ("Name","UserType","CreatedDatetime","UpdatedDatetime","Enabled")
                              VALUES ('356114023250032.htm',4,clock_timestamp(),clock_timestamp(),'t') ;
INSERT INTO "ZhilianUser" ("UserId","NickName","Type","Sex","City" ) VALUES(currval('"hero_reduce"."user_id_seq"'),'356114023250032.htm',0,'null','北京-海淀区') ; INSERT INTO "JobPosition" ("UserId","Name","Address","Title","Salary","Description")
                          VALUES(currval('"hero_reduce"."user_id_seq"'),'356114023250032.htm','北京-海淀区','移动互联网开发','','【岗位职责】  1、负责Android手机客户端软件研发工作;  2、参与产品的系统架构设计，代码开发，单元测试和bug修复工作；  3、根据产品开发规范，完成相关技术文档编写；  4、与产品、测试等相关人员配合共同完成产品的研发工作。   【任职要求】  1、计算机应用等相关专业本科或以上学历,3年以上工作经验;  2、良好的Java或者C/C++技术功底，熟悉Android系统框架，熟练使用Android开发工具;  3、熟悉Eclipse或者android Studio等集成开发环境;  4、可独立快速完成产品原型开发，良好的英文阅读学习能力。                                                                             职位联系方式                                                      公司名称：北京海博远创软件科技有限公司公司地址：北海淀区上地七街1号汇众大厦810-816室 传真：010-62971107  62967026') ;
COMMIT;
INSERT INTO "User" ("Name","UserType","CreatedDatetime","UpdatedDatetime","Enabled")
                              VALUES ('150445619252724.htm',4,clock_timestamp(),clock_timestamp(),'t') ;
INSERT INTO "ZhilianUser" ("UserId","NickName","Type","Sex","City" ) VALUES(currval('"hero_reduce"."user_id_seq"'),'150445619252724.htm',0,'null','北京-海淀区') ; INSERT INTO "JobPosition" ("UserId","Name","Address","Title","Salary","Description")
                          VALUES(currval('"hero_reduce"."user_id_seq"'),'150445619252724.htm','北京-海淀区','高级软件工程师','','岗位职责：1.根据产品需求，进行Android手机/平板等客户端程序的开发2.音频编解码研发工作 任职要求：1.计算机相关专业，大学本科及以上学历2.具有两年以上Android软件开发经验，三年以上java开发经验，拥有良好的编码习惯，有较好的数据结构、算法基础3.有多个完整的Android项目经验，至少参与一个完整的商业级App项目 能独立进行Android应用程序开发 4.熟悉android系统架构及相关技术、相应架构，精通 Android平台UI设计，熟悉Android SDK不同版本的主要特性 5.熟悉Android移动终端特性与开发特点，具备应对Android平台各类常见问题的经验，并对手机软件性能优化有一定的了解6.熟悉各种主流Android终端设备特性，掌握终端适配工程的特点与方法 7.熟识常用软件架构模式，熟悉常用数据结构与算法，熟悉Json及Xml数据结构及数据解析，多线程，网络编程（Socket、http/web service）等8.熟悉C/C++语言者优先9.熟悉音频解码相关技术者优先10.有一定的文档能力，具有良好的英文文档阅读能力                                                                            职位联系方式                                                      公司名称：酷我音乐公司地址：地址:北京市海淀区知春路106号皇冠假日酒店写字楼8层 传真：82601373公司主页：www.kuwo.cn                                                          查看职位地图') ;
COMMIT;
INSERT INTO "User" ("Name","UserType","CreatedDatetime","UpdatedDatetime","Enabled")
                              VALUES ('387074026250006.htm',4,clock_timestamp(),clock_timestamp(),'t') ;
INSERT INTO "ZhilianUser" ("UserId","NickName","Type","Sex","City" ) VALUES(currval('"hero_reduce"."user_id_seq"'),'387074026250006.htm',0,'null','北京-朝阳区') ; INSERT INTO "JobPosition" ("UserId","Name","Address","Title","Salary","Description")
                          VALUES(currval('"hero_reduce"."user_id_seq"'),'387074026250006.htm','北京-朝阳区','互联网软件工程师','','岗位职责： 1.负责android手机客户端应用开发（非外包开发） 2.负责android团队的任务分配及管理 任职要求： 1. 有5年以上java语言开发相关工作经验，有2年以上android内核及控件开发经验和独立完成的作品； 2. 熟悉android移动终端特性、开发特点，有android平台各类常见问题的应对经验； 3. 追求代码执行效率，对Android终端优化有深入了解； 4. 热爱Android平台应用程序开发，有志于在Android平台方向发展，对技术有浓厚兴趣； 5. 遇到问题积极主动，有很强的自学能力，有团队精神，抗压能力强；  6. 良好英语听说读写能力。                                                                              职位联系方式                                                       公司名称：天天太美网络科技（北京）有限公司 公司地址：北京市朝阳区光华路7号14层1703  传真： 公司主页：') ;
COMMIT;
INSERT INTO "User" ("Name","UserType","CreatedDatetime","UpdatedDatetime","Enabled")
                              VALUES ('701270523250007.htm',4,clock_timestamp(),clock_timestamp(),'t') ;
INSERT INTO "ZhilianUser" ("UserId","NickName","Type","Sex","City" ) VALUES(currval('"hero_reduce"."user_id_seq"'),'701270523250007.htm',0,'null','北京-朝阳区') ; INSERT INTO "JobPosition" ("UserId","Name","Address","Title","Salary","Description")
                          VALUES(currval('"hero_reduce"."user_id_seq"'),'701270523250007.htm','北京-朝阳区','软件研发工程师','','一、学历和专业知识要求    1.3年以上面向对象开发经验（最好是java）    2.1年以上Android平台开发经验    3.精通java编程的基础，熟悉HTTP协议，熟悉Android环境下的多线程，App运行生命周期，熟悉Android SDK，熟悉常用控件、布局，事件处理机制，了解Android系统。    4.熟悉HTTP协议,有基于（XMPP协议、Socket协议）即时通讯开发经验者优先    5.具有良好的沟通、团队合作能力，有线上正常运行的App作品优先    6.大专以上学历;    7.请在简历中附带提供app下载地址    8.工作经验2到3年 二、Android岗位职责：   基于Android平台的app开发。 三、工作内容：   1.Android应用的UI、网络相关功能、数据处理模块的开发；   2.多种机型屏幕的适配，使得应用可在多个不同品牌不同系统版本号的Android设备上运行。                                                                            职位联系方式                                                      公司名称：北京非常爱美网络科技有限公司公司地址：北京市朝阳区后现代城5A401 联系电话：01056707088传真：公司主页：http://www.verym.com                                                          查看职位地图') ;
COMMIT;
INSERT INTO "User" ("Name","UserType","CreatedDatetime","UpdatedDatetime","Enabled")
                              VALUES ('130072405263117.htm',4,clock_timestamp(),clock_timestamp(),'t') ;
INSERT INTO "ZhilianUser" ("UserId","NickName","Type","Sex","City" ) VALUES(currval('"hero_reduce"."user_id_seq"'),'130072405263117.htm',0,'null','北京') ; INSERT INTO "JobPosition" ("UserId","Name","Address","Title","Salary","Description")
                          VALUES(currval('"hero_reduce"."user_id_seq"'),'130072405263117.htm','北京','高级软件工程师','','【职责描述】1、对Android应用架构进行设计和开发；2、对Android产品及平台进行创新、优化与扩展。【任职资格】1.至少3年Java开发经验，至少1年Android开发经验；2．本科，精通Android界面、交互开发以及基本组件使用；3．熟悉Framework层源码、代码和框架；4.Android桌面开发经验者或熟悉java底层优先；5. 熟悉数据库的索引优化方法的优先6.年龄在24-30岁优先【工作地点】北京【福利待遇】18k以上【招聘人数】2                                                                           职位联系方式                                                       公司名称：大连博科人才有限公司 公司地址：辽宁省大连市中山区人民路15号 国际金融大厦13楼D  传真：8250-7280 公司主页：www.ptsolution.cn                                                          查看职位地图') ;
COMMIT;
INSERT INTO "User" ("Name","UserType","CreatedDatetime","UpdatedDatetime","Enabled")
                              VALUES ('130072405263118.htm',4,clock_timestamp(),clock_timestamp(),'t') ;
INSERT INTO "ZhilianUser" ("UserId","NickName","Type","Sex","City" ) VALUES(currval('"hero_reduce"."user_id_seq"'),'130072405263118.htm',0,'null','北京') ; INSERT INTO "JobPosition" ("UserId","Name","Address","Title","Salary","Description")
                          VALUES(currval('"hero_reduce"."user_id_seq"'),'130072405263118.htm','北京','高级软件工程师','','【职责描述】1.对Android框架层、模块进行设计和开发；  2.分析市场需求并执行研发计划； 3.基于AOSP的版本控制和分支管理； 4.进行内部培训交流分享技术经验  【任职资格】1.本科，至少2年Android开发经验； 2.跟进需求快速完成相关的设计和开发； 3.精通Java和Android应用的优化； 4.熟悉AOSP代码树和git的代码管理机制； 5.Android设备开发流程或设计经验的优先； 6.熟悉Linux内核驱动框架的优先；【工作地点】北京【福利待遇】15-20K【招聘人数】2                                                                           职位联系方式                                                       公司名称：大连博科人才有限公司 公司地址：辽宁省大连市中山区人民路15号 国际金融大厦13楼D  传真：8250-7280 公司主页：www.ptsolution.cn                                                          查看职位地图') ;
COMMIT;
INSERT INTO "User" ("Name","UserType","CreatedDatetime","UpdatedDatetime","Enabled")
                              VALUES ('376921822250071.htm',4,clock_timestamp(),clock_timestamp(),'t') ;
INSERT INTO "ZhilianUser" ("UserId","NickName","Type","Sex","City" ) VALUES(currval('"hero_reduce"."user_id_seq"'),'376921822250071.htm',0,'null','北京') ; INSERT INTO "JobPosition" ("UserId","Name","Address","Title","Salary","Description")
                          VALUES(currval('"hero_reduce"."user_id_seq"'),'376921822250071.htm','北京','互联网软件工程师','','注意：实际工作地点：安徽-合肥（包河区）,投递简历前请查看清楚！工作职责：负责公司Android应用产品的开发和架构设计.工作要求：1.熟悉Android系统构架,Android软件开发具备良好的Java技术功底,熟悉Android系统构架,具备独立开发能力;2.熟悉网络通讯程序，熟悉Webservice、Socket、http编程;3.熟悉移动互联网应用开发流程;4. 思路清晰，思维敏捷，快速的学习能力,能承担较大工作压力,一年以上工作经验。单休、国家规定法定节假日、带薪年假、年终奖、全勤奖。                                                                            职位联系方式                                                      公司名称：合肥聚美网络科技有限公司公司地址：合肥市包河区马鞍山南路绿地赢海国际大厦C座1307-1308室 公司主页：http://www.faxingw.cn') ;
COMMIT;
INSERT INTO "User" ("Name","UserType","CreatedDatetime","UpdatedDatetime","Enabled")
                              VALUES ('625981322250025.htm',4,clock_timestamp(),clock_timestamp(),'t') ;
INSERT INTO "ZhilianUser" ("UserId","NickName","Type","Sex","City" ) VALUES(currval('"hero_reduce"."user_id_seq"'),'625981322250025.htm',0,'null','北京-朝阳区') ; INSERT INTO "JobPosition" ("UserId","Name","Address","Title","Salary","Description")
                          VALUES(currval('"hero_reduce"."user_id_seq"'),'625981322250025.htm','北京-朝阳区','高级软件工程师','10001-15000','岗位描述： 1、  参与设计及开发公司相关业务的android客户端； 2、  参与项目技术方案的制定，进行相关的设计或开发工作。 任职要求： 1、三年以上工作经验，两年以上Android开发经验，具有多个成熟产品开发经验； 2、熟悉Android OS体系结构，熟悉Android SDK、对Android应用结构有深刻的认识； 3、熟悉Android下联系人、电话、信息、数据库、文件系统等常见应用实现机制； 4、熟悉MVC模式，掌握OOAD的基本思想； 5、丰富的手机UI设计经验，熟悉网络编程、多线程、图形界面编程、熟悉TCP/UDP、HTTP协议； 6、对视频有一定了解者优先； 7、能独立承担android产品开发工作； 8、富有责任心，吃苦耐劳，积极上进；9、良好的沟通和团队协作能力。                                                                           职位联系方式                                                          公司名称：云通互动（北京）信息技术有限公司 公司地址：北京市朝阳区曙光西里甲一号第三置业B座1706  联系电话：010-58221648 传真：010-58221647 公司主页：www.pcein.com                                                          查看职位地图') ;
COMMIT;
INSERT INTO "User" ("Name","UserType","CreatedDatetime","UpdatedDatetime","Enabled")
                              VALUES ('348911917250254.htm',4,clock_timestamp(),clock_timestamp(),'t') ;
INSERT INTO "ZhilianUser" ("UserId","NickName","Type","Sex","City" ) VALUES(currval('"hero_reduce"."user_id_seq"'),'348911917250254.htm',0,'null','北京-海淀区') ; INSERT INTO "JobPosition" ("UserId","Name","Address","Title","Salary","Description")
                          VALUES(currval('"hero_reduce"."user_id_seq"'),'348911917250254.htm','北京-海淀区','软件工程师','','任职要求：  1、大专及以上学历，计算机科学或相关专业领域, 并有2年以上相关工作经验；  2、有丰富的Android应用开发经验；  3、熟悉Android OS系统体系结构、framework、底层库，熟悉应用层软件的开发，熟悉Android下网络通信机制；  4、熟练掌握熟悉UI设计、常用布局、动画特效；  5、对新技术感兴趣，学习能力强，有钻研和开拓精神；  6、工作勤奋主动，有责任，具有良好的沟通能力，团队精神；    任职职责：  1、负责移动客户端相关项目的需求分析、详细设计及开发工作；  2、根据公司要求进行基于Android系统平台进行应用模块程序开发； 3、根据项目任务计划按时完成软件编码和单元测试工作； 4、按照开发流程编写相应模块的设计文档；                                                                           职位联系方式                                                       公司名称：北京伽叶科技有限公司公司地址：北京市海淀区西四环北路15号依斯特大厦701联系人:纪女士电话: (010)88599387-8011 邮件标题中需说明毕业院校、应聘职位，请在简历中详细描述相关项目经验，我们会为此职位提供颇具竞争力的待遇公司主页：www.gigaia.com                                                          查看职位地图') ;
COMMIT;
INSERT INTO "User" ("Name","UserType","CreatedDatetime","UpdatedDatetime","Enabled")
                              VALUES ('686687422250003.htm',4,clock_timestamp(),clock_timestamp(),'t') ;
INSERT INTO "ZhilianUser" ("UserId","NickName","Type","Sex","City" ) VALUES(currval('"hero_reduce"."user_id_seq"'),'686687422250003.htm',0,'null','北京-大兴区') ; INSERT INTO "JobPosition" ("UserId","Name","Address","Title","Salary","Description")
                          VALUES(currval('"hero_reduce"."user_id_seq"'),'686687422250003.htm','北京-大兴区','软件工程师','','有意者请发送简历到邮箱43917036@qq.com 	职责及要求 	熟悉android开发技术，精通Java语言编程技术 	可独立承担开发任务，学习能力强，有较强的分析和解决问题能力 	与团队内其他成员共同协作，对移动互联网产品有较强热情，愿为优质产品一起奋斗 	有两年以上相关工作经验，有独立完成项目开发者优先                                                                            职位联系方式                                                      公司名称：北京锦时信息科技有限公司公司地址：北京市大兴区亦庄 传真：公司主页：联系方式：18611904931') ;
COMMIT;
INSERT INTO "User" ("Name","UserType","CreatedDatetime","UpdatedDatetime","Enabled")
                              VALUES ('663615027250157.htm',4,clock_timestamp(),clock_timestamp(),'t') ;
INSERT INTO "ZhilianUser" ("UserId","NickName","Type","Sex","City" ) VALUES(currval('"hero_reduce"."user_id_seq"'),'663615027250157.htm',0,'null','北京') ; INSERT INTO "JobPosition" ("UserId","Name","Address","Title","Salary","Description")
                          VALUES(currval('"hero_reduce"."user_id_seq"'),'663615027250157.htm','北京','软件工程师','','就职待遇：1）实训前签定就业安置协议，明确年薪待遇。2）岗前实训期间不用支付任何费用，并且每月享有项目提成补助（900-3000元/月不等）3）实训期满，与用人单位签订正式劳动合同、办理组织关系迁转、享受国家规定的保险福利待遇，入职第一个月专科月薪7000元起、本科8000元起，第二年起薪高于10000元/月， 平均年薪10-20万元或更高。实训地点：北京金隅嘉华大厦D区506室  中村软件园官方承办 确保百分之百对口就业1、尚未取得毕业证的学生需先参加三到四个月的岗前培训，培训结束带薪（月薪3000元以上）实习，取得毕业证后由企业办理转正手续2、已经取得毕业证的学生，参加完三到四个月的岗前培训，就职企业帮助办理组织关系迁转手续，签订正式劳动合同，享受国家规定的保险福利待遇， 三年内平均年薪6-10万元甚至更高；报名条件：1、应往届理工科毕业生，有志于在IT行业发展。2、计算机（网络）、电子信息、软件工程、（电气）自动化、测控、生仪、机电等专业；3、有计算机语言者优先，如：C语言、C++,JAVA，.Net等。4、接受岗前培训，并愿意在北京中关村软件园工作。5、实训费用：岗前培训期间，不用支付任何费用，并且每月还享有300元的生活补助。费用由国家正规银行提供，真正的先就业后付款6、入职范围：Java软件开发工程师 3G手机Android软件工程师 软件测试工程师。                                                                           职位联系方式                                                       公司名称：北京中软瑞达科技有限公司 公司地址：北京海淀区上地金隅嘉华大厦D座506  联系人：刘女士18514008968                                                            查看职位地图') ;
COMMIT;
INSERT INTO "User" ("Name","UserType","CreatedDatetime","UpdatedDatetime","Enabled")
                              VALUES ('150445619250020.htm',4,clock_timestamp(),clock_timestamp(),'t') ;
INSERT INTO "ZhilianUser" ("UserId","NickName","Type","Sex","City" ) VALUES(currval('"hero_reduce"."user_id_seq"'),'150445619250020.htm',0,'null','北京-海淀区') ; INSERT INTO "JobPosition" ("UserId","Name","Address","Title","Salary","Description")
                          VALUES(currval('"hero_reduce"."user_id_seq"'),'150445619250020.htm','北京-海淀区','手机软件开发工程师','','岗位职责： 1.主要负责Android平台手机客户端的开发和维护工作  任职要求： 1.计算机、电子相关专业本科及以上学历  2.精通Java语言，能够熟练使用Java语言及相关工具进行客户端应用程序开发，有一年以上JavaME开发经验  3.掌握面向对象设计的基本原理，熟悉设计模式 4.熟悉Android应用开发平台，有Android实际开发经验者优先；熟悉Android NDK开发者优先   5.熟练掌握C/C++语言优先，具备多媒体开发经验、网络程序开发经验、Web开发经验者优先                                                                            职位联系方式                                                       公司名称：北京酷我科技有限公司 公司地址：北京市海淀区知春路106号皇冠假日酒店写字楼8层 传真： 公司主页：www.kuwo.cn                                                          查看职位地图') ;
COMMIT;
INSERT INTO "User" ("Name","UserType","CreatedDatetime","UpdatedDatetime","Enabled")
                              VALUES ('301130826250392.htm',4,clock_timestamp(),clock_timestamp(),'t') ;
INSERT INTO "ZhilianUser" ("UserId","NickName","Type","Sex","City" ) VALUES(currval('"hero_reduce"."user_id_seq"'),'301130826250392.htm',0,'null','北京-海淀区') ; INSERT INTO "JobPosition" ("UserId","Name","Address","Title","Salary","Description")
                          VALUES(currval('"hero_reduce"."user_id_seq"'),'301130826250392.htm','北京-海淀区','软件工程师','','工作职责： 1.负责安卓客户端软件的产品开发和维护； 2.独立完成客户端软件需求的整理和软件设计； 3.按照项目计划，按时提交高质量代码，完成开发任务； 4.规范文档的编写、维护，以及其他与项目相关工作； 5.按时按需完成客户端软件的维护及更新；   任职资格： 1 专科以上学历，计算机、电子或相关专业； 2 Java基本功扎实，优先考虑Android平台2年以上产品开发经验者； 3 熟悉Android应用开发框架，能独立开发高性能的Android应用； 4 熟悉Android环境下UI框架、数据库开发； 5 熟悉Android环境下Socket通信、HTTP编程； 6 对数据结构、基本算法熟练掌握，并具备基本的算法设计能力； 7 做事积极主动，具有高度的责任感与团队合作精神，有良好的沟通能力。                                                                           职位联系方式                                                       公司名称：企讯恒通(北京)科技有限公司 公司地址：北京市海淀区上地三街上地桥东雅美科技园  传真： 公司主页：www.defineapp.com                                                          查看职位地图') ;
COMMIT;
INSERT INTO "User" ("Name","UserType","CreatedDatetime","UpdatedDatetime","Enabled")
                              VALUES ('659645427250031.htm',4,clock_timestamp(),clock_timestamp(),'t') ;
INSERT INTO "ZhilianUser" ("UserId","NickName","Type","Sex","City" ) VALUES(currval('"hero_reduce"."user_id_seq"'),'659645427250031.htm',0,'null','北京-海淀区') ; INSERT INTO "JobPosition" ("UserId","Name","Address","Title","Salary","Description")
                          VALUES(currval('"hero_reduce"."user_id_seq"'),'659645427250031.htm','北京-海淀区','手机软件开发工程师','8000-20000','岗位职责1.参与Android客户端项目的开发工作2.参与客户端产品的技术实现讨论，框架设计3.快速查找定位程序中的Bug4.负责Android客户端的机型适配任职资格1.从业经历要求：- 至少2年以上Android平台开发经验- 有1个以上完整的Android应用开发经历2.知识技能要求：- 有丰富的C、C++及Java的编码技能，熟练使用Eclipse、Android SDK、NDK等开发工具- 对Android有深刻认识，熟悉Framework层机制，有手机终端软件 设计和架构能力- 熟悉Android应用开发框架- 熟悉Android下网络通信机制，对Socket、TCP/IP以及无线通信 协议有一定理解和经验- 熟练掌握Android Debug工具，例如TraceView32等- 有扎实的开发功底，熟悉数据结构、面向对象开发和设计，具备 较好的算法设计能力有较强的沟通能力,对用户体验追求极致3.优先条件：- 有Android源码二次开发经验- 有软件商店上线产品- 有LBS开发经验- 对Android UI相关接口理解优异者、能够编写自定义高性能UI控件者优先- 熟练掌握JNT开发技术者优先                                                                             职位联系方式                                                      公司名称：北京壹号车科技有限公司公司地址：海淀区西二旗  盈创动力大厦E座801C 传真：公司主页：www.che001.com                                                          查看职位地图') ;
COMMIT;
INSERT INTO "User" ("Name","UserType","CreatedDatetime","UpdatedDatetime","Enabled")
                              VALUES ('659645427250044.htm',4,clock_timestamp(),clock_timestamp(),'t') ;
INSERT INTO "ZhilianUser" ("UserId","NickName","Type","Sex","City" ) VALUES(currval('"hero_reduce"."user_id_seq"'),'659645427250044.htm',0,'null','北京-海淀区') ; INSERT INTO "JobPosition" ("UserId","Name","Address","Title","Salary","Description")
                          VALUES(currval('"hero_reduce"."user_id_seq"'),'659645427250044.htm','北京-海淀区','手机软件开发工程师','','岗位职责：1.组织移动端开发团队2.安排开发计划3.负责关键技术攻关任职资格：技能要求：1.熟练掌握Android端网络通讯、图像绘制2.了解Framework层工作机制3.有敏捷团队管理经验4.熟练掌握Android的编译原理5.熟练使用NDK6.有很强的Debug能力学历要求：211大学，本科或本科以上工作年限：3年以上                                                                            职位联系方式                                                      公司名称：北京壹号车科技有限公司公司地址：海淀区西二旗  盈创动力大厦E座801C 传真：公司主页：www.che001.com                                                          查看职位地图') ;
COMMIT;
INSERT INTO "User" ("Name","UserType","CreatedDatetime","UpdatedDatetime","Enabled")
                              VALUES ('373895917250698.htm',4,clock_timestamp(),clock_timestamp(),'t') ;
INSERT INTO "ZhilianUser" ("UserId","NickName","Type","Sex","City" ) VALUES(currval('"hero_reduce"."user_id_seq"'),'373895917250698.htm',0,'null','北京-通州区') ; INSERT INTO "JobPosition" ("UserId","Name","Address","Title","Salary","Description")
                          VALUES(currval('"hero_reduce"."user_id_seq"'),'373895917250698.htm','北京-通州区','高级软件工程师','','岗位职责：1.能独立处理和解决所负责的任务； 2.根据开发进度和任务分配，完成相应模块软件的设计、开发、编程任务； 3.进行程序单元、功能的测试，查出软件存在的缺陷并保证其质量；4.进行编制项目文档和质量记录的工作； 5.维护软件使之保持可用性和稳定性。 任职资格： 1.三年以上Java/C语言编程经验，具有良好的编码风格与编码技巧；2.熟悉Android开发平台及框架原理，能独立进行应用程序开发和移植，有Android移动产品开发经验者优先； 3.二年以上android平台编程经验，熟悉Android平台的GUI、基本组件、Socket/HTTP编程、线程、进程间通信机制等； 4.有跨平台开发经验者优先；5.有手机或其他多媒体嵌入式开发经验者优先。熟悉ERP业务流程和电商业务流程。公司为员工提供食宿以及有竞争力的薪资                                                                             职位联系方式                                                                                                                查看职位地图') ;
COMMIT;
INSERT INTO "User" ("Name","UserType","CreatedDatetime","UpdatedDatetime","Enabled")
                              VALUES ('289810616250128.htm',4,clock_timestamp(),clock_timestamp(),'t') ;
INSERT INTO "ZhilianUser" ("UserId","NickName","Type","Sex","City" ) VALUES(currval('"hero_reduce"."user_id_seq"'),'289810616250128.htm',0,'null','北京-朝阳区') ; INSERT INTO "JobPosition" ("UserId","Name","Address","Title","Salary","Description")
                          VALUES(currval('"hero_reduce"."user_id_seq"'),'289810616250128.htm','北京-朝阳区','软件工程师','6001-8000','android客户端开发，具备一年以上android平台开发经验。熟悉熟悉java平台，linux，mysql。熟悉移动端HTML5开发优先。熟悉视频和播放器技术优先。                                                                            职位联系方式                                                       公司名称：北京万象传媒广告有限公司 公司地址：北京市朝阳区高井村东亿国际文化传媒产业园C6  传真： 公司主页：www.imagem.cn                                                          查看职位地图') ;
COMMIT;
INSERT INTO "User" ("Name","UserType","CreatedDatetime","UpdatedDatetime","Enabled")
                              VALUES ('694181128250006.htm',4,clock_timestamp(),clock_timestamp(),'t') ;
INSERT INTO "ZhilianUser" ("UserId","NickName","Type","Sex","City" ) VALUES(currval('"hero_reduce"."user_id_seq"'),'694181128250006.htm',0,'null','北京-海淀区') ; INSERT INTO "JobPosition" ("UserId","Name","Address","Title","Salary","Description")
                          VALUES(currval('"hero_reduce"."user_id_seq"'),'694181128250006.htm','北京-海淀区','高级软件工程师','','职责描述：1.开发和维护公司Android平台应用。 职位要求： 1.良好的Java技术功底，熟悉JNI； 2.熟悉Android系统架构及相关技术，4年以上实际Android平台开发经验； 3.熟悉无线网络及多媒体应用开发，并有实际开发经验； 4.熟悉视频编解码体系和相关技术，并具备应用 FFMpeg 的实际经验；5.思路清晰，思维敏捷，快速的学习能力，良好的英文资料阅读能力； 6.具备良好的沟通能力和团队合作精神。                                                                           职位联系方式                                                       公司名称：微播网络技术(北京)有限公司 公司地址：北京市海淀区中关村南大街甲12号寰太大厦  传真： 公司主页：null                                                          查看职位地图') ;
COMMIT;
INSERT INTO "User" ("Name","UserType","CreatedDatetime","UpdatedDatetime","Enabled")
                              VALUES ('663615027250159.htm',4,clock_timestamp(),clock_timestamp(),'t') ;
INSERT INTO "ZhilianUser" ("UserId","NickName","Type","Sex","City" ) VALUES(currval('"hero_reduce"."user_id_seq"'),'663615027250159.htm',0,'null','北京') ; INSERT INTO "JobPosition" ("UserId","Name","Address","Title","Salary","Description")
                          VALUES(currval('"hero_reduce"."user_id_seq"'),'663615027250159.htm','北京','软件工程师','','岗位职责：1、编写代码注释和开发文档；2、辅助进行系统的功能定义,程序设计；3、根据项目设计文档或需求说明完成代码的编写，调试，测试和维护；4、分析并解决软件开发过程中的问题；5、配合项目经理团队完成相关任务目标。               任职资格：              1、大专及以上学历，计算机（网络）、电子信息、软件工程、（电气）自动化、测控、生仪、机电等专业。 2、有计算机语言基础者优先，如：C语言、C++、C#、JAVA、.Net、PHP等。3、具备良好的文档编写习惯和代码规范，对软件感兴趣并立志长期从事。4、具有良好的团队协作精神，较强的学习能力和沟通能力。                                                                            职位联系方式                                                       公司名称：北京中软瑞达科技有限公司 公司地址：北京海淀区上地金隅嘉华大厦D座506  联系人：刘女士18514008968 QQ邮箱2076674775qq@.com                                                          查看职位地图') ;
COMMIT;
INSERT INTO "User" ("Name","UserType","CreatedDatetime","UpdatedDatetime","Enabled")
                              VALUES ('000163395250815.htm',4,clock_timestamp(),clock_timestamp(),'t') ;
INSERT INTO "ZhilianUser" ("UserId","NickName","Type","Sex","City" ) VALUES(currval('"hero_reduce"."user_id_seq"'),'000163395250815.htm',0,'null','北京') ; INSERT INTO "JobPosition" ("UserId","Name","Address","Title","Salary","Description")
                          VALUES(currval('"hero_reduce"."user_id_seq"'),'000163395250815.htm','北京','手机软件开发工程师','','职位描述1、基于Android平台进行产品开发；2、Android手机、平板终端软件的产品开发与维护；3、独立完成客户端软件需求的整理和软件的设计；4、能按照项目计划，按时提交高质量的代码，完成开发任务；5、规范和文档的编写、维护；6、手机软件开发技术方面的评估以及可行性方面的分析和探索；7、其他与项目有关的工作。8、参与产品单元测试，后期产品升级维护。任职条件1、大专或以上学历，1年Android应用开发经验；2、有扎实的Java/C++语言基础；3、会php语言的优先4、熟悉Android/ios SDK及相关开发、调试、优化工具；5、开发基础良好，对手机软件性能优化、内存优化有一定了解；6、有Android线上作品者及Symbian或iOS开发经验者优先；7、有优秀的优化、调试和解决问题能力，逻辑思维清晰严谨；8、学习能力强，沟通、表达能力好，有团队合作精神；9、希望加入到创业型的团队，具备很强的工作责任心和主动性。                                                                           职位联系方式                                                       公司名称：北京乐友达康科技有限公司 公司地址：北京市朝阳区八里庄西里100号住邦2000商务中心1号楼西区4层  传真： 公司主页：http://www.leyou.com                                                          查看职位地图') ;
COMMIT;
INSERT INTO "User" ("Name","UserType","CreatedDatetime","UpdatedDatetime","Enabled")
                              VALUES ('551695324250628.htm',4,clock_timestamp(),clock_timestamp(),'t') ;
INSERT INTO "ZhilianUser" ("UserId","NickName","Type","Sex","City" ) VALUES(currval('"hero_reduce"."user_id_seq"'),'551695324250628.htm',0,'null','北京-丰台区') ; INSERT INTO "JobPosition" ("UserId","Name","Address","Title","Salary","Description")
                          VALUES(currval('"hero_reduce"."user_id_seq"'),'551695324250628.htm','北京-丰台区','软件工程师','','岗位职责：1.从事Android平台应用软件的分析、设计、编码、测试等相关工作；2.参与Android平台相关技术研究和设计工作；3.从事与商品化相关的技术支持。任职要求：1.计算机及相关专业本科以上学历；2.扎实的Java技术功底；3.熟悉Android系统架构及相关技术；4.至少1年以上实际Android App开发经验（高级职位需要3年以上的工作经验）；5.精通Android平台下的UI相关开发；6.熟悉Linux操作系统；7.思路清晰，思维敏捷，快速的学习能力；8.能承担较大工作压力，具备良好的沟通能力和团队合作精神。                                                                           职位联系方式                                                       公司名称：中视联动科技(北京)有限公司 公司地址：北京市丰台科技园航丰路5号渠道网络大厦(原久久网络大厦)  传真： 公司主页：www.ctvonline.cn                                                          查看职位地图') ;
COMMIT;
INSERT INTO "User" ("Name","UserType","CreatedDatetime","UpdatedDatetime","Enabled")
                              VALUES ('182779129250984.htm',4,clock_timestamp(),clock_timestamp(),'t') ;
INSERT INTO "ZhilianUser" ("UserId","NickName","Type","Sex","City" ) VALUES(currval('"hero_reduce"."user_id_seq"'),'182779129250984.htm',0,'null','北京') ; INSERT INTO "JobPosition" ("UserId","Name","Address","Title","Salary","Description")
                          VALUES(currval('"hero_reduce"."user_id_seq"'),'182779129250984.htm','北京','软件研发工程师','','岗位职责 1、依据项目经理的安排，完成android平台下软件开发任务2、公司android平台新产品的设计、编码和文档撰写工作3、公司现有android产品的维护、升级工作4、为客户的研发工作提供技术支持岗位要求  1.1年以上Android、Java开发经验，有android客户端产品的开发基础2.熟练使用Eclipse、Android SDK等开发工具 3.熟练掌握Android的API，理解Android的体系结构，掌握Android中界面绘制、后台运行、数据存储等的原理，熟悉xml、http、TCP/IP协议 4.有快速的学习能力，能适应较大的工作压力,有较强的沟通能力5.计算机或相关专业本科毕业，211学校优先                                                                            职位联系方式                                                      公司名称：北京凌阳爱普科技有限公司公司地址：北京市海淀区上地信息产业基地中黎科技园1号楼3层A段 传真：62981113-2992公司主页：www.sunplusedu.com                                                          查看职位地图') ;
COMMIT;
INSERT INTO "User" ("Name","UserType","CreatedDatetime","UpdatedDatetime","Enabled")
                              VALUES ('142851308251587.htm',4,clock_timestamp(),clock_timestamp(),'t') ;
INSERT INTO "ZhilianUser" ("UserId","NickName","Type","Sex","City" ) VALUES(currval('"hero_reduce"."user_id_seq"'),'142851308251587.htm',0,'null','北京') ; INSERT INTO "JobPosition" ("UserId","Name","Address","Title","Salary","Description")
                          VALUES(currval('"hero_reduce"."user_id_seq"'),'142851308251587.htm','北京','软件工程师','','工作职责：1、负责Android平台上应用程序的开发、测试、维护等工作。任职资格：1、两年以上Android开发经验；2、精通Java，熟悉Android系统架构3、有相关手机客户端产品的开发经验或有网络视频开发经验优先4、有良好的团队协作能力和沟通能力。                                                                            职位联系方式                                                      公司名称：北京优朋普乐科技有限公司公司地址：北京市朝阳区建国门外大街永安里东里甲3号-通用国际中心A座21F和B座25F 传真：65698111公司主页：www.voole.com                                                          查看职位地图') ;
COMMIT;
INSERT INTO "User" ("Name","UserType","CreatedDatetime","UpdatedDatetime","Enabled")
                              VALUES ('132868523253953.htm',4,clock_timestamp(),clock_timestamp(),'t') ;
INSERT INTO "ZhilianUser" ("UserId","NickName","Type","Sex","City" ) VALUES(currval('"hero_reduce"."user_id_seq"'),'132868523253953.htm',0,'null','北京-海淀区') ; INSERT INTO "JobPosition" ("UserId","Name","Address","Title","Salary","Description")
                          VALUES(currval('"hero_reduce"."user_id_seq"'),'132868523253953.htm','北京-海淀区','高级软件工程师','','岗位职责： 蜂鸟Android客户端产品开发；规范的技术文档的编写、维护；负责Android团队成员的招募和带领工作；承担或参与项目需求分析、设计与实现、相关单元测试和文档书写；按照项目计划，按时提交高质量的代码，完成开发任务；积极沟通与解决开发当中遇到的问题，积极参与产品、功能与技术架构的改进；   任职要求： 计算机专业本科以上学历；两年以上Android开发工作经验；熟悉SNS、微博、LBS等社会化移动互联网产品；精通HTTP 通讯协议，有Restful API使用经验；具备扎实的Java语言基础及2年面向对象开发经验；熟悉Android平台设计理念，具有丰富的UI开发经验；熟悉Android内存管理机制，有大量图片缓存处理优化经验；工作认真负责，思路清晰，较强的沟通协调能力，具有团队合作精神；熟悉Android 操作系统架构，至少一款完整的Android网络应用开发和发布经验；      福利待遇： 公司福利： 1.为满足员工的生理与心理需求，上班时间则是小弹簧的方式。工作时间为周一到周五早8:30—9:30上班 晚17:30—18:30下班中午休息1小时，8小时工时， 周末双休 ，法定节假日休息。 2.在试用期您即可享受按工资全额办理的六险一金，没错，你没有看错！！！是六险一金！在包括养老保险、医疗保险、失业保险、工伤保险、生育保险外，公司还给每位员工办理商业保险。如此好的机会，快点动你的鼠标申请加入我们吧！！！怎么？还不够？没有关系，请继续往下看！ 3.在新员工期间，公司会提供不少于30个小时的培训福利喔，内容涵盖专业技能、职场及生活等等等等……各个方面。全面提成你的各项能量值。 4.想尝尝天上掉馅饼的滋味么？这可不是白日做梦！每逢佳节，当你计划着各种出游活动时，被从天而降的礼品卡砸到会作何感想呢？我司将会在节日发放礼品或购物卡。（如：五一、十一、生日等） 5.害怕年假会告诉你：大侠请从新来过？好不容易通的关都作废了？NONONO~！本公司的年假计算法就像是游戏里的自动存档，年假是按累积工作年限来算的。累计工作满1年不满10年的员工应享有年假天数为5天，累计工作满10年不满20年的‘员工’应享有年假天数为10天，累计工作满20年以上的‘员工’享有年假为15天。 6.物价上涨工资不涨？我们日渐变成房奴、车奴的年代，肿么办？？？本公司入职后表现优异的员工可获得一年两次的调薪机会~！ 7.为了让员工齐心协力、携手奋进，每个季度各部门均会举办团队建设活动。 8.你会不会在意在你OVER之前，还没有看完这个世界？年度优秀员工可享受双人双飞出国游,在我司工作满三年、五年的员工，可享受公司所提供的出国旅游的部分经费。 9.人是铁饭是钢，一顿不吃饿得慌。公司提供早餐补助（4/天）、午餐补助（10/天）。 10.一分耕耘一分收获=全勤奖+季度奖+季度评优+年终奖，你值得拥有！ 11.对离家较远并且未婚的员工，公司推出“友情公寓”。提供温馨小屋作为员工宿舍， 12.帅哥们想不想练就标准“T”型身材，让美女们拜倒在你牛仔裤下？美女们想不想拥有“魔鬼”身材，让帅哥们拜倒在你石榴裙下？公司内设有健身房，实现你的梦想~！ 13.想不想情人节有人陪过？想不想去电影院不再是一个人？想不想摆脱11.11的光棍节？没问题！每位单身员工可参加单身俱乐部举办的联谊活动。 假如我们英雄所见略同，假如你对未来怀有梦想，只要你是千里马，我们将会是你职场生涯中的明眼伯乐！只要你轻点鼠标，就可以享受到以上的全部福利！机会只有一次，机不可失失不再来，期待各帮派大侠的加入！                                                                            职位联系方式                                                       公司名称：CBS Interactive China 公司地址：北京市海淀区知春路113号银网中心9层  传真： 公司主页：http://www.cbsinteractive.com                                                          查看职位地图') ;
COMMIT;
INSERT INTO "User" ("Name","UserType","CreatedDatetime","UpdatedDatetime","Enabled")
                              VALUES ('241260221250279.htm',4,clock_timestamp(),clock_timestamp(),'t') ;
INSERT INTO "ZhilianUser" ("UserId","NickName","Type","Sex","City" ) VALUES(currval('"hero_reduce"."user_id_seq"'),'241260221250279.htm',0,'null','北京') ; INSERT INTO "JobPosition" ("UserId","Name","Address","Title","Salary","Description")
                          VALUES(currval('"hero_reduce"."user_id_seq"'),'241260221250279.htm','北京','高级软件工程师','15001-25000','岗位职责：1.负责手机输入法相关产品的研发。 岗位要求：1.精通android UI开发；2.熟悉android NDK开发；3.扎实的算法，数据结构等功底；4.强悍的代码阅读和debug能力；5.良好的开发习惯；6.两年以上工作经验。加分项：1.输入法开发经验(PC端也可以）；2.输入法在线词典开发经验；3.swift输入开发经验。 公司简介：北京新美互通科技有限公司成立于2011年4月，是一家国内领先的移动互联网创新企业，创始团队来自微软、Google、创新工场、百度和TOM等国内外知名公司，已经获得多轮风险投资及战略投资。公司专注于移动互联网领域技术和产品创新，致力于为用户提供一流的产品和服务，主营业务是移动应用的开发和运营，包括手机应用开发、手机游戏开发、游戏平台等。荣誉出品（包含已售）：如火如荼——字体管家、棱镜SDK云平台、锁屏大师、签名大师…新手上路——Ikeyboard手机输入法、手游魔纹战记、海量休闲小游戏…往事如烟——省电宝、奇思壁纸、Textcutie、手游幻灵诀…咨询QQ：2296649715、                                                                           职位联系方式                                                       公司名称：北京新美互通科技有限公司 公司地址：北京市朝阳区东土城路8号林达大厦A座16C（地铁13号线柳芳站A口出左转300米）') ;
COMMIT;
INSERT INTO "User" ("Name","UserType","CreatedDatetime","UpdatedDatetime","Enabled")
                              VALUES ('248895217250783.htm',4,clock_timestamp(),clock_timestamp(),'t') ;
INSERT INTO "ZhilianUser" ("UserId","NickName","Type","Sex","City" ) VALUES(currval('"hero_reduce"."user_id_seq"'),'248895217250783.htm',0,'null','北京-朝阳区') ; INSERT INTO "JobPosition" ("UserId","Name","Address","Title","Salary","Description")
                          VALUES(currval('"hero_reduce"."user_id_seq"'),'248895217250783.htm','北京-朝阳区','高级软件工程师','8000-20000','Android高级开发工程师                               职位描述：   1.根据产品需求开发Android客户端产品；   2.验证和修正测试中发现的问题 ；   3.学习和研究新技术以满足产品的需求；   4.根据开发过程中的体验对产品提出改进建议。      职位要求：   1.统招本科及以上学历，理工科背景，精通java语言，4年以上java相关经验；3年以上Android开发经验；   2.精通Android开发平台及框架原理，精通Android的基本组件使用；   3.熟悉Android下网络编程，网络数据传输，JSON数据传输；   4.熟悉Android下的安全技术；   5.熟练使用多种常用设计模式，具扎实的编程功底和良好的编程习惯，良好的设计文档撰写能力；   6.有支付客户端开发经验。                                                                                    职位联系方式                                                      公司名称：北京动维康科技有限公司  创业公司，方向：移动医疗；能够提供有竞争力的薪资和发展机会。  公司地址：北京市朝阳区高碑店乡四惠东联信国际大厦308室。（离四惠东地铁站站台步行15分钟）                                                          查看职位地图') ;
COMMIT;
INSERT INTO "User" ("Name","UserType","CreatedDatetime","UpdatedDatetime","Enabled")
                              VALUES ('143170243251951.htm',4,clock_timestamp(),clock_timestamp(),'t') ;
INSERT INTO "ZhilianUser" ("UserId","NickName","Type","Sex","City" ) VALUES(currval('"hero_reduce"."user_id_seq"'),'143170243251951.htm',0,'null','北京') ; INSERT INTO "JobPosition" ("UserId","Name","Address","Title","Salary","Description")
                          VALUES(currval('"hero_reduce"."user_id_seq"'),'143170243251951.htm','北京','高级软件工程师','15001-25000','岗位职责：1. 负责Android平台应用软件开发；2. 负责产品的框架设计；3. 解决疑难技术问题。任职要求：1. 计算机或相关专业本科及以上学历，具备良好的团队协作能力；2. 熟悉互联网相关技术，对开发具有挑战性产品有强烈的热情；3. 扎实的Java技术基础，精通常用数据结构与算法；4. 三年以上Android平台应用软件开发经验；5. 熟悉Android应用软件常见优化手段，要求有架构设计经验；6. 熟悉Android常见控件技术，并能够根据项目需要进行扩展；7. 熟悉TCP/IP、HTTP协议，能够灵活熟练运用网络编程技术；8. 熟悉C++、JNI技术者优先；9. 有多个成功项目或偏底层项目经验者优先。                                                                           职位联系方式') ;
COMMIT;
INSERT INTO "User" ("Name","UserType","CreatedDatetime","UpdatedDatetime","Enabled")
                              VALUES ('130072405263123.htm',4,clock_timestamp(),clock_timestamp(),'t') ;
INSERT INTO "ZhilianUser" ("UserId","NickName","Type","Sex","City" ) VALUES(currval('"hero_reduce"."user_id_seq"'),'130072405263123.htm',0,'null','北京') ; INSERT INTO "JobPosition" ("UserId","Name","Address","Title","Salary","Description")
                          VALUES(currval('"hero_reduce"."user_id_seq"'),'130072405263123.htm','北京','高级软件工程师','','【职责描述】负责移动平台产品的研发【任职资格】1、本科，计算机及相关专业； 2、至少5年软件开发经验，至少2年Android平台产品开发经验，熟练Java；3、熟悉Android SDK的应用程序开发，能独立设计、开发、调试应用程序； 4、熟悉Android环境下Socket通信、HTTP编程； 5、熟练数据结构、基本算法；6、英语听说读写能力； 7、熟悉3D开发优先；【工作地点】北京【福利待遇】12k-15k【招聘人数】1                                                                           职位联系方式                                                       公司名称：大连博科人才有限公司 公司地址：辽宁省大连市中山区人民路15号 国际金融大厦13楼D  传真：8250-7280 公司主页：www.ptsolution.cn                                                          查看职位地图') ;
COMMIT;
INSERT INTO "User" ("Name","UserType","CreatedDatetime","UpdatedDatetime","Enabled")
                              VALUES ('120103904251509.htm',4,clock_timestamp(),clock_timestamp(),'t') ;
INSERT INTO "ZhilianUser" ("UserId","NickName","Type","Sex","City" ) VALUES(currval('"hero_reduce"."user_id_seq"'),'120103904251509.htm',0,'null','北京') ; INSERT INTO "JobPosition" ("UserId","Name","Address","Title","Salary","Description")
                          VALUES(currval('"hero_reduce"."user_id_seq"'),'120103904251509.htm','北京','手机软件开发工程师','','岗位职责：1、负责android平台程序的开发、维护、框架设计；2、按计划完成产品模块的代码编写，产品模块测试，保证代码质量。 任职资格：1、统招本科以上学历， 3年以上android平台开发经验 ；2、熟悉Java语言，对数据结构和算法有些了解，熟练掌握并应用面向对象的编程思想；  3、熟悉android网络编程，平台的图片处理及优化，内存管理；熟悉XML,json解析。                                                                           职位联系方式                                                       公司名称：北京搜房科技发展有限公司 公司地址：北京市丰台区南四环西路186号四区汉威国际广场5号楼  传真： 公司主页：http://fang.com/') ;
COMMIT;
INSERT INTO "User" ("Name","UserType","CreatedDatetime","UpdatedDatetime","Enabled")
                              VALUES ('132868523254090.htm',4,clock_timestamp(),clock_timestamp(),'t') ;
INSERT INTO "ZhilianUser" ("UserId","NickName","Type","Sex","City" ) VALUES(currval('"hero_reduce"."user_id_seq"'),'132868523254090.htm',0,'null','北京-海淀区') ; INSERT INTO "JobPosition" ("UserId","Name","Address","Title","Salary","Description")
                          VALUES(currval('"hero_reduce"."user_id_seq"'),'132868523254090.htm','北京-海淀区','手机软件开发工程师','','岗位职责： 1.完成基于Android平台项目的需求，收集分析、设计、开发与实施部署；2.编写相关的开发文档，如设计文档，测试文档等；3.对所开发的产品进行版本更新及维护，以满足业务运营要求；4.按照项目计划，按时提交高质量代码，完成开发任务。 任职要求：1.计算机、通信等相关专业专科及以上学历，两年及以上手机应用实际开发经验；2.精通Java语言，能够熟练使用Java语言及相关工具进行客户端应用程序开发；3.扎实的算法和数据结构基本功，了解设计模式；4.熟悉各种主流手机特性，深刻理解手机客户端软件及服务端开发特点；5.熟悉 Android 应用打包、签名、验证和安装机制，对 Android 系统应用管理、进程管理、内存管理机制有深入理解；6.有良好的关注用户体验的开发风格；7.有良好沟通协作和学习能力，善于准确理解用户需求。 公司福利： 1.为满足员工的生理与心理需求，上班时间则是小弹簧的方式。工作时间为周一到周五早8:30—9:30上班 晚17:30—18:30下班中午休息1小时，8小时工时， 周末双休 ，法定节假日休息。 2.在试用期您即可享受按工资全额办理的六险一金，没错，你没有看错！！！是六险一金！在包括养老保险、医疗保险、失业保险、工伤保险、生育保险外，公司还给每位员工办理商业保险。如此好的机会，快点动你的鼠标申请加入我们吧！！！怎么？还不够？没有关系，请继续往下看！ 3.在新员工期间，公司会提供不少于30个小时的培训福利喔，内容涵盖专业技能、职场及生活等等等等……各个方面。全面提成你的各项能量值。 4.想尝尝天上掉馅饼的滋味么？这可不是白日做梦！每逢佳节，当你计划着各种出游活动时，被从天而降的礼品卡砸到会作何感想呢？我司将会在节日发放礼品或购物卡。（如：五一、十一、生日等） 5.害怕年假会告诉你：大侠请从新来过？好不容易通的关都作废了？NONONO~！本公司的年假计算法就像是游戏里的自动存档，年假是按累积工作年限来算的。累计工作满1年不满10年的员工应享有年假天数为5天，累计工作满10年不满20年的‘员工’应享有年假天数为10天，累计工作满20年以上的‘员工’享有年假为15天。 6.物价上涨工资不涨？我们日渐变成房奴、车奴的年代，肿么办？？？本公司入职后表现优异的员工可获得一年两次的调薪机会~！ 7.为了让员工齐心协力、携手奋进，每个季度各部门均会举办团队建设活动。 8.你会不会在意在你OVER之前，还没有看完这个世界？年度优秀员工可享受双人双飞出国游,在我司工作满三年、五年的员工，可享受公司所提供的出国旅游的部分经费。 9.人是铁饭是钢，一顿不吃饿得慌。公司提供早餐补助（4/天）、午餐补助（10/天）。 10.一分耕耘一分收获=全勤奖+季度奖+季度评优+年终奖，你值得拥有！ 11.对离家较远并且未婚的员工，公司推出“友情公寓”。提供温馨小屋作为员工宿舍， 12.帅哥们想不想练就标准“T”型身材，让美女们拜倒在你牛仔裤下？美女们想不想拥有“魔鬼”身材，让帅哥们拜倒在你石榴裙下？公司内设有健身房，实现你的梦想~！ 13.想不想情人节有人陪过？想不想去电影院不再是一个人？想不想摆脱11.11的光棍节？没问题！每位单身员工可参加单身俱乐部举办的联谊活动。 假如我们英雄所见略同，假如你对未来怀有梦想，只要你是千里马，我们将会是你职场生涯中的明眼伯乐！只要你轻点鼠标，就可以享受到以上的全部福利！机会只有一次，机不可失失不再来，期待各帮派大侠的加入！                                                                           职位联系方式                                                       公司名称：CBS Interactive China 公司地址：北京市海淀区知春路113号银网中心9层  传真： 公司主页：http://www.cbsinteractive.com                                                          查看职位地图') ;
COMMIT;
INSERT INTO "User" ("Name","UserType","CreatedDatetime","UpdatedDatetime","Enabled")
                              VALUES ('687928226250003.htm',4,clock_timestamp(),clock_timestamp(),'t') ;
INSERT INTO "ZhilianUser" ("UserId","NickName","Type","Sex","City" ) VALUES(currval('"hero_reduce"."user_id_seq"'),'687928226250003.htm',0,'null','北京-海淀区') ; INSERT INTO "JobPosition" ("UserId","Name","Address","Title","Salary","Description")
                          VALUES(currval('"hero_reduce"."user_id_seq"'),'687928226250003.htm','北京-海淀区','手机软件开发工程师','','1、一年以上Java开发经验，两年以上Android开发经验2、了解Java设计模式、Android系统框架和特性和SDK等3、熟悉掌握android UI布局、架构设计，并有丰富的适配经验4、熟悉Android下通信机制，并发编程5、熟悉Android开发工具和相关开发测试工具的使用6、对手机软件性能优化、内存优化有一定经验7、对软件产品有强烈的责任心，有强烈的上进心和求知欲，善于学习新事物，对技术充满激情,具备良好的沟通能力和优秀的团队协作能力助力软件：www.entfly.com                                                                            职位联系方式                                                      公司名称：北京助力软件有限公司公司地址：北京市海淀区清河安宁庄路4号3号楼220室公司主页：www.entfly.com                                                          查看职位地图') ;
COMMIT;
INSERT INTO "User" ("Name","UserType","CreatedDatetime","UpdatedDatetime","Enabled")
                              VALUES ('132868523254097.htm',4,clock_timestamp(),clock_timestamp(),'t') ;
INSERT INTO "ZhilianUser" ("UserId","NickName","Type","Sex","City" ) VALUES(currval('"hero_reduce"."user_id_seq"'),'132868523254097.htm',0,'null','北京-海淀区') ; INSERT INTO "JobPosition" ("UserId","Name","Address","Title","Salary","Description")
                          VALUES(currval('"hero_reduce"."user_id_seq"'),'132868523254097.htm','北京-海淀区','手机软件开发工程师','','岗位职责：1、负责android或ios平台的app逆向分析工作；2、负责相应平台动态库程序的开发。任职资格：1、熟悉系统底层及动态库应用，了解打包、反编译、破解流程2、具备较强的技术钻研和学习能力。公司福利： 1.为满足员工的生理与心理需求，上班时间则是小弹簧的方式。工作时间为周一到周五早8:30—9:30上班 晚17:30—18:30下班中午休息1小时，8小时工时， 周末双休 ，法定节假日休息。 2.在试用期您即可享受按工资全额办理的六险一金，没错，你没有看错！！！是六险一金！在包括养老保险、医疗保险、失业保险、工伤保险、生育保险外，公司还给每位员工办理商业保险。如此好的机会，快点动你的鼠标申请加入我们吧！！！怎么？还不够？没有关系，请继续往下看！ 3.在新员工期间，公司会提供不少于30个小时的培训福利喔，内容涵盖专业技能、职场及生活等等等等……各个方面。全面提成你的各项能量值。 4.想尝尝天上掉馅饼的滋味么？这可不是白日做梦！每逢佳节，当你计划着各种出游活动时，被从天而降的礼品卡砸到会作何感想呢？我司将会在节日发放礼品或购物卡。（如：五一、十一、生日等） 5.害怕年假会告诉你：大侠请从新来过？好不容易通的关都作废了？NONONO~！本公司的年假计算法就像是游戏里的自动存档，年假是按累积工作年限来算的。累计工作满1年不满10年的员工应享有年假天数为5天，累计工作满10年不满20年的‘员工’应享有年假天数为10天，累计工作满20年以上的‘员工’享有年假为15天。 6.物价上涨工资不涨？我们日渐变成房奴、车奴的年代，肿么办？？？本公司入职后表现优异的员工可获得一年两次的调薪机会~！ 7.为了让员工齐心协力、携手奋进，每个季度各部门均会举办团队建设活动。 8.你会不会在意在你OVER之前，还没有看完这个世界？年度优秀员工可享受双人双飞出国游,在我司工作满三年、五年的员工，可享受公司所提供的出国旅游的部分经费。 9.人是铁饭是钢，一顿不吃饿得慌。公司提供早餐补助（4/天）、午餐补助（10/天）。 10.一分耕耘一分收获=全勤奖+季度奖+季度评优+年终奖，你值得拥有！ 11.对离家较远并且未婚的员工，公司推出“友情公寓”。提供温馨小屋作为员工宿舍， 12.帅哥们想不想练就标准“T”型身材，让美女们拜倒在你牛仔裤下？美女们想不想拥有“魔鬼”身材，让帅哥们拜倒在你石榴裙下？公司内设有健身房，实现你的梦想~！ 13.想不想情人节有人陪过？想不想去电影院不再是一个人？想不想摆脱11.11的光棍节？没问题！每位单身员工可参加单身俱乐部举办的联谊活动。 假如我们英雄所见略同，假如你对未来怀有梦想，只要你是千里马，我们将会是你职场生涯中的明眼伯乐！只要你轻点鼠标，就可以享受到以上的全部福利！机会只有一次，机不可失失不再来，期待各帮派大侠的加入！                                                                           职位联系方式                                                       公司名称：CBS Interactive China 公司地址：北京市海淀区知春路113号银网中心9层  传真： 公司主页：http://www.cbsinteractive.com                                                          查看职位地图') ;
COMMIT;
INSERT INTO "User" ("Name","UserType","CreatedDatetime","UpdatedDatetime","Enabled")
                              VALUES ('661362322250007.htm',4,clock_timestamp(),clock_timestamp(),'t') ;
INSERT INTO "ZhilianUser" ("UserId","NickName","Type","Sex","City" ) VALUES(currval('"hero_reduce"."user_id_seq"'),'661362322250007.htm',0,'null','北京-宣武区') ; INSERT INTO "JobPosition" ("UserId","Name","Address","Title","Salary","Description")
                          VALUES(currval('"hero_reduce"."user_id_seq"'),'661362322250007.htm','北京-宣武区','软件工程师','','职位描述：1.按照需求负责医疗行业Android手机端系统软件开发工作；2.负责内部单元测试以及集成测试；3.关注科技动态，能及时将最新移动技术应用到产品中；职位要求：1.计算机或相关专业本科学历以上，一年以上Android开发经验；2.熟悉Android下的网络通信机制，了解基本数据层传输协议;3.精通Android系统架构及相关技术，能独立完成过项目，有较好地学习及抗压能力；4.具备良好的编码习惯，有一定的文档能力；5.有事业心，进取心，敬业，品格正直，可以适应公司加班；                                                                            职位联系方式                                                      公司名称：北京高歌讯风科技有限公司公司地址：北京市宣武区广安门外大街187号朗琴国际大厦A座701室传真：公司主页：                                                          查看职位地图') ;
COMMIT;
INSERT INTO "User" ("Name","UserType","CreatedDatetime","UpdatedDatetime","Enabled")
                              VALUES ('134132328251208.htm',4,clock_timestamp(),clock_timestamp(),'t') ;
INSERT INTO "ZhilianUser" ("UserId","NickName","Type","Sex","City" ) VALUES(currval('"hero_reduce"."user_id_seq"'),'134132328251208.htm',0,'null','北京') ; INSERT INTO "JobPosition" ("UserId","Name","Address","Title","Salary","Description")
                          VALUES(currval('"hero_reduce"."user_id_seq"'),'134132328251208.htm','北京','其他','','Android应用开发程序员任职资格：1、Android平台手机终端软件开发，精通Android开发平台及框架，一年以上实际开发经验；2、精通Android GUI程序开发，能提供已上线App者优先；3、熟悉Linux环境编程优先；4、熟悉HTML/WML/HTTP,具有良好的编程思想；5、熟悉C/C++或者Java开发语言和环境；6、基础扎实，精通常用数据结构与算法和设计能力；7、熟悉移动终端特性和开发特点； 熟悉移动终端网络编程，了解3G\WiFi等技术；8、熟悉C++/C#, MSSQL/MySQL数据库开发；熟悉多线程、Socket或ACE等网络通信编程技术；9、熟悉java各种编程方法，比如多线程,jni,idl等10、英语良好，能阅读英文资料。                                                                           职位联系方式                                                       公司名称：北京市人才开发中心 公司地址：北京市海淀区德胜门西大街甲五号  传真：64295859 公司主页：www.chinatalent.com.cn') ;
COMMIT;
INSERT INTO "User" ("Name","UserType","CreatedDatetime","UpdatedDatetime","Enabled")
                              VALUES ('700336029250002.htm',4,clock_timestamp(),clock_timestamp(),'t') ;
INSERT INTO "ZhilianUser" ("UserId","NickName","Type","Sex","City" ) VALUES(currval('"hero_reduce"."user_id_seq"'),'700336029250002.htm',0,'null','北京-石景山区') ; INSERT INTO "JobPosition" ("UserId","Name","Address","Title","Salary","Description")
                          VALUES(currval('"hero_reduce"."user_id_seq"'),'700336029250002.htm','北京-石景山区','移动互联网开发','10001-15000','【加入订健康】订健康寻找最为优秀的ios工程师首先你的技术必须足够的强，才能胜任这份工作，但这还只是基本条件。你还必须足够的成熟，才能与创业团队走到一起。可能这还不够，你还必须比任何人都要勤奋。在我们团队都是这样的伙伴，所以你会变的更强。如果你足够优秀，怎能错过投身医疗行业里最有生命力的团队机会！我们的团队有最行业内最优秀的Leader! 给你足够广阔的空间任你翱翔。我们的团队有最优质的医疗资源，保证你和家人的健康。最后爆料，团队里美女如云!我们寻找的人是你吗？等待你的简历。岗位职责：订健康移动项目Ipad/Iphone客户端软件的设计、开发和维护。岗位要求：1、本科及以上学历，计算机或电子信息相关专业，2年以上相关经验；2、熟悉Mac OS 平台下的开发；熟悉算法思想，有较强的解决问题的能力，OOD/OOP 有深刻的理解，具有良好的编程习惯；3、精通C++/Objective C/Cocoa编程，熟练使用iPhone/iPad SDK及相关开发工具，熟悉IOS底层开发，研究性开发；4、具备IOS上流媒体的开发经验者或者有在APP Store上发布软件者优先。                                                                            职位联系方式                                                      公司名称：北京智通订健康科技有限公司公司地址：北京市石景山区银河南街2号院3号楼12层1525 传真：公司主页：http://www.dingdf.com/') ;
COMMIT;
INSERT INTO "User" ("Name","UserType","CreatedDatetime","UpdatedDatetime","Enabled")
                              VALUES ('192921312273260.htm',4,clock_timestamp(),clock_timestamp(),'t') ;
INSERT INTO "ZhilianUser" ("UserId","NickName","Type","Sex","City" ) VALUES(currval('"hero_reduce"."user_id_seq"'),'192921312273260.htm',0,'null','北京') ; INSERT INTO "JobPosition" ("UserId","Name","Address","Title","Salary","Description")
                          VALUES(currval('"hero_reduce"."user_id_seq"'),'192921312273260.htm','北京','移动互联网开发','','职责描述：1、负责京东iOS主客户端的产品开发和维护；2、对京东iOS主客户端进行架构升级，代码重构，性能提升，稳定性优化；3、按照项目计划，根据需求文档、设计文档编写开发文档，完成代码编写和自测工作；4、与其他团队合作完成外部门需求开发和技术支持工作；5、维护版本的定时更新、bug修复和临时性的重要工作安排。任职资格：1、精通Objective-c语言基础，熟练掌握常用API，具备良好的编程习惯，2年以上IOS开发经验；2、精通iOS的设计规范、UI界面的深度定制、复杂交互界面的设计； 3、熟悉iOS下网络通信机制，多线程处理，代理、单例，block等模式应用，有高性能客户端编程经验；4、 热爱电子商务和互联网行业，具备良好的团队意识，良好的学习能力、沟通能力和高强度的承压能力；5、有跨移动平台开发经验，后台开发经验者优先考虑；6、对目前技术发展有敏锐的捕捉，把握技术发展的最新动态，keep moving, keep floosh。                                                                            职位联系方式                                                      公司名称：京东商城公司地址：北京市朝阳区北辰西路8号北辰世纪中心A座6层 传真：公司主页：http://www.jd.com/') ;
COMMIT;
INSERT INTO "User" ("Name","UserType","CreatedDatetime","UpdatedDatetime","Enabled")
                              VALUES ('392162127250061.htm',4,clock_timestamp(),clock_timestamp(),'t') ;
INSERT INTO "ZhilianUser" ("UserId","NickName","Type","Sex","City" ) VALUES(currval('"hero_reduce"."user_id_seq"'),'392162127250061.htm',0,'null','北京-大兴区') ; INSERT INTO "JobPosition" ("UserId","Name","Address","Title","Salary","Description")
                          VALUES(currval('"hero_reduce"."user_id_seq"'),'392162127250061.htm','北京-大兴区','高级软件工程师','10001-15000','岗位职责： 1、根据产品需求进行分析和设计；2、负责iPhone 及 iPad应用开发；3、完成 iOS 软件开发、验证和修正测试中发现的问题。4. 参与与服务器交互的设计；参与产品的讨论、设计师讨论产品需求并进行实现；5. 参与后台API的开发和调试；6. 上线发布到App Store及其他各大应用商店，并且对使用数据进行统计和汇总；7. 承担移动产品的单元测试、自动化测试等；职位要求：1.良好的编程风格，扎实的编程基础和数据结构算法基础2.超强的问题解决能力；3.深入理解 iOS SDK，具有丰富的 Objective-C 或 C/C++ 开发经验；4.深入理解面向对象编程思想，具有较强的设计能力；5.熟悉网络通信机制及常用数据传输协议；6.习惯查阅英文资料，如 Apple 官方文档，StackOverflow 等；7.热爱互联网和新技术，具有极强的快速学习能力岗位要求；8.有3年以上 iOS 开发经验，3 年以上 C/C++ 编程工作经验；                                                                            职位联系方式                                                      公司名称：中民康明通信科技(北京)有限公司公司地址：北京市北京经济技术开发区宏达北路16号2层 传真：010-67866513公司主页：http://www.ainia.com.cn/                                                          查看职位地图') ;
COMMIT;
INSERT INTO "User" ("Name","UserType","CreatedDatetime","UpdatedDatetime","Enabled")
                              VALUES ('589768123250004.htm',4,clock_timestamp(),clock_timestamp(),'t') ;
INSERT INTO "ZhilianUser" ("UserId","NickName","Type","Sex","City" ) VALUES(currval('"hero_reduce"."user_id_seq"'),'589768123250004.htm',0,'null','北京-海淀区') ; INSERT INTO "JobPosition" ("UserId","Name","Address","Title","Salary","Description")
                          VALUES(currval('"hero_reduce"."user_id_seq"'),'589768123250004.htm','北京-海淀区','软件研发工程师','8001-10000','岗位职责：   1.负责完成软件设计文档；  2.负责iOS平台APP的架构设计、功能实现，基于iPhone、iPad等硬件设备；  3.负责公司iOS平台的技术研究。     职位要求：  1. 本科以上学历，计算机、通信等相关专业。经验丰富者可适当放宽学历要求；  2. 1年以上iOS实际项目经验；  3. 精通Objective-C；  4. 精通iOS平台架构；  5. 具有丰富的UI开发经验；  6. 熟悉TCP/IP、UDP、HTTP、SOCKET等网络协议；  7. 具备良好的团队合作精神和沟通能力，较强的责任心、抗压力强。                                                                             职位联系方式                                                       公司名称：北京博文卡特科技有限公司 公司地址：海淀区蓝靛厂东路金源商务中心北侧5-2-B1B  传真： 公司主页：                                                          查看职位地图') ;
COMMIT;
INSERT INTO "User" ("Name","UserType","CreatedDatetime","UpdatedDatetime","Enabled")
                              VALUES ('297515310250852.htm',4,clock_timestamp(),clock_timestamp(),'t') ;
INSERT INTO "ZhilianUser" ("UserId","NickName","Type","Sex","City" ) VALUES(currval('"hero_reduce"."user_id_seq"'),'297515310250852.htm',0,'null','北京-朝阳区') ; INSERT INTO "JobPosition" ("UserId","Name","Address","Title","Salary","Description")
                          VALUES(currval('"hero_reduce"."user_id_seq"'),'297515310250852.htm','北京-朝阳区','高级软件工程师','','职位描述:    参与需求调研和需求分析，深刻理解产品的需求,并根据产品需求，进行iPhone/iPad等移动设备上应用程序的开发和维护；职位要求:1、认真踏实、善于沟通、富有责任心、有团队协作精神；2、有丰富的程序设计经验以及良好的面向对象的设计思想；3、3年以上相关开发经验和2年以上的iPhone实际开发经验，请附App Store上发布的作品，请注明是单独或是合作完成，以及3年以上IT工作经验；4、熟练掌握 Mac OS, 精通iPhone下的Object-C程序设计;5、熟练掌握iPhone SDK、Xcode开发环境;6、熟悉tcp、udp、多线程、xml等编程技术；7、熟悉iPhone UI框架并有扩展开发能力，兼有其他移动设备开发经验者或互联网开发经验者优先考虑；8、熟练掌握Jason及XML9、熟悉数据库设计；10、有良好的逻辑思维能力；11、有进取心，善于跟踪、学习新技术；                                                                            职位联系方式                                                      公司名称：宝迪沃健康管理集团公司地址：北京市朝阳区将台路6号丽都广场5号商业楼宝迪沃1-3层 传真：公司主页：                                                          查看职位地图') ;
COMMIT;
INSERT INTO "User" ("Name","UserType","CreatedDatetime","UpdatedDatetime","Enabled")
                              VALUES ('144852814250110.htm',4,clock_timestamp(),clock_timestamp(),'t') ;
INSERT INTO "ZhilianUser" ("UserId","NickName","Type","Sex","City" ) VALUES(currval('"hero_reduce"."user_id_seq"'),'144852814250110.htm',0,'null','北京-海淀区') ; INSERT INTO "JobPosition" ("UserId","Name","Address","Title","Salary","Description")
                          VALUES(currval('"hero_reduce"."user_id_seq"'),'144852814250110.htm','北京-海淀区','手机软件开发工程师','','岗位职责：       1. 负责iPhone和iPad应用程序开发工作；       2. 负责整体架构，功能的设计与定义；       3. 负责整体把控产品质量。  任职要求：       1.  专科以上学历，计算机相关专业，2年以上手机相关软件开发经验；       2.  精通Object-C,具有iPhone或iPad应用开发经验，熟悉iOS架构；       3.   熟悉SQLite数据库，有相关开发经验；       4.   熟悉HTTP 网络通信，XML、JSON数据解析；       5.   对UI的效果实现有一丝不苟的态度和能力。       6.   需要较强的错误调试并解决的能力。       7.   对新技术感兴趣，学习能力强，有钻研和开拓精神；       8.   工作勤奋主动，有责任心，具有良好的沟通能力和团队精神；       9.   独立完成过项目者优先。      （简历附作品，App Store附链接）       公司发展势头强劲，人文气息浓厚。秉承共同发展，共同受益的原则，诚待各路精英的加盟，与公司一起成长，共赢未来。                                                                            职位联系方式                                                      公司名称：北京闻言科技有限公司公司地址：北京市海淀区知春路49号希格玛公寓B座 传真：82899226-302公司主页：www.itingwang.com                                                          查看职位地图') ;
COMMIT;
INSERT INTO "User" ("Name","UserType","CreatedDatetime","UpdatedDatetime","Enabled")
                              VALUES ('273230118250033.htm',4,clock_timestamp(),clock_timestamp(),'t') ;
INSERT INTO "ZhilianUser" ("UserId","NickName","Type","Sex","City" ) VALUES(currval('"hero_reduce"."user_id_seq"'),'273230118250033.htm',0,'null','北京-海淀区') ; INSERT INTO "JobPosition" ("UserId","Name","Address","Title","Salary","Description")
                          VALUES(currval('"hero_reduce"."user_id_seq"'),'273230118250033.htm','北京-海淀区','移动互联网开发','4001-6000','iOS开发工程师（初、中级）==工作职责==# 基于iOS平台的iPhone、iPad等应用的产品开发与维护；# 根据产品需求完成架构和模块设计、编码、测试工作；# 改善软件的易用性，提升用户使用体验。随着你的能力成长，我们鼓励你担当以下职责：# 参与项目和产品需求分析，制定需求文档；# 对研发的项目管理工作==职位要求=====基础要求===* 一年左右或以上相关工作经验；对有对应培训或实习经验的优异者也可考虑(请注明）* 熟练掌握C、Objective C，熟悉iOS框架及MVC模式，并熟练使用XCode开发工具；* 熟悉面向对象的开发理念;* 了解应用基本算法/数据结构，了解基础设计模式；* 良好的编码风格和编程习惯,能够独立解决问题；* 能积极主动参与团队合作，善于沟通，有责任心；* 思维清晰敏捷，逻辑分析能力强，做事认真、细致；* 学习能力强；===加分项===* 有c/c++基础和开发经验，* 熟悉Http、Html、Css等网络和Web技术；* 熟悉SqlLite等数据库技术；==我们的优势==!!不介意你的起点，在意你的提升速度!!专注的行业定位，良好的发展前景轻松的工作氛围，高度的团队协作精神对新人有专人提供业务指导,迅速提高能力随着你能力的提升，较大而敏捷的薪资与职位提升空间和机制                                                                            职位联系方式                                                      公司名称：摩博(北京)科技有限公司公司地址：北京市海淀区魏公村小区23号楼418房间 传真：公司主页：www.chinamobo.com') ;
COMMIT;
INSERT INTO "User" ("Name","UserType","CreatedDatetime","UpdatedDatetime","Enabled")
                              VALUES ('303215413251405.htm',4,clock_timestamp(),clock_timestamp(),'t') ;
INSERT INTO "ZhilianUser" ("UserId","NickName","Type","Sex","City" ) VALUES(currval('"hero_reduce"."user_id_seq"'),'303215413251405.htm',0,'null','北京') ; INSERT INTO "JobPosition" ("UserId","Name","Address","Title","Salary","Description")
                          VALUES(currval('"hero_reduce"."user_id_seq"'),'303215413251405.htm','北京','软件研发工程师','','岗位职责：1、负责iPhone、iPad客户端设计，开发，发布等。2、根据研发过程中的体验对产品提出改进建议。3、负责相关技术文档的撰写。4、学习和研究新技术以满足产品的需求。 5、配合市场等其他部门，提供产品相关技术支持。  任职资格：1、至少2年相关工作经验 2、有扎实的Object C/C/C++语言基础 3、熟悉iOS开发技术，包括UI、网络等方面 4、熟悉各个不同版本iOS特点 5、具备较强的设计能力、需求分析能力、文档编写能力。6、有良好的团队合作经验。7、有AppStore线上作品者优先。                                                                           职位联系方式                                                       公司名称：新国人教育集团 公司地址：北京市朝阳区北苑路86号北美国际商务中心C座115-116室  传真： 公司主页：www.xinguoren.com') ;
COMMIT;
INSERT INTO "User" ("Name","UserType","CreatedDatetime","UpdatedDatetime","Enabled")
                              VALUES ('667966025250140.htm',4,clock_timestamp(),clock_timestamp(),'t') ;
INSERT INTO "ZhilianUser" ("UserId","NickName","Type","Sex","City" ) VALUES(currval('"hero_reduce"."user_id_seq"'),'667966025250140.htm',0,'null','北京') ; INSERT INTO "JobPosition" ("UserId","Name","Address","Title","Salary","Description")
                          VALUES(currval('"hero_reduce"."user_id_seq"'),'667966025250140.htm','北京','软件工程师','','岗位职责：  1、根据产品需求，进行公司ios平台产品的开发、重构、维护工作；  2、预研ios平台技术，对ios软件开发技术方面的评估以及可行性方面进行分析和探索；  3、对用户使用ios平台产品的问题提供技术支持；  4、参与产品设计讨论分析。  岗位要求：  1、  统招本科以上学历；  2、  计算机相关专业；  3、  能读懂较大规模的程序，能对程序进行梳理重构  4、  具备一定的业务逻辑分析能力；  5、  有数据库、网络、和UI程序设计的基础；  6、  学习能力强，可培训性强，热爱技术；                                                                             职位联系方式                                                       公司名称：蓝信工场(北京)科技有限公司公司地址：北京市海淀区知春路甲48号盈都大厦A座9层09A（知春路地铁站） 公司主页：www.lanxin.cn                                                          查看职位地图') ;
COMMIT;
INSERT INTO "User" ("Name","UserType","CreatedDatetime","UpdatedDatetime","Enabled")
                              VALUES ('465019612250086.htm',4,clock_timestamp(),clock_timestamp(),'t') ;
INSERT INTO "ZhilianUser" ("UserId","NickName","Type","Sex","City" ) VALUES(currval('"hero_reduce"."user_id_seq"'),'465019612250086.htm',0,'null','北京-朝阳区') ; INSERT INTO "JobPosition" ("UserId","Name","Address","Title","Salary","Description")
                          VALUES(currval('"hero_reduce"."user_id_seq"'),'465019612250086.htm','北京-朝阳区','移动互联网开发','8001-10000','职位要求：1、一年以上iphone、ipad应用开发经验，在之前的岗位上有研发团队管理经验；2、具备扎实的c/c++、objective c编程基础，良好的编程习惯和代码管理习惯；3、熟悉iPhone SDK开发环境及底层调用；了解常用的SDK使用，如第三方登录、位置定位、push消息等；4、熟悉iOS操作系统和xcode开发环境，有音视频播放、编解码开发相关经验者优先；5、熟悉网络应用开发，精通socket和http网络接口编程；6、参与过知名APP Store上架产品或独立完成过产品并上线运营。7、性格开朗，易于沟通。                                                                           职位联系方式                                                       公司名称：北京中同道合科技有限公司 公司地址：北京朝阳区soho现代城4号楼1101                                                             查看职位地图') ;
COMMIT;
INSERT INTO "User" ("Name","UserType","CreatedDatetime","UpdatedDatetime","Enabled")
                              VALUES ('120207762250188.htm',4,clock_timestamp(),clock_timestamp(),'t') ;
INSERT INTO "ZhilianUser" ("UserId","NickName","Type","Sex","City" ) VALUES(currval('"hero_reduce"."user_id_seq"'),'120207762250188.htm',0,'null','北京-海淀区') ; INSERT INTO "JobPosition" ("UserId","Name","Address","Title","Salary","Description")
                          VALUES(currval('"hero_reduce"."user_id_seq"'),'120207762250188.htm','北京-海淀区','手机软件开发工程师','','极有前途的移动互联网项目，诚聘有志者共同创业。职位描述：开发、维护iOS平台上的手机应用。 职位要求：1. 一年以上软件开发经验或应届生；2. 熟练掌握c语言，有一定的开发经验；3. 熟悉Mac开发环境，有一定的iOS开发经验；4. 乐于承受工作压力，服从工作安排，有团队合作精神；5. 乐于学习新知识，勇于创新，具有积极探索的精神，工作细心，踏实肯干；6、本科以上学历。                                                                            职位联系方式                                                      公司名称：北京未名空间信息技术有限公司公司地址：北京市海淀区知春路甲48号盈都大厦C座三单元18C 传真：58732113公司主页：http://                                                          查看职位地图') ;
COMMIT;
INSERT INTO "User" ("Name","UserType","CreatedDatetime","UpdatedDatetime","Enabled")
                              VALUES ('617146928250043.htm',4,clock_timestamp(),clock_timestamp(),'t') ;
INSERT INTO "ZhilianUser" ("UserId","NickName","Type","Sex","City" ) VALUES(currval('"hero_reduce"."user_id_seq"'),'617146928250043.htm',0,'null','北京') ; INSERT INTO "JobPosition" ("UserId","Name","Address","Title","Salary","Description")
                          VALUES(currval('"hero_reduce"."user_id_seq"'),'617146928250043.htm','北京','互联网软件工程师','10001-15000','工作职责：1.负责建立iOS（iPhone/iPad）智能平台客户端软件的开发框架；2.根据产品需求，负责iOS（iPhone/iPad）客户端软件的架构设计；3.遵照开发规范，负责iOS（iPhone/iPad）客户端软件的设计、编码和测试；4.遵守团队的代码格式与结构规定，负责编写易读、易维护、高质量、高效率的代码；5.快速学习并掌握项目中使用的新技术，及时反馈开发中的问题，并根据实际情况提出改进建议或意见；6.负责本人及本团队模块功能的维护更新、性能优化等技术支持工作；7.负责在开发过程中相关的技术规范文档的编写工作；8.完成与本职位相关的其它工作。 任职要求：1.计算机或电子信息类相关专业,本科及以上学历，英语四级或以上水平，能够熟练阅读英文文档；2.具有扎实的计算机基础理论知识，对Mac系统有一定程度的了解；3.熟悉iOS（iPhone/iPad）智能平台，对手机开发系统有全面的了解，2年以上的iOS（iPhone/iPad）项目开发工作经验，熟练掌握iOS SDK、XCode和Object-C语言，能够根据产品设计独立完成手机客户端应用及核心代码的编写，熟练使用SVN版本控制工具；4.熟练掌握前端开发技术(HTML5、JS、Json、XHTML、CSS3)，了解各项技术的相关标准，并严格按照标准进行开发；5.具有良好的编程习惯，有较强的代码阅读能力和学习能力，对移动产品有浓厚兴趣；6.逻辑思维能力强，性格开朗，责任心强，工作积极主动，具备强烈的进取心和良好的团队合作精神，有较强的沟通及协调能力；7.应聘时请携带个人作品。                                                                           职位联系方式                                                       公司名称：感知神州(北京)科技有限公司 公司地址：北京市朝阳区望京北路锐创国际大厦B座1402-1404室  公司主页：www.chinat2t.net                                                          查看职位地图') ;
COMMIT;
INSERT INTO "User" ("Name","UserType","CreatedDatetime","UpdatedDatetime","Enabled")
                              VALUES ('647441628250001.htm',4,clock_timestamp(),clock_timestamp(),'t') ;
INSERT INTO "ZhilianUser" ("UserId","NickName","Type","Sex","City" ) VALUES(currval('"hero_reduce"."user_id_seq"'),'647441628250001.htm',0,'null','北京') ; INSERT INTO "JobPosition" ("UserId","Name","Address","Title","Salary","Description")
                          VALUES(currval('"hero_reduce"."user_id_seq"'),'647441628250001.htm','北京','高级软件工程师','','岗位职责1、参与公司移动产品客户端产品讨论 2、移动客户端技术架构设计和重点模块研发 3、负责公司IOS移动端的核心模块开发 岗位要求 1、3年以上相关工作经验，iOS平台开发经验、APP开发经历；至少有款独立开发及发布ios APP工作经验 2、熟悉ios开发流程、系统架构、熟悉ios开发环境 3、有扎实的Object C/C/C++语言基础，了解iPhone SDK及相关开发工具 4、熟悉多线程、Socket网络编程，熟悉TCP、UDP、HTTP等网络协议 5、熟悉设计模式，能根据需求架构框架 6、工作认真踏实、有负责感；沟通能力强，具有良好的团队合作精神；7、有一定的系统分析和设计能力，有良好的开发思想、规范的编程风格； 8、有社交类APP项目经验优先；                                                                           职位联系方式                                                      公司名称：坚果(北京)科技有限公司公司地址：北京市朝阳区望京西园429号里外里公寓3单元501室电    话：010-84728293-815') ;
COMMIT;
INSERT INTO "User" ("Name","UserType","CreatedDatetime","UpdatedDatetime","Enabled")
                              VALUES ('513795023250406.htm',4,clock_timestamp(),clock_timestamp(),'t') ;
INSERT INTO "ZhilianUser" ("UserId","NickName","Type","Sex","City" ) VALUES(currval('"hero_reduce"."user_id_seq"'),'513795023250406.htm',0,'null','北京-朝阳区') ; INSERT INTO "JobPosition" ("UserId","Name","Address","Title","Salary","Description")
                          VALUES(currval('"hero_reduce"."user_id_seq"'),'513795023250406.htm','北京-朝阳区','手机软件开发工程师','','网秦集团（NYSE:NQ）旗下亿拍科技是一家快速发展的互联网科技公司，业务快速发展，招聘高级IOS开发工程师。岗位描述：1、根据业务需求，基于IOS平台进行应用程序开发；2、能按照项目计划，按时提交高质量的代码，完成开发任务； 3、独立完成客户端软件需求的整理和软件的设计，进行代码开发/单元测试等工作；4、能严格执行编码规范和设计文档的编写、维护；岗位要求：1、本科及以上学历，计算机或相关专业；2、两年及以上手机应用实际开发经验，两年以上IOS开发经验，两年以上C/C++/Objective-C开发经验；3、精通Objective-C、Mac OS X、Xcode；3、精通IOS SDK中的UI、网络、数据库、XML/JSON解析等开发技巧；4、至少一个完整的IOS项目经验，至少参加过一个完整的商业级手机应用或游戏开发项目；5、熟悉各种主流手机特性，深刻理解手机客户端软件及服务端开发特点；6、精通常用软件架构模式，熟悉各种算法与数据结构，多线程，网络编程（Socket、http/web service）等；7、工作踏实认真，对移动应用开发行业充满热情，有不断提升自我的学习意识；8、个性乐观开朗，逻辑思维能力强，具备独立思考、分析问题、解决问题的能力；9、良好的英文资料阅读能力和团队协作意识 ；工作地点在朝阳区望京科技园，请慎投简历。                                                                            职位联系方式                                                      公司名称：亿拍天下(北京)网络科技有限公司公司地址：北京市朝阳区利泽中二路望京科技创业园E座501A 传真：公司主页：http://www.expai.com                                                          查看职位地图') ;
COMMIT;
INSERT INTO "User" ("Name","UserType","CreatedDatetime","UpdatedDatetime","Enabled")
                              VALUES ('400848720250006.htm',4,clock_timestamp(),clock_timestamp(),'t') ;
INSERT INTO "ZhilianUser" ("UserId","NickName","Type","Sex","City" ) VALUES(currval('"hero_reduce"."user_id_seq"'),'400848720250006.htm',0,'null','北京-丰台区') ; INSERT INTO "JobPosition" ("UserId","Name","Address","Title","Salary","Description")
                          VALUES(currval('"hero_reduce"."user_id_seq"'),'400848720250006.htm','北京-丰台区','软件工程师','10001-15000','岗位职责：1、根据产品需求，负责IOS平台应用程序的快速开发；2、应用程序的性能优化及提高稳定性；3、移动平台软件框架的研究、设计、实现和使用；4、对软件产品有强烈的责任心,具备良好的沟通能力和优秀的团队协作能力。职位要求：1、一年以上IOS开发经验；2、掌握Objective-c，了解IOS SDK 底层实现机制；3、了解Runtime机制，掌握GCD，CoreData，Block等技术；4、了解Instruments的Leaks、Time Profiler等组件及使用；5、有技术Blog，GitHub代码库，关注最新IOS技术，独立开发App并发布者优先。                                                                            职位联系方式                                                      公司名称：北京锋锐傲世科技发展有限公司公司地址：北京市丰台区科学城外环西路26号院7-01号楼 电话：4000123645') ;
COMMIT;
INSERT INTO "User" ("Name","UserType","CreatedDatetime","UpdatedDatetime","Enabled")
                              VALUES ('660227722250006.htm',4,clock_timestamp(),clock_timestamp(),'t') ;
INSERT INTO "ZhilianUser" ("UserId","NickName","Type","Sex","City" ) VALUES(currval('"hero_reduce"."user_id_seq"'),'660227722250006.htm',0,'null','北京-海淀区') ; INSERT INTO "JobPosition" ("UserId","Name","Address","Title","Salary","Description")
                          VALUES(currval('"hero_reduce"."user_id_seq"'),'660227722250006.htm','北京-海淀区','手机软件开发工程师','','职位描述： 1、天天用车iOS客户端的开发工作; 2、客户端产品的技术实现讨论，框架设计; 3、参与产品需求的沟通、讨论和协调。 任职要求 ： 1、两年以上iOS产品研发经验; 2、良好的编程风格，扎实的编程基础和数据结构算法基础; 3、深入理解iOS SDK，具有丰富的Objective-C开发经验; 4、具备快速学习的能力; 5、有较强分析和解决问题的能力; 6、积极主动，有较强责任感和严谨工作作风; 7、对移动产品有浓厚兴趣;                                                                           职位联系方式                                                       公司名称：北京天和亿科技有限公司 公司地址：北京市海淀区知春路  传真： 公司主页：') ;
COMMIT;
INSERT INTO "User" ("Name","UserType","CreatedDatetime","UpdatedDatetime","Enabled")
                              VALUES ('575891224250073.htm',4,clock_timestamp(),clock_timestamp(),'t') ;
INSERT INTO "ZhilianUser" ("UserId","NickName","Type","Sex","City" ) VALUES(currval('"hero_reduce"."user_id_seq"'),'575891224250073.htm',0,'null','北京-朝阳区') ; INSERT INTO "JobPosition" ("UserId","Name","Address","Title","Salary","Description")
                          VALUES(currval('"hero_reduce"."user_id_seq"'),'575891224250073.htm','北京-朝阳区','手机软件开发工程师','','职位描述：     从事iPhone平台的软件开发任职要求 :1、大学本科及以上学历，计算机网络、通信工程等相关专业；2、一年以上iPhone平台开发经验3、有成功商业化的手机应用开发经验者（App store上线应用）优先（提供案例演示）；4、掌握IOS手机平台下的高性能编程及性能调优，熟练掌握Objective-C，Xcode等相关技术；5、熟悉HTTP、TCP/IP通讯协议6、熟悉面向对象编程，图形界面开发7、具有良好的沟通能力、团队合作精神、能承担工作压力8、最好可以自行携带iOS开发设备（iPhone，mac等）                                                                           职位联系方式                                                       公司名称：蓝凌(北京)科技有限公司 公司地址：北京市朝阳区朝阳路财满街财经中心67号8号楼1单元702室  传真： 公司主页：http://www.bloveambition.com/                                                          查看职位地图') ;
COMMIT;
INSERT INTO "User" ("Name","UserType","CreatedDatetime","UpdatedDatetime","Enabled")
                              VALUES ('673783027250000.htm',4,clock_timestamp(),clock_timestamp(),'t') ;
INSERT INTO "ZhilianUser" ("UserId","NickName","Type","Sex","City" ) VALUES(currval('"hero_reduce"."user_id_seq"'),'673783027250000.htm',0,'null','北京-朝阳区') ; INSERT INTO "JobPosition" ("UserId","Name","Address","Title","Salary","Description")
                          VALUES(currval('"hero_reduce"."user_id_seq"'),'673783027250000.htm','北京-朝阳区','高级软件工程师','15001-25000','负责iOS客户端程序开发和参与智能硬件系统架构搭建。我们对您的期望：1. 本科以上学历，计算机相关专业。正直、优秀、经验丰富的同时没有丧失开发牛B产品的激情。2. 精通Objective-C 语言和面向对象编程；精通各种iOS开发调试工具的使用；有多个完整中型以上项目经验。3. 有iOS上XMPP等即时通讯相关开发经验者优先。4. 学习能力强，有创造性思维能力，具有较强逻辑思维能力和表达能力。5. 在App store独立上发布过APP者优先。 我们是做什么的： 整点科技是一家专注于开发智能硬件设备的公司。通过将科技完美的融入生活，让生活变得更加简单、精彩。 我们的团队： 我们是一群激情四射的80，90后，一个Google范的团队。唯一目标就是创造出真正伟大牛B的产品，改善人们的生活。 福利待遇： 1.管两餐（中、晚）、弹性工作时间。 2.每周组织集体体育锻炼活动（自愿参加）、每季度outing。 3.无限量零食、饮料、午睡椅、不倒翁拳击沙袋… 4.扁平化团队，简单透明高效，项目制工作组。 5.期权（团队已完成百万级天使轮融资、产品11月上市）                                                                            职位联系方式') ;
COMMIT;
INSERT INTO "User" ("Name","UserType","CreatedDatetime","UpdatedDatetime","Enabled")
                              VALUES ('673783027250001.htm',4,clock_timestamp(),clock_timestamp(),'t') ;
INSERT INTO "ZhilianUser" ("UserId","NickName","Type","Sex","City" ) VALUES(currval('"hero_reduce"."user_id_seq"'),'673783027250001.htm',0,'null','北京-朝阳区') ; INSERT INTO "JobPosition" ("UserId","Name","Address","Title","Salary","Description")
                          VALUES(currval('"hero_reduce"."user_id_seq"'),'673783027250001.htm','北京-朝阳区','高级软件工程师','10001-15000','负责iOS客户端程序开发。我们对您的期望：1. 本科以上学历，计算机相关专业。正直、优秀、经验丰富的同时没有丧失开发牛B产品的激情。2. 精通Objective-C 语言和面向对象编程；精通各种iOS开发调试工具的使用；有多个完整中型以上项目经验。3. 有iOS上XMPP等即时通讯相关开发经验者优先。4. 学习能力强，有创造性思维能力，具有较强逻辑思维能力和表达能力。5. 在App store上发布过APP者优先。 我们是做什么的： 整点科技是一家专注于开发智能硬件设备的公司。通过将科技完美的融入生活，让生活变得更加简单、精彩。 我们的团队： 我们是一群激情四射的80，90后，一个Google范的团队。唯一目标就是创造出真正伟大牛B的产品，改善人们的生活。 福利待遇： 1.管两餐（中、晚）、弹性工作时间。 2.每周组织集体体育锻炼活动（自愿参加）、每季度outing。 3.无限量零食、饮料、午睡椅、不倒翁拳击沙袋… 4.扁平化团队，简单透明高效，项目制工作组。 5.期权（团队已完成百万级天使轮融资、产品11月上市）                                                                           职位联系方式') ;
COMMIT;
INSERT INTO "User" ("Name","UserType","CreatedDatetime","UpdatedDatetime","Enabled")
                              VALUES ('657406128250007.htm',4,clock_timestamp(),clock_timestamp(),'t') ;
INSERT INTO "ZhilianUser" ("UserId","NickName","Type","Sex","City" ) VALUES(currval('"hero_reduce"."user_id_seq"'),'657406128250007.htm',0,'null','北京') ; INSERT INTO "JobPosition" ("UserId","Name","Address","Title","Salary","Description")
                          VALUES(currval('"hero_reduce"."user_id_seq"'),'657406128250007.htm','北京','软件工程师','','岗位职责：1、负责公司IOS（现主要为iphone）客户端软件的开发；2、与产品经理、UI、后端开发人员紧密配合，将产品需求转化为研发需求；3、负责界面UI填充、多线程、网络通信、数据库等操作；4、与团队紧密配合，完成对App的快速迭代、功能升级。 职位要求：1、本科及以上学历，计算机相关专业；2、两年以上IOS发经验，熟练使用Objective-C语言编程，熟练运用XCode，Interface Builder等开发工具，能独立承担IOS产品开发任务。4、熟悉AppStore发布流程，有独立发部产品的经验。5、熟练调用C语言编写的第三方静态库，6、有java基础的优先考虑。7、有IOS支付项目或金融领域app项目开发经验者优先考虑。                                                                           职位联系方式                                                       公司名称：北京收付宝科技有限公司 公司地址：北京市朝阳区高碑店惠河南街1111号，国投尚科大厦4层 AF01  传真： 公司主页：www.bankeys.com                                                          查看职位地图') ;
COMMIT;
INSERT INTO "User" ("Name","UserType","CreatedDatetime","UpdatedDatetime","Enabled")
                              VALUES ('184654828250003.htm',4,clock_timestamp(),clock_timestamp(),'t') ;
INSERT INTO "ZhilianUser" ("UserId","NickName","Type","Sex","City" ) VALUES(currval('"hero_reduce"."user_id_seq"'),'184654828250003.htm',0,'null','北京-朝阳区') ; INSERT INTO "JobPosition" ("UserId","Name","Address","Title","Salary","Description")
                          VALUES(currval('"hero_reduce"."user_id_seq"'),'184654828250003.htm','北京-朝阳区','手机软件开发工程师','15000-30000','本公司招聘APP制作开发，安卓、IOS、后台等开发人员 要求2年以上工作经验。  1有手机赚钱类平台或积分墙类软件的开发经验优先考虑，如果没有也没关系。  2负责过完整的IOS或Android研发项目，熟悉研发、测试，上线和维护的各个环节（特别是平台安全漏洞和IOS产品上架等）  3熟悉IOS或Android平台开发架构，开发接口，负责与各种平台数据接口对接 SDK嵌入以及API对接等 ，有相应的项目经验；能独立解决技术问题。IOS开发人员有App Store上作品的，优先考虑；  4负责APP后台开发与数据管理，优化产品的质量、性能、用户体验等  待遇： 急需用人，要求能够独挡一面，工资高于同行业标准，五险一金以及各项奖励。  工作地点：北京朝阳区望京                                                                            职位联系方式                                                      公司名称：北京融商传媒广告有限公司  公司地址：北京市朝阳区花家地东路5号利景名门1505  联系电话：15811183115王先生  13522015003刘先生  简历邮箱:  QQ：1716059222                                                          查看职位地图') ;
COMMIT;
INSERT INTO "User" ("Name","UserType","CreatedDatetime","UpdatedDatetime","Enabled")
                              VALUES ('578201027250135.htm',4,clock_timestamp(),clock_timestamp(),'t') ;
INSERT INTO "ZhilianUser" ("UserId","NickName","Type","Sex","City" ) VALUES(currval('"hero_reduce"."user_id_seq"'),'578201027250135.htm',0,'null','北京-朝阳区') ; INSERT INTO "JobPosition" ("UserId","Name","Address","Title","Salary","Description")
                          VALUES(currval('"hero_reduce"."user_id_seq"'),'578201027250135.htm','北京-朝阳区','手机软件开发工程师','10001-15000','岗位职责：1.根据项目需求进行iOS APP软件开发、界面定制，扩展维护和终端测试并执行开发规范；2.参与项目及用户需求收集整理，参与系统概要及详细设计，参与设计评审，参与制定技术标 准，编写相应的技术文档；3.参与项目技术框架构建、核心代码编写；4.对iOS平台开发技术进行研究，根据开发过程中的体验对产品提出改进建议；5.配合项目的整体计划和安排，根据产品需求，按时提交高质量的代码，完成开发任务。任职要求:1. 计算机相关专业本科以上学历，熟悉常用算法和数据结构；2. 熟悉 iOS 平台开发工具，熟练使用 Mac OS 操作系统和 XCode开发工具；3. 熟练掌握 Objective-C 语法，有良好的 C/C++ 技术功底优先；4. 熟悉 iOS 系统架构和相关技术，熟悉 iOS 平台下的网络和数据库编程；5. 两年以上 iOS 平台开发经验，有App Store线上作品者优先；6. 思路清晰，思维敏捷，具备良好的沟通能力和团队合作精神，良好的英文资料阅读能力。待遇：底薪+年终奖+期权                                                                            职位联系方式                                                      公司名称：北京云罗科技有限公司公司地址：北京市朝阳区安定门外小黄庄路10号云罗科技楼501 传真：010-84504602公司主页：www.yunluosoft.cn                                                          查看职位地图') ;
COMMIT;
INSERT INTO "User" ("Name","UserType","CreatedDatetime","UpdatedDatetime","Enabled")
                              VALUES ('645179228250054.htm',4,clock_timestamp(),clock_timestamp(),'t') ;
INSERT INTO "ZhilianUser" ("UserId","NickName","Type","Sex","City" ) VALUES(currval('"hero_reduce"."user_id_seq"'),'645179228250054.htm',0,'null','北京-海淀区') ; INSERT INTO "JobPosition" ("UserId","Name","Address","Title","Salary","Description")
                          VALUES(currval('"hero_reduce"."user_id_seq"'),'645179228250054.htm','北京-海淀区','手机软件开发工程师','8001-10000','工作职责： 1、 IOS平台上业务应用的开发和后期维护； 2、 IOS平台上业务应用的Bug修改； 3、 参与IOS平台上业务应用的功能设计及架构规划； 4、 与其他部门（设计部，策划部）完整沟通，保证项目的上线及后期的调整；任职要求： 1.两年以上相关工作经验，计算机或软件专业，专科以上学历 2. 对终端产品的UI/UE有独到的见解与认识，追求良好的用户体验; 3. 熟练掌握Objective-C，熟悉iOS SDK，熟悉XCode开发环境； 4. 具备网络通信开发经验者佳（熟悉XMPP协议）；熟悉json/xml解析，并有相关开发经验；5. 具有良好的表达能力和沟通能力，具有良好的团队合作精神，工作责任心强，善于学习，可承受较大工作压力； 6. 能独立开发iPhone App，有成功发布的App者优先； 7. 熟悉iOS系统结构或某一模块,如UI、多媒体、网络传输等优先考虑； 8. 具有良好的工作态度和学习能力，在某种程度上我们认为踏实的态度和积极的学习能力更加重要                                                                            职位联系方式                                                      公司名称：北京南极方舟科技有限公司公司地址：北京市海淀区北三环西路48号科技会展中心2号楼3层3B 传真：公司主页：                                                          查看职位地图') ;
COMMIT;
INSERT INTO "User" ("Name","UserType","CreatedDatetime","UpdatedDatetime","Enabled")
                              VALUES ('645179228250055.htm',4,clock_timestamp(),clock_timestamp(),'t') ;
INSERT INTO "ZhilianUser" ("UserId","NickName","Type","Sex","City" ) VALUES(currval('"hero_reduce"."user_id_seq"'),'645179228250055.htm',0,'null','北京-海淀区') ; INSERT INTO "JobPosition" ("UserId","Name","Address","Title","Salary","Description")
                          VALUES(currval('"hero_reduce"."user_id_seq"'),'645179228250055.htm','北京-海淀区','手机软件开发工程师','10000-30000','岗位职责：1、参于业务需求设计讨论，基于IOS平台进行应用程序开发；2、负责移动平台软件框架的研究，设计和实现、关键技术验证和选型等工作； 3、带领并指导开发工程师、程序员进行代码开发/单元测试等工作； 4、参与移动规范制订、技术文档编写。任职条件：1、3年以上IOS平台开发经验，能独立完成设计和编码，有作为主力工程师完整开发过一个以上IOS应用。2、精通IOS布局，精通不同分辨率适配，熟悉多线程、SQLite数据库等操作。3. 熟练掌握Objective-C，熟悉iOS SDK，熟悉XCode开发环境； 4. 具备网络通信开发经验者佳（熟悉XMPP协议）；熟悉json/xml解析，并有相关开发经验；5. 具有良好的表达能力和沟通能力，具有良好的团队合作精神，工作责任心强，善于学习，可承受较大工作压力； 6. 熟悉iOS系统结构或某一模块,如UI、多媒体、网络传输等优先考虑； 7. 具有良好的工作态度和学习能力，在某种程度上我们认为踏实的态度和积极的学习能力更加重要                                                                            职位联系方式                                                      公司名称：北京南极方舟科技有限公司公司地址：北京市海淀区北三环西路48号科技会展中心2号楼3层3B 传真：公司主页：                                                          查看职位地图') ;
COMMIT;
INSERT INTO "User" ("Name","UserType","CreatedDatetime","UpdatedDatetime","Enabled")
                              VALUES ('374206016250419.htm',4,clock_timestamp(),clock_timestamp(),'t') ;
INSERT INTO "ZhilianUser" ("UserId","NickName","Type","Sex","City" ) VALUES(currval('"hero_reduce"."user_id_seq"'),'374206016250419.htm',0,'null','北京') ; INSERT INTO "JobPosition" ("UserId","Name","Address","Title","Salary","Description")
                          VALUES(currval('"hero_reduce"."user_id_seq"'),'374206016250419.htm','北京','手机软件开发工程师','','岗位职责1、负责iPhone/iPod Touch/iPad应用软件的设计与开发；2、编写相关技术文档。 职位要求1、计算机或相关技术专业专科以上学历，具有iPhone手机客户端2年以上开发经验；2、热爱编程工作，对软件产品有较强的责任心，熟悉面向对象的软件设计方法，具有良好的编程习惯；3、熟练掌握C/C++/Objective-C 语言和常用设计模式，熟练使用iOS开发工具与相关开发测试工具，能够独立开发高性能的iOS应用；4、熟悉iOS客户端与后台通信技术，掌握常用的网络通讯协议和数据库技术；熟悉SQL、Oracle数据库操作； 5、较强的逻辑思维能力、沟通能力和学习能力，具有良好的团队协作精神；6、有数据服务或大数据方面开发经验者优先考虑。                                                                            职位联系方式                                                      公司名称：龙信数据(北京)有限公司公司地址：北京市海淀区蓝靛厂东路2号金源商务中心B座3D 传真：公司主页：www.longcredit.com                                                          查看职位地图') ;
COMMIT;
INSERT INTO "User" ("Name","UserType","CreatedDatetime","UpdatedDatetime","Enabled")
                              VALUES ('642844925250101.htm',4,clock_timestamp(),clock_timestamp(),'t') ;
INSERT INTO "ZhilianUser" ("UserId","NickName","Type","Sex","City" ) VALUES(currval('"hero_reduce"."user_id_seq"'),'642844925250101.htm',0,'null','北京') ; INSERT INTO "JobPosition" ("UserId","Name","Address","Title","Salary","Description")
                          VALUES(currval('"hero_reduce"."user_id_seq"'),'642844925250101.htm','北京','软件工程师','10001-15000','工作职责： 1. 根据业务需求完成iOS平台的开发设计工作，并能独立处理和解决所有负责的任务；2. 负责Iphone/IPad产品的设计、开发，并配合测试人员进行测试工作； 3. 负责制定项目计划并能够带领自己的团队按计划完成任务；4. 负责应用程序框架设计和开发；任职资格： 1、培训经历：iphone开发相关培训经验； 专业知识及技能：1）iOS平台开发经验4年以上，有2个以上完整中型以上项目经验；2）具有丰富的Objective C和Cocoa编程经验，熟练使用iPhone SDKXCode；3）熟悉MacOS X操作系统和XCode/IPhone SDK开发环境； 4）熟悉MVC模式，掌握OOAD的基本思想；5）熟悉TCP/UDP、HTTP协议；6）思路清晰，善于思考，良好的分析和独立解决问题的能力； 7）富有责任心，吃苦耐劳，积极上进；8）良好的沟通和团队协作能力, 能够制定项目计划并带领自己的团队按计划完成任务。公司地址：北京市丰台区马家堡东路106号自然新天地大厦8层813乘车路线：地铁10号线角门东站下车C口出，往南走100米即到                                                                           职位联系方式                                                       公司名称：广东无界商盟科技股份有限公司北京分公司 公司地址：北京市丰台区马家堡东路106号自然新天地大厦8层813  传真： 公司主页：null                                                          查看职位地图') ;
COMMIT;
INSERT INTO "User" ("Name","UserType","CreatedDatetime","UpdatedDatetime","Enabled")
                              VALUES ('134809726250313.htm',4,clock_timestamp(),clock_timestamp(),'t') ;
INSERT INTO "ZhilianUser" ("UserId","NickName","Type","Sex","City" ) VALUES(currval('"hero_reduce"."user_id_seq"'),'134809726250313.htm',0,'null','北京-朝阳区') ; INSERT INTO "JobPosition" ("UserId","Name","Address","Title","Salary","Description")
                          VALUES(currval('"hero_reduce"."user_id_seq"'),'134809726250313.htm','北京-朝阳区','软件工程师','','1、2年以上iOS开发经验。具有扎实C/C ++/Objective-C语言基础，具备良好的编程习惯；  2、熟悉iPhone/iPad开发平台及框架，能独立开发高性能的iOS应用；  3、熟悉移动终端网络编程，了解3G、WiFi等网络技术，熟悉XML、JSON，掌握HTTP、TCP/IP协议；  4、熟练掌握iOS平台下的UI开发、消息推送、地图定位等；  5、了解服务端技术的优先；  6、强烈的责任心和团队精神，善于与他人合作，吃苦耐劳，能适应高强度工作压力；  7、有移动互联网行业或企业APP背景者优先录用；                                                                            职位联系方式                                                      公司名称：北京一正启源科技发展股份有限公司公司地址：星光影视园新媒体大厦 传真：010-62195855-661公司主页：www.egensource.cn                                                          查看职位地图') ;
COMMIT;
INSERT INTO "User" ("Name","UserType","CreatedDatetime","UpdatedDatetime","Enabled")
                              VALUES ('681325922250034.htm',4,clock_timestamp(),clock_timestamp(),'t') ;
INSERT INTO "ZhilianUser" ("UserId","NickName","Type","Sex","City" ) VALUES(currval('"hero_reduce"."user_id_seq"'),'681325922250034.htm',0,'null','北京') ; INSERT INTO "JobPosition" ("UserId","Name","Address","Title","Salary","Description")
                          VALUES(currval('"hero_reduce"."user_id_seq"'),'681325922250034.htm','北京','移动互联网开发','','- 想要无限上升的职位空间？- 想要获得巨大的成功和回报？和光同尘邀请您一起共同努力，分担风雨，分享成功！                                                       我们是谁？我们是健康生活领域的APP，我们是未来中产不可或缺的好伙伴。   职位描述： 根据业务需求，基于iOS平台进行应用程序开发。任职资格： 1.     熟悉Linux，熟练使用Git、Vim等工具；2.     精通Objective-C、OSX、Xcode；3.     精通iOS SDK中的UI、网络、数据库、XML/JSON解析等开发技巧；4.     参加过iOS项目开发，完整经历过移动产品开发；5.     有带团队经验者优先。                                                                           职位联系方式                                                       公司名称：和光同尘(北京)科技有限公司 公司地址：北京市朝阳区太阳宫中路12号太阳宫大厦  传真： 公司主页：www.mandaring.com                                                          查看职位地图') ;
COMMIT;
INSERT INTO "User" ("Name","UserType","CreatedDatetime","UpdatedDatetime","Enabled")
                              VALUES ('657240427250022.htm',4,clock_timestamp(),clock_timestamp(),'t') ;
INSERT INTO "ZhilianUser" ("UserId","NickName","Type","Sex","City" ) VALUES(currval('"hero_reduce"."user_id_seq"'),'657240427250022.htm',0,'null','北京-朝阳区') ; INSERT INTO "JobPosition" ("UserId","Name","Address","Title","Salary","Description")
                          VALUES(currval('"hero_reduce"."user_id_seq"'),'657240427250022.htm','北京-朝阳区','手机软件开发工程师','','岗位职责：1、完成IOS平台产品架构设计；2、负责IOS平台产品功能模块设计及核心开发；3、根据公司产品需求独立承担IOS平台上应用软件的开发和调试；4、完成上级交办的其它工作。 任职要求：1、具有1年以上iPhone/iPad的实际开发经验，熟悉iOS应用开发框架，能独立开发高性能的iOS应用，对iOS应用程序性能优化有一定了解；2、熟练掌握xCode、Interface Builder等开发工具和相关开发测试工具的使用； 3、编程基础良好,熟悉常用算法、数据结构、设计模式；4、精通iPhone/iPad网络编程、精通socket和http网络连接规范优先；5、有过相关即时通讯开发或社区聊天经验优先；6、熟悉比较流行的第三方开源类库如three20,ASI,phoneGap等优先。                                                                            职位联系方式                                                      公司名称：北京巨成多美科技有限责任公司公司地址：北京朝阳区东四环中路78号大成国际中心 传真：公司主页：null                                                          查看职位地图') ;
COMMIT;
INSERT INTO "User" ("Name","UserType","CreatedDatetime","UpdatedDatetime","Enabled")
                              VALUES ('643861622250004.htm',4,clock_timestamp(),clock_timestamp(),'t') ;
INSERT INTO "ZhilianUser" ("UserId","NickName","Type","Sex","City" ) VALUES(currval('"hero_reduce"."user_id_seq"'),'643861622250004.htm',0,'null','北京-昌平区') ; INSERT INTO "JobPosition" ("UserId","Name","Address","Title","Salary","Description")
                          VALUES(currval('"hero_reduce"."user_id_seq"'),'643861622250004.htm','北京-昌平区','手机软件开发工程师','','工作职责：1. 收集、分析产品开发需求。2. 完成产品技术设计，按照需求完成软件开发工作。3. 修复软件bug。4. 进行平台异常应急响应。5. 上级交办其他工作。任职要求：1. 本科及以上学历（计算机相关专业）。2. 熟悉Objective c等编程语言，逻辑思维缜密。3. 有iPhone/iPad手机应用开发经验。4. 有较强的学习能力和沟通能力，有责任心和上进心。5. 性格开朗，有工作激情，能够承担工作压力。6. 有优秀电子阅读产品开发经验的优先，有大型网站工作经验的优先考虑。7. 同时有Android/Symbian开发经验者优先。                                                                            职位联系方式                                                      公司名称：北京火原跳动科技有限公司公司地址：回龙观龙祥制版工业园2号院2号楼一层东北侧公司主页：http://www.zuobao.com                                                          查看职位地图') ;
COMMIT;
INSERT INTO "User" ("Name","UserType","CreatedDatetime","UpdatedDatetime","Enabled")
                              VALUES ('665202127250004.htm',4,clock_timestamp(),clock_timestamp(),'t') ;
INSERT INTO "ZhilianUser" ("UserId","NickName","Type","Sex","City" ) VALUES(currval('"hero_reduce"."user_id_seq"'),'665202127250004.htm',0,'null','北京-海淀区') ; INSERT INTO "JobPosition" ("UserId","Name","Address","Title","Salary","Description")
                          VALUES(currval('"hero_reduce"."user_id_seq"'),'665202127250004.htm','北京-海淀区','其他','','岗位职责：1、根据软件设计规范，负责iphone／ipad客户端应用软件的开发；2、提供产品创意与撰写相关技术与产品文档； 任职资格：1、有扎实的C／C++基础，精通Objective C；精通iPhone SDK；2、熟悉HTML5/Javascript等web技术；熟悉json，sqlite等在IOS平台中应用；3、熟悉算法思想，有较强的解决问题的能力，对OOD/OOP有深刻的理解，具有良好的编写程序的习惯；4、思路清晰，思维敏捷，快速的学习能力，良好的英文资料阅读能力；5、对移动产品有浓厚兴趣；热爱技术，有创业激情，认真踏实，热爱互联网；具有较强的团队协作精神及高度的责任心，良好的编码规范；6、计算机相关专业本科或以上学历，4年以上IOS开发经验；7、有在app store上发布软件者优先。                                                                           职位联系方式                                                       公司名称：重庆红诺科技有限公司北京分公司 公司地址：北京市海淀区中关村南大街甲12号寰太大厦  传真： 公司主页：null') ;
COMMIT;
INSERT INTO "User" ("Name","UserType","CreatedDatetime","UpdatedDatetime","Enabled")
                              VALUES ('318131014250194.htm',4,clock_timestamp(),clock_timestamp(),'t') ;
INSERT INTO "ZhilianUser" ("UserId","NickName","Type","Sex","City" ) VALUES(currval('"hero_reduce"."user_id_seq"'),'318131014250194.htm',0,'null','北京') ; INSERT INTO "JobPosition" ("UserId","Name","Address","Title","Salary","Description")
                          VALUES(currval('"hero_reduce"."user_id_seq"'),'318131014250194.htm','北京','软件研发工程师','','岗位职责： 负责iPhone\iPad上的APP开发   任职资格： 1、精通Objective-C、Mac OS X、Xcode;会Swift尤佳；2、精通IOS SDK中的UI、网络、数据库、XML/JSON解析等开发技巧；3、熟练掌握网络通信机制,对Socket通信、TCP/IP和Http有较深刻的理解和经验；4、有上线作品优先录用；   职位优势与机遇： 该岗位将使您在形势已经明朗的接下来将进入黄金十年的智能家居、智能酒店客控、智能建筑领域建功立业，您将和公司达到双赢。   面试注意事项： 面试时请带自己做过的苹果平台APP软件并演示，可以加快录用流程；                                                                             职位联系方式                                                       公司名称：北京蓝海华业科技发展有限公司 公司地址：北京市朝阳区安定门外安苑北里26号  传真： 公司主页：                                                          查看职位地图') ;
COMMIT;
INSERT INTO "User" ("Name","UserType","CreatedDatetime","UpdatedDatetime","Enabled")
                              VALUES ('352347619250291.htm',4,clock_timestamp(),clock_timestamp(),'t') ;
INSERT INTO "ZhilianUser" ("UserId","NickName","Type","Sex","City" ) VALUES(currval('"hero_reduce"."user_id_seq"'),'352347619250291.htm',0,'null','北京-朝阳区') ; INSERT INTO "JobPosition" ("UserId","Name","Address","Title","Salary","Description")
                          VALUES(currval('"hero_reduce"."user_id_seq"'),'352347619250291.htm','北京-朝阳区','软件工程师','','岗位职责： 1.       参与产品研发工作，负责iOS客户端的功能开发工作 2.       根据功能需求、已有的系统架构规划，负责实现iOS客户端业务逻辑； 3.       依据功能需求、设计图、页面交互逻辑定义，具体实现iOS页面交互效果动画； 4.       负责iOS应用的单元测试，定制断言，参与系统的集成测试； 5.       参与工程类相关文档的编写工作； 6.       主动发现问题，及时向主管反馈；   岗位要求： 1.       为人正直、诚实，具有责任心，勇于承担责任，具有良好的职业道德； 2.       具有团队合作精神，虚心听取他人意见； 3.       具有强烈的求知欲，工作态度积极主动； 4.       理解面向对象开发思想，并有能力应用于实际工作当中； 5.       了解SQLite类数据库的基本操作； 6.       了解HTTP协议相关知识； 7.       具有医药、金融、保险行业的销售、培训应用系统的研发工作经验者优先考虑； 8.       具有1年以上工作经验，或本科及本科以上计算机及软件相关专业学历者优先考虑   这份工作您能获得： 1.       具有竞争力的薪资，节日贴心福利，带薪年假，ladys还有每月一天姨妈假 2.       参与一个可以引以为豪的产品开发，参与完整项目流程 3.       一个或多个具有丰富经验的技术导师，技术水平提升迅速 4.       不设天花板的发展平台，客观公平的薪资调整机会 5.       融洽的工作团队氛围，有阳光、有音乐的轻松办公环境 6.  成为一家被人尊敬、对社会有贡献价值的公司中的一员                                                                           职位联系方式                                                      联系电话：010-53635043   | 招聘公司主页：www.ideabinder.com                                                          查看职位地图') ;
COMMIT;
INSERT INTO "User" ("Name","UserType","CreatedDatetime","UpdatedDatetime","Enabled")
                              VALUES ('370365714250151.htm',4,clock_timestamp(),clock_timestamp(),'t') ;
INSERT INTO "ZhilianUser" ("UserId","NickName","Type","Sex","City" ) VALUES(currval('"hero_reduce"."user_id_seq"'),'370365714250151.htm',0,'null','北京-东城区') ; INSERT INTO "JobPosition" ("UserId","Name","Address","Title","Salary","Description")
                          VALUES(currval('"hero_reduce"."user_id_seq"'),'370365714250151.htm','北京-东城区','软件研发工程师','','职位职责：  l   与交互设计、视觉设计和后台开发工程师密切配合，完成客户端的开发工作；  职位要求：   l   有很好的C\C++语言基础；  l   有iOS产品开发经验，熟悉Objective-C开发、面向对象编程和图形界面开发；  l   熟悉iPhone开发工具和相关开发测试工具的使用；  l   与交互设计、视觉设计和后台开发工程师密切配合，完成客户端的开发工作；  l   熟悉UIKit各种控件使用，json数据解析，Mapkit等；                                                                              职位联系方式                                                      公司名称：乐影网公司地址：北京市东城区广渠门内大街80号通正国际大厦（901室） 传真：公司主页：www.leying365.com                                                          查看职位地图') ;
COMMIT;
INSERT INTO "User" ("Name","UserType","CreatedDatetime","UpdatedDatetime","Enabled")
                              VALUES ('532390825250000.htm',4,clock_timestamp(),clock_timestamp(),'t') ;
INSERT INTO "ZhilianUser" ("UserId","NickName","Type","Sex","City" ) VALUES(currval('"hero_reduce"."user_id_seq"'),'532390825250000.htm',0,'null','北京-海淀区') ; INSERT INTO "JobPosition" ("UserId","Name","Address","Title","Salary","Description")
                          VALUES(currval('"hero_reduce"."user_id_seq"'),'532390825250000.htm','北京-海淀区','手机软件开发工程师','','1. 负责ios平台APP开发；2. UI界面代码，特效渲染代码的编写3. iOS软件开发，参与项目需求分析、产品模块的概要及详细设计；4. 按计划完成产品模块的代码编写，注释，产品模块测试，保证代码质量；5. 熟练掌握软件开发文档的规范、编写、维护，以及文档代码版本控制管理；6. 负责跟进iOS相关新技术，优化提升产品用户体验；7. 与后端开发工程师进行数据对接，并提出建设性意见。任职要求：1. 具备2年以上iOS软件开发经验，参与过中型以上项目开发，并承担关键工作；2. 熟练使用QuartzCore,CoreAnimation,CoreGraphic，能对iOS图形界面进行深度定制。3. 熟练使用Core Data进行数据存取；4. 熟悉Socket网络编程，熟悉TCP/IP、HTTP等网络协议；5. 具备良好的文档及代码维护能力，可以使用SVN管理代码；6. 有强烈的责任心，具备良好的沟通能力和优秀的团队协作能力；7. 能够熟练使用SVN、Git；8. 使用bee framework开发过iOS应用优先。薪资福利：基本工资+岗位工资+（提成）+绩效工资+加班补贴+餐补+五险+年终奖+员工旅游+年休假+节假日礼金。                                                                           职位联系方式                                                       公司名称：缤纷生活(北京)科技有限公司 公司地址：北京市海淀区知春路锦秋家园2号楼2单元（B2） 401室  传真： 公司主页：http://www.inoknok.com                                                          查看职位地图') ;
COMMIT;
INSERT INTO "User" ("Name","UserType","CreatedDatetime","UpdatedDatetime","Enabled")
                              VALUES ('600851226250000.htm',4,clock_timestamp(),clock_timestamp(),'t') ;
INSERT INTO "ZhilianUser" ("UserId","NickName","Type","Sex","City" ) VALUES(currval('"hero_reduce"."user_id_seq"'),'600851226250000.htm',0,'null','北京-海淀区') ; INSERT INTO "JobPosition" ("UserId","Name","Address","Title","Salary","Description")
                          VALUES(currval('"hero_reduce"."user_id_seq"'),'600851226250000.htm','北京-海淀区','高级软件工程师','15000-30000','职位描述：	1.移动互联网系统/应用设计/开发	2.家庭/物联网/智能照明方面的系统架构设计和客户端软件设计/开发	3.基于DLNA/AIRPLAY等协议及软件开发	4.相关通信协议的设计/开发	5.软件跨平台设计	6.音频，流媒体，播放器，等多媒体高级应用开发	7.参与产品需求的沟通、讨论和协调	8.协调和带领其它开发人员完善应用的开发	9.参与界面及用户体验设计，实现产品优化、用户体验的提升、机型适配等工作	应聘要求：	1.计算机、软件、电子、信息、自动化等相关专业	2.3年以上的嵌入式软件开发经验,2年以上iOS应用开发经验	3.熟知编程规范并熟悉软件开发流程，有框架设计的开发经验	4.熟悉iOS开发，熟悉cocoa Touch框架及UIKit下各种控件及其开发技术	5.精通objective-c/c/c++语言	6.熟悉基本数据结构和常用算法	7.熟悉面向对象设计，熟悉设计模式	8.熟悉http协议、TCP/IP协议，及在iOS端的应用实现	9.熟悉wifi、蓝牙等网络通信；	10.熟悉DLNA/Airplay协议或有相关开发经验者优先	11.有MediaPlayer开发经验者优先	12.有物联网/智能家居产品开发经验者优先	13.有良好的沟通能力和团队合作精神	14.能够正常查阅英文技术文档                                                                            职位联系方式                                                      公司名称：北京海博意志科技有限公司公司地址：北京市海淀区清华科技园 联系电话：18612273179  David') ;
COMMIT;
INSERT INTO "User" ("Name","UserType","CreatedDatetime","UpdatedDatetime","Enabled")
                              VALUES ('120472588250459.htm',4,clock_timestamp(),clock_timestamp(),'t') ;
INSERT INTO "ZhilianUser" ("UserId","NickName","Type","Sex","City" ) VALUES(currval('"hero_reduce"."user_id_seq"'),'120472588250459.htm',0,'null','北京-海淀区') ; INSERT INTO "JobPosition" ("UserId","Name","Address","Title","Salary","Description")
                          VALUES(currval('"hero_reduce"."user_id_seq"'),'120472588250459.htm','北京-海淀区','高级软件工程师','','任职要求： 1.熟练掌握 Objective-C，2年以上iPhone/iPad开发项目经验；2.有3年以上其他领域面向对象开发经验（比如java，C/C++)；3.熟悉使用XCode相关工具集，以及iOS SDK；4.有财经、股票软件开发经验者优先；5.熟悉Open GL、AR技术，或App Store上有应用作品更佳；6.有J2EE或android开发经验者优先;7.本科及以上学历,具备较强英文阅读能力，计算机相关专业最佳。                                                                           职位联系方式                                                       公司名称：北京无限新锐网络科技有限公司 公司地址：北京  传真： 公司主页：http://www.wxxr.com.cn;http://www.7500.com.cn') ;
COMMIT;
INSERT INTO "User" ("Name","UserType","CreatedDatetime","UpdatedDatetime","Enabled")
                              VALUES ('630463225250290.htm',4,clock_timestamp(),clock_timestamp(),'t') ;
INSERT INTO "ZhilianUser" ("UserId","NickName","Type","Sex","City" ) VALUES(currval('"hero_reduce"."user_id_seq"'),'630463225250290.htm',0,'null','北京-朝阳区') ; INSERT INTO "JobPosition" ("UserId","Name","Address","Title","Salary","Description")
                          VALUES(currval('"hero_reduce"."user_id_seq"'),'630463225250290.htm','北京-朝阳区','手机软件开发工程师','','岗位职责： 1、基于iOS平台的移动客户端软件的产品开发与维护；2、能按照项目计划，按时提交高质量的代码，完成开发任务； 任职要求： 1、具备扎实的Objective-C、C/C++编程基础，良好的编程习惯，熟悉iOS SDK中UI、网络、数据库、XML/JSON解析等开发技巧，熟悉Xcode开发环境；2、3年以上工作经验，1年以上iOS的APP开发经验，有独立分析和解决问题的能力；3、熟悉Cocoa设计模式，熟悉Socket/HTTP编程者优先；4、能够独立承担一个应用程序开发到发布全过程，有成功发布App者优先，有视频项目开发经验者优先；5、优秀的学习能力，良好的沟通、表达、分析能力，团队合作精神，善于沟通和合作，能独立完成设计和编码；                                                                           职位联系方式                                                       公司名称：北京银创科技有限公司 公司地址：朝阳区北四环东路133号嘉华大厦6层  传真： 公司主页：                                                          查看职位地图') ;
COMMIT;
INSERT INTO "User" ("Name","UserType","CreatedDatetime","UpdatedDatetime","Enabled")
                              VALUES ('466876318250009.htm',4,clock_timestamp(),clock_timestamp(),'t') ;
INSERT INTO "ZhilianUser" ("UserId","NickName","Type","Sex","City" ) VALUES(currval('"hero_reduce"."user_id_seq"'),'466876318250009.htm',0,'null','北京') ; INSERT INTO "JobPosition" ("UserId","Name","Address","Title","Salary","Description")
                          VALUES(currval('"hero_reduce"."user_id_seq"'),'466876318250009.htm','北京','互联网产品经理/主管','','产品经理（Iphone/ipad无线客户端）工作职责： 负责手机用户的使用习惯、操作流程及相关需求调研、分析；负责Ipad客户端软件的产品规划、设计、管理工作；负责Ipad客户端产品的需求分析，需求文档撰写、原型设计等产品工作；协调研发、UI、测试、运营等部门完成产品开发、测试、上线等全部工作；配合商务渠道拓展工作，参与制定产品线推广策略。    工作要求： 至少3年以上移动客户端产品设计、规划、实施相关经验；熟悉IOS手机平台特性，尤其热衷体验各类ipad产品，苹果控优先考虑；熟悉基于手机终端的用户体验与产品使用流程设计；对手机端用户分析、产品分析、数据分析、竞争分析、运营推广等方面有相当的见解；具有一定的团队管理经验，优秀的沟通与合作能力；                                                                             职位联系方式                                                      公司名称：北京拓寻鼎信管理咨询有限公司公司地址：北京市海淀区三里河路 传真：公司主页：www.topsker.com') ;
COMMIT;
INSERT INTO "User" ("Name","UserType","CreatedDatetime","UpdatedDatetime","Enabled")
                              VALUES ('184654828250004.htm',4,clock_timestamp(),clock_timestamp(),'t') ;
INSERT INTO "ZhilianUser" ("UserId","NickName","Type","Sex","City" ) VALUES(currval('"hero_reduce"."user_id_seq"'),'184654828250004.htm',0,'null','北京-朝阳区') ; INSERT INTO "JobPosition" ("UserId","Name","Address","Title","Salary","Description")
                          VALUES(currval('"hero_reduce"."user_id_seq"'),'184654828250004.htm','北京-朝阳区','手机软件开发工程师','10001-15000','本公司招聘APP制作开发，安卓、IOS、后台等开发人员 要求2年以上工作经验。  1有手机赚钱类平台或积分墙类软件的开发经验优先考虑，如果没有也没关系。  2负责过完整的IOS或Android研发项目，熟悉研发、测试，上线和维护的各个环节（特别是平台安全漏洞和IOS产品上架等）  3熟悉IOS或Android平台开发架构，开发接口，负责与各种平台数据接口对接 SDK嵌入以及API对接等 ，有相应的项目经验；能独立解决技术问题。IOS开发人员有App Store上作品的，优先考虑；  4负责APP后台开发与数据管理，优化产品的质量、性能、用户体验等  待遇： 急需用人，要求能够独挡一面，工资高于同行业标准，五险一金以及各项奖励。  工作地点：北京朝阳区望京                                                                            职位联系方式                                                      公司名称：北京融商传媒广告有限公司  公司地址：北京市朝阳区花家地东路5号利景名门1505  联系电话：15811183115王先生  13522015003刘先生  简历邮箱:  QQ：1716059222                                                          查看职位地图') ;
COMMIT;
INSERT INTO "User" ("Name","UserType","CreatedDatetime","UpdatedDatetime","Enabled")
                              VALUES ('658608522250132.htm',4,clock_timestamp(),clock_timestamp(),'t') ;
INSERT INTO "ZhilianUser" ("UserId","NickName","Type","Sex","City" ) VALUES(currval('"hero_reduce"."user_id_seq"'),'658608522250132.htm',0,'null','北京-海淀区') ; INSERT INTO "JobPosition" ("UserId","Name","Address","Title","Salary","Description")
                          VALUES(currval('"hero_reduce"."user_id_seq"'),'658608522250132.htm','北京-海淀区','系统分析员','15001-25000','招聘职位：IOS开发招聘人数：2人岗位职责：IOS平台下产品的开发岗位要求：2年以上iOS移动客户端应用软件开发经验，独立开发或主导开发过iOS项目；精通Objective-C编程，具备扎实的C/C++编程基础；1熟悉IOS开发工具和相关开发测试工具的使用；同时具有多种手机平台经验者优先；以解决问题为导向，对移动互联网新技术敏感，逻辑强、独立思考，团队协作。  招聘岗位： Android开发工程师   岗位职责：   1.负责搭建APP稳定性相关数据统计系统，以及负责APP稳定性相关的优化   2.负责APP底层网络连接相关的优化   3.负责app开发。   任职资格的具体描述：   1.本科以上，2年以上 Android开发经验2.精通TCP/IP协议，Socket API   3.熟悉Android Framework，非常了解Android平台系统日志的记录及抓取。   4.有APP网络优化相关经验的优先，对APP稳定性及优化有深刻的理解   5.有收集crash日志相关开发经验的优先   6.有地图相关APP开发经验的优先                                                                            职位联系方式                                                       公司名称：真来电(北京)科技有限公司 公司地址：北京市海淀区上地三街9号金隅嘉华大厦A座1205  传真： 公司主页：') ;
COMMIT;
INSERT INTO "User" ("Name","UserType","CreatedDatetime","UpdatedDatetime","Enabled")
                              VALUES ('151568712250390.htm',4,clock_timestamp(),clock_timestamp(),'t') ;
INSERT INTO "ZhilianUser" ("UserId","NickName","Type","Sex","City" ) VALUES(currval('"hero_reduce"."user_id_seq"'),'151568712250390.htm',0,'null','北京-昌平区') ; INSERT INTO "JobPosition" ("UserId","Name","Address","Title","Salary","Description")
                          VALUES(currval('"hero_reduce"."user_id_seq"'),'151568712250390.htm','北京-昌平区','高级软件工程师','15001-25000','岗位职责：1、从事ios和长期课程讲师工作；2、参与课程研发，课程体系完善，提高讲师团队授课水平；3、负责企业ios培训；4、参与ios等相关嵌入式方案的研发。任职要求：1、计算机、通信等相关专业本科学历；2、具备扎实的c/c++/java编程基础；3、熟悉软件工程，对设计模式及UML有一定了解；4、有二年以上ios开发经验5、具备良好的沟通能力和优秀的团队协作能力；6、具备传道授业解惑能力。 一、       福利待遇： 一、工资、社保、年假一个都不能少；生日会、球类赛事、各项活动也不能缺；篮球场、食堂、健身器材这里全都有。二、 晋升渠道： 我们这里有完善的培养体系以及晋升机制，你的岗位不是一成不变的，只要你的业绩、你的能力达到更高层次职位的要求，只要有了这样的机会，你将是这个岗位的有力竞争者。三、 培训机会： 新伙伴的岗前培训、专业技能培训、职业素质培训、校外培训等。 这么多种类，总有一款是适合你的。 职位联系方式联 系 人：张老师 联系电话：010-56237787学校地址：北京市昌平区文华西路育荣教育园区LAMP兄弟连楼乘车路线：回龙观地铁出站乘557路公交车，育荣教育园区站下车                                                                           职位联系方式                                                       公司名称：北京易第优教育咨询有限公司 公司地址：北京市昌平区回龙观文华西路育荣教育园区LAMP兄弟连楼  传真： 公司主页：http://www.lampbrother.net                                                          查看职位地图') ;
COMMIT;
INSERT INTO "User" ("Name","UserType","CreatedDatetime","UpdatedDatetime","Enabled")
                              VALUES ('151568712250399.htm',4,clock_timestamp(),clock_timestamp(),'t') ;
INSERT INTO "ZhilianUser" ("UserId","NickName","Type","Sex","City" ) VALUES(currval('"hero_reduce"."user_id_seq"'),'151568712250399.htm',0,'null','北京-昌平区') ; INSERT INTO "JobPosition" ("UserId","Name","Address","Title","Salary","Description")
                          VALUES(currval('"hero_reduce"."user_id_seq"'),'151568712250399.htm','北京-昌平区','高级软件工程师','15001-25000','岗位职责：1、从事ios和长期课程讲师工作；2、参与课程研发，课程体系完善，提高讲师团队授课水平；3、负责企业ios培训；4、参与ios等相关嵌入式方案的研发。任职要求：1、计算机、通信等相关专业本科学历；2、具备扎实的c/c++/java编程基础；3、熟悉软件工程，对设计模式及UML有一定了解；4、有二年以上ios开发经验5、具备良好的沟通能力和优秀的团队协作能力；6、具备传道授业解惑能力。 一、福利待遇： 一、工资、社保、年假一个都不能少；生日会、球类赛事、各项活动也不能缺；篮球场、食堂、健身器材这里全都有。二、晋升渠道： 我们这里有完善的培养体系以及晋升机制，你的岗位不是一成不变的，只要你的业绩、你的能力达到更高层次职位的要求，只要有了这样的机会，你将是这个岗位的有力竞争者。三、培训机会： 新伙伴的岗前培训、专业技能培训、职业素质培训、校外培训等。 这么多种类，总有一款是适合你的。  职位联系方式联 系 人：张老师 联系电话：010-56237787学校地址：北京市昌平区文华西路育荣教育园区LAMP兄弟连楼乘车路线：回龙观地铁出站乘557路公交车，育荣教育园区站下车                                                                           职位联系方式                                                       公司名称：北京易第优教育咨询有限公司 公司地址：北京市昌平区回龙观文华西路育荣教育园区LAMP兄弟连楼  传真： 公司主页：http://www.lampbrother.net                                                          查看职位地图') ;
COMMIT;
INSERT INTO "User" ("Name","UserType","CreatedDatetime","UpdatedDatetime","Enabled")
                              VALUES ('151568712250408.htm',4,clock_timestamp(),clock_timestamp(),'t') ;
INSERT INTO "ZhilianUser" ("UserId","NickName","Type","Sex","City" ) VALUES(currval('"hero_reduce"."user_id_seq"'),'151568712250408.htm',0,'null','北京-昌平区') ; INSERT INTO "JobPosition" ("UserId","Name","Address","Title","Salary","Description")
                          VALUES(currval('"hero_reduce"."user_id_seq"'),'151568712250408.htm','北京-昌平区','培训师/讲师','15001-25000','职位描述:1、从事ios学科长期课程讲师工作； 2、参与课程研发，课程体系完善，提高讲师团队授课水平； 任职要求： 1、计算机、通信等相关专业本科学历； 2、具备扎实的c/c++/java编程基础； 3、熟悉软件工程，对设计模式及UML有一定了解； 4、有一年以上iPhone/iPad开发经验，熟悉iPhone/iPad SDK有过1~2款产品经验，具有较强的学习，领悟能力； 5、具备良好的沟通能力和优秀的团队协作能力；6、具备传道授业解惑能力和良好的表达能力； 7、能够录制视频或有在线技术视频录制经验优先。 福利待遇： 一、工资、社保、年假一个都不能少；生日会、球类赛事、各项活动也不能缺；篮球场、食堂、健身器材这里全都有。二、 晋升渠道： 我们这里有完善的培养体系以及晋升机制，你的岗位不是一成不变的，只要你的业绩、你的能力达到更高层次职位的要求，只要有了这样的机会，你将是这个岗位的有力竞争者。三、 培训机会： 新伙伴的岗前培训、专业技能培训、职业素质培训、校外培训等。 这么多种类，总有一款是适合你的。 职位联系方式联 系 人：张老师 联系电话：010-56237787QQ面试：3086373928 学校地址：北京市昌平区文华西路育荣教育园区LAMP兄弟连楼乘车路线：回龙观地铁出站乘557路公交车，育荣教育园区站下车                                                                           职位联系方式                                                       公司名称：北京易第优教育咨询有限公司 公司地址：北京市昌平区回龙观文华西路育荣教育园区LAMP兄弟连楼  传真： 公司主页：http://www.lampbrother.net                                                          查看职位地图') ;
COMMIT;
INSERT INTO "User" ("Name","UserType","CreatedDatetime","UpdatedDatetime","Enabled")
                              VALUES ('147481043251108.htm',4,clock_timestamp(),clock_timestamp(),'t') ;
INSERT INTO "ZhilianUser" ("UserId","NickName","Type","Sex","City" ) VALUES(currval('"hero_reduce"."user_id_seq"'),'147481043251108.htm',0,'null','北京') ; INSERT INTO "JobPosition" ("UserId","Name","Address","Title","Salary","Description")
                          VALUES(currval('"hero_reduce"."user_id_seq"'),'147481043251108.htm','北京','高级软件工程师','','岗位职责：1、制定、修改iOS开发设计规范2、负责实施iOS开发设计规范3、研究国内外iOS技术，跟进iOS技术的发展4、对国内外移动应用进行观察，竞品调研，并提出后续产品策略及业务可行性建议；5、负责编写iOS应用系统架构设计书；6、根据产品设计文档，开发产品（编码）任职资格：1、掌握UML和面向对象的分析设计工具；2、掌握Objective-C语言，熟悉Xcode环境；3、熟悉iOS平台应用软件的编程框架及用户交互模型；4、熟悉iOS平台应用软件图形图像、网络、文件、位置信息等模块编程；5、熟悉iOS软件的优化原理和开发流程；6、熟悉HTTP、TCP、UDP协议，了解TCP/IP网络体系，熟悉Socket编程；7、熟悉JSON、XML、HTML；8、有良好的代码习惯，要求结构清晰，命名规范；9、具备良好的团队协作精神，较强的学习能力；10、要求沟通能力强（倾听能力、语言表达能力、书面表达能力）；11、熟悉无线互联网阅读类应用开发者优先；12、已在App Store发布作品者优先，有AppStore上架作品或相关作品优先。                                                                            职位联系方式                                                      公司名称：北京龙源创新信息技术有限公司公司地址：北京市西城区德胜门外大街83号德胜国际中心 传真：公司主页：www.qikan.com.cn                                                          查看职位地图') ;
COMMIT;
INSERT INTO "User" ("Name","UserType","CreatedDatetime","UpdatedDatetime","Enabled")
                              VALUES ('412489421250580.htm',4,clock_timestamp(),clock_timestamp(),'t') ;
INSERT INTO "ZhilianUser" ("UserId","NickName","Type","Sex","City" ) VALUES(currval('"hero_reduce"."user_id_seq"'),'412489421250580.htm',0,'null','北京') ; INSERT INTO "JobPosition" ("UserId","Name","Address","Title","Salary","Description")
                          VALUES(currval('"hero_reduce"."user_id_seq"'),'412489421250580.htm','北京','手机软件开发工程师','','岗位职责：1、基于Iphone手机平台进行产品开发；2、Iphone手机、平板终端软件的产品开发与维护；3、团队合作完成客户端软件需求的整理和软件的设计；4、规范和文档的编写、维护；  5、手机软件开发技术方面的评估以及可行性方面的分析和探索。职位要求：1、一年以上工作经验，有越狱插件/XCode/object C++/HOOK/服务/theos开发经验优先；2、开发基础良好，对手机软件性能优化、内存优化有一定了解；3、有优秀的优化、调试和解决问题能力，逻辑思维清晰严谨。                                                                           职位联系方式                                                      公司名称：快用苹果助手公司地址：北京市石景山区鲁谷路74号瑞达大厦联系电话：公司主页：http://www.kuaiyong.com/                                                          查看职位地图') ;
COMMIT;
INSERT INTO "User" ("Name","UserType","CreatedDatetime","UpdatedDatetime","Enabled")
                              VALUES ('399448415252476.htm',4,clock_timestamp(),clock_timestamp(),'t') ;
INSERT INTO "ZhilianUser" ("UserId","NickName","Type","Sex","City" ) VALUES(currval('"hero_reduce"."user_id_seq"'),'399448415252476.htm',0,'null','北京-海淀区') ; INSERT INTO "JobPosition" ("UserId","Name","Address","Title","Salary","Description")
                          VALUES(currval('"hero_reduce"."user_id_seq"'),'399448415252476.htm','北京-海淀区','移动互联网开发','','主要职责：   1. 负责iOS手机客户端软件的开发和维护。  2. 参与客户端产品的需求分析以及架构设计。  3. 深入发掘业务需求，研发相关的算法和基础服务。   4. 从事核心架构部分代码的开发，并保证代码内部和外部质量。     职位要求：   1. 3年以上iOS平台开发经验，熟练掌握Objective-C语言、iOS SDK、XCode开发环境。  2. 具有良好的数据结构和算法基础，有较强的算法设计和实现能力，熟练掌握iOS/Android平台下的代码调试和调优技术。   3. 良好的沟通技能，以及团队合作能力，有团队管理经验。  4. 英语良好，能够熟练阅读英文文档。  5.曾参与过明星级以及热门APP应用软件优先考虑                                                                             职位联系方式                                                      公司名称：成都安德诺晟企业管理咨询有限公司公司地址：成都市红星路6号正熙国际中心1906室 传真：66815346公司主页：www.and-hr.com') ;
COMMIT;
INSERT INTO "User" ("Name","UserType","CreatedDatetime","UpdatedDatetime","Enabled")
                              VALUES ('469264029250014.htm',4,clock_timestamp(),clock_timestamp(),'t') ;
INSERT INTO "ZhilianUser" ("UserId","NickName","Type","Sex","City" ) VALUES(currval('"hero_reduce"."user_id_seq"'),'469264029250014.htm',0,'null','北京-海淀区') ; INSERT INTO "JobPosition" ("UserId","Name","Address","Title","Salary","Description")
                          VALUES(currval('"hero_reduce"."user_id_seq"'),'469264029250014.htm','北京-海淀区','手机软件开发工程师','6001-8000','[岗位职责](1)  根据软件需求，完成IOS程序设计和编码实现，对交付的软件质量负责。(2)  设计测试用例，实施单元测试；(3)  编写相应的技术文档；[任职要求](1)  计算机、通信、电子等相关专业背景，国家统招本科以上学历；(2)  至少2年IOS工作经验，精通IOS应用开发；(3)  能够独立进行项目开发(4)  有良好的文档编写能力、沟通能力和学习能力，积极的工作心态；(5)  有游戏或者复杂动画开发经验者优先；                                                                            职位联系方式                                                      公司名称：北京灵动创展科技有限责任公司公司地址：北京市海淀区学院南路34号2号楼银河证券大厦411室 传真：公司主页：                                                          查看职位地图') ;
COMMIT;
INSERT INTO "User" ("Name","UserType","CreatedDatetime","UpdatedDatetime","Enabled")
                              VALUES ('469264029250003.htm',4,clock_timestamp(),clock_timestamp(),'t') ;
INSERT INTO "ZhilianUser" ("UserId","NickName","Type","Sex","City" ) VALUES(currval('"hero_reduce"."user_id_seq"'),'469264029250003.htm',0,'null','北京-海淀区') ; INSERT INTO "JobPosition" ("UserId","Name","Address","Title","Salary","Description")
                          VALUES(currval('"hero_reduce"."user_id_seq"'),'469264029250003.htm','北京-海淀区','手机软件开发工程师','8001-10000','[岗位职责]  (1)  根据软件需求，完成IOS程序设计和编码实现，对交付的软件质量负责。  (2)  设计测试用例，实施单元测试；  (3)  编写相应的技术文档；  [任职要求]  (1)  计算机、通信、电子等相关专业背景，国家统招本科以上学历；  (2)  至少2年IOS工作经验，精通IOS应用开发；  (3)  有良好的文档编写能力、沟通能力和学习能力，积极的工作心态；    (4)  有游戏或者复杂动画开发经验者优先；   (5)  熟悉DRM技术者优先                                                                              职位联系方式                                                      公司名称：北京灵动创展科技有限责任公司公司地址：北京市海淀区学院南路34号2号楼银河证券大厦411室 传真：公司主页：                                                          查看职位地图') ;
COMMIT;
INSERT INTO "User" ("Name","UserType","CreatedDatetime","UpdatedDatetime","Enabled")
                              VALUES ('600539023250073.htm',4,clock_timestamp(),clock_timestamp(),'t') ;
INSERT INTO "ZhilianUser" ("UserId","NickName","Type","Sex","City" ) VALUES(currval('"hero_reduce"."user_id_seq"'),'600539023250073.htm',0,'null','北京-海淀区') ; INSERT INTO "JobPosition" ("UserId","Name","Address","Title","Salary","Description")
                          VALUES(currval('"hero_reduce"."user_id_seq"'),'600539023250073.htm','北京-海淀区','手机软件开发工程师','','岗位职责：1、从事IOS平台应用软件开发工作，包含新功能及新组件的需求分析、开发、问题调试等；2、根据开发流程完成开发任务并解决问题，撰写相应的开发文档和代码说明文件； 职位要求：1、二年以上iOS移动终端应用软件开发工作经验，至少独立开发过2-5个iOS项目经验，参加过两个中型及商业级项目经验，能够把握整个开发流程，并有成熟的产品可演示；2、精通TCP/IP、Socket、HTTP、JSON、XML等网络协议，熟悉多线程及面向对象编程，熟悉SQLite数据库编程;3、精通OS X/IOS下的并行开发、网络、内存管理、GUI开发等技术，精通iPhone 开发平台的框架原理；4、具有很强的个人解决问题能力以及学习能力，对ios框架搭建有深入的认识以及实践；5、有扎实的Objective-C语言编程基础，对代码质量较高的要求，熟练掌握常用设计模式、Cocoa开发框架，能独立开发IOS应用。6、责任心强，工作细心、踏实认真、较强的沟通能力，能够承受工作压力，优化产品实现方式和代码结构。7、计算机或相关专业，本科学历及以上，面试需要带作品。                                                                            职位联系方式                                                       公司名称：派速魔方信息科技(北京)有限公司 公司地址：北京市海淀区北四环中路211号太极大厦905  传真： 公司主页：') ;
COMMIT;
INSERT INTO "User" ("Name","UserType","CreatedDatetime","UpdatedDatetime","Enabled")
                              VALUES ('542791428250016.htm',4,clock_timestamp(),clock_timestamp(),'t') ;
INSERT INTO "ZhilianUser" ("UserId","NickName","Type","Sex","City" ) VALUES(currval('"hero_reduce"."user_id_seq"'),'542791428250016.htm',0,'null','北京') ; INSERT INTO "JobPosition" ("UserId","Name","Address","Title","Salary","Description")
                          VALUES(currval('"hero_reduce"."user_id_seq"'),'542791428250016.htm','北京','手机软件开发工程师','','1、有iOS平台的开发经验，有独立制作并发布的商用作品； 2、熟练掌握Objective-C/ C，熟悉MacOS/iOS等系统环境；  3、熟练掌握Xcode.4.x/5.x 开发环境和基于iOS平台的GUI开发；  4、熟悉多线程相关操作及开发，熟练Http等网络协议，Json解析，XML解析等。  5、对新技术敏感，对移动应用开发行业充满热情； 6、思维清晰、敏捷；有高度的责任感和良好的团队精神；  7、有交互、即时通讯经验者优先。注：面试请带上相关产品案例。                                                                            职位联系方式                                                      公司名称：北京宏信环科科技发展有限公司公司地址：朝阳区北辰西路69号峻峰华亭C座706室 传真：公司主页：                                                          查看职位地图') ;
COMMIT;
INSERT INTO "User" ("Name","UserType","CreatedDatetime","UpdatedDatetime","Enabled")
                              VALUES ('133184575251099.htm',4,clock_timestamp(),clock_timestamp(),'t') ;
INSERT INTO "ZhilianUser" ("UserId","NickName","Type","Sex","City" ) VALUES(currval('"hero_reduce"."user_id_seq"'),'133184575251099.htm',0,'null','北京-大兴区') ; INSERT INTO "JobPosition" ("UserId","Name","Address","Title","Salary","Description")
                          VALUES(currval('"hero_reduce"."user_id_seq"'),'133184575251099.htm','北京-大兴区','手机软件开发工程师','','岗位职责1、iOS客户端新功能的技术规划、架构设计和编程开发；2、配合产品经理、设计师和后台工程师进行需求分析、方案研讨；3、负责持续优化架构，提升客户端的性能和适配； 岗位要求1、熟悉iOS平台下的GUI设计和实现，熟练使用iPhone SDK和XCode。2、对数据结构、基本算法熟练掌握，并具备基本的算法设计能力。3、熟悉C/C++或者Java开发语言和环境。4、具备良好合作态度及团队精神，能够主动学习与沟通，并富有工作激情；5、有健康类APP或社区类APP开发经验者优先;6、有图形报表开发经验者优先。                                                                           职位联系方式                                                       公司名称：圣美迪诺医疗科技（湖州）有限公司北京分公司 公司地址：北京市大兴区亦庄经济开发区科创6街生物医药园B1-1层  公司主页：http://www.sanmeditech.com/                                                          查看职位地图') ;
COMMIT;
INSERT INTO "User" ("Name","UserType","CreatedDatetime","UpdatedDatetime","Enabled")
                              VALUES ('139131348256411.htm',4,clock_timestamp(),clock_timestamp(),'t') ;
INSERT INTO "ZhilianUser" ("UserId","NickName","Type","Sex","City" ) VALUES(currval('"hero_reduce"."user_id_seq"'),'139131348256411.htm',0,'null','北京') ; INSERT INTO "JobPosition" ("UserId","Name","Address","Title","Salary","Description")
                          VALUES(currval('"hero_reduce"."user_id_seq"'),'139131348256411.htm','北京','软件工程师','','工作职责： - 负责iPhone/iPad平台下应用的开发- 负责客户端模块结构、流程、交互逻辑设计，产品适配和升级- 负责客户端产品技术方案讨论及框架设计、改进和性能优化- 负责客户端故障及问题分析及处理- 快速的查找定位和修正程序的Bug- 智能手机应用相关的技术研究工作经验： - 有3年以上IOS开发经验- 有实际的移动互联网软件设计与开发的深厚经验者优先- 有主导完成优秀应用或相关产品开发经验者优先 - 有实际CRM/Billing/OSS经验者优先知识技能： - 精通C，C++，objective-c的编码、设计、测试技能，具备独立完成开发及测试、问题解决能力- 熟悉IOS手机平台、应用开发框架，能独立开发高性能的iOS应用- 精通IOS SDK中的UI、多线程、进程、任务管理、内存管理、网络、数据库、XML/JSON解析等开发技巧- 具有开发基础良好，熟悉设计模式，在项目或产品中有很好的设计实践- 具备良好硬件（手机相机、重力感应器、手势、GPS定位、短信、彩信、无线/蓝牙等）控制能力- 具有良好图形多媒体处理能力- 具有良好数据结构、算法处理能力- 具备BS/APP融合方案处理能力- 对表现与数据分离、云、去IOE、读写分离等等有深刻理解综合素质： - 热爱开发工作，并有良好的创新想法；- 对IT/互联网/电信行业充满激情，有独立解决问题的能力- 工作专注，乐于接受创新和有挑战的工作，热爱技术、业务革新，对业务、产品、用户体验敏感- 有强烈的责任心和团队精神，善于沟通和合作，能独立完成设计和编码- 工作积极主动，具备很强的自学能力，较强的执行能力，能够承受工作压力- 具备Unix和linux相关能力者优先- 具备良好英语表达和沟通能力- 具备良好设计、文档和逻辑思维能力                                                                            职位联系方式                                                      公司名称：亚信科技(中国)有限公司公司地址：海淀区软件园二期亚信联创总部研发中心大厦 传真：公司主页：http://www.asiainfo-linkage.com') ;
COMMIT;
INSERT INTO "User" ("Name","UserType","CreatedDatetime","UpdatedDatetime","Enabled")
                              VALUES ('660452527250002.htm',4,clock_timestamp(),clock_timestamp(),'t') ;
INSERT INTO "ZhilianUser" ("UserId","NickName","Type","Sex","City" ) VALUES(currval('"hero_reduce"."user_id_seq"'),'660452527250002.htm',0,'null','北京-朝阳区') ; INSERT INTO "JobPosition" ("UserId","Name","Address","Title","Salary","Description")
                          VALUES(currval('"hero_reduce"."user_id_seq"'),'660452527250002.htm','北京-朝阳区','高级软件工程师','10001-15000','职位描述：1.负责公司产品Bug修改以及产品迭代。2.完成产品新功能的开发。职位要求：1.熟练使用Obj-C并了解苹果最新的Swift语言。2.有两年以上的ios软件开发经验。3.至少有1款产品上线。4.有社交类软件开发经验者优先。5.有IM类软件开发经验者优先。                                                                           职位联系方式                                                      公司名称：北京星云璀璨互动文化传媒有限公司公司地址：北京市朝阳区霞光里15号楼4层2单元510 传真：公司主页：                                                          查看职位地图') ;
COMMIT;
INSERT INTO "User" ("Name","UserType","CreatedDatetime","UpdatedDatetime","Enabled")
                              VALUES ('510688528250263.htm',4,clock_timestamp(),clock_timestamp(),'t') ;
INSERT INTO "ZhilianUser" ("UserId","NickName","Type","Sex","City" ) VALUES(currval('"hero_reduce"."user_id_seq"'),'510688528250263.htm',0,'null','北京-朝阳区') ; INSERT INTO "JobPosition" ("UserId","Name","Address","Title","Salary","Description")
                          VALUES(currval('"hero_reduce"."user_id_seq"'),'510688528250263.htm','北京-朝阳区','移动互联网开发','','岗位职责：1、从事 iOS 平台应用软件产品研发工作。2、负责界面修改，程序算法优化，网络优化等。3、参与方案讨论和技术调研、负责方案升级、更新。4、根据业务部门的反馈及客户需求，对软件产品进行完善。5、所需的相关的实现技术的研究。任职条件：1、计算机及相关专业大专以上学历。2、良好的数据结构和算法功底，较强的逻辑思维能力。3、扎实的 Object C 编程基础，有C++基础者更佳。4、独立开发过完整的 iOS 程序，尤其是应用软件。5、责任心强、学习能力强、敢于接受压力和挑战，能够独立完成任务攻关，有良好的团队合作精神。6、有已上线产品工程经验者优先；熟悉多个平台的开发人员优先。                                                                            职位联系方式                                                      公司名称：银客科技(北京)有限公司公司地址：北京市朝阳区天辰东路7号国家会议中心709 传真：010-84379161公司主页：www.yinker.com                                                          查看职位地图') ;
COMMIT;
INSERT INTO "User" ("Name","UserType","CreatedDatetime","UpdatedDatetime","Enabled")
                              VALUES ('664310122250007.htm',4,clock_timestamp(),clock_timestamp(),'t') ;
INSERT INTO "ZhilianUser" ("UserId","NickName","Type","Sex","City" ) VALUES(currval('"hero_reduce"."user_id_seq"'),'664310122250007.htm',0,'null','北京-朝阳区') ; INSERT INTO "JobPosition" ("UserId","Name","Address","Title","Salary","Description")
                          VALUES(currval('"hero_reduce"."user_id_seq"'),'664310122250007.htm','北京-朝阳区','软件工程师','6000-10000','岗位职责：1、在Android或iOS平台下的应用程序设计、开发、发布；2、Android或ios平台框架层面的开发维护以及扩展；3、跟进Android或ios的新技术发展，编写设计开发及实现文档；4、具有iOS和Xcode开发经验,精通Objective-C, 熟悉HTML5, CSS3, jQuery, 网站后台技术。任职要求：1. 具备2年以上 iOS 或 Android App 开发实务经验，有作品可于App Store下载者更佳。2. 熟悉 iOS 或 Android 开发环境与 Objective-C 开发技术。3. 熟悉不同版本 iOS 或 Android 的特点。4. iOS 或 Android App 开发、debug、效能优化，熟悉 App Store / Google Play 提交审核流程。5. 能与 UI designer 或 PM 沟通，并对提供最好的 UX 建议。6. 熟悉网站开发与网站后台技术。                                                                           职位联系方式                                                      公司名称：玺氏创合文化传媒(北京)有限公司公司地址：朝阳区百子湾路16号后现代城 传真：公司主页：                                                          查看职位地图') ;
COMMIT;
